file_03,class,kind,obf_fqn,status
com/Element.java,Element,obf-direct,com.Element,jar-ok
com/ElementDocument.java,ElementDocument,obf-direct,com.ElementDocument,jar-ok
com/ElementList.java,ElementList,obf-direct,com.ElementList,jar-ok
com/LibRocket$CompiledGeometry.java,LibRocket,obf-direct,com.LibRocket$CompiledGeometry,jar-ok
com/LibRocket$TextureHolder.java,LibRocket,obf-direct,com.LibRocket$TextureHolder,jar-ok
com/LibRocket.java,LibRocket,obf-direct,com.LibRocket,jar-ok
com/a/a/a/a.java,a,obf-direct,com.a.a.a.a,jar-ok
com/codedisaster/steamworks/SteamAPI.java,SteamAPI,obf-direct,com.codedisaster.steamworks.SteamAPI,jar-ok
com/codedisaster/steamworks/SteamAPICall.java,SteamAPICall,obf-direct,com.codedisaster.steamworks.SteamAPICall,jar-ok
com/codedisaster/steamworks/SteamAPIWarningMessageHook.java,SteamAPIWarningMessageHook,obf-direct,com.codedisaster.steamworks.SteamAPIWarningMessageHook,jar-ok
com/codedisaster/steamworks/SteamApps.java,SteamApps,obf-direct,com.codedisaster.steamworks.SteamApps,jar-ok
com/codedisaster/steamworks/SteamAuth$AuthSessionResponse.java,SteamAuth,obf-direct,com.codedisaster.steamworks.SteamAuth$AuthSessionResponse,jar-ok
com/codedisaster/steamworks/SteamAuth$BeginAuthSessionResult.java,SteamAuth,obf-direct,com.codedisaster.steamworks.SteamAuth$BeginAuthSessionResult,jar-ok
com/codedisaster/steamworks/SteamAuth$UserHasLicenseForAppResult.java,SteamAuth,obf-direct,com.codedisaster.steamworks.SteamAuth$UserHasLicenseForAppResult,jar-ok
com/codedisaster/steamworks/SteamAuth.java,SteamAuth,obf-direct,com.codedisaster.steamworks.SteamAuth,jar-ok
com/codedisaster/steamworks/SteamAuthTicket.java,SteamAuthTicket,obf-direct,com.codedisaster.steamworks.SteamAuthTicket,jar-ok
com/codedisaster/steamworks/SteamCallbackAdapter.java,SteamCallbackAdapter,obf-direct,com.codedisaster.steamworks.SteamCallbackAdapter,jar-ok
com/codedisaster/steamworks/SteamController$ActionOrigin.java,SteamController,obf-direct,com.codedisaster.steamworks.SteamController$ActionOrigin,jar-ok
com/codedisaster/steamworks/SteamController$LEDFlag.java,SteamController,obf-direct,com.codedisaster.steamworks.SteamController$LEDFlag,jar-ok
com/codedisaster/steamworks/SteamController$Pad.java,SteamController,obf-direct,com.codedisaster.steamworks.SteamController$Pad,jar-ok
com/codedisaster/steamworks/SteamController$Source.java,SteamController,obf-direct,com.codedisaster.steamworks.SteamController$Source,jar-ok
com/codedisaster/steamworks/SteamController$SourceMode.java,SteamController,obf-direct,com.codedisaster.steamworks.SteamController$SourceMode,jar-ok
com/codedisaster/steamworks/SteamController.java,SteamController,obf-direct,com.codedisaster.steamworks.SteamController,jar-ok
com/codedisaster/steamworks/SteamControllerActionSetHandle.java,SteamControllerActionSetHandle,obf-direct,com.codedisaster.steamworks.SteamControllerActionSetHandle,jar-ok
com/codedisaster/steamworks/SteamControllerAnalogActionData.java,SteamControllerAnalogActionData,obf-direct,com.codedisaster.steamworks.SteamControllerAnalogActionData,jar-ok
com/codedisaster/steamworks/SteamControllerAnalogActionHandle.java,SteamControllerAnalogActionHandle,obf-direct,com.codedisaster.steamworks.SteamControllerAnalogActionHandle,jar-ok
com/codedisaster/steamworks/SteamControllerDigitalActionData.java,SteamControllerDigitalActionData,obf-direct,com.codedisaster.steamworks.SteamControllerDigitalActionData,jar-ok
com/codedisaster/steamworks/SteamControllerDigitalActionHandle.java,SteamControllerDigitalActionHandle,obf-direct,com.codedisaster.steamworks.SteamControllerDigitalActionHandle,jar-ok
com/codedisaster/steamworks/SteamControllerHandle.java,SteamControllerHandle,obf-direct,com.codedisaster.steamworks.SteamControllerHandle,jar-ok
com/codedisaster/steamworks/SteamControllerMotionData.java,SteamControllerMotionData,obf-direct,com.codedisaster.steamworks.SteamControllerMotionData,jar-ok
com/codedisaster/steamworks/SteamException.java,SteamException,obf-direct,com.codedisaster.steamworks.SteamException,jar-ok
com/codedisaster/steamworks/SteamFriends$FriendFlags.java,SteamFriends,obf-direct,com.codedisaster.steamworks.SteamFriends$FriendFlags,jar-ok
com/codedisaster/steamworks/SteamFriends$FriendRelationship.java,SteamFriends,obf-direct,com.codedisaster.steamworks.SteamFriends$FriendRelationship,jar-ok
com/codedisaster/steamworks/SteamFriends$OverlayDialog.java,SteamFriends,obf-direct,com.codedisaster.steamworks.SteamFriends$OverlayDialog,jar-ok
com/codedisaster/steamworks/SteamFriends$OverlayToStoreFlag.java,SteamFriends,obf-direct,com.codedisaster.steamworks.SteamFriends$OverlayToStoreFlag,jar-ok
com/codedisaster/steamworks/SteamFriends$OverlayToUserDialog.java,SteamFriends,obf-direct,com.codedisaster.steamworks.SteamFriends$OverlayToUserDialog,jar-ok
com/codedisaster/steamworks/SteamFriends$PersonaChange.java,SteamFriends,obf-direct,com.codedisaster.steamworks.SteamFriends$PersonaChange,jar-ok
com/codedisaster/steamworks/SteamFriends$PersonaState.java,SteamFriends,obf-direct,com.codedisaster.steamworks.SteamFriends$PersonaState,jar-ok
com/codedisaster/steamworks/SteamFriends.java,SteamFriends,obf-direct,com.codedisaster.steamworks.SteamFriends,jar-ok
com/codedisaster/steamworks/SteamFriendsCallback.java,SteamFriendsCallback,obf-direct,com.codedisaster.steamworks.SteamFriendsCallback,jar-ok
com/codedisaster/steamworks/SteamFriendsCallbackAdapter.java,SteamFriendsCallbackAdapter,obf-direct,com.codedisaster.steamworks.SteamFriendsCallbackAdapter,jar-ok
com/codedisaster/steamworks/SteamGameServer$DenyReason.java,SteamGameServer,obf-direct,com.codedisaster.steamworks.SteamGameServer$DenyReason,jar-ok
com/codedisaster/steamworks/SteamGameServer.java,SteamGameServer,obf-direct,com.codedisaster.steamworks.SteamGameServer,jar-ok
com/codedisaster/steamworks/SteamGameServerAPI$ServerMode.java,SteamGameServerAPI,obf-direct,com.codedisaster.steamworks.SteamGameServerAPI$ServerMode,jar-ok
com/codedisaster/steamworks/SteamGameServerAPI.java,SteamGameServerAPI,obf-direct,com.codedisaster.steamworks.SteamGameServerAPI,jar-ok
com/codedisaster/steamworks/SteamGameServerCallback.java,SteamGameServerCallback,obf-direct,com.codedisaster.steamworks.SteamGameServerCallback,jar-ok
com/codedisaster/steamworks/SteamGameServerCallbackAdapter.java,SteamGameServerCallbackAdapter,obf-direct,com.codedisaster.steamworks.SteamGameServerCallbackAdapter,jar-ok
com/codedisaster/steamworks/SteamGameServerStats.java,SteamGameServerStats,obf-direct,com.codedisaster.steamworks.SteamGameServerStats,jar-ok
com/codedisaster/steamworks/SteamGameServerStatsCallback.java,SteamGameServerStatsCallback,obf-direct,com.codedisaster.steamworks.SteamGameServerStatsCallback,jar-ok
com/codedisaster/steamworks/SteamGameServerStatsCallbackAdapter.java,SteamGameServerStatsCallbackAdapter,obf-direct,com.codedisaster.steamworks.SteamGameServerStatsCallbackAdapter,jar-ok
com/codedisaster/steamworks/SteamHTTP$API.java,SteamHTTP,obf-direct,com.codedisaster.steamworks.SteamHTTP$API,jar-ok
com/codedisaster/steamworks/SteamHTTP$HTTPMethod.java,SteamHTTP,obf-direct,com.codedisaster.steamworks.SteamHTTP$HTTPMethod,jar-ok
com/codedisaster/steamworks/SteamHTTP$HTTPStatusCode.java,SteamHTTP,obf-direct,com.codedisaster.steamworks.SteamHTTP$HTTPStatusCode,jar-ok
com/codedisaster/steamworks/SteamHTTP.java,SteamHTTP,obf-direct,com.codedisaster.steamworks.SteamHTTP,jar-ok
com/codedisaster/steamworks/SteamHTTPCallback.java,SteamHTTPCallback,obf-direct,com.codedisaster.steamworks.SteamHTTPCallback,jar-ok
com/codedisaster/steamworks/SteamHTTPCallbackAdapter.java,SteamHTTPCallbackAdapter,obf-direct,com.codedisaster.steamworks.SteamHTTPCallbackAdapter,jar-ok
com/codedisaster/steamworks/SteamHTTPRequestHandle.java,SteamHTTPRequestHandle,obf-direct,com.codedisaster.steamworks.SteamHTTPRequestHandle,jar-ok
com/codedisaster/steamworks/SteamID.java,SteamID,obf-direct,com.codedisaster.steamworks.SteamID,jar-ok
com/codedisaster/steamworks/SteamInterface.java,SteamInterface,obf-direct,com.codedisaster.steamworks.SteamInterface,jar-ok
com/codedisaster/steamworks/SteamLeaderboardEntriesHandle.java,SteamLeaderboardEntriesHandle,obf-direct,com.codedisaster.steamworks.SteamLeaderboardEntriesHandle,jar-ok
com/codedisaster/steamworks/SteamLeaderboardEntry.java,SteamLeaderboardEntry,obf-direct,com.codedisaster.steamworks.SteamLeaderboardEntry,jar-ok
com/codedisaster/steamworks/SteamLeaderboardHandle.java,SteamLeaderboardHandle,obf-direct,com.codedisaster.steamworks.SteamLeaderboardHandle,jar-ok
com/codedisaster/steamworks/SteamMatchmaking$ChatEntry.java,SteamMatchmaking,obf-direct,com.codedisaster.steamworks.SteamMatchmaking$ChatEntry,jar-ok
com/codedisaster/steamworks/SteamMatchmaking$ChatEntryType.java,SteamMatchmaking,obf-direct,com.codedisaster.steamworks.SteamMatchmaking$ChatEntryType,jar-ok
com/codedisaster/steamworks/SteamMatchmaking$ChatMemberStateChange.java,SteamMatchmaking,obf-direct,com.codedisaster.steamworks.SteamMatchmaking$ChatMemberStateChange,jar-ok
com/codedisaster/steamworks/SteamMatchmaking$ChatRoomEnterResponse.java,SteamMatchmaking,obf-direct,com.codedisaster.steamworks.SteamMatchmaking$ChatRoomEnterResponse,jar-ok
com/codedisaster/steamworks/SteamMatchmaking$LobbyComparison.java,SteamMatchmaking,obf-direct,com.codedisaster.steamworks.SteamMatchmaking$LobbyComparison,jar-ok
com/codedisaster/steamworks/SteamMatchmaking$LobbyDistanceFilter.java,SteamMatchmaking,obf-direct,com.codedisaster.steamworks.SteamMatchmaking$LobbyDistanceFilter,jar-ok
com/codedisaster/steamworks/SteamMatchmaking$LobbyType.java,SteamMatchmaking,obf-direct,com.codedisaster.steamworks.SteamMatchmaking$LobbyType,jar-ok
com/codedisaster/steamworks/SteamMatchmaking.java,SteamMatchmaking,obf-direct,com.codedisaster.steamworks.SteamMatchmaking,jar-ok
com/codedisaster/steamworks/SteamMatchmakingCallback.java,SteamMatchmakingCallback,obf-direct,com.codedisaster.steamworks.SteamMatchmakingCallback,jar-ok
com/codedisaster/steamworks/SteamMatchmakingCallbackAdapter.java,SteamMatchmakingCallbackAdapter,obf-direct,com.codedisaster.steamworks.SteamMatchmakingCallbackAdapter,jar-ok
com/codedisaster/steamworks/SteamMatchMakingKeyValuePair.java,SteamMatchMakingKeyValuePair,obf-direct,com.codedisaster.steamworks.SteamMatchMakingKeyValuePair,jar-ok
com/codedisaster/steamworks/SteamNativeHandle.java,SteamNativeHandle,obf-direct,com.codedisaster.steamworks.SteamNativeHandle,jar-ok
com/codedisaster/steamworks/SteamNetworking$API.java,SteamNetworking,obf-direct,com.codedisaster.steamworks.SteamNetworking$API,jar-ok
com/codedisaster/steamworks/SteamNetworking$P2PSend.java,SteamNetworking,obf-direct,com.codedisaster.steamworks.SteamNetworking$P2PSend,jar-ok
com/codedisaster/steamworks/SteamNetworking$P2PSessionError.java,SteamNetworking,obf-direct,com.codedisaster.steamworks.SteamNetworking$P2PSessionError,jar-ok
com/codedisaster/steamworks/SteamNetworking$P2PSessionState.java,SteamNetworking,obf-direct,com.codedisaster.steamworks.SteamNetworking$P2PSessionState,jar-ok
com/codedisaster/steamworks/SteamNetworking.java,SteamNetworking,obf-direct,com.codedisaster.steamworks.SteamNetworking,jar-ok
com/codedisaster/steamworks/SteamNetworkingCallback.java,SteamNetworkingCallback,obf-direct,com.codedisaster.steamworks.SteamNetworkingCallback,jar-ok
com/codedisaster/steamworks/SteamNetworkingCallbackAdapter.java,SteamNetworkingCallbackAdapter,obf-direct,com.codedisaster.steamworks.SteamNetworkingCallbackAdapter,jar-ok
com/codedisaster/steamworks/SteamPublishedFileID.java,SteamPublishedFileID,obf-direct,com.codedisaster.steamworks.SteamPublishedFileID,jar-ok
com/codedisaster/steamworks/SteamPublishedFileUpdateHandle.java,SteamPublishedFileUpdateHandle,obf-direct,com.codedisaster.steamworks.SteamPublishedFileUpdateHandle,jar-ok
com/codedisaster/steamworks/SteamRemoteStorage$PublishedFileVisibility.java,SteamRemoteStorage,obf-direct,com.codedisaster.steamworks.SteamRemoteStorage$PublishedFileVisibility,jar-ok
com/codedisaster/steamworks/SteamRemoteStorage$RemoteStoragePlatform.java,SteamRemoteStorage,obf-direct,com.codedisaster.steamworks.SteamRemoteStorage$RemoteStoragePlatform,jar-ok
com/codedisaster/steamworks/SteamRemoteStorage$UGCReadAction.java,SteamRemoteStorage,obf-direct,com.codedisaster.steamworks.SteamRemoteStorage$UGCReadAction,jar-ok
com/codedisaster/steamworks/SteamRemoteStorage$WorkshopFileType.java,SteamRemoteStorage,obf-direct,com.codedisaster.steamworks.SteamRemoteStorage$WorkshopFileType,jar-ok
com/codedisaster/steamworks/SteamRemoteStorage.java,SteamRemoteStorage,obf-direct,com.codedisaster.steamworks.SteamRemoteStorage,jar-ok
com/codedisaster/steamworks/SteamRemoteStorageCallback.java,SteamRemoteStorageCallback,obf-direct,com.codedisaster.steamworks.SteamRemoteStorageCallback,jar-ok
com/codedisaster/steamworks/SteamRemoteStorageCallbackAdapter.java,SteamRemoteStorageCallbackAdapter,obf-direct,com.codedisaster.steamworks.SteamRemoteStorageCallbackAdapter,jar-ok
com/codedisaster/steamworks/SteamResult.java,SteamResult,obf-direct,com.codedisaster.steamworks.SteamResult,jar-ok
com/codedisaster/steamworks/SteamSharedLibraryLoader.java,SteamSharedLibraryLoader,obf-direct,com.codedisaster.steamworks.SteamSharedLibraryLoader,jar-ok
com/codedisaster/steamworks/SteamUGC$ItemAdditionalPreview.java,SteamUGC,obf-direct,com.codedisaster.steamworks.SteamUGC$ItemAdditionalPreview,jar-ok
com/codedisaster/steamworks/SteamUGC$ItemDownloadInfo.java,SteamUGC,obf-direct,com.codedisaster.steamworks.SteamUGC$ItemDownloadInfo,jar-ok
com/codedisaster/steamworks/SteamUGC$ItemInstallInfo.java,SteamUGC,obf-direct,com.codedisaster.steamworks.SteamUGC$ItemInstallInfo,jar-ok
com/codedisaster/steamworks/SteamUGC$ItemPreviewType.java,SteamUGC,obf-direct,com.codedisaster.steamworks.SteamUGC$ItemPreviewType,jar-ok
com/codedisaster/steamworks/SteamUGC$ItemState.java,SteamUGC,obf-direct,com.codedisaster.steamworks.SteamUGC$ItemState,jar-ok
com/codedisaster/steamworks/SteamUGC$ItemStatistic.java,SteamUGC,obf-direct,com.codedisaster.steamworks.SteamUGC$ItemStatistic,jar-ok
com/codedisaster/steamworks/SteamUGC$ItemUpdateInfo.java,SteamUGC,obf-direct,com.codedisaster.steamworks.SteamUGC$ItemUpdateInfo,jar-ok
com/codedisaster/steamworks/SteamUGC$ItemUpdateStatus.java,SteamUGC,obf-direct,com.codedisaster.steamworks.SteamUGC$ItemUpdateStatus,jar-ok
com/codedisaster/steamworks/SteamUGC$MatchingUGCType.java,SteamUGC,obf-direct,com.codedisaster.steamworks.SteamUGC$MatchingUGCType,jar-ok
com/codedisaster/steamworks/SteamUGC$UGCQueryType.java,SteamUGC,obf-direct,com.codedisaster.steamworks.SteamUGC$UGCQueryType,jar-ok
com/codedisaster/steamworks/SteamUGC$UserUGCList.java,SteamUGC,obf-direct,com.codedisaster.steamworks.SteamUGC$UserUGCList,jar-ok
com/codedisaster/steamworks/SteamUGC$UserUGCListSortOrder.java,SteamUGC,obf-direct,com.codedisaster.steamworks.SteamUGC$UserUGCListSortOrder,jar-ok
com/codedisaster/steamworks/SteamUGC.java,SteamUGC,obf-direct,com.codedisaster.steamworks.SteamUGC,jar-ok
com/codedisaster/steamworks/SteamUGCCallback.java,SteamUGCCallback,obf-direct,com.codedisaster.steamworks.SteamUGCCallback,jar-ok
com/codedisaster/steamworks/SteamUGCCallbackAdapter.java,SteamUGCCallbackAdapter,obf-direct,com.codedisaster.steamworks.SteamUGCCallbackAdapter,jar-ok
com/codedisaster/steamworks/SteamUGCDetails.java,SteamUGCDetails,obf-direct,com.codedisaster.steamworks.SteamUGCDetails,jar-ok
com/codedisaster/steamworks/SteamUGCFileWriteStreamHandle.java,SteamUGCFileWriteStreamHandle,obf-direct,com.codedisaster.steamworks.SteamUGCFileWriteStreamHandle,jar-ok
com/codedisaster/steamworks/SteamUGCHandle.java,SteamUGCHandle,obf-direct,com.codedisaster.steamworks.SteamUGCHandle,jar-ok
com/codedisaster/steamworks/SteamUGCQuery.java,SteamUGCQuery,obf-direct,com.codedisaster.steamworks.SteamUGCQuery,jar-ok
com/codedisaster/steamworks/SteamUGCUpdateHandle.java,SteamUGCUpdateHandle,obf-direct,com.codedisaster.steamworks.SteamUGCUpdateHandle,jar-ok
com/codedisaster/steamworks/SteamUniverse.java,SteamUniverse,obf-direct,com.codedisaster.steamworks.SteamUniverse,jar-ok
com/codedisaster/steamworks/SteamUser.java,SteamUser,obf-direct,com.codedisaster.steamworks.SteamUser,jar-ok
com/codedisaster/steamworks/SteamUserCallback.java,SteamUserCallback,obf-direct,com.codedisaster.steamworks.SteamUserCallback,jar-ok
com/codedisaster/steamworks/SteamUserCallbackAdapter.java,SteamUserCallbackAdapter,obf-direct,com.codedisaster.steamworks.SteamUserCallbackAdapter,jar-ok
com/codedisaster/steamworks/SteamUserStats$LeaderboardDataRequest.java,SteamUserStats,obf-direct,com.codedisaster.steamworks.SteamUserStats$LeaderboardDataRequest,jar-ok
com/codedisaster/steamworks/SteamUserStats$LeaderboardDisplayType.java,SteamUserStats,obf-direct,com.codedisaster.steamworks.SteamUserStats$LeaderboardDisplayType,jar-ok
com/codedisaster/steamworks/SteamUserStats$LeaderboardSortMethod.java,SteamUserStats,obf-direct,com.codedisaster.steamworks.SteamUserStats$LeaderboardSortMethod,jar-ok
com/codedisaster/steamworks/SteamUserStats$LeaderboardUploadScoreMethod.java,SteamUserStats,obf-direct,com.codedisaster.steamworks.SteamUserStats$LeaderboardUploadScoreMethod,jar-ok
com/codedisaster/steamworks/SteamUserStats.java,SteamUserStats,obf-direct,com.codedisaster.steamworks.SteamUserStats,jar-ok
com/codedisaster/steamworks/SteamUserStatsCallback.java,SteamUserStatsCallback,obf-direct,com.codedisaster.steamworks.SteamUserStatsCallback,jar-ok
com/codedisaster/steamworks/SteamUserStatsCallbackAdapter.java,SteamUserStatsCallbackAdapter,obf-direct,com.codedisaster.steamworks.SteamUserStatsCallbackAdapter,jar-ok
com/codedisaster/steamworks/SteamUtils$NotificationPosition.java,SteamUtils,obf-direct,com.codedisaster.steamworks.SteamUtils$NotificationPosition,jar-ok
com/codedisaster/steamworks/SteamUtils$SteamAPICallFailure.java,SteamUtils,obf-direct,com.codedisaster.steamworks.SteamUtils$SteamAPICallFailure,jar-ok
com/codedisaster/steamworks/SteamUtils.java,SteamUtils,obf-direct,com.codedisaster.steamworks.SteamUtils,jar-ok
com/codedisaster/steamworks/SteamUtilsCallback.java,SteamUtilsCallback,obf-direct,com.codedisaster.steamworks.SteamUtilsCallback,jar-ok
com/codedisaster/steamworks/SteamUtilsCallbackAdapter.java,SteamUtilsCallbackAdapter,obf-direct,com.codedisaster.steamworks.SteamUtilsCallbackAdapter,jar-ok
com/corrodinggames/librocket/DocumentWrapper.java,DocumentWrapper,semantic,com.corrodinggames.librocket.d,jar-ok
com/corrodinggames/librocket/e.java,e,obf-direct,com.corrodinggames.librocket.e,jar-ok
com/corrodinggames/librocket/ElementWrapper.java,ElementWrapper,semantic,com.corrodinggames.librocket.c,jar-ok
com/corrodinggames/librocket/LibRocketBridge.java,LibRocketBridge,semantic,com.corrodinggames.librocket.b,jar-ok
com/corrodinggames/librocket/LibRocketContext$1.java,LibRocketContext,semantic,com.corrodinggames.librocket.a,jar-ok
com/corrodinggames/librocket/LibRocketContext$2$1.java,LibRocketContext,semantic,com.corrodinggames.librocket.a,jar-ok
com/corrodinggames/librocket/LibRocketContext$2$2.java,LibRocketContext,semantic,com.corrodinggames.librocket.a,jar-ok
com/corrodinggames/librocket/LibRocketContext$2.java,LibRocketContext,semantic,com.corrodinggames.librocket.a,jar-ok
com/corrodinggames/librocket/LibRocketContext.java,LibRocketContext,semantic,com.corrodinggames.librocket.a,jar-ok
com/corrodinggames/librocket/scripts/DebugUI$1.java,DebugUI,semantic,com.corrodinggames.librocket.scripts.Debug,jar-ok
com/corrodinggames/librocket/scripts/DebugUI.java,DebugUI,semantic,com.corrodinggames.librocket.scripts.Debug,jar-ok
com/corrodinggames/librocket/scripts/MainUIController$1.java,MainUIController,semantic,com.corrodinggames.librocket.scripts.Root,jar-ok
com/corrodinggames/librocket/scripts/MainUIController$10.java,MainUIController,semantic,com.corrodinggames.librocket.scripts.Root,jar-ok
com/corrodinggames/librocket/scripts/MainUIController$11.java,MainUIController,semantic,com.corrodinggames.librocket.scripts.Root,jar-ok
com/corrodinggames/librocket/scripts/MainUIController$2.java,MainUIController,semantic,com.corrodinggames.librocket.scripts.Root,jar-ok
com/corrodinggames/librocket/scripts/MainUIController$3.java,MainUIController,semantic,com.corrodinggames.librocket.scripts.Root,jar-ok
com/corrodinggames/librocket/scripts/MainUIController$4.java,MainUIController,semantic,com.corrodinggames.librocket.scripts.Root,jar-ok
com/corrodinggames/librocket/scripts/MainUIController$5.java,MainUIController,semantic,com.corrodinggames.librocket.scripts.Root,jar-ok
com/corrodinggames/librocket/scripts/MainUIController$6.java,MainUIController,semantic,com.corrodinggames.librocket.scripts.Root,jar-ok
com/corrodinggames/librocket/scripts/MainUIController$7.java,MainUIController,semantic,com.corrodinggames.librocket.scripts.Root,jar-ok
com/corrodinggames/librocket/scripts/MainUIController$8.java,MainUIController,semantic,com.corrodinggames.librocket.scripts.Root,jar-ok
com/corrodinggames/librocket/scripts/MainUIController$9.java,MainUIController,semantic,com.corrodinggames.librocket.scripts.Root,jar-ok
com/corrodinggames/librocket/scripts/MainUIController$TableCell.java,MainUIController,semantic,com.corrodinggames.librocket.scripts.Root,jar-ok
com/corrodinggames/librocket/scripts/MainUIController$TableData.java,MainUIController,semantic,com.corrodinggames.librocket.scripts.Root,jar-ok
com/corrodinggames/librocket/scripts/MainUIController$TableRow.java,MainUIController,semantic,com.corrodinggames.librocket.scripts.Root,jar-ok
com/corrodinggames/librocket/scripts/MainUIController.java,MainUIController,semantic,com.corrodinggames.librocket.scripts.Root,jar-ok
com/corrodinggames/librocket/scripts/ModsUI$1.java,ModsUI,semantic,com.corrodinggames.librocket.scripts.Mods,jar-ok
com/corrodinggames/librocket/scripts/ModsUI.java,ModsUI,semantic,com.corrodinggames.librocket.scripts.Mods,jar-ok
com/corrodinggames/librocket/scripts/MultiplayerUI$1.java,MultiplayerUI,semantic,com.corrodinggames.librocket.scripts.Multiplayer,jar-ok
com/corrodinggames/librocket/scripts/MultiplayerUI$DropdownOption.java,MultiplayerUI,semantic,com.corrodinggames.librocket.scripts.Multiplayer,jar-ok
com/corrodinggames/librocket/scripts/MultiplayerUI.java,MultiplayerUI,semantic,com.corrodinggames.librocket.scripts.Multiplayer,jar-ok
com/corrodinggames/librocket/scripts/ScriptContext.java,ScriptContext,obf-direct,com.corrodinggames.librocket.scripts.ScriptContext,jar-ok
com/corrodinggames/librocket/scripts/ScriptEngine$1.java,ScriptEngine,obf-direct,com.corrodinggames.librocket.scripts.ScriptEngine$1,jar-ok
com/corrodinggames/librocket/scripts/ScriptEngine$Action.java,ScriptEngine,obf-direct,com.corrodinggames.librocket.scripts.ScriptEngine$Action,jar-ok
com/corrodinggames/librocket/scripts/ScriptEngine$RunnableAction.java,ScriptEngine,obf-direct,com.corrodinggames.librocket.scripts.ScriptEngine$RunnableAction,jar-ok
com/corrodinggames/librocket/scripts/ScriptEngine.java,ScriptEngine,obf-direct,com.corrodinggames.librocket.scripts.ScriptEngine,jar-ok
com/corrodinggames/rts/R$anim.java,R,obf-direct,com.corrodinggames.rts.R$anim,jar-ok
com/corrodinggames/rts/R$array.java,R,obf-direct,com.corrodinggames.rts.R$array,jar-ok
com/corrodinggames/rts/R$attr.java,R,obf-direct,com.corrodinggames.rts.R$attr,jar-ok
com/corrodinggames/rts/R$color.java,R,obf-direct,com.corrodinggames.rts.R$color,jar-ok
com/corrodinggames/rts/R$drawable.java,R,obf-direct,com.corrodinggames.rts.R$drawable,jar-ok
com/corrodinggames/rts/R$id.java,R,obf-direct,com.corrodinggames.rts.R$id,jar-ok
com/corrodinggames/rts/R$layout.java,R,obf-direct,com.corrodinggames.rts.R$layout,jar-ok
com/corrodinggames/rts/R$raw.java,R,obf-direct,com.corrodinggames.rts.R$raw,jar-ok
com/corrodinggames/rts/R$string.java,R,obf-direct,com.corrodinggames.rts.R$string,jar-ok
com/corrodinggames/rts/R$style.java,R,obf-direct,com.corrodinggames.rts.R$style,jar-ok
com/corrodinggames/rts/R$styleable.java,R,obf-direct,com.corrodinggames.rts.R$styleable,jar-ok
com/corrodinggames/rts/R$xml.java,R,obf-direct,com.corrodinggames.rts.R$xml,jar-ok
com/corrodinggames/rts/R.java,R,obf-direct,com.corrodinggames.rts.R,jar-ok
com/corrodinggames/rts/appFramework/AbstractAppBase.java,AbstractAppBase,semantic,com.corrodinggames.rts.appFramework.d,jar-ok
com/corrodinggames/rts/appFramework/AndroidUIHelper$1.java,AndroidUIHelper,semantic,com.corrodinggames.rts.appFramework.c,jar-ok
com/corrodinggames/rts/appFramework/AndroidUIHelper$2$1.java,AndroidUIHelper,semantic,com.corrodinggames.rts.appFramework.c,jar-ok
com/corrodinggames/rts/appFramework/AndroidUIHelper$2.java,AndroidUIHelper,semantic,com.corrodinggames.rts.appFramework.c,jar-ok
com/corrodinggames/rts/appFramework/AndroidUIHelper.java,AndroidUIHelper,semantic,com.corrodinggames.rts.appFramework.c,jar-ok
com/corrodinggames/rts/appFramework/AppContext.java,AppContext,semantic,com.corrodinggames.rts.appFramework.a,jar-ok
com/corrodinggames/rts/appFramework/AppFramework.java,AppFramework,semantic,com.corrodinggames.rts.appFramework.f,jar-ok
com/corrodinggames/rts/appFramework/AppState.java,AppState,semantic,com.corrodinggames.rts.appFramework.e,jar-ok
com/corrodinggames/rts/appFramework/AudioUtils$1.java,AudioUtils,semantic,com.corrodinggames.rts.java.audio.backend.s,jar-MISSING
com/corrodinggames/rts/appFramework/ButtonActivity.java,ButtonActivity,semantic,com.corrodinggames.rts.appFramework.j,jar-ok
com/corrodinggames/rts/appFramework/ContextMenuActivity.java,ContextMenuActivity,semantic,com.corrodinggames.rts.appFramework.i,jar-ok
com/corrodinggames/rts/appFramework/DialogHelper$1.java,DialogHelper,semantic,com.corrodinggames.rts.appFramework.n,jar-ok
com/corrodinggames/rts/appFramework/DialogHelper$2.java,DialogHelper,semantic,com.corrodinggames.rts.appFramework.n,jar-ok
com/corrodinggames/rts/appFramework/DialogHelper$3.java,DialogHelper,semantic,com.corrodinggames.rts.appFramework.n,jar-ok
com/corrodinggames/rts/appFramework/DialogHelper$4.java,DialogHelper,semantic,com.corrodinggames.rts.appFramework.n,jar-ok
com/corrodinggames/rts/appFramework/DialogHelper$5.java,DialogHelper,semantic,com.corrodinggames.rts.appFramework.n,jar-ok
com/corrodinggames/rts/appFramework/DialogHelper.java,DialogHelper,semantic,com.corrodinggames.rts.appFramework.n,jar-ok
com/corrodinggames/rts/appFramework/GameActivity.java,GameActivity,semantic,com.corrodinggames.rts.appFramework.b,jar-ok
com/corrodinggames/rts/appFramework/InGameActivity$1.java,InGameActivity,semantic,com.corrodinggames.rts.appFramework.g,jar-ok
com/corrodinggames/rts/appFramework/InGameActivity$10.java,InGameActivity,semantic,com.corrodinggames.rts.appFramework.g,jar-ok
com/corrodinggames/rts/appFramework/InGameActivity$11.java,InGameActivity,semantic,com.corrodinggames.rts.appFramework.g,jar-ok
com/corrodinggames/rts/appFramework/InGameActivity$12.java,InGameActivity,semantic,com.corrodinggames.rts.appFramework.g,jar-ok
com/corrodinggames/rts/appFramework/InGameActivity$13.java,InGameActivity,semantic,com.corrodinggames.rts.appFramework.g,jar-ok
com/corrodinggames/rts/appFramework/InGameActivity$14.java,InGameActivity,semantic,com.corrodinggames.rts.appFramework.g,jar-ok
com/corrodinggames/rts/appFramework/InGameActivity$15.java,InGameActivity,semantic,com.corrodinggames.rts.appFramework.g,jar-ok
com/corrodinggames/rts/appFramework/InGameActivity$16.java,InGameActivity,semantic,com.corrodinggames.rts.appFramework.g,jar-ok
com/corrodinggames/rts/appFramework/InGameActivity$2.java,InGameActivity,semantic,com.corrodinggames.rts.appFramework.g,jar-ok
com/corrodinggames/rts/appFramework/InGameActivity$3.java,InGameActivity,semantic,com.corrodinggames.rts.appFramework.g,jar-ok
com/corrodinggames/rts/appFramework/InGameActivity$4$1.java,InGameActivity,semantic,com.corrodinggames.rts.appFramework.g,jar-ok
com/corrodinggames/rts/appFramework/InGameActivity$4.java,InGameActivity,semantic,com.corrodinggames.rts.appFramework.g,jar-ok
com/corrodinggames/rts/appFramework/InGameActivity$5.java,InGameActivity,semantic,com.corrodinggames.rts.appFramework.g,jar-ok
com/corrodinggames/rts/appFramework/InGameActivity$6$1.java,InGameActivity,semantic,com.corrodinggames.rts.appFramework.g,jar-ok
com/corrodinggames/rts/appFramework/InGameActivity$6.java,InGameActivity,semantic,com.corrodinggames.rts.appFramework.g,jar-ok
com/corrodinggames/rts/appFramework/InGameActivity$7.java,InGameActivity,semantic,com.corrodinggames.rts.appFramework.g,jar-ok
com/corrodinggames/rts/appFramework/InGameActivity$8.java,InGameActivity,semantic,com.corrodinggames.rts.appFramework.g,jar-ok
com/corrodinggames/rts/appFramework/InGameActivity$9.java,InGameActivity,semantic,com.corrodinggames.rts.appFramework.g,jar-ok
com/corrodinggames/rts/appFramework/InGameActivity.java,InGameActivity,semantic,com.corrodinggames.rts.appFramework.g,jar-ok
com/corrodinggames/rts/appFramework/LicenseValidator$1.java,LicenseValidator,semantic,com.corrodinggames.rts.java.p,jar-ok
com/corrodinggames/rts/appFramework/MultiTouchHandler.java,MultiTouchHandler,semantic,com.corrodinggames.rts.appFramework.l,jar-ok
com/corrodinggames/rts/appFramework/o.java,o,obf-direct,com.corrodinggames.rts.appFramework.o,jar-ok
com/corrodinggames/rts/appFramework/p$1.java,p,obf-direct,com.corrodinggames.rts.appFramework.p$1,jar-ok
com/corrodinggames/rts/appFramework/p.java,p,obf-direct,com.corrodinggames.rts.appFramework.p,jar-ok
com/corrodinggames/rts/appFramework/q.java,q,obf-direct,com.corrodinggames.rts.appFramework.q,jar-ok
com/corrodinggames/rts/appFramework/r.java,r,obf-direct,com.corrodinggames.rts.appFramework.r,jar-ok
com/corrodinggames/rts/appFramework/ReplayComparator.java,ReplayComparator,semantic,com.corrodinggames.rts.appFramework.k,jar-ok
com/corrodinggames/rts/appFramework/s$1.java,s,obf-direct,com.corrodinggames.rts.appFramework.s$1,jar-ok
com/corrodinggames/rts/appFramework/s.java,s,obf-direct,com.corrodinggames.rts.appFramework.s,jar-ok
com/corrodinggames/rts/appFramework/testing.java,testing,no-map,,
com/corrodinggames/rts/appFramework/TouchState.java,TouchState,semantic,com.corrodinggames.rts.appFramework.m,jar-ok
com/corrodinggames/rts/appFramework/UIRunnable.java,UIRunnable,semantic,com.corrodinggames.rts.appFramework.h,jar-ok
com/corrodinggames/rts/appFramework/UnitTrait$1.java,UnitTrait,semantic,com.corrodinggames.rts.game.units.custom.animation.n,jar-MISSING
com/corrodinggames/rts/appFramework/UnitTrait$2.java,UnitTrait,semantic,com.corrodinggames.rts.game.units.custom.animation.n,jar-MISSING
com/corrodinggames/rts/appFramework/UnitTrait$3.java,UnitTrait,semantic,com.corrodinggames.rts.game.units.custom.animation.n,jar-MISSING
com/corrodinggames/rts/appFramework/UnitTrait$4.java,UnitTrait,semantic,com.corrodinggames.rts.game.units.custom.animation.n,jar-MISSING
com/corrodinggames/rts/appFramework/UnitTrait$5.java,UnitTrait,semantic,com.corrodinggames.rts.game.units.custom.animation.n,jar-MISSING
com/corrodinggames/rts/appFramework/WeaponConfig$1.java,WeaponConfig,semantic,com.corrodinggames.rts.game.units.weapons.c,jar-MISSING
com/corrodinggames/rts/game/ActionAddCredits$a.java,ActionAddCredits,semantic,com.corrodinggames.rts.game.units.i,jar-ok
com/corrodinggames/rts/game/BuildQueue.java,BuildQueue,semantic,com.corrodinggames.rts.game.t,jar-ok
com/corrodinggames/rts/game/ChatLog.java,ChatLog,no-map,,
com/corrodinggames/rts/game/GameEngine$a.java,GameEngine,semantic,com.corrodinggames.rts.game.i,jar-ok
com/corrodinggames/rts/game/GameEngine.java,GameEngine,semantic,com.corrodinggames.rts.game.i,jar-ok
com/corrodinggames/rts/game/GameFlag.java,GameFlag,semantic,com.corrodinggames.rts.game.a,jar-ok
com/corrodinggames/rts/game/GameFlagImpl.java,GameFlagImpl,semantic,com.corrodinggames.rts.game.b,jar-ok
com/corrodinggames/rts/game/GameMode.java,GameMode,semantic,com.corrodinggames.rts.game.o,jar-ok
com/corrodinggames/rts/game/GameSettings.java,GameSettings,semantic,com.corrodinggames.rts.game.g,jar-ok
com/corrodinggames/rts/game/HumanPlayer.java,HumanPlayer,semantic,com.corrodinggames.rts.game.e,jar-ok
com/corrodinggames/rts/game/LobbyPlayer.java,LobbyPlayer,semantic,com.corrodinggames.rts.game.u,jar-ok
com/corrodinggames/rts/game/MovementController.java,MovementController,semantic,com.corrodinggames.rts.game.f,jar-ok
com/corrodinggames/rts/game/NetworkPlayer.java,NetworkPlayer,semantic,com.corrodinggames.rts.game.c,jar-ok
com/corrodinggames/rts/game/NeutralPlayer.java,NeutralPlayer,semantic,com.corrodinggames.rts.game.d,jar-ok
com/corrodinggames/rts/game/PlayerState.java,PlayerState,semantic,com.corrodinggames.rts.game.n,jar-ok
com/corrodinggames/rts/game/Projectile.java,Projectile,semantic,com.corrodinggames.rts.game.l,jar-ok
com/corrodinggames/rts/game/ProjectileType.java,ProjectileType,semantic,com.corrodinggames.rts.game.m,jar-ok
com/corrodinggames/rts/game/ResourceLoader.java,ResourceLoader,semantic,com.corrodinggames.rts.game.j,jar-ok
com/corrodinggames/rts/game/ResourceType.java,ResourceType,semantic,com.corrodinggames.rts.game.q,jar-ok
com/corrodinggames/rts/game/ScreenshotSaver.java,ScreenshotSaver,semantic,com.corrodinggames.rts.game.k,jar-ok
com/corrodinggames/rts/game/TagFilter.java,TagFilter,semantic,com.corrodinggames.rts.game.h,jar-ok
com/corrodinggames/rts/game/TeamUnitTracker.java,TeamUnitTracker,semantic,com.corrodinggames.rts.game.s,jar-ok
com/corrodinggames/rts/game/UnitManager.java,UnitManager,semantic,com.corrodinggames.rts.game.p,jar-ok
com/corrodinggames/rts/game/UnitTypeCount.java,UnitTypeCount,semantic,com.corrodinggames.rts.game.r,jar-ok
com/corrodinggames/rts/game/ai/AIStrategy$1.java,AIStrategy,semantic,com.corrodinggames.rts.game.a.a.a,jar-ok
com/corrodinggames/rts/game/ai/AIStrategy$10.java,AIStrategy,semantic,com.corrodinggames.rts.game.a.a.a,jar-ok
com/corrodinggames/rts/game/ai/AIStrategy$11.java,AIStrategy,semantic,com.corrodinggames.rts.game.a.a.a,jar-ok
com/corrodinggames/rts/game/ai/AIStrategy$12.java,AIStrategy,semantic,com.corrodinggames.rts.game.a.a.a,jar-ok
com/corrodinggames/rts/game/ai/AIStrategy$13.java,AIStrategy,semantic,com.corrodinggames.rts.game.a.a.a,jar-ok
com/corrodinggames/rts/game/ai/AIStrategy$2.java,AIStrategy,semantic,com.corrodinggames.rts.game.a.a.a,jar-ok
com/corrodinggames/rts/game/ai/AIStrategy$3.java,AIStrategy,semantic,com.corrodinggames.rts.game.a.a.a,jar-ok
com/corrodinggames/rts/game/ai/AIStrategy$4.java,AIStrategy,semantic,com.corrodinggames.rts.game.a.a.a,jar-ok
com/corrodinggames/rts/game/ai/AIStrategy$5.java,AIStrategy,semantic,com.corrodinggames.rts.game.a.a.a,jar-ok
com/corrodinggames/rts/game/ai/AIStrategy$6.java,AIStrategy,semantic,com.corrodinggames.rts.game.a.a.a,jar-ok
com/corrodinggames/rts/game/ai/AIStrategy$7.java,AIStrategy,semantic,com.corrodinggames.rts.game.a.a.a,jar-ok
com/corrodinggames/rts/game/ai/AIStrategy$8.java,AIStrategy,semantic,com.corrodinggames.rts.game.a.a.a,jar-ok
com/corrodinggames/rts/game/ai/AIStrategy$9.java,AIStrategy,semantic,com.corrodinggames.rts.game.a.a.a,jar-ok
com/corrodinggames/rts/game/ai/AIStrategy.java,AIStrategy,semantic,com.corrodinggames.rts.game.a.a.a,jar-ok
com/corrodinggames/rts/game/ai/AIStrategyNode.java,AIStrategyNode,semantic,com.corrodinggames.rts.game.a.o,jar-ok
com/corrodinggames/rts/game/ai/AIUnitActionUtils.java,AIUnitActionUtils,semantic,com.corrodinggames.rts.game.a.f,jar-ok
com/corrodinggames/rts/game/ai/AIUnitGroupBase.java,AIUnitGroupBase,semantic,com.corrodinggames.rts.game.a.h,jar-ok
com/corrodinggames/rts/game/ai/BaseZoneStage.java,BaseZoneStage,semantic,com.corrodinggames.rts.game.a.k,jar-ok
com/corrodinggames/rts/game/ai/BaseZoneType.java,BaseZoneType,semantic,com.corrodinggames.rts.game.a.j,jar-ok
com/corrodinggames/rts/game/ai/BuildPreferenceCache.java,BuildPreferenceCache,semantic,com.corrodinggames.rts.game.a.c,jar-ok
com/corrodinggames/rts/game/ai/CombatAction.java,CombatAction,semantic,com.corrodinggames.rts.game.a.g,jar-ok
com/corrodinggames/rts/game/ai/CombatMain.java,CombatMain,semantic,com.corrodinggames.rts.game.a.i,jar-ok
com/corrodinggames/rts/game/ai/IncludeExcludeMode.java,IncludeExcludeMode,semantic,com.corrodinggames.rts.game.a.b,jar-ok
com/corrodinggames/rts/game/ai/PlainZone.java,PlainZone,semantic,com.corrodinggames.rts.game.a.m,jar-ok
com/corrodinggames/rts/game/ai/RallyGroup.java,RallyGroup,semantic,com.corrodinggames.rts.game.a.l,jar-ok
com/corrodinggames/rts/game/ai/TransporterGroup.java,TransporterGroup,semantic,com.corrodinggames.rts.game.a.n,jar-ok
com/corrodinggames/rts/game/ai/UnitBuildStrategy.java,UnitBuildStrategy,semantic,com.corrodinggames.rts.game.a.d,jar-ok
com/corrodinggames/rts/game/ai/UnitBuildStrategyEntry.java,UnitBuildStrategyEntry,no-map,,
com/corrodinggames/rts/game/ai/strategies/ActionFilter$1.java,ActionFilter,semantic,com.corrodinggames.rts.game.units.a.b,jar-ok
com/corrodinggames/rts/game/ai/strategies/ActionFilter$2.java,ActionFilter,semantic,com.corrodinggames.rts.game.units.a.b,jar-ok
com/corrodinggames/rts/game/ai/strategies/AIStrategy.java,AIStrategy,semantic,com.corrodinggames.rts.game.a.a.a,jar-ok
com/corrodinggames/rts/game/ai/strategies/AIStrategyResult.java,AIStrategyResult,semantic,com.corrodinggames.rts.game.a.a.b,jar-ok
com/corrodinggames/rts/game/map/MapEngine$1.java,MapEngine,semantic,com.corrodinggames.rts.game.b.b,jar-ok
com/corrodinggames/rts/game/map/MapEngine$2.java,MapEngine,semantic,com.corrodinggames.rts.game.b.b,jar-ok
com/corrodinggames/rts/game/map/MapEngine.java,MapEngine,semantic,com.corrodinggames.rts.game.b.b,jar-ok
com/corrodinggames/rts/game/map/MapException.java,MapException,semantic,com.corrodinggames.rts.game.b.f,jar-ok
com/corrodinggames/rts/game/map/MapLayer.java,MapLayer,semantic,com.corrodinggames.rts.game.b.g,jar-ok
com/corrodinggames/rts/game/map/MapLayerDef.java,MapLayerDef,semantic,com.corrodinggames.rts.game.b.i,jar-ok
com/corrodinggames/rts/game/map/MapLayerRenderer.java,MapLayerRenderer,semantic,com.corrodinggames.rts.game.b.d,jar-ok
com/corrodinggames/rts/game/map/MapRenderer.java,MapRenderer,semantic,com.corrodinggames.rts.game.b.c,jar-ok
com/corrodinggames/rts/game/map/MapSpawn.java,MapSpawn,semantic,com.corrodinggames.rts.game.b.a,jar-ok
com/corrodinggames/rts/game/map/TileDrawer.java,TileDrawer,semantic,com.corrodinggames.rts.game.b.h,jar-ok
com/corrodinggames/rts/game/map/TileEntry.java,TileEntry,semantic,com.corrodinggames.rts.game.b.k,jar-ok
com/corrodinggames/rts/game/map/TilesetDef.java,TilesetDef,semantic,com.corrodinggames.rts.game.b.j,jar-ok
com/corrodinggames/rts/game/map/TMXMapLoader.java,TMXMapLoader,semantic,com.corrodinggames.rts.game.b.e,jar-ok
com/corrodinggames/rts/game/units/AbstractUnitBase.java,AbstractUnitBase,semantic,com.corrodinggames.rts.game.units.c,jar-ok
com/corrodinggames/rts/game/units/ActionAddCredits.java,ActionAddCredits,semantic,com.corrodinggames.rts.game.units.i,jar-ok
com/corrodinggames/rts/game/units/AirUnit.java,AirUnit,semantic,com.corrodinggames.rts.game.units.k,jar-ok
com/corrodinggames/rts/game/units/AmphibiousUnit.java,AmphibiousUnit,semantic,com.corrodinggames.rts.game.units.t,jar-ok
com/corrodinggames/rts/game/units/at.java,at,obf-direct,com.corrodinggames.rts.game.units.at,jar-ok
com/corrodinggames/rts/game/units/BuildingBase.java,BuildingBase,semantic,com.corrodinggames.rts.game.units.e,jar-ok
com/corrodinggames/rts/game/units/CustomUnitBase.java,CustomUnitBase,semantic,com.corrodinggames.rts.game.units.w,jar-ok
com/corrodinggames/rts/game/units/DebugDesyncDetector.java,DebugDesyncDetector,no-map,,
com/corrodinggames/rts/game/units/DecorType1.java,DecorType1,semantic,com.corrodinggames.rts.game.units.ac,jar-ok
com/corrodinggames/rts/game/units/DecorType2.java,DecorType2,semantic,com.corrodinggames.rts.game.units.ae,jar-ok
com/corrodinggames/rts/game/units/DecorType3.java,DecorType3,semantic,com.corrodinggames.rts.game.units.ah,jar-ok
com/corrodinggames/rts/game/units/DecorType4.java,DecorType4,semantic,com.corrodinggames.rts.game.units.aj,jar-ok
com/corrodinggames/rts/game/units/DecorUnit.java,DecorUnit,semantic,com.corrodinggames.rts.game.units.v,jar-ok
com/corrodinggames/rts/game/units/ExperimentalLandUnit.java,ExperimentalLandUnit,semantic,com.corrodinggames.rts.game.units.g,jar-ok
com/corrodinggames/rts/game/units/Factory$1.java,Factory,semantic,com.corrodinggames.rts.game.units.h,jar-ok
com/corrodinggames/rts/game/units/Factory$10.java,Factory,semantic,com.corrodinggames.rts.game.units.h,jar-ok
com/corrodinggames/rts/game/units/Factory$11.java,Factory,semantic,com.corrodinggames.rts.game.units.h,jar-ok
com/corrodinggames/rts/game/units/Factory$12.java,Factory,semantic,com.corrodinggames.rts.game.units.h,jar-ok
com/corrodinggames/rts/game/units/Factory$13.java,Factory,semantic,com.corrodinggames.rts.game.units.h,jar-ok
com/corrodinggames/rts/game/units/Factory$14.java,Factory,semantic,com.corrodinggames.rts.game.units.h,jar-ok
com/corrodinggames/rts/game/units/Factory$15.java,Factory,semantic,com.corrodinggames.rts.game.units.h,jar-ok
com/corrodinggames/rts/game/units/Factory$16.java,Factory,semantic,com.corrodinggames.rts.game.units.h,jar-ok
com/corrodinggames/rts/game/units/Factory$17.java,Factory,semantic,com.corrodinggames.rts.game.units.h,jar-ok
com/corrodinggames/rts/game/units/Factory$18.java,Factory,semantic,com.corrodinggames.rts.game.units.h,jar-ok
com/corrodinggames/rts/game/units/Factory$19.java,Factory,semantic,com.corrodinggames.rts.game.units.h,jar-ok
com/corrodinggames/rts/game/units/Factory$2$1.java,Factory,semantic,com.corrodinggames.rts.game.units.h,jar-ok
com/corrodinggames/rts/game/units/Factory$2.java,Factory,semantic,com.corrodinggames.rts.game.units.h,jar-ok
com/corrodinggames/rts/game/units/Factory$20.java,Factory,semantic,com.corrodinggames.rts.game.units.h,jar-ok
com/corrodinggames/rts/game/units/Factory$21.java,Factory,semantic,com.corrodinggames.rts.game.units.h,jar-ok
com/corrodinggames/rts/game/units/Factory$22.java,Factory,semantic,com.corrodinggames.rts.game.units.h,jar-ok
com/corrodinggames/rts/game/units/Factory$23.java,Factory,semantic,com.corrodinggames.rts.game.units.h,jar-ok
com/corrodinggames/rts/game/units/Factory$3$1.java,Factory,semantic,com.corrodinggames.rts.game.units.h,jar-ok
com/corrodinggames/rts/game/units/Factory$3$2.java,Factory,semantic,com.corrodinggames.rts.game.units.h,jar-ok
com/corrodinggames/rts/game/units/Factory$3$3.java,Factory,semantic,com.corrodinggames.rts.game.units.h,jar-ok
com/corrodinggames/rts/game/units/Factory$3.java,Factory,semantic,com.corrodinggames.rts.game.units.h,jar-ok
com/corrodinggames/rts/game/units/Factory$4.java,Factory,semantic,com.corrodinggames.rts.game.units.h,jar-ok
com/corrodinggames/rts/game/units/Factory$5.java,Factory,semantic,com.corrodinggames.rts.game.units.h,jar-ok
com/corrodinggames/rts/game/units/Factory$6.java,Factory,semantic,com.corrodinggames.rts.game.units.h,jar-ok
com/corrodinggames/rts/game/units/Factory$7.java,Factory,semantic,com.corrodinggames.rts.game.units.h,jar-ok
com/corrodinggames/rts/game/units/Factory$8.java,Factory,semantic,com.corrodinggames.rts.game.units.h,jar-ok
com/corrodinggames/rts/game/units/Factory$9$1.java,Factory,semantic,com.corrodinggames.rts.game.units.h,jar-ok
com/corrodinggames/rts/game/units/Factory$9.java,Factory,semantic,com.corrodinggames.rts.game.units.h,jar-ok
com/corrodinggames/rts/game/units/Factory.java,Factory,semantic,com.corrodinggames.rts.game.units.h,jar-ok
com/corrodinggames/rts/game/units/FireDecoration.java,FireDecoration,semantic,com.corrodinggames.rts.game.units.ai,jar-ok
com/corrodinggames/rts/game/units/HoverUnit.java,HoverUnit,semantic,com.corrodinggames.rts.game.units.l,jar-ok
com/corrodinggames/rts/game/units/LandUnit.java,LandUnit,semantic,com.corrodinggames.rts.game.units.j,jar-ok
com/corrodinggames/rts/game/units/LicenseValidator$1.java,LicenseValidator,semantic,com.corrodinggames.rts.java.p,jar-ok
com/corrodinggames/rts/game/units/MovableUnit.java,MovableUnit,semantic,com.corrodinggames.rts.game.units.x,jar-ok
com/corrodinggames/rts/game/units/MovementPath.java,MovementPath,no-map,,
com/corrodinggames/rts/game/units/MovementTypeEnum.java,MovementTypeEnum,semantic,com.corrodinggames.rts.game.units.ao,jar-ok
com/corrodinggames/rts/game/units/PathfindingHelper.java,PathfindingHelper,semantic,com.corrodinggames.rts.game.units.aq,jar-ok
com/corrodinggames/rts/game/units/PathResult.java,PathResult,semantic,com.corrodinggames.rts.game.units.b,jar-ok
com/corrodinggames/rts/game/units/PathState.java,PathState,semantic,com.corrodinggames.rts.game.units.ag,jar-ok
com/corrodinggames/rts/game/units/PlayerUnitIndicator.java,PlayerUnitIndicator,semantic,com.corrodinggames.rts.game.units.an,jar-ok
com/corrodinggames/rts/game/units/Position.java,Position,semantic,com.corrodinggames.rts.game.units.s,jar-ok
com/corrodinggames/rts/game/units/ResourceRate.java,ResourceRate,semantic,com.corrodinggames.rts.game.units.aa,jar-ok
com/corrodinggames/rts/game/units/SpecialActionType.java,SpecialActionType,semantic,com.corrodinggames.rts.game.units.q,jar-ok
com/corrodinggames/rts/game/units/SubmarineUnit.java,SubmarineUnit,semantic,com.corrodinggames.rts.game.units.m,jar-ok
com/corrodinggames/rts/game/units/TimedBomb.java,TimedBomb,semantic,com.corrodinggames.rts.game.units.u,jar-ok
com/corrodinggames/rts/game/units/TreeDecoration.java,TreeDecoration,semantic,com.corrodinggames.rts.game.units.al,jar-ok
com/corrodinggames/rts/game/units/UnitActionEnum.java,UnitActionEnum,semantic,com.corrodinggames.rts.game.units.r,jar-ok
com/corrodinggames/rts/game/units/UnitAttachment.java,UnitAttachment,semantic,com.corrodinggames.rts.game.units.ad,jar-ok
com/corrodinggames/rts/game/units/UnitBehaviorEnum.java,UnitBehaviorEnum,semantic,com.corrodinggames.rts.game.units.o,jar-ok
com/corrodinggames/rts/game/units/UnitCategory.java,UnitCategory,semantic,com.corrodinggames.rts.game.units.n,jar-ok
com/corrodinggames/rts/game/units/UnitFlag.java,UnitFlag,semantic,com.corrodinggames.rts.game.units.a,jar-ok
com/corrodinggames/rts/game/units/UnitInstance.java,UnitInstance,semantic,com.corrodinggames.rts.game.units.am,jar-ok
com/corrodinggames/rts/game/units/UnitList.java,UnitList,semantic,com.corrodinggames.rts.gameFramework.k.a,jar-ok
com/corrodinggames/rts/game/units/UnitQueryFilter$1.java,UnitQueryFilter,semantic,com.corrodinggames.rts.game.units.p,jar-ok
com/corrodinggames/rts/game/units/UnitQueryFilter.java,UnitQueryFilter,semantic,com.corrodinggames.rts.game.units.p,jar-ok
com/corrodinggames/rts/game/units/UnitRegistry.java,UnitRegistry,semantic,com.corrodinggames.rts.game.units.ar,jar-ok
com/corrodinggames/rts/game/units/UnitShield.java,UnitShield,semantic,com.corrodinggames.rts.game.units.ak,jar-ok
com/corrodinggames/rts/game/units/UnitState.java,UnitState,semantic,com.corrodinggames.rts.game.units.ab,jar-ok
com/corrodinggames/rts/game/units/UnitTransform.java,UnitTransform,semantic,com.corrodinggames.rts.game.units.af,jar-ok
com/corrodinggames/rts/game/units/UnitTurret.java,UnitTurret,semantic,com.corrodinggames.rts.game.units.ap,jar-ok
com/corrodinggames/rts/game/units/UnitType$1.java,UnitType,semantic,com.corrodinggames.rts.game.units.y,jar-ok
com/corrodinggames/rts/game/units/UnitType.java,UnitType,semantic,com.corrodinggames.rts.game.units.y,jar-ok
com/corrodinggames/rts/game/units/UnitTypeHandle.java,UnitTypeHandle,semantic,com.corrodinggames.rts.game.units.as,jar-ok
com/corrodinggames/rts/game/units/WaterUnit.java,WaterUnit,semantic,com.corrodinggames.rts.game.units.f,jar-ok
com/corrodinggames/rts/game/units/WaypointTarget.java,WaypointTarget,semantic,com.corrodinggames.rts.game.units.z,jar-ok
com/corrodinggames/rts/game/units/WeaponAction.java,WeaponAction,semantic,com.corrodinggames.rts.game.units.au,jar-ok
com/corrodinggames/rts/game/units/WeaponTypeEnum.java,WeaponTypeEnum,semantic,com.corrodinggames.rts.game.units.av,jar-ok
com/corrodinggames/rts/game/units/actions/AbstractBuildAction.java,AbstractBuildAction,semantic,com.corrodinggames.rts.game.units.a.w,jar-ok
com/corrodinggames/rts/game/units/actions/AbstractCutsceneAction.java,AbstractCutsceneAction,semantic,com.corrodinggames.rts.game.units.a.p,jar-ok
com/corrodinggames/rts/game/units/actions/AbstractImmediateAction.java,AbstractImmediateAction,semantic,com.corrodinggames.rts.game.units.a.x,jar-ok
com/corrodinggames/rts/game/units/actions/ActionCategory.java,ActionCategory,semantic,com.corrodinggames.rts.game.units.actions.e,jar-MISSING
com/corrodinggames/rts/game/units/actions/ActionFilter.java,ActionFilter,semantic,com.corrodinggames.rts.game.units.actions.b,jar-MISSING
com/corrodinggames/rts/game/units/actions/ActionId.java,ActionId,semantic,com.corrodinggames.rts.game.units.a.c,jar-ok
com/corrodinggames/rts/game/units/actions/ActionTargetType.java,ActionTargetType,semantic,com.corrodinggames.rts.game.units.a.u,jar-ok
com/corrodinggames/rts/game/units/actions/ActionWrapper.java,ActionWrapper,semantic,com.corrodinggames.rts.game.units.a.h,jar-ok
com/corrodinggames/rts/game/units/actions/AttackAction.java,AttackAction,semantic,com.corrodinggames.rts.game.units.a.d,jar-ok
com/corrodinggames/rts/game/units/actions/AttackMoveAction.java,AttackMoveAction,semantic,com.corrodinggames.rts.game.units.a.e,jar-ok
com/corrodinggames/rts/game/units/actions/BuildAction.java,BuildAction,semantic,com.corrodinggames.rts.game.units.a.g,jar-ok
com/corrodinggames/rts/game/units/actions/BuildQueueAction.java,BuildQueueAction,semantic,com.corrodinggames.rts.game.units.a.v,jar-ok
com/corrodinggames/rts/game/units/actions/GameAction.java,GameAction,semantic,com.corrodinggames.rts.game.units.a.s,jar-ok
com/corrodinggames/rts/game/units/actions/GuardAction.java,GuardAction,semantic,com.corrodinggames.rts.game.units.a.f,jar-ok
com/corrodinggames/rts/game/units/actions/MapPingAction.java,MapPingAction,semantic,com.corrodinggames.rts.game.units.a.r,jar-ok
com/corrodinggames/rts/game/units/actions/PatrolAction.java,PatrolAction,semantic,com.corrodinggames.rts.game.units.a.i,jar-ok
com/corrodinggames/rts/game/units/actions/PingAction.java,PingAction,semantic,com.corrodinggames.rts.game.units.a.j,jar-ok
com/corrodinggames/rts/game/units/actions/PingType.java,PingType,semantic,com.corrodinggames.rts.game.units.a.k,jar-ok
com/corrodinggames/rts/game/units/actions/RallyPointAction.java,RallyPointAction,semantic,com.corrodinggames.rts.game.units.a.o,jar-ok
com/corrodinggames/rts/game/units/actions/ReclaimAction.java,ReclaimAction,semantic,com.corrodinggames.rts.game.units.a.m,jar-ok
com/corrodinggames/rts/game/units/actions/RepairAction.java,RepairAction,semantic,com.corrodinggames.rts.game.units.a.n,jar-ok
com/corrodinggames/rts/game/units/actions/SellAction.java,SellAction,semantic,com.corrodinggames.rts.game.units.a.z,jar-ok
com/corrodinggames/rts/game/units/actions/StopAction.java,StopAction,semantic,com.corrodinggames.rts.game.units.a.y,jar-ok
com/corrodinggames/rts/game/units/actions/TeamChatAction.java,TeamChatAction,semantic,com.corrodinggames.rts.game.units.a.q,jar-ok
com/corrodinggames/rts/game/units/actions/UnitActionBase.java,UnitActionBase,semantic,com.corrodinggames.rts.game.units.a.a,jar-ok
com/corrodinggames/rts/game/units/actions/UnitBuildAction.java,UnitBuildAction,semantic,com.corrodinggames.rts.game.units.a.l,jar-ok
com/corrodinggames/rts/game/units/buildings/AbstractUnitBehavior.java,AbstractUnitBehavior,semantic,com.corrodinggames.rts.game.units.b.b,jar-ok
com/corrodinggames/rts/game/units/buildings/AttackBehavior$1.java,AttackBehavior,semantic,com.corrodinggames.rts.game.units.b.c,jar-ok
com/corrodinggames/rts/game/units/buildings/AttackBehavior$2.java,AttackBehavior,semantic,com.corrodinggames.rts.game.units.b.c,jar-ok
com/corrodinggames/rts/game/units/buildings/AttackBehavior.java,AttackBehavior,semantic,com.corrodinggames.rts.game.units.b.c,jar-ok
com/corrodinggames/rts/game/units/buildings/BuildBehavior.java,BuildBehavior,semantic,com.corrodinggames.rts.game.units.b.e,jar-ok
com/corrodinggames/rts/game/units/buildings/MoveBehavior$1.java,MoveBehavior,semantic,com.corrodinggames.rts.game.units.b.d,jar-ok
com/corrodinggames/rts/game/units/buildings/MoveBehavior$2.java,MoveBehavior,semantic,com.corrodinggames.rts.game.units.b.d,jar-ok
com/corrodinggames/rts/game/units/buildings/MoveBehavior.java,MoveBehavior,semantic,com.corrodinggames.rts.game.units.b.d,jar-ok
com/corrodinggames/rts/game/units/buildings/RepairBehavior.java,RepairBehavior,semantic,com.corrodinggames.rts.game.units.b.f,jar-ok
com/corrodinggames/rts/game/units/buildings/UnitBehavior.java,UnitBehavior,semantic,com.corrodinggames.rts.game.units.b.a,jar-ok
com/corrodinggames/rts/game/units/commands/ActionType$1.java,ActionType,semantic,com.corrodinggames.rts.game.units.actions.f,jar-MISSING
com/corrodinggames/rts/game/units/commands/AnimationVisibilityCurve$1.java,InGameActivity,semantic,com.corrodinggames.rts.appFramework.g,jar-ok
com/corrodinggames/rts/game/units/commands/AnimationVisibilityCurve$2.java,InGameActivity,semantic,com.corrodinggames.rts.appFramework.g,jar-ok
com/corrodinggames/rts/game/units/commands/AutoRepairCallback.java,AutoRepairCallback,semantic,com.corrodinggames.rts.game.units.d.s,jar-ok
com/corrodinggames/rts/game/units/commands/BuilderUnit.java,BuilderUnit,semantic,com.corrodinggames.rts.game.units.d.j,jar-ok
com/corrodinggames/rts/game/units/commands/BuildSlot.java,BuildSlot,semantic,com.corrodinggames.rts.game.units.d.d,jar-ok
com/corrodinggames/rts/game/units/commands/CarrierUnit.java,CarrierUnit,semantic,com.corrodinggames.rts.game.units.d.l,jar-ok
com/corrodinggames/rts/game/units/commands/CommandCenter.java,CommandCenter,semantic,com.corrodinggames.rts.game.units.d.e,jar-ok
com/corrodinggames/rts/game/units/commands/CommandQueue.java,CommandQueue,semantic,com.corrodinggames.rts.game.units.commands.r,jar-MISSING
com/corrodinggames/rts/game/units/commands/CustomBuildingUnit.java,CustomBuildingUnit,semantic,com.corrodinggames.rts.game.units.d.n,jar-ok
com/corrodinggames/rts/game/units/commands/CustomGroundUnit.java,CustomGroundUnit,semantic,com.corrodinggames.rts.game.units.d.b,jar-ok
com/corrodinggames/rts/game/units/commands/ExperimentalAirUnit.java,ExperimentalAirUnit,semantic,com.corrodinggames.rts.game.units.d.o,jar-ok
com/corrodinggames/rts/game/units/commands/ExperimentalBuilding.java,ExperimentalBuilding,semantic,com.corrodinggames.rts.game.units.d.m,jar-ok
com/corrodinggames/rts/game/units/commands/ExperimentalGroundUnit.java,ExperimentalGroundUnit,semantic,com.corrodinggames.rts.game.units.d.a,jar-ok
com/corrodinggames/rts/game/units/commands/ExperimentalHoverUnit$1.java,ExperimentalHoverUnit,semantic,com.corrodinggames.rts.game.units.d.c,jar-ok
com/corrodinggames/rts/game/units/commands/ExperimentalHoverUnit$2.java,ExperimentalHoverUnit,semantic,com.corrodinggames.rts.game.units.d.c,jar-ok
com/corrodinggames/rts/game/units/commands/ExperimentalHoverUnit.java,ExperimentalHoverUnit,semantic,com.corrodinggames.rts.game.units.d.c,jar-ok
com/corrodinggames/rts/game/units/commands/ExperimentalLandFactory$1.java,ExperimentalLandFactory,semantic,com.corrodinggames.rts.game.units.d.g,jar-ok
com/corrodinggames/rts/game/units/commands/ExperimentalLandFactory$2.java,ExperimentalLandFactory,semantic,com.corrodinggames.rts.game.units.d.g,jar-ok
com/corrodinggames/rts/game/units/commands/ExperimentalLandFactory.java,ExperimentalLandFactory,semantic,com.corrodinggames.rts.game.units.d.g,jar-ok
com/corrodinggames/rts/game/units/commands/ExperimentalSubUnit$1.java,ExperimentalSubUnit,semantic,com.corrodinggames.rts.game.units.d.p,jar-ok
com/corrodinggames/rts/game/units/commands/ExperimentalSubUnit.java,ExperimentalSubUnit,semantic,com.corrodinggames.rts.game.units.d.p,jar-ok
com/corrodinggames/rts/game/units/commands/ExperimentalUnit.java,ExperimentalUnit,semantic,com.corrodinggames.rts.game.units.d.d,jar-ok
com/corrodinggames/rts/game/units/commands/ExperimentalWallUnit.java,ExperimentalWallUnit,semantic,com.corrodinggames.rts.game.units.d.w,jar-ok
com/corrodinggames/rts/game/units/commands/ExperimentalWaterUnit$1.java,ExperimentalWaterUnit,semantic,com.corrodinggames.rts.game.units.d.f,jar-ok
com/corrodinggames/rts/game/units/commands/ExperimentalWaterUnit.java,ExperimentalWaterUnit,semantic,com.corrodinggames.rts.game.units.d.f,jar-ok
com/corrodinggames/rts/game/units/commands/FabricatorUnit$1.java,FabricatorUnit,semantic,com.corrodinggames.rts.game.units.d.v,jar-ok
com/corrodinggames/rts/game/units/commands/FabricatorUnit.java,FabricatorUnit,semantic,com.corrodinggames.rts.game.units.d.v,jar-ok
com/corrodinggames/rts/game/units/commands/LicenseValidator$1.java,LicenseValidator,semantic,com.corrodinggames.rts.java.p,jar-ok
com/corrodinggames/rts/game/units/commands/MobileBuilderBase.java,MobileBuilderBase,semantic,com.corrodinggames.rts.game.units.d.i,jar-ok
com/corrodinggames/rts/game/units/commands/ModDownloader$1.java,ModDownloader,semantic,com.corrodinggames.rts.java.v,jar-ok
com/corrodinggames/rts/game/units/commands/PerformanceMonitor$1.java,PerformanceMonitor,semantic,com.corrodinggames.rts.gameFramework.l.a,jar-ok
com/corrodinggames/rts/game/units/commands/PerformanceMonitor$2.java,PerformanceMonitor,semantic,com.corrodinggames.rts.gameFramework.l.a,jar-ok
com/corrodinggames/rts/game/units/commands/PowerGeneratorUnit$1.java,PowerGeneratorUnit,semantic,com.corrodinggames.rts.game.units.d.h,jar-ok
com/corrodinggames/rts/game/units/commands/PowerGeneratorUnit$2.java,PowerGeneratorUnit,semantic,com.corrodinggames.rts.game.units.d.h,jar-ok
com/corrodinggames/rts/game/units/commands/PowerGeneratorUnit.java,PowerGeneratorUnit,semantic,com.corrodinggames.rts.game.units.d.h,jar-ok
com/corrodinggames/rts/game/units/commands/RepairBayUnit.java,RepairBayUnit,semantic,com.corrodinggames.rts.game.units.d.r,jar-ok
com/corrodinggames/rts/game/units/commands/Structures.java,Structures,semantic,com.corrodinggames.rts.game.units.d.t,jar-ok
com/corrodinggames/rts/game/units/commands/UnitActionHelper$1.java,UnitActionHelper,semantic,com.corrodinggames.rts.game.units.d.q,jar-ok
com/corrodinggames/rts/game/units/commands/UnitActionHelper$2.java,UnitActionHelper,semantic,com.corrodinggames.rts.game.units.d.q,jar-ok
com/corrodinggames/rts/game/units/commands/UnitActionHelper.java,UnitActionHelper,semantic,com.corrodinggames.rts.game.units.d.q,jar-ok
com/corrodinggames/rts/game/units/commands/UnitFactoryHelper.java,UnitFactoryHelper,semantic,com.corrodinggames.rts.game.units.d.k,jar-ok
com/corrodinggames/rts/game/units/commands/UpgradeToT2Action.java,UpgradeToT2Action,semantic,com.corrodinggames.rts.game.units.d.u,jar-ok
com/corrodinggames/rts/game/units/commands/slots/AbstractCommandSlot$1.java,AbstractCommandSlot,semantic,com.corrodinggames.rts.game.units.d.a.a,jar-ok
com/corrodinggames/rts/game/units/commands/slots/AbstractCommandSlot.java,AbstractCommandSlot,semantic,com.corrodinggames.rts.game.units.d.a.a,jar-ok
com/corrodinggames/rts/game/units/commands/slots/BuildActionSlot$1.java,BuildActionSlot,semantic,com.corrodinggames.rts.game.units.d.a.b,jar-ok
com/corrodinggames/rts/game/units/commands/slots/BuildActionSlot$2.java,BuildActionSlot,semantic,com.corrodinggames.rts.game.units.d.a.b,jar-ok
com/corrodinggames/rts/game/units/commands/slots/BuildActionSlot$3.java,BuildActionSlot,semantic,com.corrodinggames.rts.game.units.d.a.b,jar-ok
com/corrodinggames/rts/game/units/commands/slots/BuildActionSlot$4.java,BuildActionSlot,semantic,com.corrodinggames.rts.game.units.d.a.b,jar-ok
com/corrodinggames/rts/game/units/commands/slots/BuildActionSlot.java,BuildActionSlot,semantic,com.corrodinggames.rts.game.units.d.a.b,jar-ok
com/corrodinggames/rts/game/units/commands/slots/d.java,d,obf-filename,com.corrodinggames.rts.game.units.commands.slots.d,jar-ok
com/corrodinggames/rts/game/units/commands/slots/e.java,e,obf-filename,com.corrodinggames.rts.game.units.commands.slots.e,jar-ok
com/corrodinggames/rts/game/units/commands/slots/f.java,f,obf-filename,com.corrodinggames.rts.game.units.commands.slots.f,jar-ok
com/corrodinggames/rts/game/units/commands/slots/FactoryBuildSlot.java,FactoryBuildSlot,semantic,com.corrodinggames.rts.game.units.d.a.c,jar-ok
com/corrodinggames/rts/game/units/commands/slots/g.java,g,obf-filename,com.corrodinggames.rts.game.units.commands.slots.g,jar-ok
com/corrodinggames/rts/game/units/commands/slots/h.java,h,obf-filename,com.corrodinggames.rts.game.units.commands.slots.h,jar-ok
com/corrodinggames/rts/game/units/custom/aa.java,aa,obf-direct,com.corrodinggames.rts.game.units.custom.aa,jar-ok
com/corrodinggames/rts/game/units/custom/ab.java,ab,obf-direct,com.corrodinggames.rts.game.units.custom.ab,jar-ok
com/corrodinggames/rts/game/units/custom/ac.java,ac,obf-direct,com.corrodinggames.rts.game.units.custom.ac,jar-ok
com/corrodinggames/rts/game/units/custom/ActionBinding.java,ActionBinding,semantic,com.corrodinggames.rts.game.units.custom.v,jar-ok
com/corrodinggames/rts/game/units/custom/ad.java,ad,obf-direct,com.corrodinggames.rts.game.units.custom.ad,jar-ok
com/corrodinggames/rts/game/units/custom/ae.java,ae,obf-direct,com.corrodinggames.rts.game.units.custom.ae,jar-ok
com/corrodinggames/rts/game/units/custom/af.java,af,obf-direct,com.corrodinggames.rts.game.units.custom.af,jar-ok
com/corrodinggames/rts/game/units/custom/ah.java,ah,obf-direct,com.corrodinggames.rts.game.units.custom.ah,jar-ok
com/corrodinggames/rts/game/units/custom/ai.java,ai,obf-direct,com.corrodinggames.rts.game.units.custom.ai,jar-ok
com/corrodinggames/rts/game/units/custom/aj.java,aj,obf-direct,com.corrodinggames.rts.game.units.custom.aj,jar-ok
com/corrodinggames/rts/game/units/custom/ak.java,ak,obf-direct,com.corrodinggames.rts.game.units.custom.ak,jar-ok
com/corrodinggames/rts/game/units/custom/al.java,al,obf-direct,com.corrodinggames.rts.game.units.custom.al,jar-ok
com/corrodinggames/rts/game/units/custom/am.java,am,obf-direct,com.corrodinggames.rts.game.units.custom.am,jar-ok
com/corrodinggames/rts/game/units/custom/an.java,an,obf-direct,com.corrodinggames.rts.game.units.custom.an,jar-ok
com/corrodinggames/rts/game/units/custom/AnimationCurve.java,AnimationCurve,semantic,com.corrodinggames.rts.game.units.custom.c,jar-ok
com/corrodinggames/rts/game/units/custom/AnimationReference.java,AnimationReference,semantic,com.corrodinggames.rts.game.units.custom.o,jar-ok
com/corrodinggames/rts/game/units/custom/ao.java,ao,obf-direct,com.corrodinggames.rts.game.units.custom.ao,jar-ok
com/corrodinggames/rts/game/units/custom/ap.java,ap,obf-direct,com.corrodinggames.rts.game.units.custom.ap,jar-ok
com/corrodinggames/rts/game/units/custom/aq.java,aq,obf-direct,com.corrodinggames.rts.game.units.custom.aq,jar-ok
com/corrodinggames/rts/game/units/custom/ar.java,ar,obf-direct,com.corrodinggames.rts.game.units.custom.ar,jar-ok
com/corrodinggames/rts/game/units/custom/at.java,at,obf-direct,com.corrodinggames.rts.game.units.custom.at,jar-ok
com/corrodinggames/rts/game/units/custom/au.java,au,obf-direct,com.corrodinggames.rts.game.units.custom.au,jar-ok
com/corrodinggames/rts/game/units/custom/av.java,av,obf-direct,com.corrodinggames.rts.game.units.custom.av,jar-ok
com/corrodinggames/rts/game/units/custom/aw.java,aw,obf-direct,com.corrodinggames.rts.game.units.custom.aw,jar-ok
com/corrodinggames/rts/game/units/custom/ax.java,ax,obf-direct,com.corrodinggames.rts.game.units.custom.ax,jar-ok
com/corrodinggames/rts/game/units/custom/ay.java,ay,obf-direct,com.corrodinggames.rts.game.units.custom.ay,jar-ok
com/corrodinggames/rts/game/units/custom/az.java,az,obf-direct,com.corrodinggames.rts.game.units.custom.az,jar-ok
com/corrodinggames/rts/game/units/custom/bc.java,bc,obf-direct,com.corrodinggames.rts.game.units.custom.bc,jar-ok
com/corrodinggames/rts/game/units/custom/bd.java,bd,obf-direct,com.corrodinggames.rts.game.units.custom.bd,jar-ok
com/corrodinggames/rts/game/units/custom/be.java,be,obf-direct,com.corrodinggames.rts.game.units.custom.be,jar-ok
com/corrodinggames/rts/game/units/custom/bf.java,bf,obf-direct,com.corrodinggames.rts.game.units.custom.bf,jar-ok
com/corrodinggames/rts/game/units/custom/bg.java,bg,obf-direct,com.corrodinggames.rts.game.units.custom.bg,jar-ok
com/corrodinggames/rts/game/units/custom/bh.java,bh,obf-direct,com.corrodinggames.rts.game.units.custom.bh,jar-ok
com/corrodinggames/rts/game/units/custom/bi.java,bi,obf-direct,com.corrodinggames.rts.game.units.custom.bi,jar-ok
com/corrodinggames/rts/game/units/custom/bj.java,bj,obf-direct,com.corrodinggames.rts.game.units.custom.bj,jar-ok
com/corrodinggames/rts/game/units/custom/bk.java,bk,obf-direct,com.corrodinggames.rts.game.units.custom.bk,jar-ok
com/corrodinggames/rts/game/units/custom/bl.java,bl,obf-direct,com.corrodinggames.rts.game.units.custom.bl,jar-ok
com/corrodinggames/rts/game/units/custom/bm.java,bm,obf-direct,com.corrodinggames.rts.game.units.custom.bm,jar-ok
com/corrodinggames/rts/game/units/custom/bo.java,bo,obf-direct,com.corrodinggames.rts.game.units.custom.bo,jar-ok
com/corrodinggames/rts/game/units/custom/bp.java,bp,obf-direct,com.corrodinggames.rts.game.units.custom.bp,jar-ok
com/corrodinggames/rts/game/units/custom/bq.java,bq,obf-direct,com.corrodinggames.rts.game.units.custom.bq,jar-ok
com/corrodinggames/rts/game/units/custom/CollisionShape.java,CollisionShape,semantic,com.corrodinggames.rts.game.units.custom.i,jar-ok
com/corrodinggames/rts/game/units/custom/CurveType.java,CurveType,semantic,com.corrodinggames.rts.game.units.custom.d,jar-ok
com/corrodinggames/rts/game/units/custom/CustomPhysics.java,CustomPhysics,semantic,com.corrodinggames.rts.game.units.custom.x,jar-ok
com/corrodinggames/rts/game/units/custom/CustomSounds.java,CustomSounds,semantic,com.corrodinggames.rts.game.units.custom.y,jar-ok
com/corrodinggames/rts/game/units/custom/CustomUnitAnimator.java,CustomUnitAnimator,semantic,com.corrodinggames.rts.game.units.custom.w,jar-ok
com/corrodinggames/rts/game/units/custom/CustomUnitType.java,CustomUnitType,semantic,com.corrodinggames.rts.game.units.custom.j,jar-ok
com/corrodinggames/rts/game/units/custom/CustomVisuals.java,CustomVisuals,semantic,com.corrodinggames.rts.game.units.custom.z,jar-ok
com/corrodinggames/rts/game/units/custom/DataStreamReader$1.java,DataStreamReader,no-map,,
com/corrodinggames/rts/game/units/custom/DirectionConfig.java,DirectionConfig,semantic,com.corrodinggames.rts.game.units.custom.m,jar-ok
com/corrodinggames/rts/game/units/custom/DirectionType.java,DirectionType,semantic,com.corrodinggames.rts.game.units.custom.n,jar-ok
com/corrodinggames/rts/game/units/custom/EffectConfig.java,EffectConfig,semantic,com.corrodinggames.rts.game.units.custom.p,jar-ok
com/corrodinggames/rts/game/units/custom/KeyframePoint.java,KeyframePoint,semantic,com.corrodinggames.rts.game.units.custom.b,jar-ok
com/corrodinggames/rts/game/units/custom/LocalizedString.java,LocalizedString,semantic,com.corrodinggames.rts.game.units.custom.bb,jar-ok
com/corrodinggames/rts/game/units/custom/Modifier.java,Modifier,semantic,com.corrodinggames.rts.game.units.custom.r,jar-ok
com/corrodinggames/rts/game/units/custom/ModifierApplier.java,ModifierApplier,semantic,com.corrodinggames.rts.game.units.custom.t,jar-ok
com/corrodinggames/rts/game/units/custom/ModifierType.java,ModifierType,semantic,com.corrodinggames.rts.game.units.custom.s,jar-ok
com/corrodinggames/rts/game/units/custom/ModLoader.java,ModLoader,semantic,com.corrodinggames.rts.game.units.custom.ag,jar-ok
com/corrodinggames/rts/game/units/custom/ModUnitLoader.java,ModUnitLoader,semantic,com.corrodinggames.rts.game.units.custom.bn,jar-ok
com/corrodinggames/rts/game/units/custom/ModUnitRegistry$1.java,ModUnitRegistry,semantic,com.corrodinggames.rts.game.units.custom.l,jar-ok
com/corrodinggames/rts/game/units/custom/ModUnitRegistry.java,ModUnitRegistry,semantic,com.corrodinggames.rts.game.units.custom.l,jar-ok
com/corrodinggames/rts/game/units/custom/p.java,p,obf-direct,com.corrodinggames.rts.game.units.custom.p,jar-ok
com/corrodinggames/rts/game/units/custom/ParameterAnimator.java,ParameterAnimator,semantic,com.corrodinggames.rts.game.units.custom.e,jar-ok
com/corrodinggames/rts/game/units/custom/q.java,q,obf-direct,com.corrodinggames.rts.game.units.custom.q,jar-ok
com/corrodinggames/rts/game/units/custom/RangeValue.java,RangeValue,semantic,com.corrodinggames.rts.game.units.custom.a,jar-ok
com/corrodinggames/rts/game/units/custom/TeamTag.java,TeamTag,semantic,com.corrodinggames.rts.game.units.custom.g,jar-ok
com/corrodinggames/rts/game/units/custom/TraitValueBuilder.java,TraitValueBuilder,semantic,com.corrodinggames.rts.game.units.custom.ba,jar-ok
com/corrodinggames/rts/game/units/custom/UnitActionDef.java,UnitActionDef,semantic,com.corrodinggames.rts.game.units.custom.u,jar-ok
com/corrodinggames/rts/game/units/custom/UnitConfig.java,UnitConfig,semantic,com.corrodinggames.rts.game.units.custom.h,jar-ok
com/corrodinggames/rts/game/units/custom/UnitParameter.java,UnitParameter,semantic,com.corrodinggames.rts.game.units.custom.f,jar-ok
com/corrodinggames/rts/game/units/custom/UnitTypeComparator.java,UnitTypeComparator,semantic,com.corrodinggames.rts.game.units.custom.q,jar-ok
com/corrodinggames/rts/game/units/custom/WeaponConfig$1.java,WeaponConfig,semantic,com.corrodinggames.rts.game.units.custom.as,jar-ok
com/corrodinggames/rts/game/units/custom/WeaponConfig$10.java,WeaponConfig,semantic,com.corrodinggames.rts.game.units.custom.as,jar-ok
com/corrodinggames/rts/game/units/custom/WeaponConfig$11.java,WeaponConfig,semantic,com.corrodinggames.rts.game.units.custom.as,jar-ok
com/corrodinggames/rts/game/units/custom/WeaponConfig$12.java,WeaponConfig,semantic,com.corrodinggames.rts.game.units.custom.as,jar-ok
com/corrodinggames/rts/game/units/custom/WeaponConfig$13.java,WeaponConfig,semantic,com.corrodinggames.rts.game.units.custom.as,jar-ok
com/corrodinggames/rts/game/units/custom/WeaponConfig$14.java,WeaponConfig,semantic,com.corrodinggames.rts.game.units.custom.as,jar-ok
com/corrodinggames/rts/game/units/custom/WeaponConfig$15.java,WeaponConfig,semantic,com.corrodinggames.rts.game.units.custom.as,jar-ok
com/corrodinggames/rts/game/units/custom/WeaponConfig$16.java,WeaponConfig,semantic,com.corrodinggames.rts.game.units.custom.as,jar-ok
com/corrodinggames/rts/game/units/custom/WeaponConfig$17.java,WeaponConfig,semantic,com.corrodinggames.rts.game.units.custom.as,jar-ok
com/corrodinggames/rts/game/units/custom/WeaponConfig$18.java,WeaponConfig,semantic,com.corrodinggames.rts.game.units.custom.as,jar-ok
com/corrodinggames/rts/game/units/custom/WeaponConfig$19.java,WeaponConfig,semantic,com.corrodinggames.rts.game.units.custom.as,jar-ok
com/corrodinggames/rts/game/units/custom/WeaponConfig$2.java,WeaponConfig,semantic,com.corrodinggames.rts.game.units.custom.as,jar-ok
com/corrodinggames/rts/game/units/custom/WeaponConfig$3.java,WeaponConfig,semantic,com.corrodinggames.rts.game.units.custom.as,jar-ok
com/corrodinggames/rts/game/units/custom/WeaponConfig$4.java,WeaponConfig,semantic,com.corrodinggames.rts.game.units.custom.as,jar-ok
com/corrodinggames/rts/game/units/custom/WeaponConfig$5.java,WeaponConfig,semantic,com.corrodinggames.rts.game.units.custom.as,jar-ok
com/corrodinggames/rts/game/units/custom/WeaponConfig$6.java,WeaponConfig,semantic,com.corrodinggames.rts.game.units.custom.as,jar-ok
com/corrodinggames/rts/game/units/custom/WeaponConfig$7.java,WeaponConfig,semantic,com.corrodinggames.rts.game.units.custom.as,jar-ok
com/corrodinggames/rts/game/units/custom/WeaponConfig$8.java,WeaponConfig,semantic,com.corrodinggames.rts.game.units.custom.as,jar-ok
com/corrodinggames/rts/game/units/custom/WeaponConfig$9.java,WeaponConfig,semantic,com.corrodinggames.rts.game.units.custom.as,jar-ok
com/corrodinggames/rts/game/units/custom/WeaponConfig.java,WeaponConfig,semantic,com.corrodinggames.rts.game.units.custom.as,jar-ok
com/corrodinggames/rts/game/units/custom/WeaponMount.java,WeaponMount,semantic,com.corrodinggames.rts.game.units.custom.k,jar-ok
com/corrodinggames/rts/game/units/custom/actions/a.java,a,obf-filename,com.corrodinggames.rts.game.units.custom.actions.a,jar-ok
com/corrodinggames/rts/game/units/custom/actions/ActionRegistry.java,ActionRegistry,semantic,com.corrodinggames.rts.game.units.custom.actions.f,jar-MISSING
com/corrodinggames/rts/game/units/custom/actions/b.java,b,obf-filename,com.corrodinggames.rts.game.units.custom.actions.b,jar-ok
com/corrodinggames/rts/game/units/custom/actions/c.java,c,obf-filename,com.corrodinggames.rts.game.units.custom.actions.c,jar-ok
com/corrodinggames/rts/game/units/custom/actions/d.java,d,obf-filename,com.corrodinggames.rts.game.units.custom.actions.d,jar-ok
com/corrodinggames/rts/game/units/custom/actions/e.java,e,obf-filename,com.corrodinggames.rts.game.units.custom.actions.e,jar-ok
com/corrodinggames/rts/game/units/custom/actions/g.java,g,obf-filename,com.corrodinggames.rts.game.units.custom.actions.g,jar-ok
com/corrodinggames/rts/game/units/custom/actions/base/ActionBase.java,ActionBase,semantic,com.corrodinggames.rts.game.units.actions.a,jar-MISSING
com/corrodinggames/rts/game/units/custom/actions/base/c.java,c,obf-filename,com.corrodinggames.rts.game.units.custom.actions.base.c,jar-ok
com/corrodinggames/rts/game/units/custom/actions/base/CustomActionBase.java,CustomActionBase,semantic,com.corrodinggames.rts.game.units.custom.a.a.a,jar-ok
com/corrodinggames/rts/game/units/custom/actions/base/CustomRepairAction.java,CustomRepairAction,semantic,com.corrodinggames.rts.game.units.custom.a.a.h,jar-ok
com/corrodinggames/rts/game/units/custom/actions/base/CustomSpawnAction.java,CustomSpawnAction,semantic,com.corrodinggames.rts.game.units.custom.a.a.m,jar-ok
com/corrodinggames/rts/game/units/custom/actions/base/CustomTransportAction.java,CustomTransportAction,semantic,com.corrodinggames.rts.game.units.custom.a.a.j,jar-ok
com/corrodinggames/rts/game/units/custom/actions/base/CustomWeaponAction.java,CustomWeaponAction,semantic,com.corrodinggames.rts.game.units.custom.a.a.b,jar-ok
com/corrodinggames/rts/game/units/custom/actions/base/d.java,d,obf-filename,com.corrodinggames.rts.game.units.custom.actions.base.d,jar-ok
com/corrodinggames/rts/game/units/custom/actions/base/e.java,e,obf-filename,com.corrodinggames.rts.game.units.custom.actions.base.e,jar-ok
com/corrodinggames/rts/game/units/custom/actions/base/f.java,f,obf-filename,com.corrodinggames.rts.game.units.custom.actions.base.f,jar-ok
com/corrodinggames/rts/game/units/custom/actions/base/g.java,g,obf-filename,com.corrodinggames.rts.game.units.custom.actions.base.g,jar-ok
com/corrodinggames/rts/game/units/custom/actions/base/i.java,i,obf-filename,com.corrodinggames.rts.game.units.custom.actions.base.i,jar-ok
com/corrodinggames/rts/game/units/custom/actions/base/j.java,j,obf-filename,com.corrodinggames.rts.game.units.custom.actions.base.j,jar-ok
com/corrodinggames/rts/game/units/custom/actions/base/k.java,k,obf-filename,com.corrodinggames.rts.game.units.custom.actions.base.k,jar-ok
com/corrodinggames/rts/game/units/custom/actions/base/l.java,l,obf-filename,com.corrodinggames.rts.game.units.custom.actions.base.l,jar-ok
com/corrodinggames/rts/game/units/custom/actions/base/n.java,n,obf-filename,com.corrodinggames.rts.game.units.custom.actions.base.n,jar-ok
com/corrodinggames/rts/game/units/custom/actions/base/o.java,o,obf-filename,com.corrodinggames.rts.game.units.custom.actions.base.o,jar-ok
com/corrodinggames/rts/game/units/custom/anim/a.java,a,obf-filename,com.corrodinggames.rts.game.units.custom.anim.a,jar-ok
com/corrodinggames/rts/game/units/custom/anim/b.java,b,obf-filename,com.corrodinggames.rts.game.units.custom.anim.b,jar-ok
com/corrodinggames/rts/game/units/custom/anim/c.java,c,obf-filename,com.corrodinggames.rts.game.units.custom.anim.c,jar-ok
com/corrodinggames/rts/game/units/custom/anim/e.java,e,obf-filename,com.corrodinggames.rts.game.units.custom.anim.e,jar-ok
com/corrodinggames/rts/game/units/custom/anim/f$1.java,f,obf-filename,com.corrodinggames.rts.game.units.custom.anim.f$1,jar-ok
com/corrodinggames/rts/game/units/custom/anim/f.java,f,obf-filename,com.corrodinggames.rts.game.units.custom.anim.f,jar-ok
com/corrodinggames/rts/game/units/custom/anim/base/a.java,a,obf-filename,com.corrodinggames.rts.game.units.custom.anim.base.a,jar-ok
com/corrodinggames/rts/game/units/custom/anim/base/b.java,b,obf-filename,com.corrodinggames.rts.game.units.custom.anim.base.b,jar-ok
com/corrodinggames/rts/game/units/custom/anim/base/c.java,c,obf-filename,com.corrodinggames.rts.game.units.custom.anim.base.c,jar-ok
com/corrodinggames/rts/game/units/custom/anim/base/d.java,d,obf-filename,com.corrodinggames.rts.game.units.custom.anim.base.d,jar-ok
com/corrodinggames/rts/game/units/custom/anim/base/e.java,e,obf-filename,com.corrodinggames.rts.game.units.custom.anim.base.e,jar-ok
com/corrodinggames/rts/game/units/custom/anim/base/f.java,f,obf-filename,com.corrodinggames.rts.game.units.custom.anim.base.f,jar-ok
com/corrodinggames/rts/game/units/custom/animation/AnimationActivationCurve.java,AnimationActivationCurve,semantic,com.corrodinggames.rts.game.units.custom.animation.f,jar-MISSING
com/corrodinggames/rts/game/units/custom/animation/AnimationCurve.java,AnimationCurve,semantic,com.corrodinggames.rts.game.units.custom.animation.c,jar-MISSING
com/corrodinggames/rts/game/units/custom/animation/AnimationCurveBase.java,AnimationCurveBase,semantic,com.corrodinggames.rts.game.units.custom.b.a,jar-ok
com/corrodinggames/rts/game/units/custom/animation/AnimationMovementCurve.java,AnimationMovementCurve,semantic,com.corrodinggames.rts.game.units.custom.animation.h,jar-MISSING
com/corrodinggames/rts/game/units/custom/animation/AnimationResourceCurve.java,AnimationResourceCurve,semantic,com.corrodinggames.rts.game.units.custom.animation.d,jar-MISSING
com/corrodinggames/rts/game/units/custom/animation/AnimationTurretCurve.java,AnimationTurretCurve,semantic,com.corrodinggames.rts.game.units.custom.animation.m,jar-MISSING
com/corrodinggames/rts/game/units/custom/animation/AnimationVisibilityCurve.java,AnimationVisibilityCurve,semantic,com.corrodinggames.rts.game.units.custom.animation.g,jar-MISSING
com/corrodinggames/rts/game/units/custom/animation/b.java,b,obf-filename,com.corrodinggames.rts.game.units.custom.animation.b,jar-ok
com/corrodinggames/rts/game/units/custom/animation/e.java,e,obf-filename,com.corrodinggames.rts.game.units.custom.animation.e,jar-ok
com/corrodinggames/rts/game/units/custom/animation/i.java,i,obf-filename,com.corrodinggames.rts.game.units.custom.animation.i,jar-ok
com/corrodinggames/rts/game/units/custom/animation/j.java,j,obf-filename,com.corrodinggames.rts.game.units.custom.animation.j,jar-ok
com/corrodinggames/rts/game/units/custom/animation/k.java,k,obf-filename,com.corrodinggames.rts.game.units.custom.animation.k,jar-ok
com/corrodinggames/rts/game/units/custom/animation/l.java,l,obf-filename,com.corrodinggames.rts.game.units.custom.animation.l,jar-ok
com/corrodinggames/rts/game/units/custom/animation/UnitTrait.java,UnitTrait,semantic,com.corrodinggames.rts.game.units.custom.animation.n,jar-MISSING
com/corrodinggames/rts/game/units/custom/conditions/a.java,a,obf-filename,com.corrodinggames.rts.game.units.custom.conditions.a,jar-ok
com/corrodinggames/rts/game/units/custom/conditions/b.java,b,obf-filename,com.corrodinggames.rts.game.units.custom.conditions.b,jar-ok
com/corrodinggames/rts/game/units/custom/conditions/c.java,c,obf-filename,com.corrodinggames.rts.game.units.custom.conditions.c,jar-ok
com/corrodinggames/rts/game/units/custom/conditions/ConditionEffectBase.java,ConditionEffectBase,semantic,com.corrodinggames.rts.game.units.custom.c.b,jar-ok
com/corrodinggames/rts/game/units/custom/conditions/d.java,d,obf-filename,com.corrodinggames.rts.game.units.custom.conditions.d,jar-ok
com/corrodinggames/rts/game/units/custom/conditions/e.java,e,obf-filename,com.corrodinggames.rts.game.units.custom.conditions.e,jar-ok
com/corrodinggames/rts/game/units/custom/conditions/f$1.java,f,obf-filename,com.corrodinggames.rts.game.units.custom.conditions.f$1,jar-ok
com/corrodinggames/rts/game/units/custom/conditions/f.java,f,obf-filename,com.corrodinggames.rts.game.units.custom.conditions.f,jar-ok
com/corrodinggames/rts/game/units/custom/config/a.java,a,obf-filename,com.corrodinggames.rts.game.units.custom.config.a,jar-ok
com/corrodinggames/rts/game/units/custom/config/ActionFilter$1.java,ActionFilter,semantic,com.corrodinggames.rts.game.units.custom.f.b,jar-ok
com/corrodinggames/rts/game/units/custom/config/b.java,b,obf-filename,com.corrodinggames.rts.game.units.custom.config.b,jar-ok
com/corrodinggames/rts/game/units/custom/config/c.java,c,obf-filename,com.corrodinggames.rts.game.units.custom.config.c,jar-ok
com/corrodinggames/rts/game/units/custom/config/d.java,d,obf-filename,com.corrodinggames.rts.game.units.custom.config.d,jar-ok
com/corrodinggames/rts/game/units/custom/config/e.java,e,obf-filename,com.corrodinggames.rts.game.units.custom.config.e,jar-ok
com/corrodinggames/rts/game/units/custom/effects/ActionType$1.java,ActionType,semantic,com.corrodinggames.rts.game.units.actions.f,jar-MISSING
com/corrodinggames/rts/game/units/custom/effects/b.java,b,obf-filename,com.corrodinggames.rts.game.units.custom.effects.b,jar-ok
com/corrodinggames/rts/game/units/custom/effects/DataValue.java,DataValue,no-map,,
com/corrodinggames/rts/game/units/custom/effects/e.java,e,obf-filename,com.corrodinggames.rts.game.units.custom.effects.e,jar-ok
com/corrodinggames/rts/game/units/custom/effects/EffectConfig.java,EffectConfig,semantic,com.corrodinggames.rts.game.units.custom.p,jar-ok
com/corrodinggames/rts/game/units/custom/effects/EffectManager$1.java,EffectManager,semantic,com.corrodinggames.rts.game.units.custom.e.f,jar-ok
com/corrodinggames/rts/game/units/custom/effects/EffectManager.java,EffectManager,semantic,com.corrodinggames.rts.game.units.custom.e.f,jar-ok
com/corrodinggames/rts/game/units/custom/effects/EffectRenderer.java,EffectRenderer,semantic,com.corrodinggames.rts.game.units.custom.effects.f,jar-MISSING
com/corrodinggames/rts/game/units/custom/effects/LogicBoolean.java,LogicBoolean,semantic,com.corrodinggames.rts.game.units.custom.e.a,jar-ok
com/corrodinggames/rts/game/units/custom/effects/config/b.java,b,obf-filename,com.corrodinggames.rts.game.units.custom.effects.config.b,jar-ok
com/corrodinggames/rts/game/units/custom/effects/config/c.java,c,obf-filename,com.corrodinggames.rts.game.units.custom.effects.config.c,jar-ok
com/corrodinggames/rts/game/units/custom/effects/config/d.java,d,obf-filename,com.corrodinggames.rts.game.units.custom.effects.config.d,jar-ok
com/corrodinggames/rts/game/units/custom/effects/config/e.java,e,obf-filename,com.corrodinggames.rts.game.units.custom.effects.config.e,jar-ok
com/corrodinggames/rts/game/units/custom/effects/config/f.java,f,obf-filename,com.corrodinggames.rts.game.units.custom.effects.config.f,jar-ok
com/corrodinggames/rts/game/units/custom/effects/config/ResourceConfigBase.java,ResourceConfigBase,semantic,com.corrodinggames.rts.game.units.custom.e.a.a,jar-ok
com/corrodinggames/rts/game/units/custom/logicBooleans/BooleanParseException.java,BooleanParseException,obf-direct,com.corrodinggames.rts.game.units.custom.logicBooleans.BooleanParseException,jar-ok
com/corrodinggames/rts/game/units/custom/logicBooleans/CompareJoinerBoolean$CompareBooleanOnly.java,CompareJoinerBoolean,obf-direct,com.corrodinggames.rts.game.units.custom.logicBooleans.CompareJoinerBoolean$CompareBooleanOnly,jar-ok
com/corrodinggames/rts/game/units/custom/logicBooleans/CompareJoinerBoolean$CompareEqualBoolean.java,CompareJoinerBoolean,obf-direct,com.corrodinggames.rts.game.units.custom.logicBooleans.CompareJoinerBoolean$CompareEqualBoolean,jar-ok
com/corrodinggames/rts/game/units/custom/logicBooleans/CompareJoinerBoolean$CompareEqualNumbers.java,CompareJoinerBoolean,obf-direct,com.corrodinggames.rts.game.units.custom.logicBooleans.CompareJoinerBoolean$CompareEqualNumbers,jar-ok
com/corrodinggames/rts/game/units/custom/logicBooleans/CompareJoinerBoolean$CompareEqualStrings.java,CompareJoinerBoolean,obf-direct,com.corrodinggames.rts.game.units.custom.logicBooleans.CompareJoinerBoolean$CompareEqualStrings,jar-ok
com/corrodinggames/rts/game/units/custom/logicBooleans/CompareJoinerBoolean$CompareEqualUnits.java,CompareJoinerBoolean,obf-direct,com.corrodinggames.rts.game.units.custom.logicBooleans.CompareJoinerBoolean$CompareEqualUnits,jar-ok
com/corrodinggames/rts/game/units/custom/logicBooleans/CompareJoinerBoolean$CompareGreaterThanNumbers.java,CompareJoinerBoolean,obf-direct,com.corrodinggames.rts.game.units.custom.logicBooleans.CompareJoinerBoolean$CompareGreaterThanNumbers,jar-ok
com/corrodinggames/rts/game/units/custom/logicBooleans/CompareJoinerBoolean$CompareGreaterThanOrEqualNumbers.java,CompareJoinerBoolean,obf-direct,com.corrodinggames.rts.game.units.custom.logicBooleans.CompareJoinerBoolean$CompareGreaterThanOrEqualNumbers,jar-ok
com/corrodinggames/rts/game/units/custom/logicBooleans/CompareJoinerBoolean$CompareLessThanNumbers.java,CompareJoinerBoolean,obf-direct,com.corrodinggames.rts.game.units.custom.logicBooleans.CompareJoinerBoolean$CompareLessThanNumbers,jar-ok
com/corrodinggames/rts/game/units/custom/logicBooleans/CompareJoinerBoolean$CompareLessThanOrEqualNumbers.java,CompareJoinerBoolean,obf-direct,com.corrodinggames.rts.game.units.custom.logicBooleans.CompareJoinerBoolean$CompareLessThanOrEqualNumbers,jar-ok
com/corrodinggames/rts/game/units/custom/logicBooleans/CompareJoinerBoolean$CompareNotEqualBoolean.java,CompareJoinerBoolean,obf-direct,com.corrodinggames.rts.game.units.custom.logicBooleans.CompareJoinerBoolean$CompareNotEqualBoolean,jar-ok
com/corrodinggames/rts/game/units/custom/logicBooleans/CompareJoinerBoolean$CompareNotEqualNumbers.java,CompareJoinerBoolean,obf-direct,com.corrodinggames.rts.game.units.custom.logicBooleans.CompareJoinerBoolean$CompareNotEqualNumbers,jar-ok
com/corrodinggames/rts/game/units/custom/logicBooleans/CompareJoinerBoolean$CompareNotEqualStrings.java,CompareJoinerBoolean,obf-direct,com.corrodinggames.rts.game.units.custom.logicBooleans.CompareJoinerBoolean$CompareNotEqualStrings,jar-ok
com/corrodinggames/rts/game/units/custom/logicBooleans/CompareJoinerBoolean$CompareNotEqualUnits.java,CompareJoinerBoolean,obf-direct,com.corrodinggames.rts.game.units.custom.logicBooleans.CompareJoinerBoolean$CompareNotEqualUnits,jar-ok
com/corrodinggames/rts/game/units/custom/logicBooleans/CompareJoinerBoolean$CompareNumbers.java,CompareJoinerBoolean,obf-direct,com.corrodinggames.rts.game.units.custom.logicBooleans.CompareJoinerBoolean$CompareNumbers,jar-ok
com/corrodinggames/rts/game/units/custom/logicBooleans/CompareJoinerBoolean$MathAddJoinerBoolean.java,CompareJoinerBoolean,obf-direct,com.corrodinggames.rts.game.units.custom.logicBooleans.CompareJoinerBoolean$MathAddJoinerBoolean,jar-ok
com/corrodinggames/rts/game/units/custom/logicBooleans/CompareJoinerBoolean$MathDivideJoinerBoolean.java,CompareJoinerBoolean,obf-direct,com.corrodinggames.rts.game.units.custom.logicBooleans.CompareJoinerBoolean$MathDivideJoinerBoolean,jar-ok
com/corrodinggames/rts/game/units/custom/logicBooleans/CompareJoinerBoolean$MathJoinerBoolean.java,CompareJoinerBoolean,obf-direct,com.corrodinggames.rts.game.units.custom.logicBooleans.CompareJoinerBoolean$MathJoinerBoolean,jar-ok
com/corrodinggames/rts/game/units/custom/logicBooleans/CompareJoinerBoolean$MathModulusJoinerBoolean.java,CompareJoinerBoolean,obf-direct,com.corrodinggames.rts.game.units.custom.logicBooleans.CompareJoinerBoolean$MathModulusJoinerBoolean,jar-ok
com/corrodinggames/rts/game/units/custom/logicBooleans/CompareJoinerBoolean$MathMultiplyJoinerBoolean.java,CompareJoinerBoolean,obf-direct,com.corrodinggames.rts.game.units.custom.logicBooleans.CompareJoinerBoolean$MathMultiplyJoinerBoolean,jar-ok
com/corrodinggames/rts/game/units/custom/logicBooleans/CompareJoinerBoolean$MathSubtractJoinerBoolean.java,CompareJoinerBoolean,obf-direct,com.corrodinggames.rts.game.units.custom.logicBooleans.CompareJoinerBoolean$MathSubtractJoinerBoolean,jar-ok
com/corrodinggames/rts/game/units/custom/logicBooleans/CompareJoinerBoolean$StringJoinerBoolean.java,CompareJoinerBoolean,obf-direct,com.corrodinggames.rts.game.units.custom.logicBooleans.CompareJoinerBoolean$StringJoinerBoolean,jar-ok
com/corrodinggames/rts/game/units/custom/logicBooleans/CompareJoinerBoolean.java,CompareJoinerBoolean,obf-direct,com.corrodinggames.rts.game.units.custom.logicBooleans.CompareJoinerBoolean,jar-ok
com/corrodinggames/rts/game/units/custom/logicBooleans/LogicBoolean$AbstractNumberBoolean.java,LogicBoolean,semantic,com.corrodinggames.rts.game.units.custom.e.a,jar-ok
com/corrodinggames/rts/game/units/custom/logicBooleans/LogicBoolean$AndBoolean.java,LogicBoolean,semantic,com.corrodinggames.rts.game.units.custom.e.a,jar-ok
com/corrodinggames/rts/game/units/custom/logicBooleans/LogicBoolean$CallContext.java,LogicBoolean,semantic,com.corrodinggames.rts.game.units.custom.e.a,jar-ok
com/corrodinggames/rts/game/units/custom/logicBooleans/LogicBoolean$CallContext_self.java,LogicBoolean,semantic,com.corrodinggames.rts.game.units.custom.e.a,jar-ok
com/corrodinggames/rts/game/units/custom/logicBooleans/LogicBoolean$CallContext_selfAndTarget.java,LogicBoolean,semantic,com.corrodinggames.rts.game.units.custom.e.a,jar-ok
com/corrodinggames/rts/game/units/custom/logicBooleans/LogicBoolean$JoinerBoolean.java,LogicBoolean,semantic,com.corrodinggames.rts.game.units.custom.e.a,jar-ok
com/corrodinggames/rts/game/units/custom/logicBooleans/LogicBoolean$LogicBooleanCommon.java,LogicBoolean,semantic,com.corrodinggames.rts.game.units.custom.e.a,jar-ok
com/corrodinggames/rts/game/units/custom/logicBooleans/LogicBoolean$LogicBooleanCommonLocking.java,LogicBoolean,semantic,com.corrodinggames.rts.game.units.custom.e.a,jar-ok
com/corrodinggames/rts/game/units/custom/logicBooleans/LogicBoolean$LogicNumberOnly.java,LogicBoolean,semantic,com.corrodinggames.rts.game.units.custom.e.a,jar-ok
com/corrodinggames/rts/game/units/custom/logicBooleans/LogicBoolean$NotBoolean.java,LogicBoolean,semantic,com.corrodinggames.rts.game.units.custom.e.a,jar-ok
com/corrodinggames/rts/game/units/custom/logicBooleans/LogicBoolean$OrBoolean.java,LogicBoolean,semantic,com.corrodinggames.rts.game.units.custom.e.a,jar-ok
com/corrodinggames/rts/game/units/custom/logicBooleans/LogicBoolean$Parameter.java,LogicBoolean,semantic,com.corrodinggames.rts.game.units.custom.e.a,jar-ok
com/corrodinggames/rts/game/units/custom/logicBooleans/LogicBoolean$ReturnType.java,LogicBoolean,semantic,com.corrodinggames.rts.game.units.custom.e.a,jar-ok
com/corrodinggames/rts/game/units/custom/logicBooleans/LogicBoolean$StaticBoolean.java,LogicBoolean,semantic,com.corrodinggames.rts.game.units.custom.e.a,jar-ok
com/corrodinggames/rts/game/units/custom/logicBooleans/LogicBoolean$StaticBooleanFalse.java,LogicBoolean,semantic,com.corrodinggames.rts.game.units.custom.e.a,jar-ok
com/corrodinggames/rts/game/units/custom/logicBooleans/LogicBoolean$StaticBooleanTrue.java,LogicBoolean,semantic,com.corrodinggames.rts.game.units.custom.e.a,jar-ok
com/corrodinggames/rts/game/units/custom/logicBooleans/LogicBoolean$StaticValueBoolean.java,LogicBoolean,semantic,com.corrodinggames.rts.game.units.custom.e.a,jar-ok
com/corrodinggames/rts/game/units/custom/logicBooleans/LogicBoolean$TimeBoolean.java,LogicBoolean,semantic,com.corrodinggames.rts.game.units.custom.e.a,jar-ok
com/corrodinggames/rts/game/units/custom/logicBooleans/LogicBoolean.java,LogicBoolean,semantic,com.corrodinggames.rts.game.units.custom.e.a,jar-ok
com/corrodinggames/rts/game/units/custom/logicBooleans/LogicBooleanActionFilter.java,LogicBooleanActionFilter,obf-direct,com.corrodinggames.rts.game.units.custom.logicBooleans.LogicBooleanActionFilter,jar-ok
com/corrodinggames/rts/game/units/custom/logicBooleans/LogicBooleanGameFunctions$AmmoBoolean.java,LogicBooleanGameFunctions,obf-direct,com.corrodinggames.rts.game.units.custom.logicBooleans.LogicBooleanGameFunctions$AmmoBoolean,jar-ok
com/corrodinggames/rts/game/units/custom/logicBooleans/LogicBooleanGameFunctions$AmmoIncludingQueuedBoolean.java,LogicBooleanGameFunctions,obf-direct,com.corrodinggames.rts.game.units.custom.logicBooleans.LogicBooleanGameFunctions$AmmoIncludingQueuedBoolean,jar-ok
com/corrodinggames/rts/game/units/custom/logicBooleans/LogicBooleanGameFunctions$BuiltAmountBoolean.java,LogicBooleanGameFunctions,obf-direct,com.corrodinggames.rts.game.units.custom.logicBooleans.LogicBooleanGameFunctions$BuiltAmountBoolean,jar-ok
com/corrodinggames/rts/game/units/custom/logicBooleans/LogicBooleanGameFunctions$CompareUnitsBroken.java,LogicBooleanGameFunctions,obf-direct,com.corrodinggames.rts.game.units.custom.logicBooleans.LogicBooleanGameFunctions$CompareUnitsBroken,jar-ok
com/corrodinggames/rts/game/units/custom/logicBooleans/LogicBooleanGameFunctions$CompletedBoolean.java,LogicBooleanGameFunctions,obf-direct,com.corrodinggames.rts.game.units.custom.logicBooleans.LogicBooleanGameFunctions$CompletedBoolean,jar-ok
com/corrodinggames/rts/game/units/custom/logicBooleans/LogicBooleanGameFunctions$CustomTimerBoolean.java,LogicBooleanGameFunctions,obf-direct,com.corrodinggames.rts.game.units.custom.logicBooleans.LogicBooleanGameFunctions$CustomTimerBoolean,jar-ok
com/corrodinggames/rts/game/units/custom/logicBooleans/LogicBooleanGameFunctions$EnergyBoolean.java,LogicBooleanGameFunctions,obf-direct,com.corrodinggames.rts.game.units.custom.logicBooleans.LogicBooleanGameFunctions$EnergyBoolean,jar-ok
com/corrodinggames/rts/game/units/custom/logicBooleans/LogicBooleanGameFunctions$EnergyIncludingQueuedBoolean.java,LogicBooleanGameFunctions,obf-direct,com.corrodinggames.rts.game.units.custom.logicBooleans.LogicBooleanGameFunctions$EnergyIncludingQueuedBoolean,jar-ok
com/corrodinggames/rts/game/units/custom/logicBooleans/LogicBooleanGameFunctions$EventTagsBoolean.java,LogicBooleanGameFunctions,obf-direct,com.corrodinggames.rts.game.units.custom.logicBooleans.LogicBooleanGameFunctions$EventTagsBoolean,jar-ok
com/corrodinggames/rts/game/units/custom/logicBooleans/LogicBooleanGameFunctions$GameMapHeightBoolean.java,LogicBooleanGameFunctions,obf-direct,com.corrodinggames.rts.game.units.custom.logicBooleans.LogicBooleanGameFunctions$GameMapHeightBoolean,jar-ok
com/corrodinggames/rts/game/units/custom/logicBooleans/LogicBooleanGameFunctions$GameMapWidthBoolean.java,LogicBooleanGameFunctions,obf-direct,com.corrodinggames.rts.game.units.custom.logicBooleans.LogicBooleanGameFunctions$GameMapWidthBoolean,jar-ok
com/corrodinggames/rts/game/units/custom/logicBooleans/LogicBooleanGameFunctions$GameModeBoolean.java,LogicBooleanGameFunctions,obf-direct,com.corrodinggames.rts.game.units.custom.logicBooleans.LogicBooleanGameFunctions$GameModeBoolean,jar-ok
com/corrodinggames/rts/game/units/custom/logicBooleans/LogicBooleanGameFunctions$HasActiveWaypoint.java,LogicBooleanGameFunctions,obf-direct,com.corrodinggames.rts.game.units.custom.logicBooleans.LogicBooleanGameFunctions$HasActiveWaypoint,jar-ok
com/corrodinggames/rts/game/units/custom/logicBooleans/LogicBooleanGameFunctions$HasFlagBoolean.java,LogicBooleanGameFunctions,obf-direct,com.corrodinggames.rts.game.units.custom.logicBooleans.LogicBooleanGameFunctions$HasFlagBoolean,jar-ok
com/corrodinggames/rts/game/units/custom/logicBooleans/LogicBooleanGameFunctions$HasFlagDynamicBoolean.java,LogicBooleanGameFunctions,obf-direct,com.corrodinggames.rts.game.units.custom.logicBooleans.LogicBooleanGameFunctions$HasFlagDynamicBoolean,jar-ok
com/corrodinggames/rts/game/units/custom/logicBooleans/LogicBooleanGameFunctions$HasParent.java,LogicBooleanGameFunctions,obf-direct,com.corrodinggames.rts.game.units.custom.logicBooleans.LogicBooleanGameFunctions$HasParent,jar-ok
com/corrodinggames/rts/game/units/custom/logicBooleans/LogicBooleanGameFunctions$HasResourcesBoolean.java,LogicBooleanGameFunctions,obf-direct,com.corrodinggames.rts.game.units.custom.logicBooleans.LogicBooleanGameFunctions$HasResourcesBoolean,jar-ok
com/corrodinggames/rts/game/units/custom/logicBooleans/LogicBooleanGameFunctions$HasTakenDamage.java,LogicBooleanGameFunctions,obf-direct,com.corrodinggames.rts.game.units.custom.logicBooleans.LogicBooleanGameFunctions$HasTakenDamage,jar-ok
com/corrodinggames/rts/game/units/custom/logicBooleans/LogicBooleanGameFunctions$HeightBoolean.java,LogicBooleanGameFunctions,obf-direct,com.corrodinggames.rts.game.units.custom.logicBooleans.LogicBooleanGameFunctions$HeightBoolean,jar-ok
com/corrodinggames/rts/game/units/custom/logicBooleans/LogicBooleanGameFunctions$HeightValueBoolean.java,LogicBooleanGameFunctions,obf-direct,com.corrodinggames.rts.game.units.custom.logicBooleans.LogicBooleanGameFunctions$HeightValueBoolean,jar-ok
com/corrodinggames/rts/game/units/custom/logicBooleans/LogicBooleanGameFunctions$HpBoolean.java,LogicBooleanGameFunctions,obf-direct,com.corrodinggames.rts.game.units.custom.logicBooleans.LogicBooleanGameFunctions$HpBoolean,jar-ok
com/corrodinggames/rts/game/units/custom/logicBooleans/LogicBooleanGameFunctions$InMapBoolean.java,LogicBooleanGameFunctions,obf-direct,com.corrodinggames.rts.game.units.custom.logicBooleans.LogicBooleanGameFunctions$InMapBoolean,jar-ok
com/corrodinggames/rts/game/units/custom/logicBooleans/LogicBooleanGameFunctions$IsAttackingBoolean.java,LogicBooleanGameFunctions,obf-direct,com.corrodinggames.rts.game.units.custom.logicBooleans.LogicBooleanGameFunctions$IsAttackingBoolean,jar-ok
com/corrodinggames/rts/game/units/custom/logicBooleans/LogicBooleanGameFunctions$IsControlledByAI.java,LogicBooleanGameFunctions,obf-direct,com.corrodinggames.rts.game.units.custom.logicBooleans.LogicBooleanGameFunctions$IsControlledByAI,jar-ok
com/corrodinggames/rts/game/units/custom/logicBooleans/LogicBooleanGameFunctions$isDead.java,LogicBooleanGameFunctions,obf-direct,com.corrodinggames.rts.game.units.custom.logicBooleans.LogicBooleanGameFunctions$isDead,jar-ok
com/corrodinggames/rts/game/units/custom/logicBooleans/LogicBooleanGameFunctions$isEnergyRechargingBoolean.java,LogicBooleanGameFunctions,obf-direct,com.corrodinggames.rts.game.units.custom.logicBooleans.LogicBooleanGameFunctions$isEnergyRechargingBoolean,jar-ok
com/corrodinggames/rts/game/units/custom/logicBooleans/LogicBooleanGameFunctions$IsGameFrameBoolean.java,LogicBooleanGameFunctions,obf-direct,com.corrodinggames.rts.game.units.custom.logicBooleans.LogicBooleanGameFunctions$IsGameFrameBoolean,jar-ok
com/corrodinggames/rts/game/units/custom/logicBooleans/LogicBooleanGameFunctions$IsOnTeam.java,LogicBooleanGameFunctions,obf-direct,com.corrodinggames.rts.game.units.custom.logicBooleans.LogicBooleanGameFunctions$IsOnTeam,jar-ok
com/corrodinggames/rts/game/units/custom/logicBooleans/LogicBooleanGameFunctions$IsResourceLargerThan.java,LogicBooleanGameFunctions,obf-direct,com.corrodinggames.rts.game.units.custom.logicBooleans.LogicBooleanGameFunctions$IsResourceLargerThan,jar-ok
com/corrodinggames/rts/game/units/custom/logicBooleans/LogicBooleanGameFunctions$IsReversingBoolean.java,LogicBooleanGameFunctions,obf-direct,com.corrodinggames.rts.game.units.custom.logicBooleans.LogicBooleanGameFunctions$IsReversingBoolean,jar-ok
com/corrodinggames/rts/game/units/custom/logicBooleans/LogicBooleanGameFunctions$isTransportUnloading.java,LogicBooleanGameFunctions,obf-direct,com.corrodinggames.rts.game.units.custom.logicBooleans.LogicBooleanGameFunctions$isTransportUnloading,jar-ok
com/corrodinggames/rts/game/units/custom/logicBooleans/LogicBooleanGameFunctions$KillsBoolean.java,LogicBooleanGameFunctions,obf-direct,com.corrodinggames.rts.game.units.custom.logicBooleans.LogicBooleanGameFunctions$KillsBoolean,jar-ok
com/corrodinggames/rts/game/units/custom/logicBooleans/LogicBooleanGameFunctions$LastConvertedBoolean.java,LogicBooleanGameFunctions,obf-direct,com.corrodinggames.rts.game.units.custom.logicBooleans.LogicBooleanGameFunctions$LastConvertedBoolean,jar-ok
com/corrodinggames/rts/game/units/custom/logicBooleans/LogicBooleanGameFunctions$MaxEnergyBoolean.java,LogicBooleanGameFunctions,obf-direct,com.corrodinggames.rts.game.units.custom.logicBooleans.LogicBooleanGameFunctions$MaxEnergyBoolean,jar-ok
com/corrodinggames/rts/game/units/custom/logicBooleans/LogicBooleanGameFunctions$MaxHpBoolean.java,LogicBooleanGameFunctions,obf-direct,com.corrodinggames.rts.game.units.custom.logicBooleans.LogicBooleanGameFunctions$MaxHpBoolean,jar-ok
com/corrodinggames/rts/game/units/custom/logicBooleans/LogicBooleanGameFunctions$MaxMoveSpeedBoolean.java,LogicBooleanGameFunctions,obf-direct,com.corrodinggames.rts.game.units.custom.logicBooleans.LogicBooleanGameFunctions$MaxMoveSpeedBoolean,jar-ok
com/corrodinggames/rts/game/units/custom/logicBooleans/LogicBooleanGameFunctions$MaxShieldBoolean.java,LogicBooleanGameFunctions,obf-direct,com.corrodinggames.rts.game.units.custom.logicBooleans.LogicBooleanGameFunctions$MaxShieldBoolean,jar-ok
com/corrodinggames/rts/game/units/custom/logicBooleans/LogicBooleanGameFunctions$MovingBoolean.java,LogicBooleanGameFunctions,obf-direct,com.corrodinggames.rts.game.units.custom.logicBooleans.LogicBooleanGameFunctions$MovingBoolean,jar-ok
com/corrodinggames/rts/game/units/custom/logicBooleans/LogicBooleanGameFunctions$NumberOfAttachedUnitsBoolean.java,LogicBooleanGameFunctions,obf-direct,com.corrodinggames.rts.game.units.custom.logicBooleans.LogicBooleanGameFunctions$NumberOfAttachedUnitsBoolean,jar-ok
com/corrodinggames/rts/game/units/custom/logicBooleans/LogicBooleanGameFunctions$NumberOfConnectionsBoolean.java,LogicBooleanGameFunctions,obf-direct,com.corrodinggames.rts.game.units.custom.logicBooleans.LogicBooleanGameFunctions$NumberOfConnectionsBoolean,jar-ok
com/corrodinggames/rts/game/units/custom/logicBooleans/LogicBooleanGameFunctions$NumberOfQueuedWaypoints.java,LogicBooleanGameFunctions,obf-direct,com.corrodinggames.rts.game.units.custom.logicBooleans.LogicBooleanGameFunctions$NumberOfQueuedWaypoints,jar-ok
com/corrodinggames/rts/game/units/custom/logicBooleans/LogicBooleanGameFunctions$NumberOfUnitsInEnemyOrAllyTeam$HandleCallbackCountAlly.java,LogicBooleanGameFunctions,obf-direct,com.corrodinggames.rts.game.units.custom.logicBooleans.LogicBooleanGameFunctions$NumberOfUnitsInEnemyOrAllyTeam$HandleCallbackCountAlly,jar-ok
com/corrodinggames/rts/game/units/custom/logicBooleans/LogicBooleanGameFunctions$NumberOfUnitsInEnemyOrAllyTeam$HandleCallbackCountEnemies.java,LogicBooleanGameFunctions,obf-direct,com.corrodinggames.rts.game.units.custom.logicBooleans.LogicBooleanGameFunctions$NumberOfUnitsInEnemyOrAllyTeam$HandleCallbackCountEnemies,jar-ok
com/corrodinggames/rts/game/units/custom/logicBooleans/LogicBooleanGameFunctions$NumberOfUnitsInEnemyOrAllyTeam.java,LogicBooleanGameFunctions,obf-direct,com.corrodinggames.rts.game.units.custom.logicBooleans.LogicBooleanGameFunctions$NumberOfUnitsInEnemyOrAllyTeam,jar-ok
com/corrodinggames/rts/game/units/custom/logicBooleans/LogicBooleanGameFunctions$NumberOfUnitsInTeam$HandleCallbackCount.java,LogicBooleanGameFunctions,obf-direct,com.corrodinggames.rts.game.units.custom.logicBooleans.LogicBooleanGameFunctions$NumberOfUnitsInTeam$HandleCallbackCount,jar-ok
com/corrodinggames/rts/game/units/custom/logicBooleans/LogicBooleanGameFunctions$NumberOfUnitsInTeam.java,LogicBooleanGameFunctions,obf-direct,com.corrodinggames.rts.game.units.custom.logicBooleans.LogicBooleanGameFunctions$NumberOfUnitsInTeam,jar-ok
com/corrodinggames/rts/game/units/custom/logicBooleans/LogicBooleanGameFunctions$OverCliftBoolean.java,LogicBooleanGameFunctions,obf-direct,com.corrodinggames.rts.game.units.custom.logicBooleans.LogicBooleanGameFunctions$OverCliftBoolean,jar-ok
com/corrodinggames/rts/game/units/custom/logicBooleans/LogicBooleanGameFunctions$OverLiquidBoolean.java,LogicBooleanGameFunctions,obf-direct,com.corrodinggames.rts.game.units.custom.logicBooleans.LogicBooleanGameFunctions$OverLiquidBoolean,jar-ok
com/corrodinggames/rts/game/units/custom/logicBooleans/LogicBooleanGameFunctions$OverPassableTileBoolean.java,LogicBooleanGameFunctions,obf-direct,com.corrodinggames.rts.game.units.custom.logicBooleans.LogicBooleanGameFunctions$OverPassableTileBoolean,jar-ok
com/corrodinggames/rts/game/units/custom/logicBooleans/LogicBooleanGameFunctions$OverWaterBoolean.java,LogicBooleanGameFunctions,obf-direct,com.corrodinggames.rts.game.units.custom.logicBooleans.LogicBooleanGameFunctions$OverWaterBoolean,jar-ok
com/corrodinggames/rts/game/units/custom/logicBooleans/LogicBooleanGameFunctions$PositionXBoolean.java,LogicBooleanGameFunctions,obf-direct,com.corrodinggames.rts.game.units.custom.logicBooleans.LogicBooleanGameFunctions$PositionXBoolean,jar-ok
com/corrodinggames/rts/game/units/custom/logicBooleans/LogicBooleanGameFunctions$PositionYBoolean.java,LogicBooleanGameFunctions,obf-direct,com.corrodinggames.rts.game.units.custom.logicBooleans.LogicBooleanGameFunctions$PositionYBoolean,jar-ok
com/corrodinggames/rts/game/units/custom/logicBooleans/LogicBooleanGameFunctions$PriceCreditsBoolean.java,LogicBooleanGameFunctions,obf-direct,com.corrodinggames.rts.game.units.custom.logicBooleans.LogicBooleanGameFunctions$PriceCreditsBoolean,jar-ok
com/corrodinggames/rts/game/units/custom/logicBooleans/LogicBooleanGameFunctions$QueueSize.java,LogicBooleanGameFunctions,obf-direct,com.corrodinggames.rts.game.units.custom.logicBooleans.LogicBooleanGameFunctions$QueueSize,jar-ok
com/corrodinggames/rts/game/units/custom/logicBooleans/LogicBooleanGameFunctions$ResourceCountBoolean.java,LogicBooleanGameFunctions,obf-direct,com.corrodinggames.rts.game.units.custom.logicBooleans.LogicBooleanGameFunctions$ResourceCountBoolean,jar-ok
com/corrodinggames/rts/game/units/custom/logicBooleans/LogicBooleanGameFunctions$ResourceScope.java,LogicBooleanGameFunctions,obf-direct,com.corrodinggames.rts.game.units.custom.logicBooleans.LogicBooleanGameFunctions$ResourceScope,jar-ok
com/corrodinggames/rts/game/units/custom/logicBooleans/LogicBooleanGameFunctions$RotationBoolean.java,LogicBooleanGameFunctions,obf-direct,com.corrodinggames.rts.game.units.custom.logicBooleans.LogicBooleanGameFunctions$RotationBoolean,jar-ok
com/corrodinggames/rts/game/units/custom/logicBooleans/LogicBooleanGameFunctions$ShieldBoolean.java,LogicBooleanGameFunctions,obf-direct,com.corrodinggames.rts.game.units.custom.logicBooleans.LogicBooleanGameFunctions$ShieldBoolean,jar-ok
com/corrodinggames/rts/game/units/custom/logicBooleans/LogicBooleanGameFunctions$SpeedBoolean.java,LogicBooleanGameFunctions,obf-direct,com.corrodinggames.rts.game.units.custom.logicBooleans.LogicBooleanGameFunctions$SpeedBoolean,jar-ok
com/corrodinggames/rts/game/units/custom/logicBooleans/LogicBooleanGameFunctions$SpeedValueBoolean.java,LogicBooleanGameFunctions,obf-direct,com.corrodinggames.rts.game.units.custom.logicBooleans.LogicBooleanGameFunctions$SpeedValueBoolean,jar-ok
com/corrodinggames/rts/game/units/custom/logicBooleans/LogicBooleanGameFunctions$TagsBoolean.java,LogicBooleanGameFunctions,obf-direct,com.corrodinggames.rts.game.units.custom.logicBooleans.LogicBooleanGameFunctions$TagsBoolean,jar-ok
com/corrodinggames/rts/game/units/custom/logicBooleans/LogicBooleanGameFunctions$TeamDefeatedTechBoolean.java,LogicBooleanGameFunctions,obf-direct,com.corrodinggames.rts.game.units.custom.logicBooleans.LogicBooleanGameFunctions$TeamDefeatedTechBoolean,jar-ok
com/corrodinggames/rts/game/units/custom/logicBooleans/LogicBooleanGameFunctions$TeamIdBoolean.java,LogicBooleanGameFunctions,obf-direct,com.corrodinggames.rts.game.units.custom.logicBooleans.LogicBooleanGameFunctions$TeamIdBoolean,jar-ok
com/corrodinggames/rts/game/units/custom/logicBooleans/LogicBooleanGameFunctions$TeamTagBoolean.java,LogicBooleanGameFunctions,obf-direct,com.corrodinggames.rts.game.units.custom.logicBooleans.LogicBooleanGameFunctions$TeamTagBoolean,jar-ok
com/corrodinggames/rts/game/units/custom/logicBooleans/LogicBooleanGameFunctions$TeamVictoryBoolean.java,LogicBooleanGameFunctions,obf-direct,com.corrodinggames.rts.game.units.custom.logicBooleans.LogicBooleanGameFunctions$TeamVictoryBoolean,jar-ok
com/corrodinggames/rts/game/units/custom/logicBooleans/LogicBooleanGameFunctions$TeamWipedOutBoolean.java,LogicBooleanGameFunctions,obf-direct,com.corrodinggames.rts.game.units.custom.logicBooleans.LogicBooleanGameFunctions$TeamWipedOutBoolean,jar-ok
com/corrodinggames/rts/game/units/custom/logicBooleans/LogicBooleanGameFunctions$ThisActionRepeatedCount.java,LogicBooleanGameFunctions,obf-direct,com.corrodinggames.rts.game.units.custom.logicBooleans.LogicBooleanGameFunctions$ThisActionRepeatedCount,jar-ok
com/corrodinggames/rts/game/units/custom/logicBooleans/LogicBooleanGameFunctions$TimeAliveBoolean.java,LogicBooleanGameFunctions,obf-direct,com.corrodinggames.rts.game.units.custom.logicBooleans.LogicBooleanGameFunctions$TimeAliveBoolean,jar-ok
com/corrodinggames/rts/game/units/custom/logicBooleans/LogicBooleanGameFunctions$TouchWaterBoolean.java,LogicBooleanGameFunctions,obf-direct,com.corrodinggames.rts.game.units.custom.logicBooleans.LogicBooleanGameFunctions$TouchWaterBoolean,jar-ok
com/corrodinggames/rts/game/units/custom/logicBooleans/LogicBooleanGameFunctions$TransportingCountBoolean.java,LogicBooleanGameFunctions,obf-direct,com.corrodinggames.rts.game.units.custom.logicBooleans.LogicBooleanGameFunctions$TransportingCountBoolean,jar-ok
com/corrodinggames/rts/game/units/custom/logicBooleans/LogicBooleanGameFunctions$TransportingUnitWithTagsBoolean.java,LogicBooleanGameFunctions,obf-direct,com.corrodinggames.rts.game.units.custom.logicBooleans.LogicBooleanGameFunctions$TransportingUnitWithTagsBoolean,jar-ok
com/corrodinggames/rts/game/units/custom/logicBooleans/LogicBooleanGameFunctions$UnitIdBoolean.java,LogicBooleanGameFunctions,obf-direct,com.corrodinggames.rts.game.units.custom.logicBooleans.LogicBooleanGameFunctions$UnitIdBoolean,jar-ok
com/corrodinggames/rts/game/units/custom/logicBooleans/LogicBooleanGameFunctions.java,LogicBooleanGameFunctions,obf-direct,com.corrodinggames.rts.game.units.custom.logicBooleans.LogicBooleanGameFunctions,jar-ok
com/corrodinggames/rts/game/units/custom/logicBooleans/LogicBooleanLoader$ArrayContextReader$ArrayContains.java,LogicBooleanLoader,obf-direct,com.corrodinggames.rts.game.units.custom.logicBooleans.LogicBooleanLoader$ArrayContextReader$ArrayContains,jar-ok
com/corrodinggames/rts/game/units/custom/logicBooleans/LogicBooleanLoader$ArrayContextReader$ArrayFunction.java,LogicBooleanLoader,obf-direct,com.corrodinggames.rts.game.units.custom.logicBooleans.LogicBooleanLoader$ArrayContextReader$ArrayFunction,jar-ok
com/corrodinggames/rts/game/units/custom/logicBooleans/LogicBooleanLoader$ArrayContextReader$ArrayGet.java,LogicBooleanLoader,obf-direct,com.corrodinggames.rts.game.units.custom.logicBooleans.LogicBooleanLoader$ArrayContextReader$ArrayGet,jar-ok
com/corrodinggames/rts/game/units/custom/logicBooleans/LogicBooleanLoader$ArrayContextReader$ArrayGetUnit.java,LogicBooleanLoader,obf-direct,com.corrodinggames.rts.game.units.custom.logicBooleans.LogicBooleanLoader$ArrayContextReader$ArrayGetUnit,jar-ok
com/corrodinggames/rts/game/units/custom/logicBooleans/LogicBooleanLoader$ArrayContextReader$ArraySize.java,LogicBooleanLoader,obf-direct,com.corrodinggames.rts.game.units.custom.logicBooleans.LogicBooleanLoader$ArrayContextReader$ArraySize,jar-ok
com/corrodinggames/rts/game/units/custom/logicBooleans/LogicBooleanLoader$ArrayContextReader.java,LogicBooleanLoader,obf-direct,com.corrodinggames.rts.game.units.custom.logicBooleans.LogicBooleanLoader$ArrayContextReader,jar-ok
com/corrodinggames/rts/game/units/custom/logicBooleans/LogicBooleanLoader$DefaultContextReader.java,LogicBooleanLoader,obf-direct,com.corrodinggames.rts.game.units.custom.logicBooleans.LogicBooleanLoader$DefaultContextReader,jar-ok
com/corrodinggames/rts/game/units/custom/logicBooleans/LogicBooleanLoader$LogicBooleanContext.java,LogicBooleanLoader,obf-direct,com.corrodinggames.rts.game.units.custom.logicBooleans.LogicBooleanLoader$LogicBooleanContext,jar-ok
com/corrodinggames/rts/game/units/custom/logicBooleans/LogicBooleanLoader$LogicBooleanContextWithDefault.java,LogicBooleanLoader,obf-direct,com.corrodinggames.rts.game.units.custom.logicBooleans.LogicBooleanLoader$LogicBooleanContextWithDefault,jar-ok
com/corrodinggames/rts/game/units/custom/logicBooleans/LogicBooleanLoader$LogicBooleanScopeOnly.java,LogicBooleanLoader,obf-direct,com.corrodinggames.rts.game.units.custom.logicBooleans.LogicBooleanLoader$LogicBooleanScopeOnly,jar-ok
com/corrodinggames/rts/game/units/custom/logicBooleans/LogicBooleanLoader$ParameterMapping$FieldOrMethod.java,LogicBooleanLoader,obf-direct,com.corrodinggames.rts.game.units.custom.logicBooleans.LogicBooleanLoader$ParameterMapping$FieldOrMethod,jar-ok
com/corrodinggames/rts/game/units/custom/logicBooleans/LogicBooleanLoader$ParameterMapping.java,LogicBooleanLoader,obf-direct,com.corrodinggames.rts.game.units.custom.logicBooleans.LogicBooleanLoader$ParameterMapping,jar-ok
com/corrodinggames/rts/game/units/custom/logicBooleans/LogicBooleanLoader$VoidContextReader.java,LogicBooleanLoader,obf-direct,com.corrodinggames.rts.game.units.custom.logicBooleans.LogicBooleanLoader$VoidContextReader,jar-ok
com/corrodinggames/rts/game/units/custom/logicBooleans/LogicBooleanLoader.java,LogicBooleanLoader,obf-direct,com.corrodinggames.rts.game.units.custom.logicBooleans.LogicBooleanLoader,jar-ok
com/corrodinggames/rts/game/units/custom/logicBooleans/LogicNumberFunction$CreateMarker.java,LogicNumberFunction,obf-direct,com.corrodinggames.rts.game.units.custom.logicBooleans.LogicNumberFunction$CreateMarker,jar-ok
com/corrodinggames/rts/game/units/custom/logicBooleans/LogicNumberFunction$FunctionCos.java,LogicNumberFunction,obf-direct,com.corrodinggames.rts.game.units.custom.logicBooleans.LogicNumberFunction$FunctionCos,jar-ok
com/corrodinggames/rts/game/units/custom/logicBooleans/LogicNumberFunction$FunctionDirection.java,LogicNumberFunction,obf-direct,com.corrodinggames.rts.game.units.custom.logicBooleans.LogicNumberFunction$FunctionDirection,jar-ok
com/corrodinggames/rts/game/units/custom/logicBooleans/LogicNumberFunction$FunctionDirectionBetween.java,LogicNumberFunction,obf-direct,com.corrodinggames.rts.game.units.custom.logicBooleans.LogicNumberFunction$FunctionDirectionBetween,jar-ok
com/corrodinggames/rts/game/units/custom/logicBooleans/LogicNumberFunction$FunctionDistance.java,LogicNumberFunction,obf-direct,com.corrodinggames.rts.game.units.custom.logicBooleans.LogicNumberFunction$FunctionDistance,jar-ok
com/corrodinggames/rts/game/units/custom/logicBooleans/LogicNumberFunction$FunctionDistanceBetween.java,LogicNumberFunction,obf-direct,com.corrodinggames.rts.game.units.custom.logicBooleans.LogicNumberFunction$FunctionDistanceBetween,jar-ok
com/corrodinggames/rts/game/units/custom/logicBooleans/LogicNumberFunction$FunctionDistanceBetweenSquared.java,LogicNumberFunction,obf-direct,com.corrodinggames.rts.game.units.custom.logicBooleans.LogicNumberFunction$FunctionDistanceBetweenSquared,jar-ok
com/corrodinggames/rts/game/units/custom/logicBooleans/LogicNumberFunction$FunctionDistanceSquared.java,LogicNumberFunction,obf-direct,com.corrodinggames.rts.game.units.custom.logicBooleans.LogicNumberFunction$FunctionDistanceSquared,jar-ok
com/corrodinggames/rts/game/units/custom/logicBooleans/LogicNumberFunction$FunctionInt.java,LogicNumberFunction,obf-direct,com.corrodinggames.rts.game.units.custom.logicBooleans.LogicNumberFunction$FunctionInt,jar-ok
com/corrodinggames/rts/game/units/custom/logicBooleans/LogicNumberFunction$FunctionLength.java,LogicNumberFunction,obf-direct,com.corrodinggames.rts.game.units.custom.logicBooleans.LogicNumberFunction$FunctionLength,jar-ok
com/corrodinggames/rts/game/units/custom/logicBooleans/LogicNumberFunction$FunctionMax.java,LogicNumberFunction,obf-direct,com.corrodinggames.rts.game.units.custom.logicBooleans.LogicNumberFunction$FunctionMax,jar-ok
com/corrodinggames/rts/game/units/custom/logicBooleans/LogicNumberFunction$FunctionMin.java,LogicNumberFunction,obf-direct,com.corrodinggames.rts.game.units.custom.logicBooleans.LogicNumberFunction$FunctionMin,jar-ok
com/corrodinggames/rts/game/units/custom/logicBooleans/LogicNumberFunction$FunctionRnd.java,LogicNumberFunction,obf-direct,com.corrodinggames.rts.game.units.custom.logicBooleans.LogicNumberFunction$FunctionRnd,jar-ok
com/corrodinggames/rts/game/units/custom/logicBooleans/LogicNumberFunction$FunctionSin.java,LogicNumberFunction,obf-direct,com.corrodinggames.rts.game.units.custom.logicBooleans.LogicNumberFunction$FunctionSin,jar-ok
com/corrodinggames/rts/game/units/custom/logicBooleans/LogicNumberFunction$FunctionSquareRoot.java,LogicNumberFunction,obf-direct,com.corrodinggames.rts.game.units.custom.logicBooleans.LogicNumberFunction$FunctionSquareRoot,jar-ok
com/corrodinggames/rts/game/units/custom/logicBooleans/LogicNumberFunction$LogicNumberFunctionRawArgs.java,LogicNumberFunction,obf-direct,com.corrodinggames.rts.game.units.custom.logicBooleans.LogicNumberFunction$LogicNumberFunctionRawArgs,jar-ok
com/corrodinggames/rts/game/units/custom/logicBooleans/LogicNumberFunction.java,LogicNumberFunction,obf-direct,com.corrodinggames.rts.game.units.custom.logicBooleans.LogicNumberFunction,jar-ok
com/corrodinggames/rts/game/units/custom/logicBooleans/LogicString$Debug.java,LogicString,obf-direct,com.corrodinggames.rts.game.units.custom.logicBooleans.LogicString$Debug,jar-ok
com/corrodinggames/rts/game/units/custom/logicBooleans/LogicString$DebugPassthrough.java,LogicString,obf-direct,com.corrodinggames.rts.game.units.custom.logicBooleans.LogicString$DebugPassthrough,jar-ok
com/corrodinggames/rts/game/units/custom/logicBooleans/LogicString$LowerString.java,LogicString,obf-direct,com.corrodinggames.rts.game.units.custom.logicBooleans.LogicString$LowerString,jar-ok
com/corrodinggames/rts/game/units/custom/logicBooleans/LogicString$Playername.java,LogicString,obf-direct,com.corrodinggames.rts.game.units.custom.logicBooleans.LogicString$Playername,jar-ok
com/corrodinggames/rts/game/units/custom/logicBooleans/LogicString$Select.java,LogicString,obf-direct,com.corrodinggames.rts.game.units.custom.logicBooleans.LogicString$Select,jar-ok
com/corrodinggames/rts/game/units/custom/logicBooleans/LogicString$StaticString.java,LogicString,obf-direct,com.corrodinggames.rts.game.units.custom.logicBooleans.LogicString$StaticString,jar-ok
com/corrodinggames/rts/game/units/custom/logicBooleans/LogicString$StringCast$NumberToStringCast.java,LogicString,obf-direct,com.corrodinggames.rts.game.units.custom.logicBooleans.LogicString$StringCast$NumberToStringCast,jar-ok
com/corrodinggames/rts/game/units/custom/logicBooleans/LogicString$StringCast.java,LogicString,obf-direct,com.corrodinggames.rts.game.units.custom.logicBooleans.LogicString$StringCast,jar-ok
com/corrodinggames/rts/game/units/custom/logicBooleans/LogicString$Substring.java,LogicString,obf-direct,com.corrodinggames.rts.game.units.custom.logicBooleans.LogicString$Substring,jar-ok
com/corrodinggames/rts/game/units/custom/logicBooleans/LogicString$TeamName.java,LogicString,obf-direct,com.corrodinggames.rts.game.units.custom.logicBooleans.LogicString$TeamName,jar-ok
com/corrodinggames/rts/game/units/custom/logicBooleans/LogicString$UpperString.java,LogicString,obf-direct,com.corrodinggames.rts.game.units.custom.logicBooleans.LogicString$UpperString,jar-ok
com/corrodinggames/rts/game/units/custom/logicBooleans/LogicString$WrappingLogicString.java,LogicString,obf-direct,com.corrodinggames.rts.game.units.custom.logicBooleans.LogicString$WrappingLogicString,jar-ok
com/corrodinggames/rts/game/units/custom/logicBooleans/LogicString.java,LogicString,obf-direct,com.corrodinggames.rts.game.units.custom.logicBooleans.LogicString,jar-ok
com/corrodinggames/rts/game/units/custom/logicBooleans/UnitReference$ActiveWaypointTargetReference.java,UnitReference,obf-direct,com.corrodinggames.rts.game.units.custom.logicBooleans.UnitReference$ActiveWaypointTargetReference,jar-ok
com/corrodinggames/rts/game/units/custom/logicBooleans/UnitReference$AttachmentUnitReference.java,UnitReference,obf-direct,com.corrodinggames.rts.game.units.custom.logicBooleans.UnitReference$AttachmentUnitReference,jar-ok
com/corrodinggames/rts/game/units/custom/logicBooleans/UnitReference$AttackingReference.java,UnitReference,obf-direct,com.corrodinggames.rts.game.units.custom.logicBooleans.UnitReference$AttackingReference,jar-ok
com/corrodinggames/rts/game/units/custom/logicBooleans/UnitReference$ChainedUnitReference.java,UnitReference,obf-direct,com.corrodinggames.rts.game.units.custom.logicBooleans.UnitReference$ChainedUnitReference,jar-ok
com/corrodinggames/rts/game/units/custom/logicBooleans/UnitReference$EventSourceReference.java,UnitReference,obf-direct,com.corrodinggames.rts.game.units.custom.logicBooleans.UnitReference$EventSourceReference,jar-ok
com/corrodinggames/rts/game/units/custom/logicBooleans/UnitReference$FirstUnitReference.java,UnitReference,obf-direct,com.corrodinggames.rts.game.units.custom.logicBooleans.UnitReference$FirstUnitReference,jar-ok
com/corrodinggames/rts/game/units/custom/logicBooleans/UnitReference$GetAsMarker.java,UnitReference,obf-direct,com.corrodinggames.rts.game.units.custom.logicBooleans.UnitReference$GetAsMarker,jar-ok
com/corrodinggames/rts/game/units/custom/logicBooleans/UnitReference$GetOffsetAbsolute.java,UnitReference,obf-direct,com.corrodinggames.rts.game.units.custom.logicBooleans.UnitReference$GetOffsetAbsolute,jar-ok
com/corrodinggames/rts/game/units/custom/logicBooleans/UnitReference$GetOffsetRelative.java,UnitReference,obf-direct,com.corrodinggames.rts.game.units.custom.logicBooleans.UnitReference$GetOffsetRelative,jar-ok
com/corrodinggames/rts/game/units/custom/logicBooleans/UnitReference$GetOffsetRelativeStatic.java,UnitReference,obf-direct,com.corrodinggames.rts.game.units.custom.logicBooleans.UnitReference$GetOffsetRelativeStatic,jar-ok
com/corrodinggames/rts/game/units/custom/logicBooleans/UnitReference$LastDamagedByUnitReference.java,UnitReference,obf-direct,com.corrodinggames.rts.game.units.custom.logicBooleans.UnitReference$LastDamagedByUnitReference,jar-ok
com/corrodinggames/rts/game/units/custom/logicBooleans/UnitReference$LockedUnitReference.java,UnitReference,obf-direct,com.corrodinggames.rts.game.units.custom.logicBooleans.UnitReference$LockedUnitReference,jar-ok
com/corrodinggames/rts/game/units/custom/logicBooleans/UnitReference$Memory1UnitReference.java,UnitReference,obf-direct,com.corrodinggames.rts.game.units.custom.logicBooleans.UnitReference$Memory1UnitReference,jar-ok
com/corrodinggames/rts/game/units/custom/logicBooleans/UnitReference$Memory2UnitReference.java,UnitReference,obf-direct,com.corrodinggames.rts.game.units.custom.logicBooleans.UnitReference$Memory2UnitReference,jar-ok
com/corrodinggames/rts/game/units/custom/logicBooleans/UnitReference$NearestUnitReference$HandleCallbackNearest.java,UnitReference,obf-direct,com.corrodinggames.rts.game.units.custom.logicBooleans.UnitReference$NearestUnitReference$HandleCallbackNearest,jar-ok
com/corrodinggames/rts/game/units/custom/logicBooleans/UnitReference$NearestUnitReference.java,UnitReference,obf-direct,com.corrodinggames.rts.game.units.custom.logicBooleans.UnitReference$NearestUnitReference,jar-ok
com/corrodinggames/rts/game/units/custom/logicBooleans/UnitReference$NullUnitReference.java,UnitReference,obf-direct,com.corrodinggames.rts.game.units.custom.logicBooleans.UnitReference$NullUnitReference,jar-ok
com/corrodinggames/rts/game/units/custom/logicBooleans/UnitReference$ParentUnitReference.java,UnitReference,obf-direct,com.corrodinggames.rts.game.units.custom.logicBooleans.UnitReference$ParentUnitReference,jar-ok
com/corrodinggames/rts/game/units/custom/logicBooleans/UnitReference$PlaceholderUnitReference.java,UnitReference,obf-direct,com.corrodinggames.rts.game.units.custom.logicBooleans.UnitReference$PlaceholderUnitReference,jar-ok
com/corrodinggames/rts/game/units/custom/logicBooleans/UnitReference$SelfUnitReference.java,UnitReference,obf-direct,com.corrodinggames.rts.game.units.custom.logicBooleans.UnitReference$SelfUnitReference,jar-ok
com/corrodinggames/rts/game/units/custom/logicBooleans/UnitReference$ThisActionTargetReference.java,UnitReference,obf-direct,com.corrodinggames.rts.game.units.custom.logicBooleans.UnitReference$ThisActionTargetReference,jar-ok
com/corrodinggames/rts/game/units/custom/logicBooleans/UnitReference$TransportingUnitReference.java,UnitReference,obf-direct,com.corrodinggames.rts.game.units.custom.logicBooleans.UnitReference$TransportingUnitReference,jar-ok
com/corrodinggames/rts/game/units/custom/logicBooleans/UnitReference$UnitContextChangingBooleanByLogic.java,UnitReference,obf-direct,com.corrodinggames.rts.game.units.custom.logicBooleans.UnitReference$UnitContextChangingBooleanByLogic,jar-ok
com/corrodinggames/rts/game/units/custom/logicBooleans/UnitReference$UnitContextChangingContext.java,UnitReference,obf-direct,com.corrodinggames.rts.game.units.custom.logicBooleans.UnitReference$UnitContextChangingContext,jar-ok
com/corrodinggames/rts/game/units/custom/logicBooleans/UnitReference$UnitReferenceOrUnitType.java,UnitReference,obf-direct,com.corrodinggames.rts.game.units.custom.logicBooleans.UnitReference$UnitReferenceOrUnitType,jar-ok
com/corrodinggames/rts/game/units/custom/logicBooleans/UnitReference.java,UnitReference,obf-direct,com.corrodinggames.rts.game.units.custom.logicBooleans.UnitReference,jar-ok
com/corrodinggames/rts/game/units/custom/logicBooleans/VariableScope$AbstractMemoryLogicBoolean.java,VariableScope,obf-direct,com.corrodinggames.rts.game.units.custom.logicBooleans.VariableScope$AbstractMemoryLogicBoolean,jar-ok
com/corrodinggames/rts/game/units/custom/logicBooleans/VariableScope$CachedWriter$Operator.java,VariableScope,obf-direct,com.corrodinggames.rts.game.units.custom.logicBooleans.VariableScope$CachedWriter$Operator,jar-ok
com/corrodinggames/rts/game/units/custom/logicBooleans/VariableScope$CachedWriter$WriterElement.java,VariableScope,obf-direct,com.corrodinggames.rts.game.units.custom.logicBooleans.VariableScope$CachedWriter$WriterElement,jar-ok
com/corrodinggames/rts/game/units/custom/logicBooleans/VariableScope$CachedWriter$WriterFactory.java,VariableScope,obf-direct,com.corrodinggames.rts.game.units.custom.logicBooleans.VariableScope$CachedWriter$WriterFactory,jar-ok
com/corrodinggames/rts/game/units/custom/logicBooleans/VariableScope$CachedWriter.java,VariableScope,obf-direct,com.corrodinggames.rts.game.units.custom.logicBooleans.VariableScope$CachedWriter,jar-ok
com/corrodinggames/rts/game/units/custom/logicBooleans/VariableScope$EmptyVariableScope.java,VariableScope,obf-direct,com.corrodinggames.rts.game.units.custom.logicBooleans.VariableScope$EmptyVariableScope,jar-ok
com/corrodinggames/rts/game/units/custom/logicBooleans/VariableScope$KnownMemoryReadLogicBoolean.java,VariableScope,obf-direct,com.corrodinggames.rts.game.units.custom.logicBooleans.VariableScope$KnownMemoryReadLogicBoolean,jar-ok
com/corrodinggames/rts/game/units/custom/logicBooleans/VariableScope$KnownMemoryScopeLogicBoolean.java,VariableScope,obf-direct,com.corrodinggames.rts.game.units.custom.logicBooleans.VariableScope$KnownMemoryScopeLogicBoolean,jar-ok
com/corrodinggames/rts/game/units/custom/logicBooleans/VariableScope$MemoryNames.java,VariableScope,obf-direct,com.corrodinggames.rts.game.units.custom.logicBooleans.VariableScope$MemoryNames,jar-ok
com/corrodinggames/rts/game/units/custom/logicBooleans/VariableScope$MemoryWriter.java,VariableScope,obf-direct,com.corrodinggames.rts.game.units.custom.logicBooleans.VariableScope$MemoryWriter,jar-ok
com/corrodinggames/rts/game/units/custom/logicBooleans/VariableScope$MemoryWriterFactory$MemoryWriterElement.java,VariableScope,obf-direct,com.corrodinggames.rts.game.units.custom.logicBooleans.VariableScope$MemoryWriterFactory$MemoryWriterElement,jar-ok
com/corrodinggames/rts/game/units/custom/logicBooleans/VariableScope$MemoryWriterFactory$MemoryWriterElementIndex.java,VariableScope,obf-direct,com.corrodinggames.rts.game.units.custom.logicBooleans.VariableScope$MemoryWriterFactory$MemoryWriterElementIndex,jar-ok
com/corrodinggames/rts/game/units/custom/logicBooleans/VariableScope$MemoryWriterFactory.java,VariableScope,obf-direct,com.corrodinggames.rts.game.units.custom.logicBooleans.VariableScope$MemoryWriterFactory,jar-ok
com/corrodinggames/rts/game/units/custom/logicBooleans/VariableScope$ReadEventMemoryLogicBoolean.java,VariableScope,obf-direct,com.corrodinggames.rts.game.units.custom.logicBooleans.VariableScope$ReadEventMemoryLogicBoolean,jar-ok
com/corrodinggames/rts/game/units/custom/logicBooleans/VariableScope$ReadUnitMemoryLogicBoolean.java,VariableScope,obf-direct,com.corrodinggames.rts.game.units.custom.logicBooleans.VariableScope$ReadUnitMemoryLogicBoolean,jar-ok
com/corrodinggames/rts/game/units/custom/logicBooleans/VariableScope$VariableData.java,VariableScope,obf-direct,com.corrodinggames.rts.game.units.custom.logicBooleans.VariableScope$VariableData,jar-ok
com/corrodinggames/rts/game/units/custom/logicBooleans/VariableScope$VariableDataArray.java,VariableScope,obf-direct,com.corrodinggames.rts.game.units.custom.logicBooleans.VariableScope$VariableDataArray,jar-ok
com/corrodinggames/rts/game/units/custom/logicBooleans/VariableScope$VariableDataBoolArray.java,VariableScope,obf-direct,com.corrodinggames.rts.game.units.custom.logicBooleans.VariableScope$VariableDataBoolArray,jar-ok
com/corrodinggames/rts/game/units/custom/logicBooleans/VariableScope$VariableDataBoolean.java,VariableScope,obf-direct,com.corrodinggames.rts.game.units.custom.logicBooleans.VariableScope$VariableDataBoolean,jar-ok
com/corrodinggames/rts/game/units/custom/logicBooleans/VariableScope$VariableDataNull.java,VariableScope,obf-direct,com.corrodinggames.rts.game.units.custom.logicBooleans.VariableScope$VariableDataNull,jar-ok
com/corrodinggames/rts/game/units/custom/logicBooleans/VariableScope$VariableDataNumber.java,VariableScope,obf-direct,com.corrodinggames.rts.game.units.custom.logicBooleans.VariableScope$VariableDataNumber,jar-ok
com/corrodinggames/rts/game/units/custom/logicBooleans/VariableScope$VariableDataNumberArray.java,VariableScope,obf-direct,com.corrodinggames.rts.game.units.custom.logicBooleans.VariableScope$VariableDataNumberArray,jar-ok
com/corrodinggames/rts/game/units/custom/logicBooleans/VariableScope$VariableDataString.java,VariableScope,obf-direct,com.corrodinggames.rts.game.units.custom.logicBooleans.VariableScope$VariableDataString,jar-ok
com/corrodinggames/rts/game/units/custom/logicBooleans/VariableScope$VariableDataUnit.java,VariableScope,obf-direct,com.corrodinggames.rts.game.units.custom.logicBooleans.VariableScope$VariableDataUnit,jar-ok
com/corrodinggames/rts/game/units/custom/logicBooleans/VariableScope$VariableDataUnitArray.java,VariableScope,obf-direct,com.corrodinggames.rts.game.units.custom.logicBooleans.VariableScope$VariableDataUnitArray,jar-ok
com/corrodinggames/rts/game/units/custom/logicBooleans/VariableScope$VariableDefinition.java,VariableScope,obf-direct,com.corrodinggames.rts.game.units.custom.logicBooleans.VariableScope$VariableDefinition,jar-ok
com/corrodinggames/rts/game/units/custom/logicBooleans/VariableScope$VariableMapping.java,VariableScope,obf-direct,com.corrodinggames.rts.game.units.custom.logicBooleans.VariableScope$VariableMapping,jar-ok
com/corrodinggames/rts/game/units/custom/logicBooleans/VariableScope$VariableName.java,VariableScope,obf-direct,com.corrodinggames.rts.game.units.custom.logicBooleans.VariableScope$VariableName,jar-ok
com/corrodinggames/rts/game/units/custom/logicBooleans/VariableScope.java,VariableScope,obf-direct,com.corrodinggames.rts.game.units.custom.logicBooleans.VariableScope,jar-ok
com/corrodinggames/rts/game/units/custom/resources/c.java,c,obf-filename,com.corrodinggames.rts.game.units.custom.resources.c,jar-ok
com/corrodinggames/rts/game/units/custom/resources/CommandSlotBase.java,CommandSlotBase,semantic,com.corrodinggames.rts.game.units.custom.d.a,jar-ok
com/corrodinggames/rts/game/units/custom/resources/CustomActionBase.java,CustomActionBase,semantic,com.corrodinggames.rts.game.units.custom.a.a.a,jar-ok
com/corrodinggames/rts/game/units/custom/resources/d.java,d,obf-filename,com.corrodinggames.rts.game.units.custom.resources.d,jar-ok
com/corrodinggames/rts/game/units/custom/resources/ResourceComponent.java,ResourceComponent,semantic,com.corrodinggames.rts.game.units.custom.d.b,jar-ok
com/corrodinggames/rts/game/units/debug/DataValue$1.java,DataValue,no-map,,
com/corrodinggames/rts/game/units/debug/DataValue$2.java,DataValue,no-map,,
com/corrodinggames/rts/game/units/debug/FactoryAction1.java,FactoryAction1,semantic,com.corrodinggames.rts.game.units.h.a,jar-ok
com/corrodinggames/rts/game/units/debug/FactoryAction2.java,FactoryAction2,semantic,com.corrodinggames.rts.game.units.h.b,jar-ok
com/corrodinggames/rts/game/units/debug/FactoryAction3.java,FactoryAction3,semantic,com.corrodinggames.rts.game.units.h.c,jar-ok
com/corrodinggames/rts/game/units/debug/FactoryAction4.java,FactoryAction4,semantic,com.corrodinggames.rts.game.units.h.d,jar-ok
com/corrodinggames/rts/game/units/debug/FactoryAction5$1.java,FactoryAction5,semantic,com.corrodinggames.rts.game.units.h.e,jar-ok
com/corrodinggames/rts/game/units/debug/FactoryAction5$2.java,FactoryAction5,semantic,com.corrodinggames.rts.game.units.h.e,jar-ok
com/corrodinggames/rts/game/units/debug/FactoryAction5.java,FactoryAction5,semantic,com.corrodinggames.rts.game.units.h.e,jar-ok
com/corrodinggames/rts/game/units/debug/FactoryAction6.java,FactoryAction6,semantic,com.corrodinggames.rts.game.units.h.f,jar-ok
com/corrodinggames/rts/game/units/pathfinding/CircleFilter.java,CircleFilter,semantic,com.corrodinggames.rts.game.units.f.g,jar-ok
com/corrodinggames/rts/game/units/pathfinding/LineFilter.java,LineFilter,semantic,com.corrodinggames.rts.game.units.f.h,jar-ok
com/corrodinggames/rts/game/units/pathfinding/QueryResult.java,QueryResult,semantic,com.corrodinggames.rts.game.units.f.f,jar-ok
com/corrodinggames/rts/game/units/pathfinding/RectFilter.java,RectFilter,semantic,com.corrodinggames.rts.game.units.f.d,jar-ok
com/corrodinggames/rts/game/units/pathfinding/SpatialCallback.java,SpatialCallback,semantic,com.corrodinggames.rts.game.units.f.j,jar-ok
com/corrodinggames/rts/game/units/pathfinding/SpatialGrid.java,SpatialGrid,semantic,com.corrodinggames.rts.game.units.f.c,jar-ok
com/corrodinggames/rts/game/units/pathfinding/SpatialGridCell.java,SpatialGridCell,semantic,com.corrodinggames.rts.game.units.f.a,jar-ok
com/corrodinggames/rts/game/units/pathfinding/SpatialQuery.java,SpatialQuery,semantic,com.corrodinggames.rts.game.units.f.i,jar-ok
com/corrodinggames/rts/game/units/pathfinding/UnitArrayList.java,UnitArrayList,semantic,com.corrodinggames.rts.game.units.f.b,jar-ok
com/corrodinggames/rts/game/units/pathfinding/UnitFilter.java,UnitFilter,semantic,com.corrodinggames.rts.game.units.f.e,jar-ok
com/corrodinggames/rts/game/units/projectiles/AbstractBuildingBase.java,AbstractBuildingBase,semantic,com.corrodinggames.rts.game.units.e.j,jar-ok
com/corrodinggames/rts/game/units/projectiles/AbstractSubBuilding.java,AbstractSubBuilding,semantic,com.corrodinggames.rts.game.units.e.h,jar-ok
com/corrodinggames/rts/game/units/projectiles/ActionAddCredits$1.java,ActionAddCredits,semantic,com.corrodinggames.rts.game.units.i,jar-ok
com/corrodinggames/rts/game/units/projectiles/ActionAddCredits$2.java,ActionAddCredits,semantic,com.corrodinggames.rts.game.units.i,jar-ok
com/corrodinggames/rts/game/units/projectiles/Building.java,Building,semantic,com.corrodinggames.rts.game.units.e.c,jar-ok
com/corrodinggames/rts/game/units/projectiles/ExtractorBuilding.java,ExtractorBuilding,semantic,com.corrodinggames.rts.game.units.e.a,jar-ok
com/corrodinggames/rts/game/units/projectiles/FactoryBuilding.java,FactoryBuilding,semantic,com.corrodinggames.rts.game.units.e.b,jar-ok
com/corrodinggames/rts/game/units/projectiles/PowerBuilding.java,PowerBuilding,semantic,com.corrodinggames.rts.game.units.e.o,jar-ok
com/corrodinggames/rts/game/units/projectiles/RadarBuilding.java,RadarBuilding,semantic,com.corrodinggames.rts.game.units.e.l,jar-ok
com/corrodinggames/rts/game/units/projectiles/RepairBay.java,RepairBay,semantic,com.corrodinggames.rts.game.units.e.k,jar-ok
com/corrodinggames/rts/game/units/projectiles/ShieldBuilding.java,ShieldBuilding,semantic,com.corrodinggames.rts.game.units.e.m,jar-ok
com/corrodinggames/rts/game/units/projectiles/SpecialBuilding$1.java,SpecialBuilding,semantic,com.corrodinggames.rts.game.units.e.i,jar-ok
com/corrodinggames/rts/game/units/projectiles/SpecialBuilding$2.java,SpecialBuilding,semantic,com.corrodinggames.rts.game.units.e.i,jar-ok
com/corrodinggames/rts/game/units/projectiles/SpecialBuilding.java,SpecialBuilding,semantic,com.corrodinggames.rts.game.units.e.i,jar-ok
com/corrodinggames/rts/game/units/projectiles/StorageBuilding.java,StorageBuilding,semantic,com.corrodinggames.rts.game.units.e.n,jar-ok
com/corrodinggames/rts/game/units/projectiles/SubBuildingType1.java,SubBuildingType1,semantic,com.corrodinggames.rts.game.units.e.e,jar-ok
com/corrodinggames/rts/game/units/projectiles/SubBuildingType2.java,SubBuildingType2,semantic,com.corrodinggames.rts.game.units.e.g,jar-ok
com/corrodinggames/rts/game/units/projectiles/TurretBuilding.java,TurretBuilding,semantic,com.corrodinggames.rts.game.units.e.f,jar-ok
com/corrodinggames/rts/game/units/projectiles/WallBuilding.java,WallBuilding,semantic,com.corrodinggames.rts.game.units.e.d,jar-ok
com/corrodinggames/rts/game/units/special/MeleeBugUnit.java,MeleeBugUnit,semantic,com.corrodinggames.rts.game.units.c.a,jar-ok
com/corrodinggames/rts/game/units/weapons/ComponentType.java,ComponentType,semantic,com.corrodinggames.rts.game.units.g.b,jar-ok
com/corrodinggames/rts/game/units/weapons/ComponentUpdater.java,ComponentUpdater,semantic,com.corrodinggames.rts.game.units.g.c,jar-ok
com/corrodinggames/rts/game/units/weapons/FloatComponent.java,FloatComponent,semantic,com.corrodinggames.rts.game.units.g.d,jar-ok
com/corrodinggames/rts/game/units/weapons/SAFFileManager$1.java,AIStrategy,semantic,com.corrodinggames.rts.game.a.a.a,jar-ok
com/corrodinggames/rts/game/units/weapons/TimerComponent.java,TimerComponent,semantic,com.corrodinggames.rts.game.units.g.e,jar-ok
com/corrodinggames/rts/game/units/weapons/UnitComponent$1.java,UnitComponent,semantic,com.corrodinggames.rts.game.units.g.a,jar-ok
com/corrodinggames/rts/game/units/weapons/UnitComponent.java,UnitComponent,semantic,com.corrodinggames.rts.game.units.g.a,jar-ok
com/corrodinggames/rts/gameFramework/AbstractInputConfig.java,AbstractInputConfig,semantic,com.corrodinggames.rts.gameFramework.aj,jar-ok
com/corrodinggames/rts/gameFramework/ActionDebugRecorder.java,ActionDebugRecorder,no-map,,
com/corrodinggames/rts/gameFramework/ActionType$a.java,ActionType,semantic,com.corrodinggames.rts.game.units.actions.f,jar-MISSING
com/corrodinggames/rts/gameFramework/AssetLoader.java,AssetLoader,semantic,com.corrodinggames.rts.gameFramework.p,jar-ok
com/corrodinggames/rts/gameFramework/Attachment.java,Attachment,semantic,com.corrodinggames.rts.gameFramework.bp,jar-ok
com/corrodinggames/rts/gameFramework/AxisTrigger.java,AxisTrigger,semantic,com.corrodinggames.rts.gameFramework.ah,jar-ok
com/corrodinggames/rts/gameFramework/BackgroundWriter.java,BackgroundWriter,semantic,com.corrodinggames.rts.gameFramework.bb,jar-ok
com/corrodinggames/rts/gameFramework/BaseGameObject.java,BaseGameObject,semantic,com.corrodinggames.rts.gameFramework.bq,jar-ok
com/corrodinggames/rts/gameFramework/ByteIndexedMap.java,ByteIndexedMap,no-map,,
com/corrodinggames/rts/gameFramework/ByteSlot.java,ByteSlot,no-map,,
com/corrodinggames/rts/gameFramework/CollisionEngine.java,CollisionEngine,semantic,com.corrodinggames.rts.gameFramework.a,jar-ok
com/corrodinggames/rts/gameFramework/CollisionGroup.java,CollisionGroup,semantic,com.corrodinggames.rts.gameFramework.b,jar-ok
com/corrodinggames/rts/gameFramework/Command.java,Command,semantic,com.corrodinggames.rts.gameFramework.e,jar-ok
com/corrodinggames/rts/gameFramework/CommandController.java,CommandController,semantic,com.corrodinggames.rts.gameFramework.c,jar-ok
com/corrodinggames/rts/gameFramework/CommandPathPart.java,CommandPathPart,semantic,com.corrodinggames.rts.gameFramework.d,jar-ok
com/corrodinggames/rts/gameFramework/ConnectionState$1.java,ConnectionState,no-map,,
com/corrodinggames/rts/gameFramework/ConnectionState$2.java,ConnectionState,no-map,,
com/corrodinggames/rts/gameFramework/CrashHandler.java,CrashHandler,semantic,com.corrodinggames.rts.gameFramework.i,jar-ok
com/corrodinggames/rts/gameFramework/DataBlock.java,DataBlock,semantic,com.corrodinggames.rts.gameFramework.bd,jar-ok
com/corrodinggames/rts/gameFramework/DataStreamReader$1.java,DataStreamReader,no-map,,
com/corrodinggames/rts/gameFramework/DataStreamReader$3.java,DataStreamReader,no-map,,
com/corrodinggames/rts/gameFramework/DefaultInputConfig.java,DefaultInputConfig,semantic,com.corrodinggames.rts.gameFramework.al,jar-ok
com/corrodinggames/rts/gameFramework/ExtraManager$1.java,ExtraManager,semantic,com.corrodinggames.rts.gameFramework.br,jar-ok
com/corrodinggames/rts/gameFramework/ExtraManager.java,ExtraManager,semantic,com.corrodinggames.rts.gameFramework.br,jar-ok
com/corrodinggames/rts/gameFramework/FileSystem.java,FileSystem,no-map,,
com/corrodinggames/rts/gameFramework/FileWatcher.java,FileWatcher,semantic,com.corrodinggames.rts.gameFramework.j,jar-ok
com/corrodinggames/rts/gameFramework/FrameCounter.java,FrameCounter,semantic,com.corrodinggames.rts.gameFramework.bu,jar-ok
com/corrodinggames/rts/gameFramework/GameEngineFactory.java,GameEngineFactory,semantic,com.corrodinggames.rts.gameFramework.v,jar-ok
com/corrodinggames/rts/gameFramework/GameEvent.java,GameEvent,semantic,com.corrodinggames.rts.gameFramework.bc,jar-ok
com/corrodinggames/rts/gameFramework/GameInput.java,GameInput,semantic,com.corrodinggames.rts.gameFramework.ao,jar-ok
com/corrodinggames/rts/gameFramework/GameObject.java,GameObject,semantic,com.corrodinggames.rts.gameFramework.w,jar-ok
com/corrodinggames/rts/gameFramework/GameObjectComparator.java,GameObjectComparator,semantic,com.corrodinggames.rts.gameFramework.x,jar-ok
com/corrodinggames/rts/gameFramework/GamePhase.java,GamePhase,semantic,com.corrodinggames.rts.gameFramework.bs,jar-ok
com/corrodinggames/rts/gameFramework/GameSaver.java,GameSaver,semantic,com.corrodinggames.rts.gameFramework.y,jar-ok
com/corrodinggames/rts/gameFramework/GameState.java,GameState,semantic,com.corrodinggames.rts.gameFramework.n,jar-ok
com/corrodinggames/rts/gameFramework/GameStateEnum.java,GameStateEnum,no-map,,
com/corrodinggames/rts/gameFramework/GameThread.java,GameThread,semantic,com.corrodinggames.rts.gameFramework.z,jar-ok
com/corrodinggames/rts/gameFramework/GameTimer.java,GameTimer,semantic,com.corrodinggames.rts.gameFramework.ar,jar-ok
com/corrodinggames/rts/gameFramework/GameTimerScheduler.java,GameTimerScheduler,semantic,com.corrodinggames.rts.gameFramework.q,jar-ok
com/corrodinggames/rts/gameFramework/GameTimerTask.java,GameTimerTask,semantic,com.corrodinggames.rts.gameFramework.bm,jar-ok
com/corrodinggames/rts/gameFramework/GameUtils$a.java,GameUtils,semantic,com.corrodinggames.rts.gameFramework.f,jar-ok
com/corrodinggames/rts/gameFramework/GameUtils.java,GameUtils,semantic,com.corrodinggames.rts.gameFramework.f,jar-ok
com/corrodinggames/rts/gameFramework/GlobalState$1.java,GlobalState,semantic,com.corrodinggames.rts.gameFramework.l,jar-ok
com/corrodinggames/rts/gameFramework/GlobalState$2$1.java,GlobalState,semantic,com.corrodinggames.rts.gameFramework.l,jar-ok
com/corrodinggames/rts/gameFramework/GlobalState$2$2.java,GlobalState,semantic,com.corrodinggames.rts.gameFramework.l,jar-ok
com/corrodinggames/rts/gameFramework/GlobalState$2.java,GlobalState,semantic,com.corrodinggames.rts.gameFramework.l,jar-ok
com/corrodinggames/rts/gameFramework/GlobalState$3.java,GlobalState,semantic,com.corrodinggames.rts.gameFramework.l,jar-ok
com/corrodinggames/rts/gameFramework/GlobalState$4.java,GlobalState,semantic,com.corrodinggames.rts.gameFramework.l,jar-ok
com/corrodinggames/rts/gameFramework/GlobalState.java,GlobalState,semantic,com.corrodinggames.rts.gameFramework.l,jar-ok
com/corrodinggames/rts/gameFramework/GlobalStateFactory.java,GlobalStateFactory,no-map,,
com/corrodinggames/rts/gameFramework/InputProvider.java,InputProvider,semantic,com.corrodinggames.rts.gameFramework.ai,jar-ok
com/corrodinggames/rts/gameFramework/KeyBinding.java,KeyBinding,semantic,com.corrodinggames.rts.gameFramework.ad,jar-ok
com/corrodinggames/rts/gameFramework/KeyBindingManager.java,KeyBindingManager,semantic,com.corrodinggames.rts.gameFramework.ac,jar-ok
com/corrodinggames/rts/gameFramework/KeyCodeMapper.java,KeyCodeMapper,semantic,com.corrodinggames.rts.gameFramework.o,jar-ok
com/corrodinggames/rts/gameFramework/KeyTrigger.java,KeyTrigger,semantic,com.corrodinggames.rts.gameFramework.ag,jar-ok
com/corrodinggames/rts/gameFramework/MusicController$1.java,MusicController,semantic,com.corrodinggames.rts.gameFramework.am,jar-ok
com/corrodinggames/rts/gameFramework/MusicController$2.java,MusicController,semantic,com.corrodinggames.rts.gameFramework.am,jar-ok
com/corrodinggames/rts/gameFramework/MusicController.java,MusicController,semantic,com.corrodinggames.rts.gameFramework.am,jar-ok
com/corrodinggames/rts/gameFramework/MusicFactory.java,MusicFactory,semantic,com.corrodinggames.rts.gameFramework.an,jar-ok
com/corrodinggames/rts/gameFramework/MusicFolder.java,MusicFolder,semantic,com.corrodinggames.rts.gameFramework.at,jar-ok
com/corrodinggames/rts/gameFramework/MusicPlayer$1.java,MusicPlayer,semantic,com.corrodinggames.rts.gameFramework.aq,jar-ok
com/corrodinggames/rts/gameFramework/MusicPlayer$2.java,MusicPlayer,semantic,com.corrodinggames.rts.gameFramework.aq,jar-ok
com/corrodinggames/rts/gameFramework/MusicPlayer.java,MusicPlayer,semantic,com.corrodinggames.rts.gameFramework.aq,jar-ok
com/corrodinggames/rts/gameFramework/MusicPlayerBase.java,MusicPlayerBase,no-map,,
com/corrodinggames/rts/gameFramework/NullInput.java,NullInput,semantic,com.corrodinggames.rts.gameFramework.ak,jar-ok
com/corrodinggames/rts/gameFramework/OSEnum.java,OSEnum,semantic,com.corrodinggames.rts.gameFramework.h,jar-ok
com/corrodinggames/rts/gameFramework/PacketBuilder.java,PacketBuilder,semantic,com.corrodinggames.rts.gameFramework.as,jar-ok
com/corrodinggames/rts/gameFramework/PaintRegistration.java,PaintRegistration,no-map,,
com/corrodinggames/rts/gameFramework/PerformanceTimer.java,PerformanceTimer,semantic,com.corrodinggames.rts.gameFramework.bt,jar-ok
com/corrodinggames/rts/gameFramework/PeriodicTimer.java,PeriodicTimer,semantic,com.corrodinggames.rts.gameFramework.bl,jar-ok
com/corrodinggames/rts/gameFramework/PingTimer.java,PingTimer,no-map,,
com/corrodinggames/rts/gameFramework/ProjectileManager.java,ProjectileManager,semantic,com.corrodinggames.rts.gameFramework.ab,jar-ok
com/corrodinggames/rts/gameFramework/ProjectileType2.java,ProjectileType2,no-map,,
com/corrodinggames/rts/gameFramework/ProjectileWeapon.java,ProjectileWeapon,no-map,,
com/corrodinggames/rts/gameFramework/RenderThread.java,RenderThread,semantic,com.corrodinggames.rts.gameFramework.au,jar-ok
com/corrodinggames/rts/gameFramework/ReplayEngine.java,ReplayEngine,semantic,com.corrodinggames.rts.gameFramework.ba,jar-ok
com/corrodinggames/rts/gameFramework/ReplayFrame.java,ReplayFrame,semantic,com.corrodinggames.rts.gameFramework.bd,jar-ok
com/corrodinggames/rts/gameFramework/ReplayRecorder.java,ReplayRecorder,semantic,com.corrodinggames.rts.gameFramework.ax,jar-ok
com/corrodinggames/rts/gameFramework/ReplayWriter.java,ReplayWriter,semantic,com.corrodinggames.rts.gameFramework.bb,jar-ok
com/corrodinggames/rts/gameFramework/ResourceDomainEnum.java,ResourceDomainEnum,semantic,com.corrodinggames.rts.gameFramework.u,jar-ok
com/corrodinggames/rts/gameFramework/SaveFileHandler.java,SaveFileHandler,semantic,com.corrodinggames.rts.gameFramework.be,jar-ok
com/corrodinggames/rts/gameFramework/ServerAddress$1.java,ServerAddress,no-map,,
com/corrodinggames/rts/gameFramework/ServerAddress$2.java,ServerAddress,no-map,,
com/corrodinggames/rts/gameFramework/SettingsEngine.java,SettingsEngine,obf-direct,com.corrodinggames.rts.gameFramework.SettingsEngine,jar-ok
com/corrodinggames/rts/gameFramework/ShaderProgram.java,ShaderProgram,semantic,com.corrodinggames.rts.gameFramework.ae,jar-ok
com/corrodinggames/rts/gameFramework/SleepThread.java,SleepThread,semantic,com.corrodinggames.rts.gameFramework.k,jar-ok
com/corrodinggames/rts/gameFramework/Sprite.java,Sprite,semantic,com.corrodinggames.rts.gameFramework.ay,jar-ok
com/corrodinggames/rts/gameFramework/SpriteBase.java,SpriteBase,semantic,com.corrodinggames.rts.gameFramework.az,jar-ok
com/corrodinggames/rts/gameFramework/StatsCallback.java,StatsCallback,semantic,com.corrodinggames.rts.gameFramework.bk,jar-ok
com/corrodinggames/rts/gameFramework/StatsCategory.java,StatsCategory,semantic,com.corrodinggames.rts.gameFramework.bj,jar-ok
com/corrodinggames/rts/gameFramework/StatsHistory.java,StatsHistory,semantic,com.corrodinggames.rts.gameFramework.bn,jar-ok
com/corrodinggames/rts/gameFramework/StatsManager.java,StatsManager,semantic,com.corrodinggames.rts.gameFramework.bg,jar-ok
com/corrodinggames/rts/gameFramework/StatsRecord.java,StatsRecord,semantic,com.corrodinggames.rts.gameFramework.bo,jar-ok
com/corrodinggames/rts/gameFramework/StatsSample.java,StatsSample,semantic,com.corrodinggames.rts.gameFramework.bh,jar-ok
com/corrodinggames/rts/gameFramework/StatsTimeline.java,StatsTimeline,semantic,com.corrodinggames.rts.gameFramework.bi,jar-ok
com/corrodinggames/rts/gameFramework/TeamColor.java,TeamColor,no-map,,
com/corrodinggames/rts/gameFramework/TextPacketBuilder.java,TextPacketBuilder,semantic,com.corrodinggames.rts.gameFramework.aw,jar-ok
com/corrodinggames/rts/gameFramework/TextureCache.java,TextureCache,semantic,com.corrodinggames.rts.gameFramework.af,jar-ok
com/corrodinggames/rts/gameFramework/ThreadPool.java,ThreadPool,semantic,com.corrodinggames.rts.gameFramework.t,jar-ok
com/corrodinggames/rts/gameFramework/TimeUtils.java,TimeUtils,semantic,com.corrodinggames.rts.gameFramework.br,jar-ok
com/corrodinggames/rts/gameFramework/UnitGroup.java,UnitGroup,semantic,com.corrodinggames.rts.gameFramework.bf,jar-ok
com/corrodinggames/rts/gameFramework/VersionInfo.java,VersionInfo,semantic,com.corrodinggames.rts.gameFramework.r,jar-ok
com/corrodinggames/rts/gameFramework/WorldGenerator.java,WorldGenerator,semantic,com.corrodinggames.rts.gameFramework.m,jar-ok
com/corrodinggames/rts/gameFramework/aicore/AIDifficulty.java,AIDifficulty,semantic,com.corrodinggames.rts.gameFramework.n.h,jar-ok
com/corrodinggames/rts/gameFramework/aicore/AISpawnList.java,AISpawnList,semantic,com.corrodinggames.rts.gameFramework.n.i,jar-ok
com/corrodinggames/rts/gameFramework/aicore/AITask.java,AITask,semantic,com.corrodinggames.rts.gameFramework.n.a,jar-ok
com/corrodinggames/rts/gameFramework/aicore/AITaskQueue.java,AITaskQueue,semantic,com.corrodinggames.rts.gameFramework.n.b,jar-ok
com/corrodinggames/rts/gameFramework/aicore/AIWaveParser.java,AIWaveParser,semantic,com.corrodinggames.rts.gameFramework.n.g,jar-ok
com/corrodinggames/rts/gameFramework/aicore/AIWaveSystem.java,AIWaveSystem,semantic,com.corrodinggames.rts.gameFramework.n.f,jar-ok
com/corrodinggames/rts/gameFramework/aicore/DataValue$1.java,constant,no-map,,
com/corrodinggames/rts/gameFramework/aicore/DataValue$10.java,constant,no-map,,
com/corrodinggames/rts/gameFramework/aicore/DataValue$11.java,constant,no-map,,
com/corrodinggames/rts/gameFramework/aicore/DataValue$2.java,constant,no-map,,
com/corrodinggames/rts/gameFramework/aicore/DataValue$3.java,constant,no-map,,
com/corrodinggames/rts/gameFramework/aicore/DataValue$4.java,constant,no-map,,
com/corrodinggames/rts/gameFramework/aicore/DataValue$5.java,constant,no-map,,
com/corrodinggames/rts/gameFramework/aicore/DataValue$6.java,constant,no-map,,
com/corrodinggames/rts/gameFramework/aicore/DataValue$7.java,constant,no-map,,
com/corrodinggames/rts/gameFramework/aicore/DataValue$8.java,constant,no-map,,
com/corrodinggames/rts/gameFramework/aicore/DataValue$9.java,constant,no-map,,
com/corrodinggames/rts/gameFramework/aicore/MissionEvent.java,MissionEvent,semantic,com.corrodinggames.rts.gameFramework.n.e,jar-ok
com/corrodinggames/rts/gameFramework/aicore/MissionExecutor.java,MissionExecutor,semantic,com.corrodinggames.rts.gameFramework.n.d,jar-ok
com/corrodinggames/rts/gameFramework/aicore/MissionParser.java,MissionParser,semantic,com.corrodinggames.rts.gameFramework.n.c,jar-ok
com/corrodinggames/rts/gameFramework/aicore/SpawnEntry.java,SpawnEntry,semantic,com.corrodinggames.rts.gameFramework.n.j,jar-ok
com/corrodinggames/rts/gameFramework/aicore/SpawnWeight.java,SpawnWeight,semantic,com.corrodinggames.rts.gameFramework.n.k,jar-ok
com/corrodinggames/rts/gameFramework/aicore/TargetFilter.java,TargetFilter,semantic,com.corrodinggames.rts.gameFramework.n.l,jar-ok
com/corrodinggames/rts/gameFramework/aicore/TaskCondition.java,TaskCondition,semantic,com.corrodinggames.rts.gameFramework.n.a.a,jar-ok
com/corrodinggames/rts/gameFramework/aicore/TaskStatus.java,TaskStatus,semantic,com.corrodinggames.rts.gameFramework.n.m,jar-ok
com/corrodinggames/rts/gameFramework/aicore/TeamTagDetect.java,TeamTagDetect,semantic,com.corrodinggames.rts.gameFramework.n.a.b,jar-ok
com/corrodinggames/rts/gameFramework/aicore/UnitCountCondition.java,UnitCountCondition,semantic,com.corrodinggames.rts.gameFramework.n.a.c,jar-ok
com/corrodinggames/rts/gameFramework/audio/DataField.java,DataField,semantic,com.corrodinggames.rts.gameFramework.g.b,jar-ok
com/corrodinggames/rts/gameFramework/audio/DataFieldCollector$1.java,DataFieldCollector,semantic,com.corrodinggames.rts.gameFramework.g.a,jar-ok
com/corrodinggames/rts/gameFramework/audio/DataFieldCollector.java,DataFieldCollector,semantic,com.corrodinggames.rts.gameFramework.g.a,jar-ok
com/corrodinggames/rts/gameFramework/audio/DataFieldFloat.java,DataFieldFloat,semantic,com.corrodinggames.rts.gameFramework.g.d,jar-ok
com/corrodinggames/rts/gameFramework/audio/DataFieldInt.java,DataFieldInt,semantic,com.corrodinggames.rts.gameFramework.g.c,jar-ok
com/corrodinggames/rts/gameFramework/audio/DataFieldLong.java,DataFieldLong,semantic,com.corrodinggames.rts.gameFramework.g.e,jar-ok
com/corrodinggames/rts/gameFramework/audio/DataFieldProvider.java,DataFieldProvider,semantic,com.corrodinggames.rts.gameFramework.g.f,jar-ok
com/corrodinggames/rts/gameFramework/commands/DebugMonitorTask.java,DebugMonitorTask,semantic,com.corrodinggames.rts.gameFramework.c.c,jar-ok
com/corrodinggames/rts/gameFramework/commands/DebugServer.java,DebugServer,semantic,com.corrodinggames.rts.gameFramework.c.a,jar-ok
com/corrodinggames/rts/gameFramework/commands/DebugSession.java,DebugSession,semantic,com.corrodinggames.rts.gameFramework.c.b,jar-ok
com/corrodinggames/rts/gameFramework/core/FilePickerCallback.java,FilePickerCallback,semantic,com.corrodinggames.rts.gameFramework.l.b,jar-ok
com/corrodinggames/rts/gameFramework/core/PerformanceMonitor.java,PerformanceMonitor,semantic,com.corrodinggames.rts.gameFramework.l.a,jar-ok
com/corrodinggames/rts/gameFramework/core/PlatformBackend.java,PlatformBackend,semantic,com.corrodinggames.rts.gameFramework.l.c,jar-ok
com/corrodinggames/rts/gameFramework/core/PlatformExtension.java,PlatformExtension,no-map,,
com/corrodinggames/rts/gameFramework/effects/CloudRenderer.java,CloudRenderer,semantic,com.corrodinggames.rts.gameFramework.d.b,jar-ok
com/corrodinggames/rts/gameFramework/effects/DrawEffect.java,DrawEffect,semantic,com.corrodinggames.rts.gameFramework.d.f,jar-ok
com/corrodinggames/rts/gameFramework/effects/DrawLayer.java,DrawLayer,semantic,com.corrodinggames.rts.gameFramework.d.h,jar-ok
com/corrodinggames/rts/gameFramework/effects/GameHUD.java,GameHUD,semantic,com.corrodinggames.rts.gameFramework.d.a,jar-ok
com/corrodinggames/rts/gameFramework/effects/HUDElement.java,HUDElement,semantic,com.corrodinggames.rts.gameFramework.d.e,jar-ok
com/corrodinggames/rts/gameFramework/effects/HUDElementRenderer.java,HUDElementRenderer,semantic,com.corrodinggames.rts.gameFramework.d.g,jar-ok
com/corrodinggames/rts/gameFramework/effects/HUDManager.java,HUDManager,semantic,com.corrodinggames.rts.gameFramework.d.c,jar-ok
com/corrodinggames/rts/gameFramework/effects/SoundEffect.java,SoundEffect,semantic,com.corrodinggames.rts.gameFramework.effects.d,jar-MISSING
com/corrodinggames/rts/gameFramework/filesystem/DualStorage.java,DualStorage,semantic,com.corrodinggames.rts.gameFramework.e.e,jar-ok
com/corrodinggames/rts/gameFramework/filesystem/FileAccessFlags.java,FileAccessFlags,semantic,com.corrodinggames.rts.gameFramework.e.b,jar-ok
com/corrodinggames/rts/gameFramework/filesystem/FileLoader.java,FileLoader,semantic,com.corrodinggames.rts.gameFramework.e.a,jar-ok
com/corrodinggames/rts/gameFramework/filesystem/FilePathSanitizer.java,FilePathSanitizer,semantic,com.corrodinggames.rts.gameFramework.e.g,jar-ok
com/corrodinggames/rts/gameFramework/filesystem/InputStreamHolder.java,InputStreamHolder,semantic,com.corrodinggames.rts.gameFramework.e.h,jar-ok
com/corrodinggames/rts/gameFramework/filesystem/NullStorage.java,NullStorage,semantic,com.corrodinggames.rts.gameFramework.e.f,jar-ok
com/corrodinggames/rts/gameFramework/filesystem/PathStorage.java,PathStorage,semantic,com.corrodinggames.rts.gameFramework.e.d,jar-ok
com/corrodinggames/rts/gameFramework/filesystem/StorageBackend.java,StorageBackend,semantic,com.corrodinggames.rts.gameFramework.e.c,jar-ok
com/corrodinggames/rts/gameFramework/mods/ModInfo.java,ModInfo,semantic,com.corrodinggames.rts.gameFramework.i.b,jar-ok
com/corrodinggames/rts/gameFramework/mods/ModLoadEntry.java,ModLoadEntry,semantic,com.corrodinggames.rts.gameFramework.i.c,jar-ok
com/corrodinggames/rts/gameFramework/mods/VersionChecker.java,VersionChecker,semantic,com.corrodinggames.rts.gameFramework.i.a,jar-ok
com/corrodinggames/rts/gameFramework/network/ByteArrayPacketBuilder.java,ByteArrayPacketBuilder,semantic,com.corrodinggames.rts.gameFramework.j.aw,jar-ok
com/corrodinggames/rts/gameFramework/network/ChatMessage.java,ChatMessage,semantic,com.corrodinggames.rts.gameFramework.j.b,jar-ok
com/corrodinggames/rts/gameFramework/network/ChatSystem.java,ChatSystem,semantic,com.corrodinggames.rts.gameFramework.j.a,jar-ok
com/corrodinggames/rts/gameFramework/network/ChecksumCalculator.java,ChecksumCalculator,semantic,com.corrodinggames.rts.gameFramework.j.ak,jar-ok
com/corrodinggames/rts/gameFramework/network/ChecksumField.java,ChecksumField,semantic,com.corrodinggames.rts.gameFramework.j.al,jar-ok
com/corrodinggames/rts/gameFramework/network/CompressedStream.java,CompressedStream,semantic,com.corrodinggames.rts.gameFramework.j.at,jar-ok
com/corrodinggames/rts/gameFramework/network/ConnectionState.java,ConnectionState,no-map,,
com/corrodinggames/rts/gameFramework/network/DataStreamReader.java,DataStreamReader,no-map,,
com/corrodinggames/rts/gameFramework/network/DebugPacketBuilder.java,DebugPacketBuilder,semantic,com.corrodinggames.rts.gameFramework.j.f,jar-ok
com/corrodinggames/rts/gameFramework/network/ErrorReporter.java,ErrorReporter,semantic,com.corrodinggames.rts.gameFramework.j.v,jar-ok
com/corrodinggames/rts/gameFramework/network/GameModeEnum.java,ai,obf-simple,com.corrodinggames.rts.gameFramework.utility.ai|com.corrodinggames.rts.game.units.ai|com.corrodinggames.rts.gameFramework.ai|com.corrodinggames.rts.gameFramework.f.ai|com.corrodinggames.rts.game.units.custom.ai|com.corrodinggames.rts.gameFramework.j.ai|com.corrodinggames.rts.gameFramework.b.ai,pkg-diff
com/corrodinggames/rts/gameFramework/network/GameServerInfo.java,GameServerInfo,semantic,com.corrodinggames.rts.gameFramework.j.g,jar-ok
com/corrodinggames/rts/gameFramework/network/HttpClientPool.java,HttpClientPool,semantic,com.corrodinggames.rts.gameFramework.j.r,jar-ok
com/corrodinggames/rts/gameFramework/network/InputNetStream.java,InputNetStream,semantic,com.corrodinggames.rts.gameFramework.j.l,jar-ok
com/corrodinggames/rts/gameFramework/network/IntArray$1.java,IntArray,semantic,com.corrodinggames.rts.gameFramework.f.ad,jar-ok
com/corrodinggames/rts/gameFramework/network/IntArray$2.java,IntArray,semantic,com.corrodinggames.rts.gameFramework.f.ad,jar-ok
com/corrodinggames/rts/gameFramework/network/IntArray$3.java,IntArray,semantic,com.corrodinggames.rts.gameFramework.f.ad,jar-ok
com/corrodinggames/rts/gameFramework/network/IntArray$4.java,IntArray,semantic,com.corrodinggames.rts.gameFramework.f.ad,jar-ok
com/corrodinggames/rts/gameFramework/network/IntArray$5$1.java,IntArray,semantic,com.corrodinggames.rts.gameFramework.f.ad,jar-ok
com/corrodinggames/rts/gameFramework/network/IntArray$5.java,IntArray,semantic,com.corrodinggames.rts.gameFramework.f.ad,jar-ok
com/corrodinggames/rts/gameFramework/network/IntArray$6.java,IntArray,semantic,com.corrodinggames.rts.gameFramework.f.ad,jar-ok
com/corrodinggames/rts/gameFramework/network/IntArray$7.java,IntArray,semantic,com.corrodinggames.rts.gameFramework.f.ad,jar-ok
com/corrodinggames/rts/gameFramework/network/IntArray$8.java,IntArray,semantic,com.corrodinggames.rts.gameFramework.f.ad,jar-ok
com/corrodinggames/rts/gameFramework/network/KeepAliveTimer.java,KeepAliveTimer,semantic,com.corrodinggames.rts.gameFramework.j.av,jar-ok
com/corrodinggames/rts/gameFramework/network/l.java,l,obf-filename,com.corrodinggames.rts.gameFramework.network.l,jar-ok
com/corrodinggames/rts/gameFramework/network/MasterServerAuth.java,MasterServerAuth,no-map,,
com/corrodinggames/rts/gameFramework/network/MasterServerClient.java,MasterServerClient,semantic,com.corrodinggames.rts.gameFramework.j.ab,jar-ok
com/corrodinggames/rts/gameFramework/network/MasterServerCreate.java,MasterServerCreate,semantic,com.corrodinggames.rts.gameFramework.j.y,jar-ok
com/corrodinggames/rts/gameFramework/network/MasterServerRemove.java,MasterServerRemove,semantic,com.corrodinggames.rts.gameFramework.j.z,jar-ok
com/corrodinggames/rts/gameFramework/network/MasterServerResult.java,MasterServerResult,no-map,,
com/corrodinggames/rts/gameFramework/network/MasterServerUpdate.java,MasterServerUpdate,semantic,com.corrodinggames.rts.gameFramework.j.aa,jar-ok
com/corrodinggames/rts/gameFramework/network/MatchConfig.java,MatchConfig,semantic,com.corrodinggames.rts.gameFramework.j.ah,jar-ok
com/corrodinggames/rts/gameFramework/network/NetEngine$1.java,NetEngine,semantic,com.corrodinggames.rts.gameFramework.j.ad,jar-ok
com/corrodinggames/rts/gameFramework/network/NetEngine$2.java,NetEngine,semantic,com.corrodinggames.rts.gameFramework.j.ad,jar-ok
com/corrodinggames/rts/gameFramework/network/NetEngine$3.java,NetEngine,semantic,com.corrodinggames.rts.gameFramework.j.ad,jar-ok
com/corrodinggames/rts/gameFramework/network/NetEngine$4.java,NetEngine,semantic,com.corrodinggames.rts.gameFramework.j.ad,jar-ok
com/corrodinggames/rts/gameFramework/network/NetEngine$5$1.java,NetEngine,semantic,com.corrodinggames.rts.gameFramework.j.ad,jar-ok
com/corrodinggames/rts/gameFramework/network/NetEngine$5.java,NetEngine,semantic,com.corrodinggames.rts.gameFramework.j.ad,jar-ok
com/corrodinggames/rts/gameFramework/network/NetEngine$6.java,NetEngine,semantic,com.corrodinggames.rts.gameFramework.j.ad,jar-ok
com/corrodinggames/rts/gameFramework/network/NetEngine$7.java,NetEngine,semantic,com.corrodinggames.rts.gameFramework.j.ad,jar-ok
com/corrodinggames/rts/gameFramework/network/NetEngine$8.java,NetEngine,semantic,com.corrodinggames.rts.gameFramework.j.ad,jar-ok
com/corrodinggames/rts/gameFramework/network/NetEngine.java,NetEngine,semantic,com.corrodinggames.rts.gameFramework.j.ad,jar-ok
com/corrodinggames/rts/gameFramework/network/NetworkAuth.java,NetworkAuth,semantic,com.corrodinggames.rts.gameFramework.j.ac,jar-ok
com/corrodinggames/rts/gameFramework/network/NetworkException.java,NetworkException,semantic,com.corrodinggames.rts.gameFramework.utility.ag,jar-ok
com/corrodinggames/rts/gameFramework/network/NetworkPacket.java,NetworkPacket,no-map,,
com/corrodinggames/rts/gameFramework/network/NetworkUtils.java,NetworkUtils,semantic,com.corrodinggames.rts.gameFramework.j.ar,jar-ok
com/corrodinggames/rts/gameFramework/network/OutputNetStream.java,OutputNetStream,semantic,com.corrodinggames.rts.gameFramework.j.as,jar-ok
com/corrodinggames/rts/gameFramework/network/PacketDecoder$1.java,PacketDecoder,semantic,com.corrodinggames.rts.gameFramework.j.c,jar-ok
com/corrodinggames/rts/gameFramework/network/PacketDecoder.java,PacketDecoder,semantic,com.corrodinggames.rts.gameFramework.j.c,jar-ok
com/corrodinggames/rts/gameFramework/network/PacketHandler.java,PacketHandler,semantic,com.corrodinggames.rts.gameFramework.network.k,jar-MISSING
com/corrodinggames/rts/gameFramework/network/PacketSerializer.java,PacketSerializer,semantic,com.corrodinggames.rts.gameFramework.j.s,jar-ok
com/corrodinggames/rts/gameFramework/network/PacketType.java,PacketType,no-map,,
com/corrodinggames/rts/gameFramework/network/PasswordManager.java,PasswordManager,semantic,com.corrodinggames.rts.gameFramework.j.ae,jar-ok
com/corrodinggames/rts/gameFramework/network/PlayerConnect.java,PlayerConnect,semantic,com.corrodinggames.rts.gameFramework.j.c,jar-ok
com/corrodinggames/rts/gameFramework/network/ReceiveWorker.java,ReceiveWorker,semantic,com.corrodinggames.rts.gameFramework.j.d,jar-ok
com/corrodinggames/rts/gameFramework/network/RequestsParallelRunnable.java,RequestsParallelRunnable,no-map,,
com/corrodinggames/rts/gameFramework/network/RequestTimeout.java,RequestTimeout,semantic,com.corrodinggames.rts.gameFramework.j.o,jar-ok
com/corrodinggames/rts/gameFramework/network/SecurityHasher.java,SecurityHasher,semantic,com.corrodinggames.rts.gameFramework.j.aq,jar-ok
com/corrodinggames/rts/gameFramework/network/SelfInfoFetcher.java,SelfInfoFetcher,semantic,com.corrodinggames.rts.gameFramework.j.p,jar-ok
com/corrodinggames/rts/gameFramework/network/SendWorker.java,SendWorker,semantic,com.corrodinggames.rts.gameFramework.j.e,jar-ok
com/corrodinggames/rts/gameFramework/network/ServerAddress.java,ServerAddress,no-map,,
com/corrodinggames/rts/gameFramework/network/ServerConnector.java,ServerConnector,semantic,com.corrodinggames.rts.gameFramework.j.an,jar-ok
com/corrodinggames/rts/gameFramework/network/ServerInfo.java,ServerInfo,semantic,com.corrodinggames.rts.gameFramework.j.aj,jar-ok
com/corrodinggames/rts/gameFramework/network/ServerListCallback.java,ServerListCallback,no-map,,
com/corrodinggames/rts/gameFramework/network/ServerListener$1.java,ServerListener,semantic,com.corrodinggames.rts.gameFramework.j.ao,jar-ok
com/corrodinggames/rts/gameFramework/network/ServerListener.java,ServerListener,semantic,com.corrodinggames.rts.gameFramework.j.ao,jar-ok
com/corrodinggames/rts/gameFramework/network/ServerListFetcher.java,ServerListFetcher,semantic,com.corrodinggames.rts.gameFramework.j.u,jar-ok
com/corrodinggames/rts/gameFramework/network/ServerListLoader$1.java,ServerListLoader,semantic,com.corrodinggames.rts.gameFramework.j.q,jar-ok
com/corrodinggames/rts/gameFramework/network/ServerListLoader.java,ServerListLoader,semantic,com.corrodinggames.rts.gameFramework.j.q,jar-ok
com/corrodinggames/rts/gameFramework/network/ServerResult.java,ServerResult,semantic,com.corrodinggames.rts.gameFramework.j.w,jar-ok
com/corrodinggames/rts/gameFramework/network/ServerStatus.java,ServerStatus,semantic,com.corrodinggames.rts.gameFramework.j.x,jar-ok
com/corrodinggames/rts/gameFramework/network/ShaderUniform$1.java,ShaderUniform,semantic,com.corrodinggames.rts.gameFramework.m.af,jar-ok
com/corrodinggames/rts/gameFramework/network/SteamInputStream.java,SteamInputStream,semantic,com.corrodinggames.rts.gameFramework.j.i,jar-ok
com/corrodinggames/rts/gameFramework/network/SteamOutputStream.java,SteamOutputStream,semantic,com.corrodinggames.rts.gameFramework.j.j,jar-ok
com/corrodinggames/rts/gameFramework/network/SteamSocket.java,SteamSocket,semantic,com.corrodinggames.rts.gameFramework.j.h,jar-ok
com/corrodinggames/rts/gameFramework/network/TextStream.java,TextStream,semantic,com.corrodinggames.rts.gameFramework.j.ax,jar-ok
com/corrodinggames/rts/gameFramework/network/TextStreamReader.java,TextStreamReader,no-map,,
com/corrodinggames/rts/gameFramework/network/UDPBroadcastListener$1.java,UDPBroadcastListener,semantic,com.corrodinggames.rts.gameFramework.j.af,jar-ok
com/corrodinggames/rts/gameFramework/network/UDPBroadcastListener.java,UDPBroadcastListener,semantic,com.corrodinggames.rts.gameFramework.j.af,jar-ok
com/corrodinggames/rts/gameFramework/network/UnitTrait$1.java,UnitTrait,semantic,com.corrodinggames.rts.game.units.custom.animation.n,jar-MISSING
com/corrodinggames/rts/gameFramework/network/WeaponConfig$1.java,WeaponConfig,semantic,com.corrodinggames.rts.game.units.weapons.c,jar-MISSING
com/corrodinggames/rts/gameFramework/network/WebAPIClient$1.java,WebAPIClient,semantic,com.corrodinggames.rts.gameFramework.j.n,jar-ok
com/corrodinggames/rts/gameFramework/network/WebAPIClient.java,WebAPIClient,semantic,com.corrodinggames.rts.gameFramework.j.n,jar-ok
com/corrodinggames/rts/gameFramework/opengl/aa.java,aa,obf-filename,com.corrodinggames.rts.gameFramework.opengl.aa,jar-ok
com/corrodinggames/rts/gameFramework/opengl/ab.java,ab,obf-filename,com.corrodinggames.rts.gameFramework.opengl.ab,jar-ok
com/corrodinggames/rts/gameFramework/opengl/ac.java,ac,obf-filename,com.corrodinggames.rts.gameFramework.opengl.ac,jar-ok
com/corrodinggames/rts/gameFramework/opengl/ActionType$1.java,ActionType,semantic,com.corrodinggames.rts.game.units.actions.f,jar-MISSING
com/corrodinggames/rts/gameFramework/opengl/ae.java,ae,obf-filename,com.corrodinggames.rts.gameFramework.opengl.ae,jar-ok
com/corrodinggames/rts/gameFramework/opengl/ag.java,ag,obf-filename,com.corrodinggames.rts.gameFramework.opengl.ag,jar-ok
com/corrodinggames/rts/gameFramework/opengl/AttributeLocation.java,AttributeLocation,semantic,com.corrodinggames.rts.gameFramework.b.o,jar-ok
com/corrodinggames/rts/gameFramework/opengl/BatchEntry.java,BatchEntry,semantic,com.corrodinggames.rts.gameFramework.b.p,jar-ok
com/corrodinggames/rts/gameFramework/opengl/BitmapTexture.java,BitmapTexture,semantic,com.corrodinggames.rts.gameFramework.b.e,jar-ok
com/corrodinggames/rts/gameFramework/opengl/BlendCallback.java,BlendCallback,semantic,com.corrodinggames.rts.gameFramework.b.j,jar-ok
com/corrodinggames/rts/gameFramework/opengl/BlendMode.java,BlendMode,semantic,com.corrodinggames.rts.gameFramework.b.af,jar-ok
com/corrodinggames/rts/gameFramework/opengl/BlurEffect.java,BlurEffect,semantic,com.corrodinggames.rts.gameFramework.b.i,jar-ok
com/corrodinggames/rts/gameFramework/opengl/CircleShader.java,CircleShader,semantic,com.corrodinggames.rts.gameFramework.b.g,jar-ok
com/corrodinggames/rts/gameFramework/opengl/DefaultBlendMode.java,DefaultBlendMode,semantic,com.corrodinggames.rts.gameFramework.b.c,jar-ok
com/corrodinggames/rts/gameFramework/opengl/DrawBatch.java,DrawBatch,semantic,com.corrodinggames.rts.gameFramework.b.y,jar-ok
com/corrodinggames/rts/gameFramework/opengl/DrawCall.java,DrawCall,semantic,com.corrodinggames.rts.gameFramework.b.aj,jar-ok
com/corrodinggames/rts/gameFramework/opengl/DrawCallBuffer.java,DrawCallBuffer,semantic,com.corrodinggames.rts.gameFramework.b.al,jar-ok
com/corrodinggames/rts/gameFramework/opengl/DrawRegion.java,DrawRegion,semantic,com.corrodinggames.rts.gameFramework.b.r,jar-ok
com/corrodinggames/rts/gameFramework/opengl/f$1.java,f,obf-filename,com.corrodinggames.rts.gameFramework.opengl.f$1,jar-ok
com/corrodinggames/rts/gameFramework/opengl/f.java,f,obf-filename,com.corrodinggames.rts.gameFramework.opengl.f,jar-ok
com/corrodinggames/rts/gameFramework/opengl/FramebufferTexture.java,FramebufferTexture,semantic,com.corrodinggames.rts.gameFramework.b.ad,jar-ok
com/corrodinggames/rts/gameFramework/opengl/GLBatchBase.java,GLBatchBase,semantic,com.corrodinggames.rts.gameFramework.b.a,jar-ok
com/corrodinggames/rts/gameFramework/opengl/GLObject.java,GLObject,semantic,com.corrodinggames.rts.gameFramework.b.b,jar-ok
com/corrodinggames/rts/gameFramework/opengl/GLRenderer.java,GLRenderer,semantic,com.corrodinggames.rts.gameFramework.b.n,jar-ok
com/corrodinggames/rts/gameFramework/opengl/GLTexture$1.java,GLTexture,semantic,com.corrodinggames.rts.gameFramework.opengl.b,jar-MISSING
com/corrodinggames/rts/gameFramework/opengl/GLTexture.java,GLTexture,semantic,com.corrodinggames.rts.gameFramework.opengl.b,jar-MISSING
com/corrodinggames/rts/gameFramework/opengl/GLTextureGenerator.java,GLTextureGenerator,semantic,com.corrodinggames.rts.gameFramework.b.t,jar-ok
com/corrodinggames/rts/gameFramework/opengl/GLUniform.java,GLUniform,semantic,com.corrodinggames.rts.gameFramework.b.q,jar-ok
com/corrodinggames/rts/gameFramework/opengl/IntStack.java,IntStack,semantic,com.corrodinggames.rts.gameFramework.b.w,jar-ok
com/corrodinggames/rts/gameFramework/opengl/k.java,k,obf-filename,com.corrodinggames.rts.gameFramework.opengl.k,jar-ok
com/corrodinggames/rts/gameFramework/opengl/LineStyle.java,LineStyle,semantic,com.corrodinggames.rts.gameFramework.b.v,jar-ok
com/corrodinggames/rts/gameFramework/opengl/ShaderBinder.java,ShaderBinder,semantic,com.corrodinggames.rts.gameFramework.b.m,jar-ok
com/corrodinggames/rts/gameFramework/opengl/ShaderHandles.java,ShaderHandles,semantic,com.corrodinggames.rts.gameFramework.b.ak,jar-ok
com/corrodinggames/rts/gameFramework/opengl/ShaderLayout.java,ShaderLayout,semantic,com.corrodinggames.rts.gameFramework.b.z,jar-ok
com/corrodinggames/rts/gameFramework/opengl/ShaderSource.java,ShaderSource,semantic,com.corrodinggames.rts.gameFramework.b.h,jar-ok
com/corrodinggames/rts/gameFramework/opengl/SpriteShader.java,SpriteShader,semantic,com.corrodinggames.rts.gameFramework.b.d,jar-ok
com/corrodinggames/rts/gameFramework/opengl/TextureConfig$1.java,TextureConfig,semantic,com.corrodinggames.rts.gameFramework.b.ai,jar-ok
com/corrodinggames/rts/gameFramework/opengl/TextureConfig.java,TextureConfig,semantic,com.corrodinggames.rts.gameFramework.b.ai,jar-ok
com/corrodinggames/rts/gameFramework/opengl/TextureIdProvider.java,TextureIdProvider,semantic,com.corrodinggames.rts.gameFramework.b.u,jar-ok
com/corrodinggames/rts/gameFramework/opengl/ThemeColorEntry$1.java,ThemeColorEntry,semantic,com.corrodinggames.rts.gameFramework.f.ah,jar-ok
com/corrodinggames/rts/gameFramework/opengl/TransformCallback.java,TransformCallback,semantic,com.corrodinggames.rts.gameFramework.b.l,jar-ok
com/corrodinggames/rts/gameFramework/opengl/UniformLocation.java,UniformLocation,semantic,com.corrodinggames.rts.gameFramework.b.s,jar-ok
com/corrodinggames/rts/gameFramework/opengl/x.java,x,obf-filename,com.corrodinggames.rts.gameFramework.opengl.x,jar-ok
com/corrodinggames/rts/gameFramework/opengl/batch/a.java,a,obf-filename,com.corrodinggames.rts.gameFramework.opengl.batch.a,jar-ok
com/corrodinggames/rts/gameFramework/opengl/batch/b.java,b,obf-filename,com.corrodinggames.rts.gameFramework.opengl.batch.b,jar-ok
com/corrodinggames/rts/gameFramework/opengl/batch/c.java,c,obf-filename,com.corrodinggames.rts.gameFramework.opengl.batch.c,jar-ok
com/corrodinggames/rts/gameFramework/opengl/batch/d.java,d,obf-filename,com.corrodinggames.rts.gameFramework.opengl.batch.d,jar-ok
com/corrodinggames/rts/gameFramework/opengl/batch/e.java,e,obf-filename,com.corrodinggames.rts.gameFramework.opengl.batch.e,jar-ok
com/corrodinggames/rts/gameFramework/opengl/batch/f.java,f,obf-filename,com.corrodinggames.rts.gameFramework.opengl.batch.f,jar-ok
com/corrodinggames/rts/gameFramework/opengl/batch/g.java,g,obf-filename,com.corrodinggames.rts.gameFramework.opengl.batch.g,jar-ok
com/corrodinggames/rts/gameFramework/opengl/batch/resources/GLResourceBase.java,GLResourceBase,semantic,com.corrodinggames.rts.gameFramework.b.a.a.a,jar-ok
com/corrodinggames/rts/gameFramework/opengl/batch/resources/GLTexture.java,GLTexture,semantic,com.corrodinggames.rts.gameFramework.opengl.b,jar-MISSING
com/corrodinggames/rts/gameFramework/pathfinding/AStarNode.java,AStarNode,semantic,com.corrodinggames.rts.gameFramework.k.n,jar-ok
com/corrodinggames/rts/gameFramework/pathfinding/AStarSearch.java,AStarSearch,semantic,com.corrodinggames.rts.gameFramework.k.j,jar-ok
com/corrodinggames/rts/gameFramework/pathfinding/FastNodeQueue.java,FastNodeQueue,semantic,com.corrodinggames.rts.gameFramework.k.d,jar-ok
com/corrodinggames/rts/gameFramework/pathfinding/h.java,h,obf-filename,com.corrodinggames.rts.gameFramework.pathfinding.h,jar-ok
com/corrodinggames/rts/gameFramework/pathfinding/NodePool.java,NodePool,semantic,com.corrodinggames.rts.gameFramework.k.m,jar-ok
com/corrodinggames/rts/gameFramework/pathfinding/NodeQueue.java,NodeQueue,semantic,com.corrodinggames.rts.gameFramework.k.e,jar-ok
com/corrodinggames/rts/gameFramework/pathfinding/PathCostCalc.java,PathCostCalc,semantic,com.corrodinggames.rts.gameFramework.k.f,jar-ok
com/corrodinggames/rts/gameFramework/pathfinding/PathCostCalculator.java,PathCostCalculator,semantic,com.corrodinggames.rts.gameFramework.k.k,jar-ok
com/corrodinggames/rts/gameFramework/pathfinding/PathCostLocator.java,PathCostLocator,semantic,com/corrodinggames/rts/gameFramework/k.c,jar-MISSING
com/corrodinggames/rts/gameFramework/pathfinding/PathFinder.java,PathFinder,semantic,com.corrodinggames.rts.gameFramework.k.l,jar-ok
com/corrodinggames/rts/gameFramework/pathfinding/PathNode.java,PathNode,semantic,com.corrodinggames.rts.gameFramework.k.p,jar-ok
com/corrodinggames/rts/gameFramework/pathfinding/PathSolver.java,PathSolver,semantic,com.corrodinggames.rts.gameFramework.k.i,jar-ok
com/corrodinggames/rts/gameFramework/pathfinding/PathSolverRunner.java,PathSolverRunner,semantic,com.corrodinggames.rts.gameFramework.k.o,jar-ok
com/corrodinggames/rts/gameFramework/pathfinding/SAFFileManager$1.java,AIStrategy,semantic,com.corrodinggames.rts.game.a.a.a,jar-ok
com/corrodinggames/rts/gameFramework/pathfinding/TerrainCost.java,TerrainCost,semantic,com.corrodinggames.rts.gameFramework.k.g,jar-ok
com/corrodinggames/rts/gameFramework/pathfinding/UnitList$1.java,UnitList,semantic,com.corrodinggames.rts.gameFramework.k.a,jar-ok
com/corrodinggames/rts/gameFramework/pathfinding/UnitList.java,UnitList,semantic,com.corrodinggames.rts.gameFramework.k.a,jar-ok
com/corrodinggames/rts/gameFramework/pathfinding/UnitListIterator.java,UnitListIterator,semantic,com.corrodinggames.rts.gameFramework.k.b,jar-ok
com/corrodinggames/rts/gameFramework/platform/AndroidSoundFactory.java,AndroidSoundFactory,semantic,com.corrodinggames.rts.gameFramework.a.a,jar-ok
com/corrodinggames/rts/gameFramework/platform/NullSound.java,NullSound,semantic,com.corrodinggames.rts.gameFramework.a.g,jar-ok
com/corrodinggames/rts/gameFramework/platform/NullSoundFactory.java,NullSoundFactory,semantic,com.corrodinggames.rts.gameFramework.a.f,jar-ok
com/corrodinggames/rts/gameFramework/platform/Sound.java,Sound,semantic,com.corrodinggames.rts.gameFramework.a.i,jar-ok
com/corrodinggames/rts/gameFramework/platform/SoundFactory.java,SoundFactory,semantic,com.corrodinggames.rts.gameFramework.a.h,jar-ok
com/corrodinggames/rts/gameFramework/platform/SoundInstance.java,SoundInstance,semantic,com.corrodinggames.rts.gameFramework.a.b,jar-ok
com/corrodinggames/rts/gameFramework/platform/SoundPlayRequest.java,SoundPlayRequest,semantic,com.corrodinggames.rts.gameFramework.a.c,jar-ok
com/corrodinggames/rts/gameFramework/platform/SoundRegistry.java,SoundRegistry,semantic,com.corrodinggames.rts.gameFramework.a.e,jar-ok
com/corrodinggames/rts/gameFramework/platform/SoundThread.java,SoundThread,semantic,com.corrodinggames.rts.gameFramework.a.d,jar-ok
com/corrodinggames/rts/gameFramework/rendering/ab.java,ab,obf-filename,com.corrodinggames.rts.gameFramework.rendering.ab,jar-ok
com/corrodinggames/rts/gameFramework/rendering/BitmapDrawer.java,BitmapDrawer,semantic,com.corrodinggames.rts.gameFramework.m.k,jar-ok
com/corrodinggames/rts/gameFramework/rendering/c.java,c,obf-filename,com.corrodinggames.rts.gameFramework.rendering.c,jar-ok
com/corrodinggames/rts/gameFramework/rendering/CanvasRenderer.java,CanvasRenderer,semantic,com.corrodinggames.rts.gameFramework.m.j,jar-ok
com/corrodinggames/rts/gameFramework/rendering/CustomColorFilter.java,CustomColorFilter,semantic,com.corrodinggames.rts.gameFramework.m.v,jar-ok
com/corrodinggames/rts/gameFramework/rendering/d.java,d,obf-filename,com.corrodinggames.rts.gameFramework.rendering.d,jar-ok
com/corrodinggames/rts/gameFramework/rendering/DrawCommand.java,DrawCommand,semantic,com.corrodinggames.rts.gameFramework.m.m,jar-ok
com/corrodinggames/rts/gameFramework/rendering/DrawContext$1.java,DrawContext,semantic,com.corrodinggames.rts.gameFramework.m.o,jar-ok
com/corrodinggames/rts/gameFramework/rendering/DrawContext.java,DrawContext,semantic,com.corrodinggames.rts.gameFramework.m.o,jar-ok
com/corrodinggames/rts/gameFramework/rendering/EffectConfig$1.java,EffectConfig,semantic,com.corrodinggames.rts.gameFramework.m.p,jar-ok
com/corrodinggames/rts/gameFramework/rendering/EffectConfig$10.java,EffectConfig,semantic,com.corrodinggames.rts.gameFramework.m.p,jar-ok
com/corrodinggames/rts/gameFramework/rendering/EffectConfig$11.java,EffectConfig,semantic,com.corrodinggames.rts.gameFramework.m.p,jar-ok
com/corrodinggames/rts/gameFramework/rendering/EffectConfig$12.java,EffectConfig,semantic,com.corrodinggames.rts.gameFramework.m.p,jar-ok
com/corrodinggames/rts/gameFramework/rendering/EffectConfig$13.java,EffectConfig,semantic,com.corrodinggames.rts.gameFramework.m.p,jar-ok
com/corrodinggames/rts/gameFramework/rendering/EffectConfig$14.java,EffectConfig,semantic,com.corrodinggames.rts.gameFramework.m.p,jar-ok
com/corrodinggames/rts/gameFramework/rendering/EffectConfig$15.java,EffectConfig,semantic,com.corrodinggames.rts.gameFramework.m.p,jar-ok
com/corrodinggames/rts/gameFramework/rendering/EffectConfig$16.java,EffectConfig,semantic,com.corrodinggames.rts.gameFramework.m.p,jar-ok
com/corrodinggames/rts/gameFramework/rendering/EffectConfig$17.java,EffectConfig,semantic,com.corrodinggames.rts.gameFramework.m.p,jar-ok
com/corrodinggames/rts/gameFramework/rendering/EffectConfig$18.java,EffectConfig,semantic,com.corrodinggames.rts.gameFramework.m.p,jar-ok
com/corrodinggames/rts/gameFramework/rendering/EffectConfig$19.java,EffectConfig,semantic,com.corrodinggames.rts.gameFramework.m.p,jar-ok
com/corrodinggames/rts/gameFramework/rendering/EffectConfig$2.java,EffectConfig,semantic,com.corrodinggames.rts.gameFramework.m.p,jar-ok
com/corrodinggames/rts/gameFramework/rendering/EffectConfig$20.java,EffectConfig,semantic,com.corrodinggames.rts.gameFramework.m.p,jar-ok
com/corrodinggames/rts/gameFramework/rendering/EffectConfig$21.java,EffectConfig,semantic,com.corrodinggames.rts.gameFramework.m.p,jar-ok
com/corrodinggames/rts/gameFramework/rendering/EffectConfig$22.java,EffectConfig,semantic,com.corrodinggames.rts.gameFramework.m.p,jar-ok
com/corrodinggames/rts/gameFramework/rendering/EffectConfig$23.java,EffectConfig,semantic,com.corrodinggames.rts.gameFramework.m.p,jar-ok
com/corrodinggames/rts/gameFramework/rendering/EffectConfig$24.java,EffectConfig,semantic,com.corrodinggames.rts.gameFramework.m.p,jar-ok
com/corrodinggames/rts/gameFramework/rendering/EffectConfig$25.java,EffectConfig,semantic,com.corrodinggames.rts.gameFramework.m.p,jar-ok
com/corrodinggames/rts/gameFramework/rendering/EffectConfig$26.java,EffectConfig,semantic,com.corrodinggames.rts.gameFramework.m.p,jar-ok
com/corrodinggames/rts/gameFramework/rendering/EffectConfig$27.java,EffectConfig,semantic,com.corrodinggames.rts.gameFramework.m.p,jar-ok
com/corrodinggames/rts/gameFramework/rendering/EffectConfig$28.java,EffectConfig,semantic,com.corrodinggames.rts.gameFramework.m.p,jar-ok
com/corrodinggames/rts/gameFramework/rendering/EffectConfig$29.java,EffectConfig,semantic,com.corrodinggames.rts.gameFramework.m.p,jar-ok
com/corrodinggames/rts/gameFramework/rendering/EffectConfig$3.java,EffectConfig,semantic,com.corrodinggames.rts.gameFramework.m.p,jar-ok
com/corrodinggames/rts/gameFramework/rendering/EffectConfig$30.java,EffectConfig,semantic,com.corrodinggames.rts.gameFramework.m.p,jar-ok
com/corrodinggames/rts/gameFramework/rendering/EffectConfig$31.java,EffectConfig,semantic,com.corrodinggames.rts.gameFramework.m.p,jar-ok
com/corrodinggames/rts/gameFramework/rendering/EffectConfig$32.java,EffectConfig,semantic,com.corrodinggames.rts.gameFramework.m.p,jar-ok
com/corrodinggames/rts/gameFramework/rendering/EffectConfig$33.java,EffectConfig,semantic,com.corrodinggames.rts.gameFramework.m.p,jar-ok
com/corrodinggames/rts/gameFramework/rendering/EffectConfig$34.java,EffectConfig,semantic,com.corrodinggames.rts.gameFramework.m.p,jar-ok
com/corrodinggames/rts/gameFramework/rendering/EffectConfig$35.java,EffectConfig,semantic,com.corrodinggames.rts.gameFramework.m.p,jar-ok
com/corrodinggames/rts/gameFramework/rendering/EffectConfig$36.java,EffectConfig,semantic,com.corrodinggames.rts.gameFramework.m.p,jar-ok
com/corrodinggames/rts/gameFramework/rendering/EffectConfig$37.java,EffectConfig,semantic,com.corrodinggames.rts.gameFramework.m.p,jar-ok
com/corrodinggames/rts/gameFramework/rendering/EffectConfig$38.java,EffectConfig,semantic,com.corrodinggames.rts.gameFramework.m.p,jar-ok
com/corrodinggames/rts/gameFramework/rendering/EffectConfig$39.java,EffectConfig,semantic,com.corrodinggames.rts.gameFramework.m.p,jar-ok
com/corrodinggames/rts/gameFramework/rendering/EffectConfig$4.java,EffectConfig,semantic,com.corrodinggames.rts.gameFramework.m.p,jar-ok
com/corrodinggames/rts/gameFramework/rendering/EffectConfig$40.java,EffectConfig,semantic,com.corrodinggames.rts.gameFramework.m.p,jar-ok
com/corrodinggames/rts/gameFramework/rendering/EffectConfig$41.java,EffectConfig,semantic,com.corrodinggames.rts.gameFramework.m.p,jar-ok
com/corrodinggames/rts/gameFramework/rendering/EffectConfig$42.java,EffectConfig,semantic,com.corrodinggames.rts.gameFramework.m.p,jar-ok
com/corrodinggames/rts/gameFramework/rendering/EffectConfig$43.java,EffectConfig,semantic,com.corrodinggames.rts.gameFramework.m.p,jar-ok
com/corrodinggames/rts/gameFramework/rendering/EffectConfig$44.java,EffectConfig,semantic,com.corrodinggames.rts.gameFramework.m.p,jar-ok
com/corrodinggames/rts/gameFramework/rendering/EffectConfig$45.java,EffectConfig,semantic,com.corrodinggames.rts.gameFramework.m.p,jar-ok
com/corrodinggames/rts/gameFramework/rendering/EffectConfig$46.java,EffectConfig,semantic,com.corrodinggames.rts.gameFramework.m.p,jar-ok
com/corrodinggames/rts/gameFramework/rendering/EffectConfig$47.java,EffectConfig,semantic,com.corrodinggames.rts.gameFramework.m.p,jar-ok
com/corrodinggames/rts/gameFramework/rendering/EffectConfig$48.java,EffectConfig,semantic,com.corrodinggames.rts.gameFramework.m.p,jar-ok
com/corrodinggames/rts/gameFramework/rendering/EffectConfig$49.java,EffectConfig,semantic,com.corrodinggames.rts.gameFramework.m.p,jar-ok
com/corrodinggames/rts/gameFramework/rendering/EffectConfig$5.java,EffectConfig,semantic,com.corrodinggames.rts.gameFramework.m.p,jar-ok
com/corrodinggames/rts/gameFramework/rendering/EffectConfig$50.java,EffectConfig,semantic,com.corrodinggames.rts.gameFramework.m.p,jar-ok
com/corrodinggames/rts/gameFramework/rendering/EffectConfig$51.java,EffectConfig,semantic,com.corrodinggames.rts.gameFramework.m.p,jar-ok
com/corrodinggames/rts/gameFramework/rendering/EffectConfig$52.java,EffectConfig,semantic,com.corrodinggames.rts.gameFramework.m.p,jar-ok
com/corrodinggames/rts/gameFramework/rendering/EffectConfig$53.java,EffectConfig,semantic,com.corrodinggames.rts.gameFramework.m.p,jar-ok
com/corrodinggames/rts/gameFramework/rendering/EffectConfig$54.java,EffectConfig,semantic,com.corrodinggames.rts.gameFramework.m.p,jar-ok
com/corrodinggames/rts/gameFramework/rendering/EffectConfig$55.java,EffectConfig,semantic,com.corrodinggames.rts.gameFramework.m.p,jar-ok
com/corrodinggames/rts/gameFramework/rendering/EffectConfig$56.java,EffectConfig,semantic,com.corrodinggames.rts.gameFramework.m.p,jar-ok
com/corrodinggames/rts/gameFramework/rendering/EffectConfig$57.java,EffectConfig,semantic,com.corrodinggames.rts.gameFramework.m.p,jar-ok
com/corrodinggames/rts/gameFramework/rendering/EffectConfig$58.java,EffectConfig,semantic,com.corrodinggames.rts.gameFramework.m.p,jar-ok
com/corrodinggames/rts/gameFramework/rendering/EffectConfig$59.java,EffectConfig,semantic,com.corrodinggames.rts.gameFramework.m.p,jar-ok
com/corrodinggames/rts/gameFramework/rendering/EffectConfig$6.java,EffectConfig,semantic,com.corrodinggames.rts.gameFramework.m.p,jar-ok
com/corrodinggames/rts/gameFramework/rendering/EffectConfig$60.java,EffectConfig,semantic,com.corrodinggames.rts.gameFramework.m.p,jar-ok
com/corrodinggames/rts/gameFramework/rendering/EffectConfig$61.java,EffectConfig,semantic,com.corrodinggames.rts.gameFramework.m.p,jar-ok
com/corrodinggames/rts/gameFramework/rendering/EffectConfig$62.java,EffectConfig,semantic,com.corrodinggames.rts.gameFramework.m.p,jar-ok
com/corrodinggames/rts/gameFramework/rendering/EffectConfig$63.java,EffectConfig,semantic,com.corrodinggames.rts.gameFramework.m.p,jar-ok
com/corrodinggames/rts/gameFramework/rendering/EffectConfig$64.java,EffectConfig,semantic,com.corrodinggames.rts.gameFramework.m.p,jar-ok
com/corrodinggames/rts/gameFramework/rendering/EffectConfig$65.java,EffectConfig,semantic,com.corrodinggames.rts.gameFramework.m.p,jar-ok
com/corrodinggames/rts/gameFramework/rendering/EffectConfig$66.java,EffectConfig,semantic,com.corrodinggames.rts.gameFramework.m.p,jar-ok
com/corrodinggames/rts/gameFramework/rendering/EffectConfig$67.java,EffectConfig,semantic,com.corrodinggames.rts.gameFramework.m.p,jar-ok
com/corrodinggames/rts/gameFramework/rendering/EffectConfig$68.java,EffectConfig,semantic,com.corrodinggames.rts.gameFramework.m.p,jar-ok
com/corrodinggames/rts/gameFramework/rendering/EffectConfig$69.java,EffectConfig,semantic,com.corrodinggames.rts.gameFramework.m.p,jar-ok
com/corrodinggames/rts/gameFramework/rendering/EffectConfig$7.java,EffectConfig,semantic,com.corrodinggames.rts.gameFramework.m.p,jar-ok
com/corrodinggames/rts/gameFramework/rendering/EffectConfig$70.java,EffectConfig,semantic,com.corrodinggames.rts.gameFramework.m.p,jar-ok
com/corrodinggames/rts/gameFramework/rendering/EffectConfig$71.java,EffectConfig,semantic,com.corrodinggames.rts.gameFramework.m.p,jar-ok
com/corrodinggames/rts/gameFramework/rendering/EffectConfig$72.java,EffectConfig,semantic,com.corrodinggames.rts.gameFramework.m.p,jar-ok
com/corrodinggames/rts/gameFramework/rendering/EffectConfig$8.java,EffectConfig,semantic,com.corrodinggames.rts.gameFramework.m.p,jar-ok
com/corrodinggames/rts/gameFramework/rendering/EffectConfig$9.java,EffectConfig,semantic,com.corrodinggames.rts.gameFramework.m.p,jar-ok
com/corrodinggames/rts/gameFramework/rendering/EffectConfig.java,EffectConfig,semantic,com.corrodinggames.rts.gameFramework.m.p,jar-ok
com/corrodinggames/rts/gameFramework/rendering/FileShader.java,FileShader,semantic,com.corrodinggames.rts.gameFramework.m.i,jar-ok
com/corrodinggames/rts/gameFramework/rendering/FontRenderer.java,FontRenderer,semantic,com.corrodinggames.rts.gameFramework.m.aa,jar-ok
com/corrodinggames/rts/gameFramework/rendering/GL10Renderer.java,GL10Renderer,semantic,com.corrodinggames.rts.gameFramework.m.ac,jar-ok
com/corrodinggames/rts/gameFramework/rendering/GLTextureRegion.java,GLTextureRegion,semantic,com.corrodinggames.rts.gameFramework.m.b,jar-ok
com/corrodinggames/rts/gameFramework/rendering/LicenseValidator$1.java,LicenseValidator,semantic,com.corrodinggames.rts.java.p,jar-ok
com/corrodinggames/rts/gameFramework/rendering/LicenseValidator$10.java,LicenseValidator,semantic,com.corrodinggames.rts.java.p,jar-ok
com/corrodinggames/rts/gameFramework/rendering/LicenseValidator$11.java,LicenseValidator,semantic,com.corrodinggames.rts.java.p,jar-ok
com/corrodinggames/rts/gameFramework/rendering/LicenseValidator$12.java,LicenseValidator,semantic,com.corrodinggames.rts.java.p,jar-ok
com/corrodinggames/rts/gameFramework/rendering/LicenseValidator$13.java,LicenseValidator,semantic,com.corrodinggames.rts.java.p,jar-ok
com/corrodinggames/rts/gameFramework/rendering/LicenseValidator$14.java,LicenseValidator,semantic,com.corrodinggames.rts.java.p,jar-ok
com/corrodinggames/rts/gameFramework/rendering/LicenseValidator$15.java,LicenseValidator,semantic,com.corrodinggames.rts.java.p,jar-ok
com/corrodinggames/rts/gameFramework/rendering/LicenseValidator$16.java,LicenseValidator,semantic,com.corrodinggames.rts.java.p,jar-ok
com/corrodinggames/rts/gameFramework/rendering/LicenseValidator$17.java,LicenseValidator,semantic,com.corrodinggames.rts.java.p,jar-ok
com/corrodinggames/rts/gameFramework/rendering/LicenseValidator$18.java,LicenseValidator,semantic,com.corrodinggames.rts.java.p,jar-ok
com/corrodinggames/rts/gameFramework/rendering/LicenseValidator$19.java,LicenseValidator,semantic,com.corrodinggames.rts.java.p,jar-ok
com/corrodinggames/rts/gameFramework/rendering/LicenseValidator$2.java,LicenseValidator,semantic,com.corrodinggames.rts.java.p,jar-ok
com/corrodinggames/rts/gameFramework/rendering/LicenseValidator$20.java,LicenseValidator,semantic,com.corrodinggames.rts.java.p,jar-ok
com/corrodinggames/rts/gameFramework/rendering/LicenseValidator$21.java,LicenseValidator,semantic,com.corrodinggames.rts.java.p,jar-ok
com/corrodinggames/rts/gameFramework/rendering/LicenseValidator$22.java,LicenseValidator,semantic,com.corrodinggames.rts.java.p,jar-ok
com/corrodinggames/rts/gameFramework/rendering/LicenseValidator$23.java,LicenseValidator,semantic,com.corrodinggames.rts.java.p,jar-ok
com/corrodinggames/rts/gameFramework/rendering/LicenseValidator$24.java,LicenseValidator,semantic,com.corrodinggames.rts.java.p,jar-ok
com/corrodinggames/rts/gameFramework/rendering/LicenseValidator$25.java,LicenseValidator,semantic,com.corrodinggames.rts.java.p,jar-ok
com/corrodinggames/rts/gameFramework/rendering/LicenseValidator$26.java,LicenseValidator,semantic,com.corrodinggames.rts.java.p,jar-ok
com/corrodinggames/rts/gameFramework/rendering/LicenseValidator$27.java,LicenseValidator,semantic,com.corrodinggames.rts.java.p,jar-ok
com/corrodinggames/rts/gameFramework/rendering/LicenseValidator$28.java,LicenseValidator,semantic,com.corrodinggames.rts.java.p,jar-ok
com/corrodinggames/rts/gameFramework/rendering/LicenseValidator$29.java,LicenseValidator,semantic,com.corrodinggames.rts.java.p,jar-ok
com/corrodinggames/rts/gameFramework/rendering/LicenseValidator$3.java,LicenseValidator,semantic,com.corrodinggames.rts.java.p,jar-ok
com/corrodinggames/rts/gameFramework/rendering/LicenseValidator$30.java,LicenseValidator,semantic,com.corrodinggames.rts.java.p,jar-ok
com/corrodinggames/rts/gameFramework/rendering/LicenseValidator$31.java,LicenseValidator,semantic,com.corrodinggames.rts.java.p,jar-ok
com/corrodinggames/rts/gameFramework/rendering/LicenseValidator$32.java,LicenseValidator,semantic,com.corrodinggames.rts.java.p,jar-ok
com/corrodinggames/rts/gameFramework/rendering/LicenseValidator$33.java,LicenseValidator,semantic,com.corrodinggames.rts.java.p,jar-ok
com/corrodinggames/rts/gameFramework/rendering/LicenseValidator$34.java,LicenseValidator,semantic,com.corrodinggames.rts.java.p,jar-ok
com/corrodinggames/rts/gameFramework/rendering/LicenseValidator$35.java,LicenseValidator,semantic,com.corrodinggames.rts.java.p,jar-ok
com/corrodinggames/rts/gameFramework/rendering/LicenseValidator$36.java,LicenseValidator,semantic,com.corrodinggames.rts.java.p,jar-ok
com/corrodinggames/rts/gameFramework/rendering/LicenseValidator$37.java,LicenseValidator,semantic,com.corrodinggames.rts.java.p,jar-ok
com/corrodinggames/rts/gameFramework/rendering/LicenseValidator$38.java,LicenseValidator,semantic,com.corrodinggames.rts.java.p,jar-ok
com/corrodinggames/rts/gameFramework/rendering/LicenseValidator$39.java,LicenseValidator,semantic,com.corrodinggames.rts.java.p,jar-ok
com/corrodinggames/rts/gameFramework/rendering/LicenseValidator$4.java,LicenseValidator,semantic,com.corrodinggames.rts.java.p,jar-ok
com/corrodinggames/rts/gameFramework/rendering/LicenseValidator$40.java,LicenseValidator,semantic,com.corrodinggames.rts.java.p,jar-ok
com/corrodinggames/rts/gameFramework/rendering/LicenseValidator$41.java,LicenseValidator,semantic,com.corrodinggames.rts.java.p,jar-ok
com/corrodinggames/rts/gameFramework/rendering/LicenseValidator$42.java,LicenseValidator,semantic,com.corrodinggames.rts.java.p,jar-ok
com/corrodinggames/rts/gameFramework/rendering/LicenseValidator$43.java,LicenseValidator,semantic,com.corrodinggames.rts.java.p,jar-ok
com/corrodinggames/rts/gameFramework/rendering/LicenseValidator$44.java,LicenseValidator,semantic,com.corrodinggames.rts.java.p,jar-ok
com/corrodinggames/rts/gameFramework/rendering/LicenseValidator$45.java,LicenseValidator,semantic,com.corrodinggames.rts.java.p,jar-ok
com/corrodinggames/rts/gameFramework/rendering/LicenseValidator$46.java,LicenseValidator,semantic,com.corrodinggames.rts.java.p,jar-ok
com/corrodinggames/rts/gameFramework/rendering/LicenseValidator$47.java,LicenseValidator,semantic,com.corrodinggames.rts.java.p,jar-ok
com/corrodinggames/rts/gameFramework/rendering/LicenseValidator$48.java,LicenseValidator,semantic,com.corrodinggames.rts.java.p,jar-ok
com/corrodinggames/rts/gameFramework/rendering/LicenseValidator$49.java,LicenseValidator,semantic,com.corrodinggames.rts.java.p,jar-ok
com/corrodinggames/rts/gameFramework/rendering/LicenseValidator$5.java,LicenseValidator,semantic,com.corrodinggames.rts.java.p,jar-ok
com/corrodinggames/rts/gameFramework/rendering/LicenseValidator$50.java,LicenseValidator,semantic,com.corrodinggames.rts.java.p,jar-ok
com/corrodinggames/rts/gameFramework/rendering/LicenseValidator$51.java,LicenseValidator,semantic,com.corrodinggames.rts.java.p,jar-ok
com/corrodinggames/rts/gameFramework/rendering/LicenseValidator$52.java,LicenseValidator,semantic,com.corrodinggames.rts.java.p,jar-ok
com/corrodinggames/rts/gameFramework/rendering/LicenseValidator$53.java,LicenseValidator,semantic,com.corrodinggames.rts.java.p,jar-ok
com/corrodinggames/rts/gameFramework/rendering/LicenseValidator$54.java,LicenseValidator,semantic,com.corrodinggames.rts.java.p,jar-ok
com/corrodinggames/rts/gameFramework/rendering/LicenseValidator$55.java,LicenseValidator,semantic,com.corrodinggames.rts.java.p,jar-ok
com/corrodinggames/rts/gameFramework/rendering/LicenseValidator$56.java,LicenseValidator,semantic,com.corrodinggames.rts.java.p,jar-ok
com/corrodinggames/rts/gameFramework/rendering/LicenseValidator$57.java,LicenseValidator,semantic,com.corrodinggames.rts.java.p,jar-ok
com/corrodinggames/rts/gameFramework/rendering/LicenseValidator$58.java,LicenseValidator,semantic,com.corrodinggames.rts.java.p,jar-ok
com/corrodinggames/rts/gameFramework/rendering/LicenseValidator$59.java,LicenseValidator,semantic,com.corrodinggames.rts.java.p,jar-ok
com/corrodinggames/rts/gameFramework/rendering/LicenseValidator$6.java,LicenseValidator,semantic,com.corrodinggames.rts.java.p,jar-ok
com/corrodinggames/rts/gameFramework/rendering/LicenseValidator$60.java,LicenseValidator,semantic,com.corrodinggames.rts.java.p,jar-ok
com/corrodinggames/rts/gameFramework/rendering/LicenseValidator$61.java,LicenseValidator,semantic,com.corrodinggames.rts.java.p,jar-ok
com/corrodinggames/rts/gameFramework/rendering/LicenseValidator$62.java,LicenseValidator,semantic,com.corrodinggames.rts.java.p,jar-ok
com/corrodinggames/rts/gameFramework/rendering/LicenseValidator$63.java,LicenseValidator,semantic,com.corrodinggames.rts.java.p,jar-ok
com/corrodinggames/rts/gameFramework/rendering/LicenseValidator$64.java,LicenseValidator,semantic,com.corrodinggames.rts.java.p,jar-ok
com/corrodinggames/rts/gameFramework/rendering/LicenseValidator$65.java,LicenseValidator,semantic,com.corrodinggames.rts.java.p,jar-ok
com/corrodinggames/rts/gameFramework/rendering/LicenseValidator$66.java,LicenseValidator,semantic,com.corrodinggames.rts.java.p,jar-ok
com/corrodinggames/rts/gameFramework/rendering/LicenseValidator$67.java,LicenseValidator,semantic,com.corrodinggames.rts.java.p,jar-ok
com/corrodinggames/rts/gameFramework/rendering/LicenseValidator$68.java,LicenseValidator,semantic,com.corrodinggames.rts.java.p,jar-ok
com/corrodinggames/rts/gameFramework/rendering/LicenseValidator$69.java,LicenseValidator,semantic,com.corrodinggames.rts.java.p,jar-ok
com/corrodinggames/rts/gameFramework/rendering/LicenseValidator$7.java,LicenseValidator,semantic,com.corrodinggames.rts.java.p,jar-ok
com/corrodinggames/rts/gameFramework/rendering/LicenseValidator$70.java,LicenseValidator,semantic,com.corrodinggames.rts.java.p,jar-ok
com/corrodinggames/rts/gameFramework/rendering/LicenseValidator$71.java,LicenseValidator,semantic,com.corrodinggames.rts.java.p,jar-ok
com/corrodinggames/rts/gameFramework/rendering/LicenseValidator$72.java,LicenseValidator,semantic,com.corrodinggames.rts.java.p,jar-ok
com/corrodinggames/rts/gameFramework/rendering/LicenseValidator$8.java,LicenseValidator,semantic,com.corrodinggames.rts.java.p,jar-ok
com/corrodinggames/rts/gameFramework/rendering/LicenseValidator$9.java,LicenseValidator,semantic,com.corrodinggames.rts.java.p,jar-ok
com/corrodinggames/rts/gameFramework/rendering/NullRenderer.java,NullRenderer,semantic,com.corrodinggames.rts.gameFramework.m.n,jar-ok
com/corrodinggames/rts/gameFramework/rendering/NullSpriteBatchBackend.java,NullSpriteBatchBackend,semantic,com.corrodinggames.rts.gameFramework.m.z,jar-ok
com/corrodinggames/rts/gameFramework/rendering/ObjectPool.java,ObjectPool,semantic,com.corrodinggames.rts.gameFramework.m.q,jar-ok
com/corrodinggames/rts/gameFramework/rendering/OpenGLRenderer.java,OpenGLRenderer,semantic,com.corrodinggames.rts.gameFramework.m.a,jar-ok
com/corrodinggames/rts/gameFramework/rendering/r.java,r,obf-filename,com.corrodinggames.rts.gameFramework.rendering.r,jar-ok
com/corrodinggames/rts/gameFramework/rendering/RenderBatch.java,RenderBatch,semantic,com.corrodinggames.rts.gameFramework.m.u,jar-ok
com/corrodinggames/rts/gameFramework/rendering/Renderer.java,Renderer,semantic,com.corrodinggames.rts.gameFramework.m.l,jar-ok
com/corrodinggames/rts/gameFramework/rendering/s.java,s,obf-filename,com.corrodinggames.rts.gameFramework.rendering.s,jar-ok
com/corrodinggames/rts/gameFramework/rendering/Shader.java,Shader,semantic,com.corrodinggames.rts.gameFramework.m.ae,jar-ok
com/corrodinggames/rts/gameFramework/rendering/ShaderUniform.java,ShaderUniform,semantic,com.corrodinggames.rts.gameFramework.m.af,jar-ok
com/corrodinggames/rts/gameFramework/rendering/Sprite.java,Sprite,semantic,com.corrodinggames.rts.gameFramework.ay,jar-ok
com/corrodinggames/rts/gameFramework/rendering/t.java,t,obf-filename,com.corrodinggames.rts.gameFramework.rendering.t,jar-ok
com/corrodinggames/rts/gameFramework/rendering/TeamColorTexture.java,TeamColorTexture,semantic,com.corrodinggames.rts.gameFramework.m.h,jar-ok
com/corrodinggames/rts/gameFramework/rendering/Texture.java,Texture,semantic,com.corrodinggames.rts.gameFramework.m.e,jar-ok
com/corrodinggames/rts/gameFramework/rendering/TextureFrame.java,TextureFrame,semantic,com.corrodinggames.rts.gameFramework.m.g,jar-ok
com/corrodinggames/rts/gameFramework/rendering/TextureManager.java,TextureManager,semantic,com.corrodinggames.rts.gameFramework.m.x,jar-ok
com/corrodinggames/rts/gameFramework/rendering/TextureManagerInterface.java,TextureManagerInterface,semantic,com.corrodinggames.rts.gameFramework.m.y,jar-ok
com/corrodinggames/rts/gameFramework/rendering/TextureProxy.java,TextureProxy,semantic,com.corrodinggames.rts.gameFramework.m.ad,jar-ok
com/corrodinggames/rts/gameFramework/rendering/UniquePaint.java,UniquePaint,semantic,com.corrodinggames.rts.gameFramework.m.ag,jar-ok
com/corrodinggames/rts/gameFramework/rendering/UpdateChecker$1.java,UpdateChecker,no-map,,
com/corrodinggames/rts/gameFramework/rendering/w.java,w,obf-filename,com.corrodinggames.rts.gameFramework.rendering.w,jar-ok
com/corrodinggames/rts/gameFramework/steam/Localization.java,Localization,semantic,com.corrodinggames.rts.gameFramework.h.a,jar-ok
com/corrodinggames/rts/gameFramework/steam/MultiResourceBundle.java,MultiResourceBundle,semantic,com.corrodinggames.rts.gameFramework.h.b,jar-ok
com/corrodinggames/rts/gameFramework/steamworks/SteamEngine.java,SteamEngine,semantic,com.corrodinggames.rts.gameFramework.o.a,jar-ok
com/corrodinggames/rts/gameFramework/ui/ac.java,ac,obf-filename,com.corrodinggames.rts.gameFramework.ui.ac,jar-ok
com/corrodinggames/rts/gameFramework/ui/ActionCooldown.java,ActionCooldown,semantic,com.corrodinggames.rts.gameFramework.f.c,jar-ok
com/corrodinggames/rts/gameFramework/ui/ActionPanel.java,ActionPanel,semantic,com.corrodinggames.rts.gameFramework.f.a,jar-ok
com/corrodinggames/rts/gameFramework/ui/ActionType$1.java,ActionType,semantic,com.corrodinggames.rts.game.units.actions.f,jar-MISSING
com/corrodinggames/rts/gameFramework/ui/ActionType$2.java,ActionType,semantic,com.corrodinggames.rts.game.units.actions.f,jar-MISSING
com/corrodinggames/rts/gameFramework/ui/af.java,af,obf-filename,com.corrodinggames.rts.gameFramework.ui.af,jar-ok
com/corrodinggames/rts/gameFramework/ui/ak.java,ak,obf-filename,com.corrodinggames.rts.gameFramework.ui.ak,jar-ok
com/corrodinggames/rts/gameFramework/ui/ao.java,ao,obf-filename,com.corrodinggames.rts.gameFramework.ui.ao,jar-ok
com/corrodinggames/rts/gameFramework/ui/aq.java,aq,obf-filename,com.corrodinggames.rts.gameFramework.ui.aq,jar-ok
com/corrodinggames/rts/gameFramework/ui/AttackWaypoint.java,AttackWaypoint,semantic,com.corrodinggames.rts.gameFramework.f.as,jar-ok
com/corrodinggames/rts/gameFramework/ui/BridgeUnit.java,BridgeUnit,semantic,com.corrodinggames.rts.gameFramework.f.x,jar-ok
com/corrodinggames/rts/gameFramework/ui/BuildWaypoint.java,BuildWaypoint,semantic,com.corrodinggames.rts.gameFramework.f.ar,jar-ok
com/corrodinggames/rts/gameFramework/ui/CameraMode.java,CameraMode,semantic,com.corrodinggames.rts.gameFramework.f.i,jar-ok
com/corrodinggames/rts/gameFramework/ui/GameMenu.java,GameMenu,semantic,com.corrodinggames.rts.gameFramework.f.v,jar-ok
com/corrodinggames/rts/gameFramework/ui/GameResult.java,GameResult,semantic,com.corrodinggames.rts.gameFramework.f.e,jar-ok
com/corrodinggames/rts/gameFramework/ui/h.java,h,obf-filename,com.corrodinggames.rts.gameFramework.ui.h,jar-ok
com/corrodinggames/rts/gameFramework/ui/HUDOverlay.java,HUDOverlay,semantic,com.corrodinggames.rts.gameFramework.ui.panels.b,jar-MISSING
com/corrodinggames/rts/gameFramework/ui/InGameUI.java,InGameUI,semantic,com.corrodinggames.rts.gameFramework.f.g,jar-ok
com/corrodinggames/rts/gameFramework/ui/IntArray.java,IntArray,semantic,com.corrodinggames.rts.gameFramework.f.ad,jar-ok
com/corrodinggames/rts/gameFramework/ui/LineBuffer.java,LineBuffer,semantic,com.corrodinggames.rts.gameFramework.f.s,jar-ok
com/corrodinggames/rts/gameFramework/ui/LineGraphStyle.java,LineGraphStyle,semantic,com.corrodinggames.rts.gameFramework.f.aa,jar-ok
com/corrodinggames/rts/gameFramework/ui/MenuItemImpl.java,MenuItemImpl,semantic,com.corrodinggames.rts.gameFramework.f.w,jar-ok
com/corrodinggames/rts/gameFramework/ui/MessagePanel.java,MessagePanel,semantic,com.corrodinggames.rts.gameFramework.f.m,jar-ok
com/corrodinggames/rts/gameFramework/ui/Minimap$1.java,Minimap,semantic,com.corrodinggames.rts.gameFramework.f.o,jar-ok
com/corrodinggames/rts/gameFramework/ui/Minimap.java,Minimap,semantic,com.corrodinggames.rts.gameFramework.f.o,jar-ok
com/corrodinggames/rts/gameFramework/ui/MinimapConfig.java,MinimapConfig,semantic,com.corrodinggames.rts.gameFramework.f.p,jar-ok
com/corrodinggames/rts/gameFramework/ui/MinimapMarker.java,MinimapMarker,semantic,com.corrodinggames.rts.gameFramework.f.q,jar-ok
com/corrodinggames/rts/gameFramework/ui/MinimapMode.java,MinimapMode,semantic,com.corrodinggames.rts.gameFramework.f.r,jar-ok
com/corrodinggames/rts/gameFramework/ui/MinimapTile.java,MinimapTile,semantic,com.corrodinggames.rts.gameFramework.f.t,jar-ok
com/corrodinggames/rts/gameFramework/ui/MinimapUnit.java,MinimapUnit,semantic,com.corrodinggames.rts.gameFramework.f.u,jar-ok
com/corrodinggames/rts/gameFramework/ui/Notification.java,Notification,semantic,com.corrodinggames.rts.gameFramework.f.n,jar-ok
com/corrodinggames/rts/gameFramework/ui/RateGameDialog$1.java,RateGameDialog,semantic,com.corrodinggames.rts.gameFramework.f.f,jar-ok
com/corrodinggames/rts/gameFramework/ui/RateGameDialog$2.java,RateGameDialog,semantic,com.corrodinggames.rts.gameFramework.f.f,jar-ok
com/corrodinggames/rts/gameFramework/ui/RateGameDialog.java,RateGameDialog,semantic,com.corrodinggames.rts.gameFramework.f.f,jar-ok
com/corrodinggames/rts/gameFramework/ui/ResourceDisplay.java,ResourceDisplay,semantic,com.corrodinggames.rts.gameFramework.f.k,jar-ok
com/corrodinggames/rts/gameFramework/ui/ScoreEntry.java,ScoreEntry,semantic,com.corrodinggames.rts.gameFramework.f.l,jar-ok
com/corrodinggames/rts/gameFramework/ui/ScreenUtils.java,ScreenUtils,semantic,com.corrodinggames.rts.gameFramework.f.j,jar-ok
com/corrodinggames/rts/gameFramework/ui/SelectionGroup.java,SelectionGroup,semantic,com.corrodinggames.rts.gameFramework.f.am,jar-ok
com/corrodinggames/rts/gameFramework/ui/StatsGraph.java,StatsGraph,semantic,com.corrodinggames.rts.gameFramework.f.ab,jar-ok
com/corrodinggames/rts/gameFramework/ui/StatsPanel.java,StatsPanel,semantic,com.corrodinggames.rts.gameFramework.ui.panels.m,jar-MISSING
com/corrodinggames/rts/gameFramework/ui/TextFormatter.java,TextFormatter,semantic,com.corrodinggames.rts.gameFramework.f.d,jar-ok
com/corrodinggames/rts/gameFramework/ui/ThemeColorEntry.java,ThemeColorEntry,semantic,com.corrodinggames.rts.gameFramework.f.ah,jar-ok
com/corrodinggames/rts/gameFramework/ui/ThemeColors.java,ThemeColors,semantic,com.corrodinggames.rts.gameFramework.f.ae,jar-ok
com/corrodinggames/rts/gameFramework/ui/ThemeFontEntry.java,ThemeFontEntry,semantic,com.corrodinggames.rts.gameFramework.f.ai,jar-ok
com/corrodinggames/rts/gameFramework/ui/ThemeLayout.java,ThemeLayout,no-map,,
com/corrodinggames/rts/gameFramework/ui/ThemePaint.java,ThemePaint,semantic,com.corrodinggames.rts.gameFramework.f.ag,jar-ok
com/corrodinggames/rts/gameFramework/ui/ToastMessage.java,ToastMessage,no-map,,
com/corrodinggames/rts/gameFramework/ui/UnitInfoPanel.java,UnitInfoPanel,semantic,com.corrodinggames.rts.gameFramework.f.aj,jar-ok
com/corrodinggames/rts/gameFramework/ui/UnitRenderer$1.java,UnitRenderer,semantic,com.corrodinggames.rts.gameFramework.f.al,jar-ok
com/corrodinggames/rts/gameFramework/ui/UnitRenderer$2.java,UnitRenderer,semantic,com.corrodinggames.rts.gameFramework.f.al,jar-ok
com/corrodinggames/rts/gameFramework/ui/UnitRenderer$3.java,UnitRenderer,semantic,com.corrodinggames.rts.gameFramework.f.al,jar-ok
com/corrodinggames/rts/gameFramework/ui/UnitRenderer$4.java,UnitRenderer,semantic,com.corrodinggames.rts.gameFramework.f.al,jar-ok
com/corrodinggames/rts/gameFramework/ui/UnitRenderer$5.java,UnitRenderer,semantic,com.corrodinggames.rts.gameFramework.f.al,jar-ok
com/corrodinggames/rts/gameFramework/ui/UnitRenderer$6.java,UnitRenderer,semantic,com.corrodinggames.rts.gameFramework.f.al,jar-ok
com/corrodinggames/rts/gameFramework/ui/UnitRenderer.java,UnitRenderer,semantic,com.corrodinggames.rts.gameFramework.f.al,jar-ok
com/corrodinggames/rts/gameFramework/ui/UnitStateTracker.java,UnitStateTracker,semantic,com.corrodinggames.rts.gameFramework.f.an,jar-ok
com/corrodinggames/rts/gameFramework/ui/UpdateChecker$1.java,UpdateChecker,no-map,,
com/corrodinggames/rts/gameFramework/ui/UpgradeWaypoint.java,UpgradeWaypoint,semantic,com.corrodinggames.rts.gameFramework.f.at,jar-ok
com/corrodinggames/rts/gameFramework/ui/Waypoint.java,Waypoint,semantic,com.corrodinggames.rts.gameFramework.f.au,jar-ok
com/corrodinggames/rts/gameFramework/ui/WaypointManager.java,WaypointManager,semantic,com.corrodinggames.rts.gameFramework.f.ap,jar-ok
com/corrodinggames/rts/gameFramework/ui/z.java,z,obf-filename,com.corrodinggames.rts.gameFramework.ui.z,jar-ok
com/corrodinggames/rts/gameFramework/ui/panels/a.java,a,obf-filename,com.corrodinggames.rts.gameFramework.ui.panels.a,jar-ok
com/corrodinggames/rts/gameFramework/ui/panels/ActionPanel.java,ActionPanel,semantic,com.corrodinggames.rts.gameFramework.f.a,jar-ok
com/corrodinggames/rts/gameFramework/ui/panels/ActionType$1.java,ActionType,semantic,com.corrodinggames.rts.game.units.actions.f,jar-MISSING
com/corrodinggames/rts/gameFramework/ui/panels/b.java,b,obf-filename,com.corrodinggames.rts.gameFramework.ui.panels.b,jar-ok
com/corrodinggames/rts/gameFramework/ui/panels/BuildMenuPanel.java,BuildMenuPanel,semantic,com.corrodinggames.rts.gameFramework.ui.panels.c,jar-MISSING
com/corrodinggames/rts/gameFramework/ui/panels/c.java,c,obf-filename,com.corrodinggames.rts.gameFramework.ui.panels.c,jar-ok
com/corrodinggames/rts/gameFramework/ui/panels/ChatPanel.java,ChatPanel,semantic,com.corrodinggames.rts.gameFramework.f.a.h,jar-ok
com/corrodinggames/rts/gameFramework/ui/panels/d.java,d,obf-filename,com.corrodinggames.rts.gameFramework.ui.panels.d,jar-ok
com/corrodinggames/rts/gameFramework/ui/panels/e.java,e,obf-filename,com.corrodinggames.rts.gameFramework.ui.panels.e,jar-ok
com/corrodinggames/rts/gameFramework/ui/panels/f$1.java,f,obf-filename,com.corrodinggames.rts.gameFramework.ui.panels.f$1,jar-ok
com/corrodinggames/rts/gameFramework/ui/panels/f.java,f,obf-filename,com.corrodinggames.rts.gameFramework.ui.panels.f,jar-ok
com/corrodinggames/rts/gameFramework/ui/panels/g.java,g,obf-filename,com.corrodinggames.rts.gameFramework.ui.panels.g,jar-ok
com/corrodinggames/rts/gameFramework/ui/panels/i.java,i,obf-filename,com.corrodinggames.rts.gameFramework.ui.panels.i,jar-ok
com/corrodinggames/rts/gameFramework/ui/panels/k.java,k,obf-filename,com.corrodinggames.rts.gameFramework.ui.panels.k,jar-ok
com/corrodinggames/rts/gameFramework/ui/panels/l.java,l,obf-filename,com.corrodinggames.rts.gameFramework.ui.panels.l,jar-ok
com/corrodinggames/rts/gameFramework/ui/panels/LeaderboardPanel.java,LeaderboardPanel,semantic,com.corrodinggames.rts.gameFramework.f.a.j,jar-ok
com/corrodinggames/rts/gameFramework/ui/panels/m.java,m,obf-filename,com.corrodinggames.rts.gameFramework.ui.panels.m,jar-ok
com/corrodinggames/rts/gameFramework/ui/panels/MinimapPanel.java,MinimapPanel,semantic,com.corrodinggames.rts.gameFramework.f.a.n,jar-ok
com/corrodinggames/rts/gameFramework/ui/panels/UIElementBase.java,UIElementBase,semantic,com.corrodinggames.rts.gameFramework.f.a.a,jar-ok
com/corrodinggames/rts/gameFramework/ui/panels/UnitInfoPanel.java,UnitInfoPanel,semantic,com.corrodinggames.rts.gameFramework.f.aj,jar-ok
com/corrodinggames/rts/gameFramework/utility/ab.java,ab,obf-direct,com.corrodinggames.rts.gameFramework.utility.ab,jar-ok
com/corrodinggames/rts/gameFramework/utility/ActionAddCredits$1.java,ActionAddCredits,semantic,com.corrodinggames.rts.game.units.i,jar-ok
com/corrodinggames/rts/gameFramework/utility/ad.java,ad,obf-direct,com.corrodinggames.rts.gameFramework.utility.ad,jar-ok
com/corrodinggames/rts/gameFramework/utility/ae.java,ae,obf-direct,com.corrodinggames.rts.gameFramework.utility.ae,jar-ok
com/corrodinggames/rts/gameFramework/utility/af.java,af,obf-direct,com.corrodinggames.rts.gameFramework.utility.af,jar-ok
com/corrodinggames/rts/gameFramework/utility/ag$1.java,ag,obf-direct,com.corrodinggames.rts.gameFramework.utility.ag$1,jar-ok
com/corrodinggames/rts/gameFramework/utility/ag.java,ag,obf-direct,com.corrodinggames.rts.gameFramework.utility.ag,jar-ok
com/corrodinggames/rts/gameFramework/utility/ah.java,ah,obf-direct,com.corrodinggames.rts.gameFramework.utility.ah,jar-ok
com/corrodinggames/rts/gameFramework/utility/ai.java,ai,obf-direct,com.corrodinggames.rts.gameFramework.utility.ai,jar-ok
com/corrodinggames/rts/gameFramework/utility/aj.java,aj,obf-direct,com.corrodinggames.rts.gameFramework.utility.aj,jar-ok
com/corrodinggames/rts/gameFramework/utility/ak.java,ak,obf-direct,com.corrodinggames.rts.gameFramework.utility.ak,jar-ok
com/corrodinggames/rts/gameFramework/utility/al.java,al,obf-direct,com.corrodinggames.rts.gameFramework.utility.al,jar-ok
com/corrodinggames/rts/gameFramework/utility/am.java,am,obf-direct,com.corrodinggames.rts.gameFramework.utility.am,jar-ok
com/corrodinggames/rts/gameFramework/utility/AnimationVisibilityCurve$1.java,InGameActivity,semantic,com.corrodinggames.rts.appFramework.g,jar-ok
com/corrodinggames/rts/gameFramework/utility/ANRError$1.java,ANRError,semantic,com.corrodinggames.rts.gameFramework.utility.a,jar-ok
com/corrodinggames/rts/gameFramework/utility/ANRError.java,ANRError,semantic,com.corrodinggames.rts.gameFramework.utility.a,jar-ok
com/corrodinggames/rts/gameFramework/utility/ANRThrowable.java,ANRThrowable,semantic,com.corrodinggames.rts.gameFramework.utility.c,jar-ok
com/corrodinggames/rts/gameFramework/utility/ANRWatchdog$1.java,ANRWatchdog,semantic,com.corrodinggames.rts.gameFramework.utility.d,jar-ok
com/corrodinggames/rts/gameFramework/utility/ANRWatchdog$2.java,ANRWatchdog,semantic,com.corrodinggames.rts.gameFramework.utility.d,jar-ok
com/corrodinggames/rts/gameFramework/utility/ANRWatchdog$3.java,ANRWatchdog,semantic,com.corrodinggames.rts.gameFramework.utility.d,jar-ok
com/corrodinggames/rts/gameFramework/utility/ANRWatchdog.java,ANRWatchdog,semantic,com.corrodinggames.rts.gameFramework.utility.d,jar-ok
com/corrodinggames/rts/gameFramework/utility/AssetStream.java,AssetStream,semantic,com.corrodinggames.rts.gameFramework.utility.j,jar-ok
com/corrodinggames/rts/gameFramework/utility/AudioUtils$1.java,AudioUtils,semantic,com.corrodinggames.rts.java.audio.backend.s,jar-MISSING
com/corrodinggames/rts/gameFramework/utility/ByteArrayStream.java,ByteArrayStream,semantic,com.corrodinggames.rts.gameFramework.utility.w,jar-ok
com/corrodinggames/rts/gameFramework/utility/CustomArrayList$1.java,CustomArrayList,semantic,com.corrodinggames.rts.gameFramework.utility.m,jar-ok
com/corrodinggames/rts/gameFramework/utility/CustomArrayList.java,CustomArrayList,semantic,com.corrodinggames.rts.gameFramework.utility.m,jar-ok
com/corrodinggames/rts/gameFramework/utility/CustomArrayListIterator.java,CustomArrayListIterator,semantic,com.corrodinggames.rts.gameFramework.utility.n,jar-ok
com/corrodinggames/rts/gameFramework/utility/DequeList$1.java,DequeList,semantic,com.corrodinggames.rts.gameFramework.utility.o,jar-ok
com/corrodinggames/rts/gameFramework/utility/DequeList.java,DequeList,semantic,com.corrodinggames.rts.gameFramework.utility.o,jar-ok
com/corrodinggames/rts/gameFramework/utility/DequeListIterator.java,DequeListIterator,semantic,com.corrodinggames.rts.gameFramework.utility.p,jar-ok
com/corrodinggames/rts/gameFramework/utility/e.java,e,obf-direct,com.corrodinggames.rts.gameFramework.utility.e,jar-ok
com/corrodinggames/rts/gameFramework/utility/EmptyArrays.java,EmptyArrays,semantic,com.corrodinggames.rts.gameFramework.utility.x,jar-ok
com/corrodinggames/rts/gameFramework/utility/f.java,f,obf-direct,com.corrodinggames.rts.gameFramework.utility.f,jar-ok
com/corrodinggames/rts/gameFramework/utility/i$1.java,i,obf-direct,com.corrodinggames.rts.gameFramework.utility.i$1,jar-ok
com/corrodinggames/rts/gameFramework/utility/i.java,i,obf-direct,com.corrodinggames.rts.gameFramework.utility.i,jar-ok
com/corrodinggames/rts/gameFramework/utility/k.java,k,obf-direct,com.corrodinggames.rts.gameFramework.utility.k,jar-ok
com/corrodinggames/rts/gameFramework/utility/KeyValue.java,KeyValue,semantic,com.corrodinggames.rts.gameFramework.utility.ac,jar-ok
com/corrodinggames/rts/gameFramework/utility/l.java,l,obf-direct,com.corrodinggames.rts.gameFramework.utility.l,jar-ok
com/corrodinggames/rts/gameFramework/utility/MovementPath$1.java,MovementPath,no-map,,
com/corrodinggames/rts/gameFramework/utility/MovementPath$2.java,MovementPath,no-map,,
com/corrodinggames/rts/gameFramework/utility/MovementPath$3.java,MovementPath,no-map,,
com/corrodinggames/rts/gameFramework/utility/NetworkException$1.java,NetworkException,semantic,com.corrodinggames.rts.gameFramework.utility.ag,jar-ok
com/corrodinggames/rts/gameFramework/utility/PacketType$1.java,PacketType,no-map,,
com/corrodinggames/rts/gameFramework/utility/PaintStyleEntry.java,PaintStyleEntry,semantic,com.corrodinggames.rts.gameFramework.utility.z,jar-ok
com/corrodinggames/rts/gameFramework/utility/PathfindingUtils.java,PathfindingUtils,semantic,com.corrodinggames.rts.gameFramework.utility.y,jar-ok
com/corrodinggames/rts/gameFramework/utility/RenderBatch$1.java,RenderBatch,semantic,com.corrodinggames.rts.gameFramework.m.u,jar-ok
com/corrodinggames/rts/gameFramework/utility/Result.java,Result,semantic,com.corrodinggames.rts.gameFramework.utility.r,jar-ok
com/corrodinggames/rts/gameFramework/utility/ResultState.java,ResultState,semantic,com.corrodinggames.rts.gameFramework.utility.q,jar-ok
com/corrodinggames/rts/gameFramework/utility/RingBuffer$1.java,RingBuffer,semantic,com.corrodinggames.rts.gameFramework.utility.g,jar-ok
com/corrodinggames/rts/gameFramework/utility/RingBuffer.java,RingBuffer,semantic,com.corrodinggames.rts.gameFramework.utility.g,jar-ok
com/corrodinggames/rts/gameFramework/utility/RingBufferIterator.java,RingBufferIterator,semantic,com.corrodinggames.rts.gameFramework.utility.h,jar-ok
com/corrodinggames/rts/gameFramework/utility/SAFFileManager$1.java,AIStrategy,semantic,com.corrodinggames.rts.game.a.a.a,jar-ok
com/corrodinggames/rts/gameFramework/utility/SlickToAndroidKeycodes$AndroidCodes.java,SlickToAndroidKeycodes,obf-direct,com.corrodinggames.rts.gameFramework.utility.SlickToAndroidKeycodes$AndroidCodes,jar-ok
com/corrodinggames/rts/gameFramework/utility/SlickToAndroidKeycodes$GdxCodes.java,SlickToAndroidKeycodes,obf-direct,com.corrodinggames.rts.gameFramework.utility.SlickToAndroidKeycodes$GdxCodes,jar-ok
com/corrodinggames/rts/gameFramework/utility/SlickToAndroidKeycodes$LibrocketKeys.java,SlickToAndroidKeycodes,obf-direct,com.corrodinggames.rts.gameFramework.utility.SlickToAndroidKeycodes$LibrocketKeys,jar-ok
com/corrodinggames/rts/gameFramework/utility/SlickToAndroidKeycodes$MissingKey.java,SlickToAndroidKeycodes,obf-direct,com.corrodinggames.rts.gameFramework.utility.SlickToAndroidKeycodes$MissingKey,jar-ok
com/corrodinggames/rts/gameFramework/utility/SlickToAndroidKeycodes$SlickCodes.java,SlickToAndroidKeycodes,obf-direct,com.corrodinggames.rts.gameFramework.utility.SlickToAndroidKeycodes$SlickCodes,jar-ok
com/corrodinggames/rts/gameFramework/utility/SlickToAndroidKeycodes.java,SlickToAndroidKeycodes,obf-direct,com.corrodinggames.rts.gameFramework.utility.SlickToAndroidKeycodes,jar-ok
com/corrodinggames/rts/gameFramework/utility/StackTraceEntry.java,StackTraceEntry,semantic,com.corrodinggames.rts.gameFramework.utility.b,jar-ok
com/corrodinggames/rts/gameFramework/utility/TextDrawEntry.java,TextDrawEntry,semantic,com.corrodinggames.rts.gameFramework.utility.aa,jar-ok
com/corrodinggames/rts/gameFramework/utility/TypedObjectList$1.java,TypedObjectList,semantic,com.corrodinggames.rts.gameFramework.utility.s,jar-ok
com/corrodinggames/rts/gameFramework/utility/TypedObjectList.java,TypedObjectList,semantic,com.corrodinggames.rts.gameFramework.utility.s,jar-ok
com/corrodinggames/rts/gameFramework/utility/TypedObjectListIterator.java,TypedObjectListIterator,semantic,com.corrodinggames.rts.gameFramework.utility.t,jar-ok
com/corrodinggames/rts/gameFramework/utility/UnitInstanceList.java,UnitInstanceList,semantic,com.corrodinggames.rts.gameFramework.utility.u,jar-ok
com/corrodinggames/rts/gameFramework/utility/UnitRegistry$1.java,UnitRegistry,semantic,com.corrodinggames.rts.gameFramework.utility.u,jar-ok
com/corrodinggames/rts/gameFramework/utility/UnitRegistry.java,UnitRegistry,semantic,com.corrodinggames.rts.gameFramework.utility.u,jar-ok
com/corrodinggames/rts/gameFramework/utility/UnitRegistryIterator.java,UnitRegistryIterator,semantic,com.corrodinggames.rts.gameFramework.utility.v,jar-ok
com/corrodinggames/rts/gameFramework/utility/UpdateChecker$1.java,UpdateChecker,no-map,,
com/corrodinggames/rts/gameFramework/utility/filesystem/a.java,a,obf-filename,com.corrodinggames.rts.gameFramework.utility.filesystem.a,jar-ok
com/corrodinggames/rts/gameFramework/utility/filesystem/b.java,b,obf-filename,com.corrodinggames.rts.gameFramework.utility.filesystem.b,jar-ok
com/corrodinggames/rts/gameFramework/utility/filesystem/c.java,c,obf-filename,com.corrodinggames.rts.gameFramework.utility.filesystem.c,jar-ok
com/corrodinggames/rts/java/ActionAddCredits$1.java,ActionAddCredits,semantic,com.corrodinggames.rts.game.units.i,jar-ok
com/corrodinggames/rts/java/ActionAddCredits$2.java,ActionAddCredits,semantic,com.corrodinggames.rts.game.units.i,jar-ok
com/corrodinggames/rts/java/DesktopAppFramework.java,DesktopAppFramework,semantic,com.corrodinggames.rts.java.d,jar-ok
com/corrodinggames/rts/java/DesktopGameContainer$1.java,DesktopGameContainer,semantic,com.corrodinggames.rts.java.u,jar-ok
com/corrodinggames/rts/java/DesktopGameContainer.java,DesktopGameContainer,semantic,com.corrodinggames.rts.java.u,jar-ok
com/corrodinggames/rts/java/DesktopMusicPlayer.java,DesktopMusicPlayer,semantic,com.corrodinggames.rts.java.n,jar-ok
com/corrodinggames/rts/java/DesktopPlatform$1.java,DesktopPlatform,semantic,com.corrodinggames.rts.java.i,jar-ok
com/corrodinggames/rts/java/DesktopPlatform$2.java,DesktopPlatform,semantic,com.corrodinggames.rts.java.i,jar-ok
com/corrodinggames/rts/java/DesktopPlatform.java,DesktopPlatform,semantic,com.corrodinggames.rts.java.i,jar-ok
com/corrodinggames/rts/java/DesktopWindow.java,DesktopWindow,semantic,com.corrodinggames.rts.java.h,jar-ok
com/corrodinggames/rts/java/DisplayMessagePump.java,DisplayMessagePump,semantic,com.corrodinggames.rts.java.c,jar-ok
com/corrodinggames/rts/java/FontKey.java,FontKey,semantic,com.corrodinggames.rts.java.f,jar-ok
com/corrodinggames/rts/java/GameConfig.java,GameConfig,no-map,,
com/corrodinggames/rts/java/GameLauncher$1.java,GameLauncher,semantic,com.corrodinggames.rts.java.g,jar-ok
com/corrodinggames/rts/java/GameLauncher$2.java,GameLauncher,semantic,com.corrodinggames.rts.java.g,jar-ok
com/corrodinggames/rts/java/GameLauncher$3.java,GameLauncher,semantic,com.corrodinggames.rts.java.g,jar-ok
com/corrodinggames/rts/java/GameLauncher$4.java,GameLauncher,semantic,com.corrodinggames.rts.java.g,jar-ok
com/corrodinggames/rts/java/GameLauncher.java,GameLauncher,semantic,com.corrodinggames.rts.java.g,jar-ok
com/corrodinggames/rts/java/GameWindow.java,GameWindow,semantic,com.corrodinggames.rts.java.b,jar-ok
com/corrodinggames/rts/java/LicenseValidator.java,LicenseValidator,semantic,com.corrodinggames.rts.java.p,jar-ok
com/corrodinggames/rts/java/LWJGLDisplayThread.java,LWJGLDisplayThread,semantic,com.corrodinggames.rts.java.j,jar-ok
com/corrodinggames/rts/java/ModDownloader.java,ModDownloader,semantic,com.corrodinggames.rts.java.v,jar-ok
com/corrodinggames/rts/java/MusicTrack.java,MusicTrack,no-map,,
com/corrodinggames/rts/java/PerformanceMonitor.java,PerformanceMonitor,semantic,com.corrodinggames.rts.java.q,jar-ok
com/corrodinggames/rts/java/RenderBatch$1.java,RenderBatch,semantic,com.corrodinggames.rts.gameFramework.m.u,jar-ok
com/corrodinggames/rts/java/ResourceLoader.java,ResourceLoader,semantic,com.corrodinggames.rts.game.j,jar-ok
com/corrodinggames/rts/java/ScreenshotCapture.java,ScreenshotCapture,semantic,com.corrodinggames.rts.java.r,jar-ok
com/corrodinggames/rts/java/ScreenshotLayer.java,ScreenshotLayer,no-map,,
com/corrodinggames/rts/java/Slick2DRenderer.java,Slick2DRenderer,semantic,com.corrodinggames.rts.java.e,jar-ok
com/corrodinggames/rts/java/SlickImageData.java,SlickImageData,semantic,com.corrodinggames.rts.java.t,jar-ok
com/corrodinggames/rts/java/SlickTexture.java,SlickTexture,semantic,com.corrodinggames.rts.java.s,jar-ok
com/corrodinggames/rts/java/TextureProxy.java,TextureProxy,semantic,com.corrodinggames.rts.java.a,jar-ok
com/corrodinggames/rts/java/Transform.java,Transform,no-map,,
com/corrodinggames/rts/java/UpdateChecker.java,UpdateChecker,no-map,,
com/corrodinggames/rts/java/audio/Audio.java,Audio,obf-direct,com.corrodinggames.rts.java.audio.Audio,jar-ok
com/corrodinggames/rts/java/audio/AudioDevice.java,AudioDevice,semantic,com.corrodinggames.rts.java.audio.backend.m,jar-MISSING
com/corrodinggames/rts/java/audio/AudioRecorder.java,AudioRecorder,obf-direct,com.corrodinggames.rts.java.audio.AudioRecorder,jar-ok
com/corrodinggames/rts/java/audio/Music$OnCompletionListener.java,Music,obf-direct,com.corrodinggames.rts.java.audio.Music$OnCompletionListener,jar-ok
com/corrodinggames/rts/java/audio/Music.java,Music,obf-direct,com.corrodinggames.rts.java.audio.Music,jar-ok
com/corrodinggames/rts/java/audio/Sound.java,Sound,semantic,com.corrodinggames.rts.gameFramework.a.i,jar-ok
com/corrodinggames/rts/java/audio/backend/AudioClip.java,AudioClip,semantic,com.corrodinggames.rts.java.audio.backend.b,jar-MISSING
com/corrodinggames/rts/java/audio/backend/AudioManager.java,AudioManager,semantic,com.corrodinggames.rts.java.audio.backend.e,jar-MISSING
com/corrodinggames/rts/java/audio/backend/AudioSourceBase.java,AudioSourceBase,semantic,com.corrodinggames.rts.java.audio.a.a,jar-ok
com/corrodinggames/rts/java/audio/backend/AudioTrack.java,AudioTrack,semantic,com.corrodinggames.rts.java.audio.backend.r,jar-MISSING
com/corrodinggames/rts/java/audio/backend/c.java,c,obf-filename,com.corrodinggames.rts.java.audio.backend.c,jar-ok
com/corrodinggames/rts/java/audio/backend/d.java,d,obf-filename,com.corrodinggames.rts.java.audio.backend.d,jar-ok
com/corrodinggames/rts/java/audio/backend/e.java,e,obf-filename,com.corrodinggames.rts.java.audio.backend.e,jar-ok
com/corrodinggames/rts/java/audio/backend/f.java,f,obf-filename,com.corrodinggames.rts.java.audio.backend.f,jar-ok
com/corrodinggames/rts/java/audio/backend/g.java,g,obf-filename,com.corrodinggames.rts.java.audio.backend.g,jar-ok
com/corrodinggames/rts/java/audio/backend/h.java,h,obf-filename,com.corrodinggames.rts.java.audio.backend.h,jar-ok
com/corrodinggames/rts/java/audio/backend/j.java,j,obf-filename,com.corrodinggames.rts.java.audio.backend.j,jar-ok
com/corrodinggames/rts/java/audio/backend/k.java,k,obf-filename,com.corrodinggames.rts.java.audio.backend.k,jar-ok
com/corrodinggames/rts/java/audio/backend/l.java,l,obf-filename,com.corrodinggames.rts.java.audio.backend.l,jar-ok
com/corrodinggames/rts/java/audio/backend/m.java,m,obf-filename,com.corrodinggames.rts.java.audio.backend.m,jar-ok
com/corrodinggames/rts/java/audio/backend/n.java,n,obf-filename,com.corrodinggames.rts.java.audio.backend.n,jar-ok
com/corrodinggames/rts/java/audio/backend/o.java,o,obf-filename,com.corrodinggames.rts.java.audio.backend.o,jar-ok
com/corrodinggames/rts/java/audio/backend/p.java,p,obf-filename,com.corrodinggames.rts.java.audio.backend.p,jar-ok
com/corrodinggames/rts/java/audio/backend/q.java,q,obf-filename,com.corrodinggames.rts.java.audio.backend.q,jar-ok
com/corrodinggames/rts/java/audio/backend/s.java,s,obf-filename,com.corrodinggames.rts.java.audio.backend.s,jar-ok
com/corrodinggames/rts/java/audio/backend/t.java,t,obf-filename,com.corrodinggames.rts.java.audio.backend.t,jar-ok
com/corrodinggames/rts/java/audio/lwjgl/JavaSoundAudioRecorder.java,JavaSoundAudioRecorder,obf-direct,com.corrodinggames.rts.java.audio.lwjgl.JavaSoundAudioRecorder,jar-ok
com/corrodinggames/rts/java/audio/lwjgl/Ogg$Music.java,Ogg,obf-direct,com.corrodinggames.rts.java.audio.lwjgl.Ogg$Music,jar-ok
com/corrodinggames/rts/java/audio/lwjgl/Ogg$MusicWithThreadedLoader.java,Ogg,obf-direct,com.corrodinggames.rts.java.audio.lwjgl.Ogg$MusicWithThreadedLoader,jar-ok
com/corrodinggames/rts/java/audio/lwjgl/Ogg$Sound.java,Ogg,obf-direct,com.corrodinggames.rts.java.audio.lwjgl.Ogg$Sound,jar-ok
com/corrodinggames/rts/java/audio/lwjgl/Ogg.java,Ogg,obf-direct,com.corrodinggames.rts.java.audio.lwjgl.Ogg,jar-ok
com/corrodinggames/rts/java/audio/lwjgl/OggInputStream.java,OggInputStream,obf-direct,com.corrodinggames.rts.java.audio.lwjgl.OggInputStream,jar-ok
com/corrodinggames/rts/java/audio/lwjgl/OpenALAudio$1.java,OpenALAudio,obf-direct,com.corrodinggames.rts.java.audio.lwjgl.OpenALAudio$1,jar-ok
com/corrodinggames/rts/java/audio/lwjgl/OpenALAudio$2.java,OpenALAudio,obf-direct,com.corrodinggames.rts.java.audio.lwjgl.OpenALAudio$2,jar-ok
com/corrodinggames/rts/java/audio/lwjgl/OpenALAudio.java,OpenALAudio,obf-direct,com.corrodinggames.rts.java.audio.lwjgl.OpenALAudio,jar-ok
com/corrodinggames/rts/java/audio/lwjgl/OpenALAudioDevice.java,OpenALAudioDevice,obf-direct,com.corrodinggames.rts.java.audio.lwjgl.OpenALAudioDevice,jar-ok
com/corrodinggames/rts/java/audio/lwjgl/OpenALMusic.java,OpenALMusic,obf-direct,com.corrodinggames.rts.java.audio.lwjgl.OpenALMusic,jar-ok
com/corrodinggames/rts/java/audio/lwjgl/OpenALSound.java,OpenALSound,obf-direct,com.corrodinggames.rts.java.audio.lwjgl.OpenALSound,jar-ok
com/corrodinggames/rts/java/audio/lwjgl/ThreadedWrappingAudioInputStream.java,ThreadedWrappingAudioInputStream,obf-direct,com.corrodinggames.rts.java.audio.lwjgl.ThreadedWrappingAudioInputStream,jar-ok
com/corrodinggames/rts/java/audio/lwjgl/Wav$Music.java,Wav,obf-direct,com.corrodinggames.rts.java.audio.lwjgl.Wav$Music,jar-ok
com/corrodinggames/rts/java/audio/lwjgl/Wav$Sound.java,Wav,obf-direct,com.corrodinggames.rts.java.audio.lwjgl.Wav$Sound,jar-ok
com/corrodinggames/rts/java/audio/lwjgl/Wav$WavInputStream.java,Wav,obf-direct,com.corrodinggames.rts.java.audio.lwjgl.Wav$WavInputStream,jar-ok
com/corrodinggames/rts/java/audio/lwjgl/Wav.java,Wav,obf-direct,com.corrodinggames.rts.java.audio.lwjgl.Wav,jar-ok
com/corrodinggames/rts/java/filesystem/a.java,a,obf-filename,com.corrodinggames.rts.java.filesystem.a,jar-ok
com/corrodinggames/rts/java/filesystem/b.java,b,obf-filename,com.corrodinggames.rts.java.filesystem.b,jar-ok
com/corrodinggames/rts/java/graphics/a.java,a,obf-filename,com.corrodinggames.rts.java.graphics.a,jar-ok
com/corrodinggames/rts/java/input/a$1.java,a,obf-filename,com.corrodinggames.rts.java.input.a$1,jar-ok
com/corrodinggames/rts/java/input/a.java,a,obf-filename,com.corrodinggames.rts.java.input.a,jar-ok
com/corrodinggames/rts/java/input/c.java,c,obf-filename,com.corrodinggames.rts.java.input.c,jar-ok
com/corrodinggames/rts/java/input/d.java,d,obf-filename,com.corrodinggames.rts.java.input.d,jar-ok
com/corrodinggames/rts/java/input/e.java,e,obf-filename,com.corrodinggames.rts.java.input.e,jar-ok
com/corrodinggames/rts/java/input/f.java,f,obf-filename,com.corrodinggames.rts.java.input.f,jar-ok
com/corrodinggames/rts/java/input/h.java,h,obf-filename,com.corrodinggames.rts.java.input.h,jar-ok
com/corrodinggames/rts/java/input/i.java,i,obf-filename,com.corrodinggames.rts.java.input.i,jar-ok
com/corrodinggames/rts/java/input/j.java,j,obf-filename,com.corrodinggames.rts.java.input.j,jar-ok
com/corrodinggames/rts/java/input/k.java,k,obf-filename,com.corrodinggames.rts.java.input.k,jar-ok
com/corrodinggames/rts/java/input/l.java,l,obf-filename,com.corrodinggames.rts.java.input.l,jar-ok
com/corrodinggames/rts/java/input/m.java,m,obf-filename,com.corrodinggames.rts.java.input.m,jar-ok
com/corrodinggames/rts/java/input/SteamManager$1.java,SteamManager,semantic,com.corrodinggames.rts.java.c.b,jar-ok
com/corrodinggames/rts/java/input/SteamManager.java,SteamManager,semantic,com.corrodinggames.rts.java.c.b,jar-ok
com/corrodinggames/rts/java/input/SteamWorkshop.java,SteamWorkshop,semantic,com.corrodinggames.rts.java.c.g,jar-ok
com/corrodinggames/rts/java/platform/a.java,a,obf-filename,com.corrodinggames.rts.java.platform.a,jar-ok
com/corrodinggames/rts/platform/a$1.java,a,obf-filename,com.corrodinggames.rts.platform.a$1,jar-ok
com/corrodinggames/rts/platform/a$2.java,a,obf-filename,com.corrodinggames.rts.platform.a$2,jar-ok
com/corrodinggames/rts/platform/a.java,a,obf-filename,com.corrodinggames.rts.platform.a,jar-ok
com/corrodinggames/rts/platform/b.java,b,obf-filename,com.corrodinggames.rts.platform.b,jar-ok
com/corrodinggames/rts/platform/NetworkSessionBase.java,NetworkSessionBase,semantic,com.corrodinggames.rts.a.c,jar-ok
com/corrodinggames/rts/platform/net/b.java,b,obf-filename,com.corrodinggames.rts.platform.net.b,jar-ok
com/corrodinggames/rts/platform/net/g.java,g,obf-filename,com.corrodinggames.rts.platform.net.g,jar-ok
com/corrodinggames/rts/platform/net/h.java,h,obf-filename,com.corrodinggames.rts.platform.net.h,jar-ok
com/corrodinggames/rts/platform/net/i.java,i,obf-filename,com.corrodinggames.rts.platform.net.i,jar-ok
com/corrodinggames/rts/platform/net/j.java,j,obf-filename,com.corrodinggames.rts.platform.net.j,jar-ok
com/corrodinggames/rts/platform/net/k.java,k,obf-filename,com.corrodinggames.rts.platform.net.k,jar-ok
com/corrodinggames/rts/platform/net/m.java,m,obf-filename,com.corrodinggames.rts.platform.net.m,jar-ok
com/corrodinggames/rts/platform/net/TestCase.java,TestCase,semantic,com.corrodinggames.rts.a.a.l,jar-ok
com/corrodinggames/rts/platform/net/TestFilesystem.java,TestFilesystem,semantic,com.corrodinggames.rts.a.a.e,jar-ok
com/corrodinggames/rts/platform/net/TestGameLogic.java,TestGameLogic,semantic,com.corrodinggames.rts.a.a.a,jar-ok
com/corrodinggames/rts/platform/net/TestLogicBoolean.java,TestLogicBoolean,semantic,com.corrodinggames.rts.a.a.c,jar-ok
com/corrodinggames/rts/platform/net/TestMath.java,TestMath,semantic,com.corrodinggames.rts.a.a.d,jar-ok
com/corrodinggames/rts/platform/net/TestNetworking.java,TestNetworking,semantic,com.corrodinggames.rts.a.a.b,jar-ok
com/corrodinggames/rts/platform/net/TestPerformance.java,TestPerformance,semantic,com.corrodinggames.rts.a.a.f,jar-ok
com/corrodinggames/rts/platform/net/TestRunner.java,TestRunner,semantic,com.corrodinggames.rts.a.a.n,jar-ok
com/corrodinggames/rts/platform/net/UDPPacketBase.java,UDPPacketBase,semantic,com.corrodinggames.rts.a.a.i,jar-ok
network/reliableudp/ActionFilter$1.java,ActionFilter,semantic,com.corrodinggames.rts.game.units.a.b,jar-ok
network/reliableudp/AddressFilter.java,AddressFilter,semantic,a.a.c,jar-ok
network/reliableudp/ConnectionEntry.java,ConnectionEntry,semantic,a.a.g,jar-ok
network/reliableudp/ConnectionEventHandler.java,ConnectionEventHandler,semantic,a.a.s,jar-ok
network/reliableudp/DataReceiver.java,DataReceiver,semantic,a.a.a,jar-ok
network/reliableudp/NullPacketSender.java,NullPacketSender,semantic,a.a.l,jar-ok
network/reliableudp/PacketSender.java,PacketSender,semantic,a.a.n,jar-ok
network/reliableudp/ReliableClientSocket.java,ReliableClientSocket,semantic,a.a.e,jar-ok
network/reliableudp/ReliableInputStream.java,ReliableInputStream,semantic,a.a.o,jar-ok
network/reliableudp/ReliableOutputStream.java,ReliableOutputStream,semantic,a.a.q,jar-ok
network/reliableudp/ReliableProfile.java,ReliableProfile,semantic,a.a.r,jar-ok
network/reliableudp/ReliableServerSocket$1.java,ReliableServerSocket,semantic,a.a.b,jar-ok
network/reliableudp/ReliableServerSocket.java,ReliableServerSocket,semantic,a.a.b,jar-ok
network/reliableudp/ReliableServerThread.java,ReliableServerThread,semantic,a.a.d,jar-ok
network/reliableudp/ReliableSocket$1.java,ReliableSocket,semantic,a.a.h,jar-ok
network/reliableudp/ReliableSocket.java,ReliableSocket,semantic,a.a.h,jar-ok
network/reliableudp/ReliableSocketThread.java,ReliableSocketThread,semantic,a.a.m,jar-ok
network/reliableudp/ServerConnectionListener.java,ServerConnectionListener,semantic,a.a.f,jar-ok
network/reliableudp/SocketInitTask.java,SocketInitTask,semantic,a.a.j,jar-ok
network/reliableudp/SocketLifecycle.java,SocketLifecycle,semantic,a.a.p,jar-ok
network/reliableudp/SocketStartTask.java,SocketStartTask,semantic,a.a.k,jar-ok
network/reliableudp/SocketStats.java,SocketStats,semantic,a.a.i,jar-ok
network/reliableudp/core/AckPacket.java,AckPacket,semantic,a.a.a.a,jar-ok
network/reliableudp/core/DataPacket.java,DataPacket,semantic,a.a.a.b,jar-ok
network/reliableudp/core/ExtendedAckPacket.java,ExtendedAckPacket,semantic,a.a.a.c,jar-ok
network/reliableudp/core/FinPacket.java,FinPacket,semantic,a.a.a.d,jar-ok
network/reliableudp/core/NullPacket.java,NullPacket,semantic,a.a.a.e,jar-ok
network/reliableudp/core/Packet.java,Packet,semantic,a.a.a.h,jar-ok
network/reliableudp/core/ResetPacket.java,ResetPacket,semantic,a.a.a.f,jar-ok
network/reliableudp/core/SynPacket.java,SynPacket,semantic,a.a.a.g,jar-ok
network/reliableudp/core/TaskRunner.java,TaskRunner,semantic,a.a.a.i,jar-ok
org/a/a/a/a.java,a,obf-direct,org.a.a.a.a,jar-ok
org/a/a/a/b.java,b,obf-direct,org.a.a.a.b,jar-ok
org/a/a/a/c.java,c,obf-direct,org.a.a.a.c,jar-ok
org/a/a/a/d.java,d,obf-direct,org.a.a.a.d,jar-ok
org/a/a/b/a.java,a,obf-direct,org.a.a.b.a,jar-ok
org/a/a/b/b.java,b,obf-direct,org.a.a.b.b,jar-ok
org/a/a/b/c.java,c,obf-direct,org.a.a.b.c,jar-ok
org/a/a/c/a.java,a,obf-direct,org.a.a.c.a,jar-ok
org/a/a/c/b.java,b,obf-direct,org.a.a.c.b,jar-ok
org/a/a/c/c.java,c,obf-direct,org.a.a.c.c,jar-ok
org/a/a/c/d.java,d,obf-direct,org.a.a.c.d,jar-ok
org/a/a/d/a.java,a,obf-direct,org.a.a.d.a,jar-ok
org/a/a/d/b.java,b,obf-direct,org.a.a.d.b,jar-ok
org/a/a/d/c.java,c,obf-direct,org.a.a.d.c,jar-ok
org/a/a/d/d.java,d,obf-direct,org.a.a.d.d,jar-ok
org/a/a/e/a.java,a,obf-direct,org.a.a.e.a,jar-ok
org/a/a/e/b.java,b,obf-direct,org.a.a.e.b,jar-ok
org/a/a/e/c.java,c,obf-direct,org.a.a.e.c,jar-ok
org/a/a/e/d.java,d,obf-direct,org.a.a.e.d,jar-ok
