jar_fqn,status,file_03
a.a.a,semantic-hit,network/reliableudp/DataReceiver.java
a.a.a.a,semantic-hit,network/reliableudp/core/AckPacket.java
a.a.a.b,semantic-hit,network/reliableudp/core/DataPacket.java
a.a.a.c,semantic-hit,network/reliableudp/core/ExtendedAckPacket.java
a.a.a.d,semantic-hit,network/reliableudp/core/FinPacket.java
a.a.a.e,semantic-hit,network/reliableudp/core/NullPacket.java
a.a.a.f,semantic-hit,network/reliableudp/core/ResetPacket.java
a.a.a.g,semantic-hit,network/reliableudp/core/SynPacket.java
a.a.a.h,semantic-hit,network/reliableudp/core/Packet.java
a.a.a.i,semantic-hit,network/reliableudp/core/TaskRunner.java
a.a.b,semantic-hit,network/reliableudp/ReliableServerSocket.java
a.a.b$1,semantic-hit,network/reliableudp/ReliableServerSocket$1.java
a.a.c,semantic-hit,network/reliableudp/AddressFilter.java
a.a.d,semantic-hit,network/reliableudp/ReliableServerThread.java
a.a.e,semantic-hit,network/reliableudp/ReliableClientSocket.java
a.a.f,semantic-hit,network/reliableudp/ServerConnectionListener.java
a.a.g,semantic-hit,network/reliableudp/ConnectionEntry.java
a.a.h,semantic-hit,network/reliableudp/ReliableSocket.java
a.a.h$1,semantic-hit,network/reliableudp/ReliableSocket$1.java
a.a.i,semantic-hit,network/reliableudp/SocketStats.java
a.a.j,semantic-hit,network/reliableudp/SocketInitTask.java
a.a.k,semantic-hit,network/reliableudp/SocketStartTask.java
a.a.l,semantic-hit,network/reliableudp/NullPacketSender.java
a.a.m,semantic-hit,network/reliableudp/ReliableSocketThread.java
a.a.n,semantic-hit,network/reliableudp/PacketSender.java
a.a.o,semantic-hit,network/reliableudp/ReliableInputStream.java
a.a.p,semantic-hit,network/reliableudp/SocketLifecycle.java
a.a.q,semantic-hit,network/reliableudp/ReliableOutputStream.java
a.a.r,semantic-hit,network/reliableudp/ReliableProfile.java
a.a.s,semantic-hit,network/reliableudp/ConnectionEventHandler.java
android.app.Activity,third-party,
android.app.Application,third-party,
android.app.Application$ActivityLifecycleCallbacks,third-party,
android.app.Application$OnProvideAssistDataListener,third-party,
android.content.Context,third-party,
android.content.ContextWrapper,third-party,
android.content.ServerContext,third-party,
android.content.res.AssetManager,third-party,
android.content.res.AssetManager$AssetInputStream,third-party,
android.graphics.Bitmap,third-party,
android.graphics.Bitmap$1,third-party,
android.graphics.Bitmap$CompressFormat,third-party,
android.graphics.Bitmap$Config,third-party,
android.graphics.Canvas,third-party,
android.graphics.Canvas$EdgeType,third-party,
android.graphics.Canvas$VertexMode,third-party,
android.graphics.Color,third-party,
android.graphics.ColorFilter,third-party,
android.graphics.LightingColorFilter,third-party,
android.graphics.Matrix,third-party,
android.graphics.Matrix$1,third-party,
android.graphics.Matrix$ScaleToFit,third-party,
android.graphics.Paint,third-party,
android.graphics.Paint$Align,third-party,
android.graphics.Paint$Cap,third-party,
android.graphics.Paint$FontMetrics,third-party,
android.graphics.Paint$FontMetricsInt,third-party,
android.graphics.Paint$Join,third-party,
android.graphics.Paint$Style,third-party,
android.graphics.Point,third-party,
android.graphics.Point$1,third-party,
android.graphics.PointF,third-party,
android.graphics.PorterDuffColorFilter,third-party,
android.graphics.PorterDuffXfermode,third-party,
android.graphics.Rect,third-party,
android.graphics.RectF,third-party,
android.graphics.RectF$1,third-party,
android.graphics.TemporaryBuffer,third-party,
android.graphics.Typeface,third-party,
android.graphics.Xfermode,third-party,
android.net.http.AndroidHttpClient,third-party,
android.net.http.AndroidHttpClient$1,third-party,
android.net.http.AndroidHttpClient$2,third-party,
android.net.http.Headers,third-party,
android.net.http.Headers$HeaderCallback,third-party,
android.net.http.a,third-party,
android.net.http.b,third-party,
android.os.Handler,third-party,
android.os.Handler$Callback,third-party,
android.os.IMessenger,third-party,
android.os.IMessenger$Stub,third-party,
android.os.Looper,third-party,
android.os.Message,third-party,
android.os.Message$1,third-party,
android.os.MessageQueue,third-party,
android.os.MessageQueue$IdleHandler,third-party,
android.os.SystemClock,third-party,
android.support.v4.app.ActivityCompat,third-party,
android.support.v4.content.ContextCompat,third-party,
android.util.Log,third-party,
android.util.Log$1,third-party,
android.util.Log$TerribleFailureHandler,third-party,
android.util.SparseArray,third-party,
android.util.a,third-party,
android.view.KeyEvent,third-party,
android.view.KeyEvent$1,third-party,
android.view.KeyEvent$Callback,third-party,
android.view.KeyEvent$DispatcherState,third-party,
com.Element,third-party,
com.ElementDocument,third-party,
com.ElementList,third-party,
com.LibRocket,third-party,
com.LibRocket$CompiledGeometry,third-party,
com.LibRocket$TextureHolder,third-party,
com.a.a.a.a,third-party,
com.codedisaster.steamworks.SteamAPI,third-party,
com.codedisaster.steamworks.SteamAPICall,third-party,
com.codedisaster.steamworks.SteamAPIWarningMessageHook,third-party,
com.codedisaster.steamworks.SteamApps,third-party,
com.codedisaster.steamworks.SteamAuth,third-party,
com.codedisaster.steamworks.SteamAuth$AuthSessionResponse,third-party,
com.codedisaster.steamworks.SteamAuth$BeginAuthSessionResult,third-party,
com.codedisaster.steamworks.SteamAuth$UserHasLicenseForAppResult,third-party,
com.codedisaster.steamworks.SteamAuthTicket,third-party,
com.codedisaster.steamworks.SteamCallbackAdapter,third-party,
com.codedisaster.steamworks.SteamController,third-party,
com.codedisaster.steamworks.SteamController$ActionOrigin,third-party,
com.codedisaster.steamworks.SteamController$LEDFlag,third-party,
com.codedisaster.steamworks.SteamController$Pad,third-party,
com.codedisaster.steamworks.SteamController$Source,third-party,
com.codedisaster.steamworks.SteamController$SourceMode,third-party,
com.codedisaster.steamworks.SteamControllerActionSetHandle,third-party,
com.codedisaster.steamworks.SteamControllerAnalogActionData,third-party,
com.codedisaster.steamworks.SteamControllerAnalogActionHandle,third-party,
com.codedisaster.steamworks.SteamControllerDigitalActionData,third-party,
com.codedisaster.steamworks.SteamControllerDigitalActionHandle,third-party,
com.codedisaster.steamworks.SteamControllerHandle,third-party,
com.codedisaster.steamworks.SteamControllerMotionData,third-party,
com.codedisaster.steamworks.SteamException,third-party,
com.codedisaster.steamworks.SteamFriends,third-party,
com.codedisaster.steamworks.SteamFriends$FriendFlags,third-party,
com.codedisaster.steamworks.SteamFriends$FriendRelationship,third-party,
com.codedisaster.steamworks.SteamFriends$OverlayDialog,third-party,
com.codedisaster.steamworks.SteamFriends$OverlayToStoreFlag,third-party,
com.codedisaster.steamworks.SteamFriends$OverlayToUserDialog,third-party,
com.codedisaster.steamworks.SteamFriends$PersonaChange,third-party,
com.codedisaster.steamworks.SteamFriends$PersonaState,third-party,
com.codedisaster.steamworks.SteamFriendsCallback,third-party,
com.codedisaster.steamworks.SteamFriendsCallbackAdapter,third-party,
com.codedisaster.steamworks.SteamGameServer,third-party,
com.codedisaster.steamworks.SteamGameServer$DenyReason,third-party,
com.codedisaster.steamworks.SteamGameServerAPI,third-party,
com.codedisaster.steamworks.SteamGameServerAPI$ServerMode,third-party,
com.codedisaster.steamworks.SteamGameServerCallback,third-party,
com.codedisaster.steamworks.SteamGameServerCallbackAdapter,third-party,
com.codedisaster.steamworks.SteamGameServerStats,third-party,
com.codedisaster.steamworks.SteamGameServerStatsCallback,third-party,
com.codedisaster.steamworks.SteamGameServerStatsCallbackAdapter,third-party,
com.codedisaster.steamworks.SteamHTTP,third-party,
com.codedisaster.steamworks.SteamHTTP$API,third-party,
com.codedisaster.steamworks.SteamHTTP$HTTPMethod,third-party,
com.codedisaster.steamworks.SteamHTTP$HTTPStatusCode,third-party,
com.codedisaster.steamworks.SteamHTTPCallback,third-party,
com.codedisaster.steamworks.SteamHTTPCallbackAdapter,third-party,
com.codedisaster.steamworks.SteamHTTPRequestHandle,third-party,
com.codedisaster.steamworks.SteamID,third-party,
com.codedisaster.steamworks.SteamInterface,third-party,
com.codedisaster.steamworks.SteamLeaderboardEntriesHandle,third-party,
com.codedisaster.steamworks.SteamLeaderboardEntry,third-party,
com.codedisaster.steamworks.SteamLeaderboardHandle,third-party,
com.codedisaster.steamworks.SteamMatchMakingKeyValuePair,third-party,
com.codedisaster.steamworks.SteamMatchmaking,third-party,
com.codedisaster.steamworks.SteamMatchmaking$ChatEntry,third-party,
com.codedisaster.steamworks.SteamMatchmaking$ChatEntryType,third-party,
com.codedisaster.steamworks.SteamMatchmaking$ChatMemberStateChange,third-party,
com.codedisaster.steamworks.SteamMatchmaking$ChatRoomEnterResponse,third-party,
com.codedisaster.steamworks.SteamMatchmaking$LobbyComparison,third-party,
com.codedisaster.steamworks.SteamMatchmaking$LobbyDistanceFilter,third-party,
com.codedisaster.steamworks.SteamMatchmaking$LobbyType,third-party,
com.codedisaster.steamworks.SteamMatchmakingCallback,third-party,
com.codedisaster.steamworks.SteamMatchmakingCallbackAdapter,third-party,
com.codedisaster.steamworks.SteamNativeHandle,third-party,
com.codedisaster.steamworks.SteamNetworking,third-party,
com.codedisaster.steamworks.SteamNetworking$API,third-party,
com.codedisaster.steamworks.SteamNetworking$P2PSend,third-party,
com.codedisaster.steamworks.SteamNetworking$P2PSessionError,third-party,
com.codedisaster.steamworks.SteamNetworking$P2PSessionState,third-party,
com.codedisaster.steamworks.SteamNetworkingCallback,third-party,
com.codedisaster.steamworks.SteamNetworkingCallbackAdapter,third-party,
com.codedisaster.steamworks.SteamPublishedFileID,third-party,
com.codedisaster.steamworks.SteamPublishedFileUpdateHandle,third-party,
com.codedisaster.steamworks.SteamRemoteStorage,third-party,
com.codedisaster.steamworks.SteamRemoteStorage$PublishedFileVisibility,third-party,
com.codedisaster.steamworks.SteamRemoteStorage$RemoteStoragePlatform,third-party,
com.codedisaster.steamworks.SteamRemoteStorage$UGCReadAction,third-party,
com.codedisaster.steamworks.SteamRemoteStorage$WorkshopFileType,third-party,
com.codedisaster.steamworks.SteamRemoteStorageCallback,third-party,
com.codedisaster.steamworks.SteamRemoteStorageCallbackAdapter,third-party,
com.codedisaster.steamworks.SteamResult,third-party,
com.codedisaster.steamworks.SteamSharedLibraryLoader,third-party,
com.codedisaster.steamworks.SteamUGC,third-party,
com.codedisaster.steamworks.SteamUGC$ItemAdditionalPreview,third-party,
com.codedisaster.steamworks.SteamUGC$ItemDownloadInfo,third-party,
com.codedisaster.steamworks.SteamUGC$ItemInstallInfo,third-party,
com.codedisaster.steamworks.SteamUGC$ItemPreviewType,third-party,
com.codedisaster.steamworks.SteamUGC$ItemState,third-party,
com.codedisaster.steamworks.SteamUGC$ItemStatistic,third-party,
com.codedisaster.steamworks.SteamUGC$ItemUpdateInfo,third-party,
com.codedisaster.steamworks.SteamUGC$ItemUpdateStatus,third-party,
com.codedisaster.steamworks.SteamUGC$MatchingUGCType,third-party,
com.codedisaster.steamworks.SteamUGC$UGCQueryType,third-party,
com.codedisaster.steamworks.SteamUGC$UserUGCList,third-party,
com.codedisaster.steamworks.SteamUGC$UserUGCListSortOrder,third-party,
com.codedisaster.steamworks.SteamUGCCallback,third-party,
com.codedisaster.steamworks.SteamUGCCallbackAdapter,third-party,
com.codedisaster.steamworks.SteamUGCDetails,third-party,
com.codedisaster.steamworks.SteamUGCFileWriteStreamHandle,third-party,
com.codedisaster.steamworks.SteamUGCHandle,third-party,
com.codedisaster.steamworks.SteamUGCQuery,third-party,
com.codedisaster.steamworks.SteamUGCUpdateHandle,third-party,
com.codedisaster.steamworks.SteamUniverse,third-party,
com.codedisaster.steamworks.SteamUser,third-party,
com.codedisaster.steamworks.SteamUserCallback,third-party,
com.codedisaster.steamworks.SteamUserCallbackAdapter,third-party,
com.codedisaster.steamworks.SteamUserStats,third-party,
com.codedisaster.steamworks.SteamUserStats$LeaderboardDataRequest,third-party,
com.codedisaster.steamworks.SteamUserStats$LeaderboardDisplayType,third-party,
com.codedisaster.steamworks.SteamUserStats$LeaderboardSortMethod,third-party,
com.codedisaster.steamworks.SteamUserStats$LeaderboardUploadScoreMethod,third-party,
com.codedisaster.steamworks.SteamUserStatsCallback,third-party,
com.codedisaster.steamworks.SteamUserStatsCallbackAdapter,third-party,
com.codedisaster.steamworks.SteamUtils,third-party,
com.codedisaster.steamworks.SteamUtils$NotificationPosition,third-party,
com.codedisaster.steamworks.SteamUtils$SteamAPICallFailure,third-party,
com.codedisaster.steamworks.SteamUtilsCallback,third-party,
com.codedisaster.steamworks.SteamUtilsCallbackAdapter,third-party,
com.corrodinggames.librocket.a,semantic-hit,com/corrodinggames/librocket/LibRocketContext.java
com.corrodinggames.librocket.a$1,semantic-hit,com/corrodinggames/librocket/LibRocketContext$1.java
com.corrodinggames.librocket.a$2,semantic-hit,com/corrodinggames/librocket/LibRocketContext$2.java
com.corrodinggames.librocket.a$2$1,semantic-hit,com/corrodinggames/librocket/LibRocketContext$2$1.java
com.corrodinggames.librocket.a$2$2,semantic-hit,com/corrodinggames/librocket/LibRocketContext$2$2.java
com.corrodinggames.librocket.b,semantic-hit,com/corrodinggames/librocket/LibRocketBridge.java
com.corrodinggames.librocket.c,semantic-hit,com/corrodinggames/librocket/ElementWrapper.java
com.corrodinggames.librocket.d,semantic-hit,com/corrodinggames/librocket/DocumentWrapper.java
com.corrodinggames.librocket.e,obf-hit,com/corrodinggames/librocket/e.java
com.corrodinggames.librocket.scripts.Debug,semantic-hit,com/corrodinggames/librocket/scripts/DebugUI.java
com.corrodinggames.librocket.scripts.Debug$1,semantic-hit,com/corrodinggames/librocket/scripts/DebugUI$1.java
com.corrodinggames.librocket.scripts.Mods,semantic-hit,com/corrodinggames/librocket/scripts/ModsUI.java
com.corrodinggames.librocket.scripts.Mods$1,semantic-hit,com/corrodinggames/librocket/scripts/ModsUI$1.java
com.corrodinggames.librocket.scripts.Multiplayer,semantic-hit,com/corrodinggames/librocket/scripts/MultiplayerUI.java
com.corrodinggames.librocket.scripts.Multiplayer$1,semantic-hit,com/corrodinggames/librocket/scripts/MultiplayerUI$1.java
com.corrodinggames.librocket.scripts.Multiplayer$DropdownOption,semantic-hit,com/corrodinggames/librocket/scripts/MultiplayerUI$DropdownOption.java
com.corrodinggames.librocket.scripts.Root,semantic-hit,com/corrodinggames/librocket/scripts/MainUIController.java
com.corrodinggames.librocket.scripts.Root$1,semantic-hit,com/corrodinggames/librocket/scripts/MainUIController$1.java
com.corrodinggames.librocket.scripts.Root$10,semantic-hit,com/corrodinggames/librocket/scripts/MainUIController$10.java
com.corrodinggames.librocket.scripts.Root$11,semantic-hit,com/corrodinggames/librocket/scripts/MainUIController$11.java
com.corrodinggames.librocket.scripts.Root$2,semantic-hit,com/corrodinggames/librocket/scripts/MainUIController$2.java
com.corrodinggames.librocket.scripts.Root$3,semantic-hit,com/corrodinggames/librocket/scripts/MainUIController$3.java
com.corrodinggames.librocket.scripts.Root$4,semantic-hit,com/corrodinggames/librocket/scripts/MainUIController$4.java
com.corrodinggames.librocket.scripts.Root$5,semantic-hit,com/corrodinggames/librocket/scripts/MainUIController$5.java
com.corrodinggames.librocket.scripts.Root$6,semantic-hit,com/corrodinggames/librocket/scripts/MainUIController$6.java
com.corrodinggames.librocket.scripts.Root$7,semantic-hit,com/corrodinggames/librocket/scripts/MainUIController$7.java
com.corrodinggames.librocket.scripts.Root$8,semantic-hit,com/corrodinggames/librocket/scripts/MainUIController$8.java
com.corrodinggames.librocket.scripts.Root$9,semantic-hit,com/corrodinggames/librocket/scripts/MainUIController$9.java
com.corrodinggames.librocket.scripts.Root$TableCell,semantic-hit,com/corrodinggames/librocket/scripts/MainUIController$TableCell.java
com.corrodinggames.librocket.scripts.Root$TableData,semantic-hit,com/corrodinggames/librocket/scripts/MainUIController$TableData.java
com.corrodinggames.librocket.scripts.Root$TableRow,semantic-hit,com/corrodinggames/librocket/scripts/MainUIController$TableRow.java
com.corrodinggames.librocket.scripts.ScriptContext,obf-hit,com/corrodinggames/librocket/scripts/ScriptContext.java
com.corrodinggames.librocket.scripts.ScriptEngine,obf-hit,com/corrodinggames/librocket/scripts/ScriptEngine.java
com.corrodinggames.librocket.scripts.ScriptEngine$1,obf-inner,com/corrodinggames/librocket/scripts/ScriptEngine$1.java
com.corrodinggames.librocket.scripts.ScriptEngine$Action,obf-inner,com/corrodinggames/librocket/scripts/ScriptEngine$Action.java
com.corrodinggames.librocket.scripts.ScriptEngine$RunnableAction,obf-inner,com/corrodinggames/librocket/scripts/ScriptEngine$RunnableAction.java
com.corrodinggames.rts.R,obf-hit,com/corrodinggames/rts/R.java
com.corrodinggames.rts.R$anim,obf-inner,com/corrodinggames/rts/R$anim.java
com.corrodinggames.rts.R$array,obf-inner,com/corrodinggames/rts/R$array.java
com.corrodinggames.rts.R$attr,obf-inner,com/corrodinggames/rts/R$attr.java
com.corrodinggames.rts.R$color,obf-inner,com/corrodinggames/rts/R$color.java
com.corrodinggames.rts.R$drawable,obf-inner,com/corrodinggames/rts/R$drawable.java
com.corrodinggames.rts.R$id,obf-inner,com/corrodinggames/rts/R$id.java
com.corrodinggames.rts.R$layout,obf-inner,com/corrodinggames/rts/R$layout.java
com.corrodinggames.rts.R$raw,obf-inner,com/corrodinggames/rts/R$raw.java
com.corrodinggames.rts.R$string,obf-inner,com/corrodinggames/rts/R$string.java
com.corrodinggames.rts.R$style,obf-inner,com/corrodinggames/rts/R$style.java
com.corrodinggames.rts.R$styleable,obf-inner,com/corrodinggames/rts/R$styleable.java
com.corrodinggames.rts.R$xml,obf-inner,com/corrodinggames/rts/R$xml.java
com.corrodinggames.rts.a.a,semantic-hit,com/corrodinggames/rts/gameFramework/commands/DebugServer.java
com.corrodinggames.rts.a.a$1,obf-inner,com/corrodinggames/rts/java/input/a$1.java
com.corrodinggames.rts.a.a$2,obf-inner,com/corrodinggames/rts/platform/a$2.java
com.corrodinggames.rts.a.a.a,semantic-hit,com/corrodinggames/rts/platform/net/TestGameLogic.java
com.corrodinggames.rts.a.a.b,semantic-hit,com/corrodinggames/rts/platform/net/TestNetworking.java
com.corrodinggames.rts.a.a.c,semantic-hit,com/corrodinggames/rts/platform/net/TestLogicBoolean.java
com.corrodinggames.rts.a.a.d,semantic-hit,com/corrodinggames/rts/platform/net/TestMath.java
com.corrodinggames.rts.a.a.e,semantic-hit,com/corrodinggames/rts/platform/net/TestFilesystem.java
com.corrodinggames.rts.a.a.f,semantic-hit,com/corrodinggames/rts/platform/net/TestPerformance.java
com.corrodinggames.rts.a.a.g,obf-hit,com/corrodinggames/rts/game/units/commands/slots/g.java
com.corrodinggames.rts.a.a.h,obf-hit,com/corrodinggames/rts/game/units/commands/slots/h.java
com.corrodinggames.rts.a.a.i,semantic-hit,com/corrodinggames/rts/platform/net/UDPPacketBase.java
com.corrodinggames.rts.a.a.j,obf-hit,com/corrodinggames/rts/game/units/custom/actions/base/j.java
com.corrodinggames.rts.a.a.k,obf-hit,com/corrodinggames/rts/game/units/custom/actions/base/k.java
com.corrodinggames.rts.a.a.l,semantic-hit,com/corrodinggames/rts/platform/net/TestCase.java
com.corrodinggames.rts.a.a.m,obf-hit,com/corrodinggames/rts/gameFramework/ui/panels/m.java
com.corrodinggames.rts.a.a.n,semantic-hit,com/corrodinggames/rts/platform/net/TestRunner.java
com.corrodinggames.rts.a.b,obf-hit,com/corrodinggames/rts/game/units/custom/actions/b.java
com.corrodinggames.rts.a.c,semantic-hit,com/corrodinggames/rts/platform/NetworkSessionBase.java
com.corrodinggames.rts.appFramework.a,semantic-hit,com/corrodinggames/rts/appFramework/AppContext.java
com.corrodinggames.rts.appFramework.b,semantic-hit,com/corrodinggames/rts/appFramework/GameActivity.java
com.corrodinggames.rts.appFramework.c,semantic-hit,com/corrodinggames/rts/appFramework/AndroidUIHelper.java
com.corrodinggames.rts.appFramework.c$1,semantic-hit,com/corrodinggames/rts/appFramework/AndroidUIHelper$1.java
com.corrodinggames.rts.appFramework.c$2,semantic-hit,com/corrodinggames/rts/appFramework/AndroidUIHelper$2.java
com.corrodinggames.rts.appFramework.c$2$1,semantic-hit,com/corrodinggames/rts/appFramework/AndroidUIHelper$2$1.java
com.corrodinggames.rts.appFramework.d,semantic-hit,com/corrodinggames/rts/appFramework/AbstractAppBase.java
com.corrodinggames.rts.appFramework.e,semantic-hit,com/corrodinggames/rts/appFramework/AppState.java
com.corrodinggames.rts.appFramework.f,semantic-hit,com/corrodinggames/rts/appFramework/AppFramework.java
com.corrodinggames.rts.appFramework.g,semantic-hit,com/corrodinggames/rts/appFramework/InGameActivity.java
com.corrodinggames.rts.appFramework.g$1,semantic-hit,com/corrodinggames/rts/appFramework/InGameActivity$1.java
com.corrodinggames.rts.appFramework.g$10,semantic-hit,com/corrodinggames/rts/appFramework/InGameActivity$10.java
com.corrodinggames.rts.appFramework.g$11,semantic-hit,com/corrodinggames/rts/appFramework/InGameActivity$11.java
com.corrodinggames.rts.appFramework.g$12,semantic-hit,com/corrodinggames/rts/appFramework/InGameActivity$12.java
com.corrodinggames.rts.appFramework.g$13,semantic-hit,com/corrodinggames/rts/appFramework/InGameActivity$13.java
com.corrodinggames.rts.appFramework.g$14,semantic-hit,com/corrodinggames/rts/appFramework/InGameActivity$14.java
com.corrodinggames.rts.appFramework.g$15,semantic-hit,com/corrodinggames/rts/appFramework/InGameActivity$15.java
com.corrodinggames.rts.appFramework.g$16,semantic-hit,com/corrodinggames/rts/appFramework/InGameActivity$16.java
com.corrodinggames.rts.appFramework.g$2,semantic-hit,com/corrodinggames/rts/appFramework/InGameActivity$2.java
com.corrodinggames.rts.appFramework.g$3,semantic-hit,com/corrodinggames/rts/appFramework/InGameActivity$3.java
com.corrodinggames.rts.appFramework.g$4,semantic-hit,com/corrodinggames/rts/appFramework/InGameActivity$4.java
com.corrodinggames.rts.appFramework.g$4$1,semantic-hit,com/corrodinggames/rts/appFramework/InGameActivity$4$1.java
com.corrodinggames.rts.appFramework.g$5,semantic-hit,com/corrodinggames/rts/appFramework/InGameActivity$5.java
com.corrodinggames.rts.appFramework.g$6,semantic-hit,com/corrodinggames/rts/appFramework/InGameActivity$6.java
com.corrodinggames.rts.appFramework.g$6$1,semantic-hit,com/corrodinggames/rts/appFramework/InGameActivity$6$1.java
com.corrodinggames.rts.appFramework.g$7,semantic-hit,com/corrodinggames/rts/appFramework/InGameActivity$7.java
com.corrodinggames.rts.appFramework.g$8,semantic-hit,com/corrodinggames/rts/appFramework/InGameActivity$8.java
com.corrodinggames.rts.appFramework.g$9,semantic-hit,com/corrodinggames/rts/appFramework/InGameActivity$9.java
com.corrodinggames.rts.appFramework.h,semantic-hit,com/corrodinggames/rts/appFramework/UIRunnable.java
com.corrodinggames.rts.appFramework.i,semantic-hit,com/corrodinggames/rts/appFramework/ContextMenuActivity.java
com.corrodinggames.rts.appFramework.j,semantic-hit,com/corrodinggames/rts/appFramework/ButtonActivity.java
com.corrodinggames.rts.appFramework.k,semantic-hit,com/corrodinggames/rts/appFramework/ReplayComparator.java
com.corrodinggames.rts.appFramework.l,semantic-hit,com/corrodinggames/rts/appFramework/MultiTouchHandler.java
com.corrodinggames.rts.appFramework.m,semantic-hit,com/corrodinggames/rts/appFramework/TouchState.java
com.corrodinggames.rts.appFramework.n,semantic-hit,com/corrodinggames/rts/appFramework/DialogHelper.java
com.corrodinggames.rts.appFramework.n$1,semantic-hit,com/corrodinggames/rts/appFramework/DialogHelper$1.java
com.corrodinggames.rts.appFramework.n$2,semantic-hit,com/corrodinggames/rts/appFramework/DialogHelper$2.java
com.corrodinggames.rts.appFramework.n$3,semantic-hit,com/corrodinggames/rts/appFramework/DialogHelper$3.java
com.corrodinggames.rts.appFramework.n$4,semantic-hit,com/corrodinggames/rts/appFramework/DialogHelper$4.java
com.corrodinggames.rts.appFramework.n$5,semantic-hit,com/corrodinggames/rts/appFramework/DialogHelper$5.java
com.corrodinggames.rts.appFramework.o,obf-hit,com/corrodinggames/rts/appFramework/o.java
com.corrodinggames.rts.appFramework.p,obf-hit,com/corrodinggames/rts/appFramework/p.java
com.corrodinggames.rts.appFramework.p$1,obf-inner,com/corrodinggames/rts/appFramework/p$1.java
com.corrodinggames.rts.appFramework.q,obf-hit,com/corrodinggames/rts/appFramework/q.java
com.corrodinggames.rts.appFramework.r,semantic-hit,com/corrodinggames/rts/appFramework/ReplayComparator.java
com.corrodinggames.rts.appFramework.s,obf-hit,com/corrodinggames/rts/appFramework/s.java
com.corrodinggames.rts.appFramework.s$1,obf-inner,com/corrodinggames/rts/appFramework/s$1.java
com.corrodinggames.rts.game.a,semantic-hit,com/corrodinggames/rts/game/GameFlag.java
com.corrodinggames.rts.game.a.a,obf-hit,com/a/a/a/a.java
com.corrodinggames.rts.game.a.a$1,semantic-hit,com/corrodinggames/rts/game/ai/AIStrategy$1.java
com.corrodinggames.rts.game.a.a$10,semantic-hit,com/corrodinggames/rts/game/ai/AIStrategy$10.java
com.corrodinggames.rts.game.a.a$11,semantic-hit,com/corrodinggames/rts/game/ai/AIStrategy$11.java
com.corrodinggames.rts.game.a.a$12,semantic-hit,com/corrodinggames/rts/game/ai/AIStrategy$12.java
com.corrodinggames.rts.game.a.a$13,semantic-hit,com/corrodinggames/rts/game/ai/AIStrategy$13.java
com.corrodinggames.rts.game.a.a$2,semantic-hit,com/corrodinggames/rts/game/ai/AIStrategy$2.java
com.corrodinggames.rts.game.a.a$3,semantic-hit,com/corrodinggames/rts/game/ai/AIStrategy$3.java
com.corrodinggames.rts.game.a.a$4,semantic-hit,com/corrodinggames/rts/game/ai/AIStrategy$4.java
com.corrodinggames.rts.game.a.a$5,semantic-hit,com/corrodinggames/rts/game/ai/AIStrategy$5.java
com.corrodinggames.rts.game.a.a$6,semantic-hit,com/corrodinggames/rts/game/ai/AIStrategy$6.java
com.corrodinggames.rts.game.a.a$7,semantic-hit,com/corrodinggames/rts/game/ai/AIStrategy$7.java
com.corrodinggames.rts.game.a.a$8,semantic-hit,com/corrodinggames/rts/game/ai/AIStrategy$8.java
com.corrodinggames.rts.game.a.a$9,semantic-hit,com/corrodinggames/rts/game/ai/AIStrategy$9.java
com.corrodinggames.rts.game.a.a.a,semantic-hit,com/corrodinggames/rts/game/ai/AIStrategy.java
com.corrodinggames.rts.game.a.a.a$1,semantic-hit,com/corrodinggames/rts/game/ai/AIStrategy$1.java
com.corrodinggames.rts.game.a.a.b,semantic-hit,com/corrodinggames/rts/game/ai/strategies/AIStrategyResult.java
com.corrodinggames.rts.game.a.a.b$1,inner-via-outer,com/corrodinggames/rts/game/units/custom/actions/b.java
com.corrodinggames.rts.game.a.a.b$2,inner-via-outer,com/corrodinggames/rts/game/units/custom/actions/b.java
com.corrodinggames.rts.game.a.a.c,obf-hit,com/corrodinggames/rts/game/units/custom/actions/c.java
com.corrodinggames.rts.game.a.a.d,obf-hit,com/corrodinggames/rts/game/units/commands/slots/d.java
com.corrodinggames.rts.game.a.b,obf-hit,com/corrodinggames/rts/game/units/custom/actions/b.java
com.corrodinggames.rts.game.a.c,obf-hit,com/corrodinggames/rts/game/units/custom/actions/c.java
com.corrodinggames.rts.game.a.d,semantic-hit,com/corrodinggames/rts/game/ai/UnitBuildStrategy.java
com.corrodinggames.rts.game.a.e,semantic-hit,com/corrodinggames/rts/game/ai/CombatAction.java
com.corrodinggames.rts.game.a.f,semantic-hit,com/corrodinggames/rts/game/ai/AIUnitActionUtils.java
com.corrodinggames.rts.game.a.g,semantic-hit,com/corrodinggames/rts/game/ai/CombatMain.java
com.corrodinggames.rts.game.a.h,semantic-hit,com/corrodinggames/rts/game/ai/AIUnitGroupBase.java
com.corrodinggames.rts.game.a.i,semantic-hit,com/corrodinggames/rts/game/Projectile.java
com.corrodinggames.rts.game.a.j,semantic-hit,com/corrodinggames/rts/game/ai/BaseZoneType.java
com.corrodinggames.rts.game.a.k,semantic-hit,com/corrodinggames/rts/game/ai/BaseZoneStage.java
com.corrodinggames.rts.game.a.l,semantic-hit,com/corrodinggames/rts/game/ai/RallyGroup.java
com.corrodinggames.rts.game.a.m,semantic-hit,com/corrodinggames/rts/game/ai/PlainZone.java
com.corrodinggames.rts.game.a.n,semantic-hit,com/corrodinggames/rts/game/ai/TransporterGroup.java
com.corrodinggames.rts.game.a.o,semantic-hit,com/corrodinggames/rts/game/ai/AIStrategyNode.java
com.corrodinggames.rts.game.b,semantic-hit,com/corrodinggames/rts/game/GameFlagImpl.java
com.corrodinggames.rts.game.b.a,semantic-hit,com/corrodinggames/rts/game/map/MapSpawn.java
com.corrodinggames.rts.game.b.b,semantic-hit,com/corrodinggames/rts/game/map/MapEngine.java
com.corrodinggames.rts.game.b.b$1,semantic-hit,com/corrodinggames/rts/game/map/MapEngine$1.java
com.corrodinggames.rts.game.b.b$2,semantic-hit,com/corrodinggames/rts/game/map/MapEngine$2.java
com.corrodinggames.rts.game.b.c,semantic-hit,com/corrodinggames/rts/game/map/MapRenderer.java
com.corrodinggames.rts.game.b.d,semantic-hit,com/corrodinggames/rts/game/map/MapLayerRenderer.java
com.corrodinggames.rts.game.b.e,semantic-hit,com/corrodinggames/rts/game/map/TMXMapLoader.java
com.corrodinggames.rts.game.b.f,semantic-hit,com/corrodinggames/rts/game/map/MapException.java
com.corrodinggames.rts.game.b.g,semantic-hit,com/corrodinggames/rts/game/map/MapLayer.java
com.corrodinggames.rts.game.b.h,semantic-hit,com/corrodinggames/rts/game/map/TileDrawer.java
com.corrodinggames.rts.game.b.i,semantic-hit,com/corrodinggames/rts/game/map/MapLayerDef.java
com.corrodinggames.rts.game.b.j,semantic-hit,com/corrodinggames/rts/game/map/TilesetDef.java
com.corrodinggames.rts.game.b.k,semantic-hit,com/corrodinggames/rts/game/map/TileEntry.java
com.corrodinggames.rts.game.c,semantic-hit,com/corrodinggames/rts/game/NetworkPlayer.java
com.corrodinggames.rts.game.d,semantic-hit,com/corrodinggames/rts/game/NeutralPlayer.java
com.corrodinggames.rts.game.e,semantic-hit,com/corrodinggames/rts/game/HumanPlayer.java
com.corrodinggames.rts.game.f,semantic-hit,com/corrodinggames/rts/game/MovementController.java
com.corrodinggames.rts.game.g,obf-hit,com/corrodinggames/rts/game/units/commands/slots/g.java
com.corrodinggames.rts.game.h,semantic-hit,com/corrodinggames/rts/game/TagFilter.java
com.corrodinggames.rts.game.i,obf-hit,com/corrodinggames/rts/game/units/custom/actions/base/i.java
com.corrodinggames.rts.game.i$a,semantic-hit,com/corrodinggames/rts/game/GameEngine$a.java
com.corrodinggames.rts.game.j,semantic-hit,com/corrodinggames/rts/game/ResourceLoader.java
com.corrodinggames.rts.game.k,semantic-hit,com/corrodinggames/rts/game/ScreenshotSaver.java
com.corrodinggames.rts.game.l,semantic-hit,com/corrodinggames/rts/game/Projectile.java
com.corrodinggames.rts.game.m,semantic-hit,com/corrodinggames/rts/game/ProjectileType.java
com.corrodinggames.rts.game.n,semantic-hit,com/corrodinggames/rts/game/PlayerState.java
com.corrodinggames.rts.game.o,semantic-hit,com/corrodinggames/rts/game/GameMode.java
com.corrodinggames.rts.game.p,semantic-hit,com/corrodinggames/rts/game/UnitManager.java
com.corrodinggames.rts.game.q,semantic-hit,com/corrodinggames/rts/game/ResourceType.java
com.corrodinggames.rts.game.r,semantic-hit,com/corrodinggames/rts/game/UnitTypeCount.java
com.corrodinggames.rts.game.s,semantic-hit,com/corrodinggames/rts/game/TeamUnitTracker.java
com.corrodinggames.rts.game.t,semantic-hit,com/corrodinggames/rts/game/BuildQueue.java
com.corrodinggames.rts.game.u,semantic-hit,com/corrodinggames/rts/game/LobbyPlayer.java
com.corrodinggames.rts.game.units.a,semantic-hit,com/corrodinggames/rts/game/units/UnitFlag.java
com.corrodinggames.rts.game.units.a.a,semantic-hit,com/corrodinggames/rts/game/units/actions/UnitActionBase.java
com.corrodinggames.rts.game.units.a.b,semantic-hit,com/corrodinggames/rts/game/units/actions/ActionFilter.java
com.corrodinggames.rts.game.units.a.c,semantic-hit,com/corrodinggames/rts/game/units/actions/ActionId.java
com.corrodinggames.rts.game.units.a.d,semantic-hit,com/corrodinggames/rts/game/units/actions/AttackAction.java
com.corrodinggames.rts.game.units.a.e,semantic-hit,com/corrodinggames/rts/game/units/actions/AttackMoveAction.java
com.corrodinggames.rts.game.units.a.f,semantic-hit,com/corrodinggames/rts/game/units/actions/GuardAction.java
com.corrodinggames.rts.game.units.a.g,semantic-hit,com/corrodinggames/rts/game/units/actions/BuildAction.java
com.corrodinggames.rts.game.units.a.h,semantic-hit,com/corrodinggames/rts/game/units/actions/ActionWrapper.java
com.corrodinggames.rts.game.units.a.i,semantic-hit,com/corrodinggames/rts/game/units/actions/PatrolAction.java
com.corrodinggames.rts.game.units.a.j,semantic-hit,com/corrodinggames/rts/game/units/actions/PingAction.java
com.corrodinggames.rts.game.units.a.k,semantic-hit,com/corrodinggames/rts/game/units/actions/PingType.java
com.corrodinggames.rts.game.units.a.l,semantic-hit,com/corrodinggames/rts/game/units/actions/UnitBuildAction.java
com.corrodinggames.rts.game.units.a.m,semantic-hit,com/corrodinggames/rts/game/units/actions/ReclaimAction.java
com.corrodinggames.rts.game.units.a.n,semantic-hit,com/corrodinggames/rts/game/units/actions/RepairAction.java
com.corrodinggames.rts.game.units.a.o,semantic-hit,com/corrodinggames/rts/game/units/actions/RallyPointAction.java
com.corrodinggames.rts.game.units.a.p,semantic-hit,com/corrodinggames/rts/game/units/actions/AbstractCutsceneAction.java
com.corrodinggames.rts.game.units.a.q,semantic-hit,com/corrodinggames/rts/game/units/actions/TeamChatAction.java
com.corrodinggames.rts.game.units.a.r,semantic-hit,com/corrodinggames/rts/game/units/actions/MapPingAction.java
com.corrodinggames.rts.game.units.a.s,semantic-hit,com/corrodinggames/rts/game/units/actions/GameAction.java
com.corrodinggames.rts.game.units.a.t,semantic-hit,com/corrodinggames/rts/game/units/actions/ActionCategory.java
com.corrodinggames.rts.game.units.a.u,semantic-hit,com/corrodinggames/rts/game/units/actions/ActionTargetType.java
com.corrodinggames.rts.game.units.a.v,semantic-hit,com/corrodinggames/rts/game/units/actions/BuildQueueAction.java
com.corrodinggames.rts.game.units.a.w,semantic-hit,com/corrodinggames/rts/game/units/actions/AbstractBuildAction.java
com.corrodinggames.rts.game.units.a.x,semantic-hit,com/corrodinggames/rts/game/units/actions/AbstractImmediateAction.java
com.corrodinggames.rts.game.units.a.y,semantic-hit,com/corrodinggames/rts/game/units/actions/StopAction.java
com.corrodinggames.rts.game.units.a.z,semantic-hit,com/corrodinggames/rts/game/units/actions/SellAction.java
com.corrodinggames.rts.game.units.aa,semantic-hit,com/corrodinggames/rts/game/units/ResourceRate.java
com.corrodinggames.rts.game.units.ab,semantic-hit,com/corrodinggames/rts/game/units/UnitState.java
com.corrodinggames.rts.game.units.ac,semantic-hit,com/corrodinggames/rts/game/units/DecorType1.java
com.corrodinggames.rts.game.units.ad,semantic-hit,com/corrodinggames/rts/game/units/UnitAttachment.java
com.corrodinggames.rts.game.units.ae,semantic-hit,com/corrodinggames/rts/game/units/DecorType2.java
com.corrodinggames.rts.game.units.af,semantic-hit,com/corrodinggames/rts/game/units/UnitTransform.java
com.corrodinggames.rts.game.units.ag,semantic-hit,com/corrodinggames/rts/game/units/PathState.java
com.corrodinggames.rts.game.units.ah,semantic-hit,com/corrodinggames/rts/game/units/DecorType3.java
com.corrodinggames.rts.game.units.ai,semantic-hit,com/corrodinggames/rts/game/units/FireDecoration.java
com.corrodinggames.rts.game.units.aj,semantic-hit,com/corrodinggames/rts/game/units/DecorType4.java
com.corrodinggames.rts.game.units.ak,semantic-hit,com/corrodinggames/rts/game/units/UnitShield.java
com.corrodinggames.rts.game.units.al,semantic-hit,com/corrodinggames/rts/game/units/TreeDecoration.java
com.corrodinggames.rts.game.units.am,semantic-hit,com/corrodinggames/rts/game/units/UnitInstance.java
com.corrodinggames.rts.game.units.an,semantic-hit,com/corrodinggames/rts/game/units/PlayerUnitIndicator.java
com.corrodinggames.rts.game.units.ao,semantic-hit,com/corrodinggames/rts/game/units/MovementTypeEnum.java
com.corrodinggames.rts.game.units.ap,semantic-hit,com/corrodinggames/rts/game/units/UnitTurret.java
com.corrodinggames.rts.game.units.aq,semantic-hit,com/corrodinggames/rts/game/units/PathfindingHelper.java
com.corrodinggames.rts.game.units.ar,semantic-hit,com/corrodinggames/rts/game/units/UnitRegistry.java
com.corrodinggames.rts.game.units.ar$1,semantic-hit,com/corrodinggames/rts/gameFramework/utility/UnitRegistry$1.java
com.corrodinggames.rts.game.units.ar$10,inner-via-outer,com/corrodinggames/rts/game/units/custom/ar.java
com.corrodinggames.rts.game.units.ar$11,inner-via-outer,com/corrodinggames/rts/game/units/custom/ar.java
com.corrodinggames.rts.game.units.ar$12,inner-via-outer,com/corrodinggames/rts/game/units/custom/ar.java
com.corrodinggames.rts.game.units.ar$13,inner-via-outer,com/corrodinggames/rts/game/units/custom/ar.java
com.corrodinggames.rts.game.units.ar$14,inner-via-outer,com/corrodinggames/rts/game/units/custom/ar.java
com.corrodinggames.rts.game.units.ar$15,inner-via-outer,com/corrodinggames/rts/game/units/custom/ar.java
com.corrodinggames.rts.game.units.ar$16,inner-via-outer,com/corrodinggames/rts/game/units/custom/ar.java
com.corrodinggames.rts.game.units.ar$17,inner-via-outer,com/corrodinggames/rts/game/units/custom/ar.java
com.corrodinggames.rts.game.units.ar$18,inner-via-outer,com/corrodinggames/rts/game/units/custom/ar.java
com.corrodinggames.rts.game.units.ar$19,inner-via-outer,com/corrodinggames/rts/game/units/custom/ar.java
com.corrodinggames.rts.game.units.ar$2,inner-via-outer,com/corrodinggames/rts/game/units/custom/ar.java
com.corrodinggames.rts.game.units.ar$20,inner-via-outer,com/corrodinggames/rts/game/units/custom/ar.java
com.corrodinggames.rts.game.units.ar$21,inner-via-outer,com/corrodinggames/rts/game/units/custom/ar.java
com.corrodinggames.rts.game.units.ar$22,inner-via-outer,com/corrodinggames/rts/game/units/custom/ar.java
com.corrodinggames.rts.game.units.ar$23,inner-via-outer,com/corrodinggames/rts/game/units/custom/ar.java
com.corrodinggames.rts.game.units.ar$24,inner-via-outer,com/corrodinggames/rts/game/units/custom/ar.java
com.corrodinggames.rts.game.units.ar$25,inner-via-outer,com/corrodinggames/rts/game/units/custom/ar.java
com.corrodinggames.rts.game.units.ar$26,inner-via-outer,com/corrodinggames/rts/game/units/custom/ar.java
com.corrodinggames.rts.game.units.ar$27,inner-via-outer,com/corrodinggames/rts/game/units/custom/ar.java
com.corrodinggames.rts.game.units.ar$28,inner-via-outer,com/corrodinggames/rts/game/units/custom/ar.java
com.corrodinggames.rts.game.units.ar$29,inner-via-outer,com/corrodinggames/rts/game/units/custom/ar.java
com.corrodinggames.rts.game.units.ar$3,inner-via-outer,com/corrodinggames/rts/game/units/custom/ar.java
com.corrodinggames.rts.game.units.ar$30,inner-via-outer,com/corrodinggames/rts/game/units/custom/ar.java
com.corrodinggames.rts.game.units.ar$31,inner-via-outer,com/corrodinggames/rts/game/units/custom/ar.java
com.corrodinggames.rts.game.units.ar$32,inner-via-outer,com/corrodinggames/rts/game/units/custom/ar.java
com.corrodinggames.rts.game.units.ar$33,inner-via-outer,com/corrodinggames/rts/game/units/custom/ar.java
com.corrodinggames.rts.game.units.ar$34,inner-via-outer,com/corrodinggames/rts/game/units/custom/ar.java
com.corrodinggames.rts.game.units.ar$35,inner-via-outer,com/corrodinggames/rts/game/units/custom/ar.java
com.corrodinggames.rts.game.units.ar$36,inner-via-outer,com/corrodinggames/rts/game/units/custom/ar.java
com.corrodinggames.rts.game.units.ar$37,inner-via-outer,com/corrodinggames/rts/game/units/custom/ar.java
com.corrodinggames.rts.game.units.ar$38,inner-via-outer,com/corrodinggames/rts/game/units/custom/ar.java
com.corrodinggames.rts.game.units.ar$39,inner-via-outer,com/corrodinggames/rts/game/units/custom/ar.java
com.corrodinggames.rts.game.units.ar$4,inner-via-outer,com/corrodinggames/rts/game/units/custom/ar.java
com.corrodinggames.rts.game.units.ar$40,inner-via-outer,com/corrodinggames/rts/game/units/custom/ar.java
com.corrodinggames.rts.game.units.ar$41,inner-via-outer,com/corrodinggames/rts/game/units/custom/ar.java
com.corrodinggames.rts.game.units.ar$42,inner-via-outer,com/corrodinggames/rts/game/units/custom/ar.java
com.corrodinggames.rts.game.units.ar$43,inner-via-outer,com/corrodinggames/rts/game/units/custom/ar.java
com.corrodinggames.rts.game.units.ar$44,inner-via-outer,com/corrodinggames/rts/game/units/custom/ar.java
com.corrodinggames.rts.game.units.ar$45,inner-via-outer,com/corrodinggames/rts/game/units/custom/ar.java
com.corrodinggames.rts.game.units.ar$46,inner-via-outer,com/corrodinggames/rts/game/units/custom/ar.java
com.corrodinggames.rts.game.units.ar$47,inner-via-outer,com/corrodinggames/rts/game/units/custom/ar.java
com.corrodinggames.rts.game.units.ar$48,inner-via-outer,com/corrodinggames/rts/game/units/custom/ar.java
com.corrodinggames.rts.game.units.ar$49,inner-via-outer,com/corrodinggames/rts/game/units/custom/ar.java
com.corrodinggames.rts.game.units.ar$5,inner-via-outer,com/corrodinggames/rts/game/units/custom/ar.java
com.corrodinggames.rts.game.units.ar$50,inner-via-outer,com/corrodinggames/rts/game/units/custom/ar.java
com.corrodinggames.rts.game.units.ar$51,inner-via-outer,com/corrodinggames/rts/game/units/custom/ar.java
com.corrodinggames.rts.game.units.ar$52,inner-via-outer,com/corrodinggames/rts/game/units/custom/ar.java
com.corrodinggames.rts.game.units.ar$53,inner-via-outer,com/corrodinggames/rts/game/units/custom/ar.java
com.corrodinggames.rts.game.units.ar$6,inner-via-outer,com/corrodinggames/rts/game/units/custom/ar.java
com.corrodinggames.rts.game.units.ar$7,inner-via-outer,com/corrodinggames/rts/game/units/custom/ar.java
com.corrodinggames.rts.game.units.ar$8,inner-via-outer,com/corrodinggames/rts/game/units/custom/ar.java
com.corrodinggames.rts.game.units.ar$9,inner-via-outer,com/corrodinggames/rts/game/units/custom/ar.java
com.corrodinggames.rts.game.units.as,semantic-hit,com/corrodinggames/rts/game/units/UnitTypeHandle.java
com.corrodinggames.rts.game.units.at,obf-hit,com/corrodinggames/rts/game/units/at.java
com.corrodinggames.rts.game.units.au,semantic-hit,com/corrodinggames/rts/game/units/WeaponAction.java
com.corrodinggames.rts.game.units.av,semantic-hit,com/corrodinggames/rts/game/units/WeaponTypeEnum.java
com.corrodinggames.rts.game.units.b,semantic-hit,com/corrodinggames/rts/game/units/PathResult.java
com.corrodinggames.rts.game.units.b.a,semantic-hit,com/corrodinggames/rts/game/units/buildings/UnitBehavior.java
com.corrodinggames.rts.game.units.b.b,semantic-hit,com/corrodinggames/rts/game/units/buildings/AbstractUnitBehavior.java
com.corrodinggames.rts.game.units.b.c,semantic-hit,com/corrodinggames/rts/game/units/buildings/AttackBehavior.java
com.corrodinggames.rts.game.units.b.c$1,semantic-hit,com/corrodinggames/rts/game/units/buildings/AttackBehavior$1.java
com.corrodinggames.rts.game.units.b.c$2,semantic-hit,com/corrodinggames/rts/game/units/buildings/AttackBehavior$2.java
com.corrodinggames.rts.game.units.b.d,semantic-hit,com/corrodinggames/rts/game/units/buildings/MoveBehavior.java
com.corrodinggames.rts.game.units.b.d$1,semantic-hit,com/corrodinggames/rts/game/units/buildings/MoveBehavior$1.java
com.corrodinggames.rts.game.units.b.d$2,semantic-hit,com/corrodinggames/rts/game/units/buildings/MoveBehavior$2.java
com.corrodinggames.rts.game.units.b.e,semantic-hit,com/corrodinggames/rts/game/units/buildings/BuildBehavior.java
com.corrodinggames.rts.game.units.b.f,semantic-hit,com/corrodinggames/rts/game/units/buildings/RepairBehavior.java
com.corrodinggames.rts.game.units.c,semantic-hit,com/corrodinggames/rts/game/units/AbstractUnitBase.java
com.corrodinggames.rts.game.units.c.a,semantic-hit,com/corrodinggames/rts/game/units/special/MeleeBugUnit.java
com.corrodinggames.rts.game.units.custom.a,semantic-hit,com/corrodinggames/rts/game/units/custom/RangeValue.java
com.corrodinggames.rts.game.units.custom.a.a,obf-hit,com/a/a/a/a.java
com.corrodinggames.rts.game.units.custom.a.a.a,semantic-hit,com/corrodinggames/rts/game/units/custom/actions/base/CustomActionBase.java
com.corrodinggames.rts.game.units.custom.a.a.b,semantic-hit,com/corrodinggames/rts/game/units/custom/actions/base/CustomWeaponAction.java
com.corrodinggames.rts.game.units.custom.a.a.c,obf-hit,com/corrodinggames/rts/game/units/custom/actions/c.java
com.corrodinggames.rts.game.units.custom.a.a.d,obf-hit,com/corrodinggames/rts/game/units/commands/slots/d.java
com.corrodinggames.rts.game.units.custom.a.a.e,obf-hit,com/corrodinggames/librocket/e.java
com.corrodinggames.rts.game.units.custom.a.a.f,obf-hit,com/corrodinggames/rts/game/units/commands/slots/f.java
com.corrodinggames.rts.game.units.custom.a.a.g,obf-hit,com/corrodinggames/rts/game/units/commands/slots/g.java
com.corrodinggames.rts.game.units.custom.a.a.h,semantic-hit,com/corrodinggames/rts/game/units/custom/actions/base/CustomRepairAction.java
com.corrodinggames.rts.game.units.custom.a.a.i,obf-hit,com/corrodinggames/rts/game/units/custom/actions/base/i.java
com.corrodinggames.rts.game.units.custom.a.a.j,semantic-hit,com/corrodinggames/rts/game/units/custom/actions/base/CustomTransportAction.java
com.corrodinggames.rts.game.units.custom.a.a.k,obf-hit,com/corrodinggames/rts/game/units/custom/actions/base/k.java
com.corrodinggames.rts.game.units.custom.a.a.l,obf-hit,com/corrodinggames/rts/game/units/custom/actions/base/l.java
com.corrodinggames.rts.game.units.custom.a.a.m,semantic-hit,com/corrodinggames/rts/game/units/custom/actions/base/CustomSpawnAction.java
com.corrodinggames.rts.game.units.custom.a.a.n,obf-hit,com/corrodinggames/rts/game/units/custom/actions/base/n.java
com.corrodinggames.rts.game.units.custom.a.a.o,obf-hit,com/corrodinggames/rts/appFramework/o.java
com.corrodinggames.rts.game.units.custom.a.b,obf-hit,com/corrodinggames/rts/game/units/custom/actions/b.java
com.corrodinggames.rts.game.units.custom.a.c,obf-hit,com/corrodinggames/rts/game/units/custom/actions/c.java
com.corrodinggames.rts.game.units.custom.a.d,obf-hit,com/corrodinggames/rts/game/units/commands/slots/d.java
com.corrodinggames.rts.game.units.custom.a.e,obf-hit,com/corrodinggames/librocket/e.java
com.corrodinggames.rts.game.units.custom.a.f,obf-hit,com/corrodinggames/rts/game/units/commands/slots/f.java
com.corrodinggames.rts.game.units.custom.a.g,obf-hit,com/corrodinggames/rts/game/units/commands/slots/g.java
com.corrodinggames.rts.game.units.custom.aa,obf-hit,com/corrodinggames/rts/game/units/custom/aa.java
com.corrodinggames.rts.game.units.custom.ab,obf-hit,com/corrodinggames/rts/game/units/custom/ab.java
com.corrodinggames.rts.game.units.custom.ac,obf-hit,com/corrodinggames/rts/game/units/custom/ac.java
com.corrodinggames.rts.game.units.custom.ad,obf-hit,com/corrodinggames/rts/game/units/custom/ad.java
com.corrodinggames.rts.game.units.custom.ae,obf-hit,com/corrodinggames/rts/game/units/custom/ae.java
com.corrodinggames.rts.game.units.custom.af,obf-hit,com/corrodinggames/rts/game/units/custom/af.java
com.corrodinggames.rts.game.units.custom.ag,semantic-hit,com/corrodinggames/rts/game/units/custom/ModLoader.java
com.corrodinggames.rts.game.units.custom.ah,obf-hit,com/corrodinggames/rts/game/units/custom/ah.java
com.corrodinggames.rts.game.units.custom.ai,obf-hit,com/corrodinggames/rts/game/units/custom/ai.java
com.corrodinggames.rts.game.units.custom.aj,obf-hit,com/corrodinggames/rts/game/units/custom/aj.java
com.corrodinggames.rts.game.units.custom.ak,obf-hit,com/corrodinggames/rts/game/units/custom/ak.java
com.corrodinggames.rts.game.units.custom.al,obf-hit,com/corrodinggames/rts/game/units/custom/al.java
com.corrodinggames.rts.game.units.custom.am,obf-hit,com/corrodinggames/rts/game/units/custom/am.java
com.corrodinggames.rts.game.units.custom.an,obf-hit,com/corrodinggames/rts/game/units/custom/an.java
com.corrodinggames.rts.game.units.custom.ao,obf-hit,com/corrodinggames/rts/game/units/custom/ao.java
com.corrodinggames.rts.game.units.custom.ap,obf-hit,com/corrodinggames/rts/game/units/custom/ap.java
com.corrodinggames.rts.game.units.custom.aq,obf-hit,com/corrodinggames/rts/game/units/custom/aq.java
com.corrodinggames.rts.game.units.custom.ar,obf-hit,com/corrodinggames/rts/game/units/custom/ar.java
com.corrodinggames.rts.game.units.custom.as,semantic-hit,com/corrodinggames/rts/game/units/custom/WeaponConfig.java
com.corrodinggames.rts.game.units.custom.as$1,semantic-inner,com/corrodinggames/rts/appFramework/WeaponConfig$1.java
com.corrodinggames.rts.game.units.custom.as$10,semantic-inner,com/corrodinggames/rts/game/units/custom/WeaponConfig$10.java
com.corrodinggames.rts.game.units.custom.as$11,semantic-inner,com/corrodinggames/rts/game/units/custom/WeaponConfig$11.java
com.corrodinggames.rts.game.units.custom.as$12,semantic-inner,com/corrodinggames/rts/game/units/custom/WeaponConfig$12.java
com.corrodinggames.rts.game.units.custom.as$13,semantic-inner,com/corrodinggames/rts/game/units/custom/WeaponConfig$13.java
com.corrodinggames.rts.game.units.custom.as$14,semantic-inner,com/corrodinggames/rts/game/units/custom/WeaponConfig$14.java
com.corrodinggames.rts.game.units.custom.as$15,semantic-inner,com/corrodinggames/rts/game/units/custom/WeaponConfig$15.java
com.corrodinggames.rts.game.units.custom.as$16,semantic-inner,com/corrodinggames/rts/game/units/custom/WeaponConfig$16.java
com.corrodinggames.rts.game.units.custom.as$17,semantic-inner,com/corrodinggames/rts/game/units/custom/WeaponConfig$17.java
com.corrodinggames.rts.game.units.custom.as$18,semantic-inner,com/corrodinggames/rts/game/units/custom/WeaponConfig$18.java
com.corrodinggames.rts.game.units.custom.as$19,semantic-inner,com/corrodinggames/rts/game/units/custom/WeaponConfig$19.java
com.corrodinggames.rts.game.units.custom.as$2,semantic-inner,com/corrodinggames/rts/game/units/custom/WeaponConfig$2.java
com.corrodinggames.rts.game.units.custom.as$3,semantic-inner,com/corrodinggames/rts/game/units/custom/WeaponConfig$3.java
com.corrodinggames.rts.game.units.custom.as$4,semantic-inner,com/corrodinggames/rts/game/units/custom/WeaponConfig$4.java
com.corrodinggames.rts.game.units.custom.as$5,semantic-inner,com/corrodinggames/rts/game/units/custom/WeaponConfig$5.java
com.corrodinggames.rts.game.units.custom.as$6,semantic-inner,com/corrodinggames/rts/game/units/custom/WeaponConfig$6.java
com.corrodinggames.rts.game.units.custom.as$7,semantic-inner,com/corrodinggames/rts/game/units/custom/WeaponConfig$7.java
com.corrodinggames.rts.game.units.custom.as$8,semantic-inner,com/corrodinggames/rts/game/units/custom/WeaponConfig$8.java
com.corrodinggames.rts.game.units.custom.as$9,semantic-inner,com/corrodinggames/rts/game/units/custom/WeaponConfig$9.java
com.corrodinggames.rts.game.units.custom.at,obf-hit,com/corrodinggames/rts/game/units/at.java
com.corrodinggames.rts.game.units.custom.au,semantic-hit,com/corrodinggames/rts/game/units/custom/logicBooleans/VariableScope$MemoryWriterFactory.java
com.corrodinggames.rts.game.units.custom.av,obf-hit,com/corrodinggames/rts/game/units/custom/av.java
com.corrodinggames.rts.game.units.custom.aw,obf-hit,com/corrodinggames/rts/game/units/custom/aw.java
com.corrodinggames.rts.game.units.custom.ax,obf-hit,com/corrodinggames/rts/game/units/custom/ax.java
com.corrodinggames.rts.game.units.custom.ay,obf-hit,com/corrodinggames/rts/game/units/custom/ay.java
com.corrodinggames.rts.game.units.custom.az,obf-hit,com/corrodinggames/rts/game/units/custom/az.java
com.corrodinggames.rts.game.units.custom.b,semantic-hit,com/corrodinggames/rts/game/units/custom/KeyframePoint.java
com.corrodinggames.rts.game.units.custom.b.a,semantic-hit,com/corrodinggames/rts/game/units/custom/animation/AnimationCurveBase.java
com.corrodinggames.rts.game.units.custom.b.b,obf-hit,com/corrodinggames/rts/game/units/custom/actions/b.java
com.corrodinggames.rts.game.units.custom.b.c,semantic-hit,com/corrodinggames/rts/game/units/custom/AnimationCurve.java
com.corrodinggames.rts.game.units.custom.b.d,semantic-hit,com/corrodinggames/rts/game/units/custom/animation/AnimationResourceCurve.java
com.corrodinggames.rts.game.units.custom.b.e,obf-hit,com/corrodinggames/librocket/e.java
com.corrodinggames.rts.game.units.custom.b.f,semantic-hit,com/corrodinggames/rts/game/units/custom/animation/AnimationActivationCurve.java
com.corrodinggames.rts.game.units.custom.b.g,semantic-hit,com/corrodinggames/rts/game/units/custom/animation/AnimationVisibilityCurve.java
com.corrodinggames.rts.game.units.custom.b.h,semantic-hit,com/corrodinggames/rts/game/units/custom/animation/AnimationMovementCurve.java
com.corrodinggames.rts.game.units.custom.b.i,obf-hit,com/corrodinggames/rts/game/units/custom/actions/base/i.java
com.corrodinggames.rts.game.units.custom.b.j,obf-hit,com/corrodinggames/rts/game/units/custom/actions/base/j.java
com.corrodinggames.rts.game.units.custom.b.k,obf-hit,com/corrodinggames/rts/game/units/custom/actions/base/k.java
com.corrodinggames.rts.game.units.custom.b.l,obf-hit,com/corrodinggames/rts/game/units/custom/actions/base/l.java
com.corrodinggames.rts.game.units.custom.b.m,semantic-hit,com/corrodinggames/rts/game/units/custom/animation/AnimationTurretCurve.java
com.corrodinggames.rts.game.units.custom.b.n,semantic-hit,com/corrodinggames/rts/game/units/custom/animation/UnitTrait.java
com.corrodinggames.rts.game.units.custom.ba,semantic-hit,com/corrodinggames/rts/game/units/custom/TraitValueBuilder.java
com.corrodinggames.rts.game.units.custom.bb,semantic-hit,com/corrodinggames/rts/game/units/custom/LocalizedString.java
com.corrodinggames.rts.game.units.custom.bc,obf-hit,com/corrodinggames/rts/game/units/custom/bc.java
com.corrodinggames.rts.game.units.custom.bd,obf-hit,com/corrodinggames/rts/game/units/custom/bd.java
com.corrodinggames.rts.game.units.custom.be,obf-hit,com/corrodinggames/rts/game/units/custom/be.java
com.corrodinggames.rts.game.units.custom.bf,obf-hit,com/corrodinggames/rts/game/units/custom/bf.java
com.corrodinggames.rts.game.units.custom.bg,obf-hit,com/corrodinggames/rts/game/units/custom/bg.java
com.corrodinggames.rts.game.units.custom.bh,obf-hit,com/corrodinggames/rts/game/units/custom/bh.java
com.corrodinggames.rts.game.units.custom.bi,obf-hit,com/corrodinggames/rts/game/units/custom/bi.java
com.corrodinggames.rts.game.units.custom.bj,obf-hit,com/corrodinggames/rts/game/units/custom/bj.java
com.corrodinggames.rts.game.units.custom.bk,obf-hit,com/corrodinggames/rts/game/units/custom/bk.java
com.corrodinggames.rts.game.units.custom.bl,obf-hit,com/corrodinggames/rts/game/units/custom/bl.java
com.corrodinggames.rts.game.units.custom.bm,obf-hit,com/corrodinggames/rts/game/units/custom/bm.java
com.corrodinggames.rts.game.units.custom.bn,semantic-hit,com/corrodinggames/rts/game/units/custom/ModUnitLoader.java
com.corrodinggames.rts.game.units.custom.bo,obf-hit,com/corrodinggames/rts/game/units/custom/bo.java
com.corrodinggames.rts.game.units.custom.bp,obf-hit,com/corrodinggames/rts/game/units/custom/bp.java
com.corrodinggames.rts.game.units.custom.bq,obf-hit,com/corrodinggames/rts/game/units/custom/bq.java
com.corrodinggames.rts.game.units.custom.c,semantic-hit,com/corrodinggames/rts/game/units/custom/AnimationCurve.java
com.corrodinggames.rts.game.units.custom.c.a,obf-hit,com/a/a/a/a.java
com.corrodinggames.rts.game.units.custom.c.b,semantic-hit,com/corrodinggames/rts/game/units/custom/conditions/ConditionEffectBase.java
com.corrodinggames.rts.game.units.custom.c.c,obf-hit,com/corrodinggames/rts/game/units/custom/actions/c.java
com.corrodinggames.rts.game.units.custom.c.d,obf-hit,com/corrodinggames/rts/game/units/commands/slots/d.java
com.corrodinggames.rts.game.units.custom.c.e,obf-hit,com/corrodinggames/librocket/e.java
com.corrodinggames.rts.game.units.custom.c.f,obf-hit,com/corrodinggames/rts/game/units/commands/slots/f.java
com.corrodinggames.rts.game.units.custom.d,semantic-hit,com/corrodinggames/rts/game/units/custom/CurveType.java
com.corrodinggames.rts.game.units.custom.d.a,semantic-hit,com/corrodinggames/rts/game/units/custom/resources/CommandSlotBase.java
com.corrodinggames.rts.game.units.custom.d.b,semantic-hit,com/corrodinggames/rts/game/units/custom/resources/ResourceComponent.java
com.corrodinggames.rts.game.units.custom.d.c,obf-hit,com/corrodinggames/rts/game/units/custom/actions/c.java
com.corrodinggames.rts.game.units.custom.d.d,obf-hit,com/corrodinggames/rts/game/units/commands/slots/d.java
com.corrodinggames.rts.game.units.custom.e,semantic-hit,com/corrodinggames/rts/game/units/custom/ParameterAnimator.java
com.corrodinggames.rts.game.units.custom.e.a,semantic-hit,com/corrodinggames/rts/game/units/custom/effects/LogicBoolean.java
com.corrodinggames.rts.game.units.custom.e.a.a,semantic-hit,com/corrodinggames/rts/game/units/custom/effects/config/ResourceConfigBase.java
com.corrodinggames.rts.game.units.custom.e.a.b,obf-hit,com/corrodinggames/rts/game/units/custom/actions/b.java
com.corrodinggames.rts.game.units.custom.e.a.c,obf-hit,com/corrodinggames/rts/game/units/custom/actions/c.java
com.corrodinggames.rts.game.units.custom.e.a.d,obf-hit,com/corrodinggames/rts/game/units/commands/slots/d.java
com.corrodinggames.rts.game.units.custom.e.a.e,obf-hit,com/corrodinggames/librocket/e.java
com.corrodinggames.rts.game.units.custom.e.a.f,obf-hit,com/corrodinggames/rts/game/units/commands/slots/f.java
com.corrodinggames.rts.game.units.custom.e.b,obf-hit,com/corrodinggames/rts/game/units/custom/actions/b.java
com.corrodinggames.rts.game.units.custom.e.c,semantic-hit,com/corrodinggames/rts/game/units/custom/effects/EffectRenderer.java
com.corrodinggames.rts.game.units.custom.e.d,semantic-hit,com/corrodinggames/rts/game/units/custom/EffectConfig.java
com.corrodinggames.rts.game.units.custom.e.e,obf-hit,com/corrodinggames/librocket/e.java
com.corrodinggames.rts.game.units.custom.e.f,semantic-hit,com/corrodinggames/rts/game/units/custom/effects/EffectManager.java
com.corrodinggames.rts.game.units.custom.e.f$1,semantic-hit,com/corrodinggames/rts/game/units/custom/effects/EffectManager$1.java
com.corrodinggames.rts.game.units.custom.f,semantic-hit,com/corrodinggames/rts/game/units/custom/UnitParameter.java
com.corrodinggames.rts.game.units.custom.f.a,obf-hit,com/a/a/a/a.java
com.corrodinggames.rts.game.units.custom.f.b,semantic-hit,com/corrodinggames/rts/game/units/actions/ActionFilter.java
com.corrodinggames.rts.game.units.custom.f.b$1,semantic-hit,com/corrodinggames/rts/game/ai/strategies/ActionFilter$1.java
com.corrodinggames.rts.game.units.custom.f.c,obf-hit,com/corrodinggames/rts/game/units/custom/actions/c.java
com.corrodinggames.rts.game.units.custom.f.d,obf-hit,com/corrodinggames/rts/game/units/commands/slots/d.java
com.corrodinggames.rts.game.units.custom.f.e,obf-hit,com/corrodinggames/librocket/e.java
com.corrodinggames.rts.game.units.custom.g,semantic-hit,com/corrodinggames/rts/game/units/custom/TeamTag.java
com.corrodinggames.rts.game.units.custom.h,semantic-hit,com/corrodinggames/rts/game/units/custom/UnitConfig.java
com.corrodinggames.rts.game.units.custom.i,semantic-hit,com/corrodinggames/rts/game/units/custom/CollisionShape.java
com.corrodinggames.rts.game.units.custom.j,semantic-hit,com/corrodinggames/rts/game/units/custom/CustomUnitType.java
com.corrodinggames.rts.game.units.custom.k,semantic-hit,com/corrodinggames/rts/game/units/custom/WeaponMount.java
com.corrodinggames.rts.game.units.custom.l,semantic-hit,com/corrodinggames/rts/game/units/custom/ModUnitRegistry.java
com.corrodinggames.rts.game.units.custom.l$1,semantic-hit,com/corrodinggames/rts/game/units/custom/ModUnitRegistry$1.java
com.corrodinggames.rts.game.units.custom.logicBooleans.BooleanParseException,obf-hit,com/corrodinggames/rts/game/units/custom/logicBooleans/BooleanParseException.java
com.corrodinggames.rts.game.units.custom.logicBooleans.CompareJoinerBoolean,obf-hit,com/corrodinggames/rts/game/units/custom/logicBooleans/CompareJoinerBoolean.java
com.corrodinggames.rts.game.units.custom.logicBooleans.CompareJoinerBoolean$CompareBooleanOnly,obf-inner,com/corrodinggames/rts/game/units/custom/logicBooleans/CompareJoinerBoolean$CompareBooleanOnly.java
com.corrodinggames.rts.game.units.custom.logicBooleans.CompareJoinerBoolean$CompareEqualBoolean,obf-inner,com/corrodinggames/rts/game/units/custom/logicBooleans/CompareJoinerBoolean$CompareEqualBoolean.java
com.corrodinggames.rts.game.units.custom.logicBooleans.CompareJoinerBoolean$CompareEqualNumbers,obf-inner,com/corrodinggames/rts/game/units/custom/logicBooleans/CompareJoinerBoolean$CompareEqualNumbers.java
com.corrodinggames.rts.game.units.custom.logicBooleans.CompareJoinerBoolean$CompareEqualStrings,obf-inner,com/corrodinggames/rts/game/units/custom/logicBooleans/CompareJoinerBoolean$CompareEqualStrings.java
com.corrodinggames.rts.game.units.custom.logicBooleans.CompareJoinerBoolean$CompareEqualUnits,obf-inner,com/corrodinggames/rts/game/units/custom/logicBooleans/CompareJoinerBoolean$CompareEqualUnits.java
com.corrodinggames.rts.game.units.custom.logicBooleans.CompareJoinerBoolean$CompareGreaterThanNumbers,obf-inner,com/corrodinggames/rts/game/units/custom/logicBooleans/CompareJoinerBoolean$CompareGreaterThanNumbers.java
com.corrodinggames.rts.game.units.custom.logicBooleans.CompareJoinerBoolean$CompareGreaterThanOrEqualNumbers,obf-inner,com/corrodinggames/rts/game/units/custom/logicBooleans/CompareJoinerBoolean$CompareGreaterThanOrEqualNumbers.java
com.corrodinggames.rts.game.units.custom.logicBooleans.CompareJoinerBoolean$CompareLessThanNumbers,obf-inner,com/corrodinggames/rts/game/units/custom/logicBooleans/CompareJoinerBoolean$CompareLessThanNumbers.java
com.corrodinggames.rts.game.units.custom.logicBooleans.CompareJoinerBoolean$CompareLessThanOrEqualNumbers,obf-inner,com/corrodinggames/rts/game/units/custom/logicBooleans/CompareJoinerBoolean$CompareLessThanOrEqualNumbers.java
com.corrodinggames.rts.game.units.custom.logicBooleans.CompareJoinerBoolean$CompareNotEqualBoolean,obf-inner,com/corrodinggames/rts/game/units/custom/logicBooleans/CompareJoinerBoolean$CompareNotEqualBoolean.java
com.corrodinggames.rts.game.units.custom.logicBooleans.CompareJoinerBoolean$CompareNotEqualNumbers,obf-inner,com/corrodinggames/rts/game/units/custom/logicBooleans/CompareJoinerBoolean$CompareNotEqualNumbers.java
com.corrodinggames.rts.game.units.custom.logicBooleans.CompareJoinerBoolean$CompareNotEqualStrings,obf-inner,com/corrodinggames/rts/game/units/custom/logicBooleans/CompareJoinerBoolean$CompareNotEqualStrings.java
com.corrodinggames.rts.game.units.custom.logicBooleans.CompareJoinerBoolean$CompareNotEqualUnits,obf-inner,com/corrodinggames/rts/game/units/custom/logicBooleans/CompareJoinerBoolean$CompareNotEqualUnits.java
com.corrodinggames.rts.game.units.custom.logicBooleans.CompareJoinerBoolean$CompareNumbers,obf-inner,com/corrodinggames/rts/game/units/custom/logicBooleans/CompareJoinerBoolean$CompareNumbers.java
com.corrodinggames.rts.game.units.custom.logicBooleans.CompareJoinerBoolean$MathAddJoinerBoolean,obf-inner,com/corrodinggames/rts/game/units/custom/logicBooleans/CompareJoinerBoolean$MathAddJoinerBoolean.java
com.corrodinggames.rts.game.units.custom.logicBooleans.CompareJoinerBoolean$MathDivideJoinerBoolean,obf-inner,com/corrodinggames/rts/game/units/custom/logicBooleans/CompareJoinerBoolean$MathDivideJoinerBoolean.java
com.corrodinggames.rts.game.units.custom.logicBooleans.CompareJoinerBoolean$MathJoinerBoolean,obf-inner,com/corrodinggames/rts/game/units/custom/logicBooleans/CompareJoinerBoolean$MathJoinerBoolean.java
com.corrodinggames.rts.game.units.custom.logicBooleans.CompareJoinerBoolean$MathModulusJoinerBoolean,obf-inner,com/corrodinggames/rts/game/units/custom/logicBooleans/CompareJoinerBoolean$MathModulusJoinerBoolean.java
com.corrodinggames.rts.game.units.custom.logicBooleans.CompareJoinerBoolean$MathMultiplyJoinerBoolean,obf-inner,com/corrodinggames/rts/game/units/custom/logicBooleans/CompareJoinerBoolean$MathMultiplyJoinerBoolean.java
com.corrodinggames.rts.game.units.custom.logicBooleans.CompareJoinerBoolean$MathSubtractJoinerBoolean,obf-inner,com/corrodinggames/rts/game/units/custom/logicBooleans/CompareJoinerBoolean$MathSubtractJoinerBoolean.java
com.corrodinggames.rts.game.units.custom.logicBooleans.CompareJoinerBoolean$StringJoinerBoolean,obf-inner,com/corrodinggames/rts/game/units/custom/logicBooleans/CompareJoinerBoolean$StringJoinerBoolean.java
com.corrodinggames.rts.game.units.custom.logicBooleans.LogicBoolean,obf-hit,com/corrodinggames/rts/game/units/custom/effects/LogicBoolean.java
com.corrodinggames.rts.game.units.custom.logicBooleans.LogicBoolean$AbstractNumberBoolean,obf-inner,com/corrodinggames/rts/game/units/custom/logicBooleans/LogicBoolean$AbstractNumberBoolean.java
com.corrodinggames.rts.game.units.custom.logicBooleans.LogicBoolean$AndBoolean,obf-inner,com/corrodinggames/rts/game/units/custom/logicBooleans/LogicBoolean$AndBoolean.java
com.corrodinggames.rts.game.units.custom.logicBooleans.LogicBoolean$CallContext,obf-inner,com/corrodinggames/rts/game/units/custom/logicBooleans/LogicBoolean$CallContext.java
com.corrodinggames.rts.game.units.custom.logicBooleans.LogicBoolean$CallContext_self,obf-inner,com/corrodinggames/rts/game/units/custom/logicBooleans/LogicBoolean$CallContext_self.java
com.corrodinggames.rts.game.units.custom.logicBooleans.LogicBoolean$CallContext_selfAndTarget,obf-inner,com/corrodinggames/rts/game/units/custom/logicBooleans/LogicBoolean$CallContext_selfAndTarget.java
com.corrodinggames.rts.game.units.custom.logicBooleans.LogicBoolean$JoinerBoolean,obf-inner,com/corrodinggames/rts/game/units/custom/logicBooleans/LogicBoolean$JoinerBoolean.java
com.corrodinggames.rts.game.units.custom.logicBooleans.LogicBoolean$LogicBooleanCommon,obf-inner,com/corrodinggames/rts/game/units/custom/logicBooleans/LogicBoolean$LogicBooleanCommon.java
com.corrodinggames.rts.game.units.custom.logicBooleans.LogicBoolean$LogicBooleanCommonLocking,obf-inner,com/corrodinggames/rts/game/units/custom/logicBooleans/LogicBoolean$LogicBooleanCommonLocking.java
com.corrodinggames.rts.game.units.custom.logicBooleans.LogicBoolean$LogicNumberOnly,obf-inner,com/corrodinggames/rts/game/units/custom/logicBooleans/LogicBoolean$LogicNumberOnly.java
com.corrodinggames.rts.game.units.custom.logicBooleans.LogicBoolean$NotBoolean,obf-inner,com/corrodinggames/rts/game/units/custom/logicBooleans/LogicBoolean$NotBoolean.java
com.corrodinggames.rts.game.units.custom.logicBooleans.LogicBoolean$OrBoolean,obf-inner,com/corrodinggames/rts/game/units/custom/logicBooleans/LogicBoolean$OrBoolean.java
com.corrodinggames.rts.game.units.custom.logicBooleans.LogicBoolean$Parameter,obf-inner,com/corrodinggames/rts/game/units/custom/logicBooleans/LogicBoolean$Parameter.java
com.corrodinggames.rts.game.units.custom.logicBooleans.LogicBoolean$ReturnType,obf-inner,com/corrodinggames/rts/game/units/custom/logicBooleans/LogicBoolean$ReturnType.java
com.corrodinggames.rts.game.units.custom.logicBooleans.LogicBoolean$StaticBoolean,obf-inner,com/corrodinggames/rts/game/units/custom/logicBooleans/LogicBoolean$StaticBoolean.java
com.corrodinggames.rts.game.units.custom.logicBooleans.LogicBoolean$StaticBooleanFalse,obf-inner,com/corrodinggames/rts/game/units/custom/logicBooleans/LogicBoolean$StaticBooleanFalse.java
com.corrodinggames.rts.game.units.custom.logicBooleans.LogicBoolean$StaticBooleanTrue,obf-inner,com/corrodinggames/rts/game/units/custom/logicBooleans/LogicBoolean$StaticBooleanTrue.java
com.corrodinggames.rts.game.units.custom.logicBooleans.LogicBoolean$StaticValueBoolean,obf-inner,com/corrodinggames/rts/game/units/custom/logicBooleans/LogicBoolean$StaticValueBoolean.java
com.corrodinggames.rts.game.units.custom.logicBooleans.LogicBoolean$TimeBoolean,obf-inner,com/corrodinggames/rts/game/units/custom/logicBooleans/LogicBoolean$TimeBoolean.java
com.corrodinggames.rts.game.units.custom.logicBooleans.LogicBooleanActionFilter,obf-hit,com/corrodinggames/rts/game/units/custom/logicBooleans/LogicBooleanActionFilter.java
com.corrodinggames.rts.game.units.custom.logicBooleans.LogicBooleanGameFunctions,obf-hit,com/corrodinggames/rts/game/units/custom/logicBooleans/LogicBooleanGameFunctions.java
com.corrodinggames.rts.game.units.custom.logicBooleans.LogicBooleanGameFunctions$AmmoBoolean,obf-inner,com/corrodinggames/rts/game/units/custom/logicBooleans/LogicBooleanGameFunctions$AmmoBoolean.java
com.corrodinggames.rts.game.units.custom.logicBooleans.LogicBooleanGameFunctions$AmmoIncludingQueuedBoolean,obf-inner,com/corrodinggames/rts/game/units/custom/logicBooleans/LogicBooleanGameFunctions$AmmoIncludingQueuedBoolean.java
com.corrodinggames.rts.game.units.custom.logicBooleans.LogicBooleanGameFunctions$BuiltAmountBoolean,obf-inner,com/corrodinggames/rts/game/units/custom/logicBooleans/LogicBooleanGameFunctions$BuiltAmountBoolean.java
com.corrodinggames.rts.game.units.custom.logicBooleans.LogicBooleanGameFunctions$CompareUnitsBroken,obf-inner,com/corrodinggames/rts/game/units/custom/logicBooleans/LogicBooleanGameFunctions$CompareUnitsBroken.java
com.corrodinggames.rts.game.units.custom.logicBooleans.LogicBooleanGameFunctions$CompletedBoolean,obf-inner,com/corrodinggames/rts/game/units/custom/logicBooleans/LogicBooleanGameFunctions$CompletedBoolean.java
com.corrodinggames.rts.game.units.custom.logicBooleans.LogicBooleanGameFunctions$CustomTimerBoolean,obf-inner,com/corrodinggames/rts/game/units/custom/logicBooleans/LogicBooleanGameFunctions$CustomTimerBoolean.java
com.corrodinggames.rts.game.units.custom.logicBooleans.LogicBooleanGameFunctions$EnergyBoolean,obf-inner,com/corrodinggames/rts/game/units/custom/logicBooleans/LogicBooleanGameFunctions$EnergyBoolean.java
com.corrodinggames.rts.game.units.custom.logicBooleans.LogicBooleanGameFunctions$EnergyIncludingQueuedBoolean,obf-inner,com/corrodinggames/rts/game/units/custom/logicBooleans/LogicBooleanGameFunctions$EnergyIncludingQueuedBoolean.java
com.corrodinggames.rts.game.units.custom.logicBooleans.LogicBooleanGameFunctions$EventTagsBoolean,obf-inner,com/corrodinggames/rts/game/units/custom/logicBooleans/LogicBooleanGameFunctions$EventTagsBoolean.java
com.corrodinggames.rts.game.units.custom.logicBooleans.LogicBooleanGameFunctions$GameMapHeightBoolean,obf-inner,com/corrodinggames/rts/game/units/custom/logicBooleans/LogicBooleanGameFunctions$GameMapHeightBoolean.java
com.corrodinggames.rts.game.units.custom.logicBooleans.LogicBooleanGameFunctions$GameMapWidthBoolean,obf-inner,com/corrodinggames/rts/game/units/custom/logicBooleans/LogicBooleanGameFunctions$GameMapWidthBoolean.java
com.corrodinggames.rts.game.units.custom.logicBooleans.LogicBooleanGameFunctions$GameModeBoolean,obf-inner,com/corrodinggames/rts/game/units/custom/logicBooleans/LogicBooleanGameFunctions$GameModeBoolean.java
com.corrodinggames.rts.game.units.custom.logicBooleans.LogicBooleanGameFunctions$HasActiveWaypoint,obf-inner,com/corrodinggames/rts/game/units/custom/logicBooleans/LogicBooleanGameFunctions$HasActiveWaypoint.java
com.corrodinggames.rts.game.units.custom.logicBooleans.LogicBooleanGameFunctions$HasFlagBoolean,obf-inner,com/corrodinggames/rts/game/units/custom/logicBooleans/LogicBooleanGameFunctions$HasFlagBoolean.java
com.corrodinggames.rts.game.units.custom.logicBooleans.LogicBooleanGameFunctions$HasFlagDynamicBoolean,obf-inner,com/corrodinggames/rts/game/units/custom/logicBooleans/LogicBooleanGameFunctions$HasFlagDynamicBoolean.java
com.corrodinggames.rts.game.units.custom.logicBooleans.LogicBooleanGameFunctions$HasParent,obf-inner,com/corrodinggames/rts/game/units/custom/logicBooleans/LogicBooleanGameFunctions$HasParent.java
com.corrodinggames.rts.game.units.custom.logicBooleans.LogicBooleanGameFunctions$HasResourcesBoolean,obf-inner,com/corrodinggames/rts/game/units/custom/logicBooleans/LogicBooleanGameFunctions$HasResourcesBoolean.java
com.corrodinggames.rts.game.units.custom.logicBooleans.LogicBooleanGameFunctions$HasTakenDamage,obf-inner,com/corrodinggames/rts/game/units/custom/logicBooleans/LogicBooleanGameFunctions$HasTakenDamage.java
com.corrodinggames.rts.game.units.custom.logicBooleans.LogicBooleanGameFunctions$HeightBoolean,obf-inner,com/corrodinggames/rts/game/units/custom/logicBooleans/LogicBooleanGameFunctions$HeightBoolean.java
com.corrodinggames.rts.game.units.custom.logicBooleans.LogicBooleanGameFunctions$HeightValueBoolean,obf-inner,com/corrodinggames/rts/game/units/custom/logicBooleans/LogicBooleanGameFunctions$HeightValueBoolean.java
com.corrodinggames.rts.game.units.custom.logicBooleans.LogicBooleanGameFunctions$HpBoolean,obf-inner,com/corrodinggames/rts/game/units/custom/logicBooleans/LogicBooleanGameFunctions$HpBoolean.java
com.corrodinggames.rts.game.units.custom.logicBooleans.LogicBooleanGameFunctions$InMapBoolean,obf-inner,com/corrodinggames/rts/game/units/custom/logicBooleans/LogicBooleanGameFunctions$InMapBoolean.java
com.corrodinggames.rts.game.units.custom.logicBooleans.LogicBooleanGameFunctions$IsAttackingBoolean,obf-inner,com/corrodinggames/rts/game/units/custom/logicBooleans/LogicBooleanGameFunctions$IsAttackingBoolean.java
com.corrodinggames.rts.game.units.custom.logicBooleans.LogicBooleanGameFunctions$IsControlledByAI,obf-inner,com/corrodinggames/rts/game/units/custom/logicBooleans/LogicBooleanGameFunctions$IsControlledByAI.java
com.corrodinggames.rts.game.units.custom.logicBooleans.LogicBooleanGameFunctions$IsGameFrameBoolean,obf-inner,com/corrodinggames/rts/game/units/custom/logicBooleans/LogicBooleanGameFunctions$IsGameFrameBoolean.java
com.corrodinggames.rts.game.units.custom.logicBooleans.LogicBooleanGameFunctions$IsOnTeam,obf-inner,com/corrodinggames/rts/game/units/custom/logicBooleans/LogicBooleanGameFunctions$IsOnTeam.java
com.corrodinggames.rts.game.units.custom.logicBooleans.LogicBooleanGameFunctions$IsResourceLargerThan,obf-inner,com/corrodinggames/rts/game/units/custom/logicBooleans/LogicBooleanGameFunctions$IsResourceLargerThan.java
com.corrodinggames.rts.game.units.custom.logicBooleans.LogicBooleanGameFunctions$IsReversingBoolean,obf-inner,com/corrodinggames/rts/game/units/custom/logicBooleans/LogicBooleanGameFunctions$IsReversingBoolean.java
com.corrodinggames.rts.game.units.custom.logicBooleans.LogicBooleanGameFunctions$KillsBoolean,obf-inner,com/corrodinggames/rts/game/units/custom/logicBooleans/LogicBooleanGameFunctions$KillsBoolean.java
com.corrodinggames.rts.game.units.custom.logicBooleans.LogicBooleanGameFunctions$LastConvertedBoolean,obf-inner,com/corrodinggames/rts/game/units/custom/logicBooleans/LogicBooleanGameFunctions$LastConvertedBoolean.java
com.corrodinggames.rts.game.units.custom.logicBooleans.LogicBooleanGameFunctions$MaxEnergyBoolean,obf-inner,com/corrodinggames/rts/game/units/custom/logicBooleans/LogicBooleanGameFunctions$MaxEnergyBoolean.java
com.corrodinggames.rts.game.units.custom.logicBooleans.LogicBooleanGameFunctions$MaxHpBoolean,obf-inner,com/corrodinggames/rts/game/units/custom/logicBooleans/LogicBooleanGameFunctions$MaxHpBoolean.java
com.corrodinggames.rts.game.units.custom.logicBooleans.LogicBooleanGameFunctions$MaxMoveSpeedBoolean,obf-inner,com/corrodinggames/rts/game/units/custom/logicBooleans/LogicBooleanGameFunctions$MaxMoveSpeedBoolean.java
com.corrodinggames.rts.game.units.custom.logicBooleans.LogicBooleanGameFunctions$MaxShieldBoolean,obf-inner,com/corrodinggames/rts/game/units/custom/logicBooleans/LogicBooleanGameFunctions$MaxShieldBoolean.java
com.corrodinggames.rts.game.units.custom.logicBooleans.LogicBooleanGameFunctions$MovingBoolean,obf-inner,com/corrodinggames/rts/game/units/custom/logicBooleans/LogicBooleanGameFunctions$MovingBoolean.java
com.corrodinggames.rts.game.units.custom.logicBooleans.LogicBooleanGameFunctions$NumberOfAttachedUnitsBoolean,obf-inner,com/corrodinggames/rts/game/units/custom/logicBooleans/LogicBooleanGameFunctions$NumberOfAttachedUnitsBoolean.java
com.corrodinggames.rts.game.units.custom.logicBooleans.LogicBooleanGameFunctions$NumberOfConnectionsBoolean,obf-inner,com/corrodinggames/rts/game/units/custom/logicBooleans/LogicBooleanGameFunctions$NumberOfConnectionsBoolean.java
com.corrodinggames.rts.game.units.custom.logicBooleans.LogicBooleanGameFunctions$NumberOfQueuedWaypoints,obf-inner,com/corrodinggames/rts/game/units/custom/logicBooleans/LogicBooleanGameFunctions$NumberOfQueuedWaypoints.java
com.corrodinggames.rts.game.units.custom.logicBooleans.LogicBooleanGameFunctions$NumberOfUnitsInEnemyOrAllyTeam,obf-inner,com/corrodinggames/rts/game/units/custom/logicBooleans/LogicBooleanGameFunctions$NumberOfUnitsInEnemyOrAllyTeam.java
com.corrodinggames.rts.game.units.custom.logicBooleans.LogicBooleanGameFunctions$NumberOfUnitsInEnemyOrAllyTeam$HandleCallbackCountAlly,obf-inner,com/corrodinggames/rts/game/units/custom/logicBooleans/LogicBooleanGameFunctions$NumberOfUnitsInEnemyOrAllyTeam$HandleCallbackCountAlly.java
com.corrodinggames.rts.game.units.custom.logicBooleans.LogicBooleanGameFunctions$NumberOfUnitsInEnemyOrAllyTeam$HandleCallbackCountEnemies,obf-inner,com/corrodinggames/rts/game/units/custom/logicBooleans/LogicBooleanGameFunctions$NumberOfUnitsInEnemyOrAllyTeam$HandleCallbackCountEnemies.java
com.corrodinggames.rts.game.units.custom.logicBooleans.LogicBooleanGameFunctions$NumberOfUnitsInTeam,obf-inner,com/corrodinggames/rts/game/units/custom/logicBooleans/LogicBooleanGameFunctions$NumberOfUnitsInTeam.java
com.corrodinggames.rts.game.units.custom.logicBooleans.LogicBooleanGameFunctions$NumberOfUnitsInTeam$HandleCallbackCount,obf-inner,com/corrodinggames/rts/game/units/custom/logicBooleans/LogicBooleanGameFunctions$NumberOfUnitsInTeam$HandleCallbackCount.java
com.corrodinggames.rts.game.units.custom.logicBooleans.LogicBooleanGameFunctions$OverCliftBoolean,obf-inner,com/corrodinggames/rts/game/units/custom/logicBooleans/LogicBooleanGameFunctions$OverCliftBoolean.java
com.corrodinggames.rts.game.units.custom.logicBooleans.LogicBooleanGameFunctions$OverLiquidBoolean,obf-inner,com/corrodinggames/rts/game/units/custom/logicBooleans/LogicBooleanGameFunctions$OverLiquidBoolean.java
com.corrodinggames.rts.game.units.custom.logicBooleans.LogicBooleanGameFunctions$OverPassableTileBoolean,obf-inner,com/corrodinggames/rts/game/units/custom/logicBooleans/LogicBooleanGameFunctions$OverPassableTileBoolean.java
com.corrodinggames.rts.game.units.custom.logicBooleans.LogicBooleanGameFunctions$OverWaterBoolean,obf-inner,com/corrodinggames/rts/game/units/custom/logicBooleans/LogicBooleanGameFunctions$OverWaterBoolean.java
com.corrodinggames.rts.game.units.custom.logicBooleans.LogicBooleanGameFunctions$PositionXBoolean,obf-inner,com/corrodinggames/rts/game/units/custom/logicBooleans/LogicBooleanGameFunctions$PositionXBoolean.java
com.corrodinggames.rts.game.units.custom.logicBooleans.LogicBooleanGameFunctions$PositionYBoolean,obf-inner,com/corrodinggames/rts/game/units/custom/logicBooleans/LogicBooleanGameFunctions$PositionYBoolean.java
com.corrodinggames.rts.game.units.custom.logicBooleans.LogicBooleanGameFunctions$PriceCreditsBoolean,obf-inner,com/corrodinggames/rts/game/units/custom/logicBooleans/LogicBooleanGameFunctions$PriceCreditsBoolean.java
com.corrodinggames.rts.game.units.custom.logicBooleans.LogicBooleanGameFunctions$QueueSize,obf-inner,com/corrodinggames/rts/game/units/custom/logicBooleans/LogicBooleanGameFunctions$QueueSize.java
com.corrodinggames.rts.game.units.custom.logicBooleans.LogicBooleanGameFunctions$ResourceCountBoolean,obf-inner,com/corrodinggames/rts/game/units/custom/logicBooleans/LogicBooleanGameFunctions$ResourceCountBoolean.java
com.corrodinggames.rts.game.units.custom.logicBooleans.LogicBooleanGameFunctions$ResourceScope,obf-inner,com/corrodinggames/rts/game/units/custom/logicBooleans/LogicBooleanGameFunctions$ResourceScope.java
com.corrodinggames.rts.game.units.custom.logicBooleans.LogicBooleanGameFunctions$RotationBoolean,obf-inner,com/corrodinggames/rts/game/units/custom/logicBooleans/LogicBooleanGameFunctions$RotationBoolean.java
com.corrodinggames.rts.game.units.custom.logicBooleans.LogicBooleanGameFunctions$ShieldBoolean,obf-inner,com/corrodinggames/rts/game/units/custom/logicBooleans/LogicBooleanGameFunctions$ShieldBoolean.java
com.corrodinggames.rts.game.units.custom.logicBooleans.LogicBooleanGameFunctions$SpeedBoolean,obf-inner,com/corrodinggames/rts/game/units/custom/logicBooleans/LogicBooleanGameFunctions$SpeedBoolean.java
com.corrodinggames.rts.game.units.custom.logicBooleans.LogicBooleanGameFunctions$SpeedValueBoolean,obf-inner,com/corrodinggames/rts/game/units/custom/logicBooleans/LogicBooleanGameFunctions$SpeedValueBoolean.java
com.corrodinggames.rts.game.units.custom.logicBooleans.LogicBooleanGameFunctions$TagsBoolean,obf-inner,com/corrodinggames/rts/game/units/custom/logicBooleans/LogicBooleanGameFunctions$TagsBoolean.java
com.corrodinggames.rts.game.units.custom.logicBooleans.LogicBooleanGameFunctions$TeamDefeatedTechBoolean,obf-inner,com/corrodinggames/rts/game/units/custom/logicBooleans/LogicBooleanGameFunctions$TeamDefeatedTechBoolean.java
com.corrodinggames.rts.game.units.custom.logicBooleans.LogicBooleanGameFunctions$TeamIdBoolean,obf-inner,com/corrodinggames/rts/game/units/custom/logicBooleans/LogicBooleanGameFunctions$TeamIdBoolean.java
com.corrodinggames.rts.game.units.custom.logicBooleans.LogicBooleanGameFunctions$TeamTagBoolean,obf-inner,com/corrodinggames/rts/game/units/custom/logicBooleans/LogicBooleanGameFunctions$TeamTagBoolean.java
com.corrodinggames.rts.game.units.custom.logicBooleans.LogicBooleanGameFunctions$TeamVictoryBoolean,obf-inner,com/corrodinggames/rts/game/units/custom/logicBooleans/LogicBooleanGameFunctions$TeamVictoryBoolean.java
com.corrodinggames.rts.game.units.custom.logicBooleans.LogicBooleanGameFunctions$TeamWipedOutBoolean,obf-inner,com/corrodinggames/rts/game/units/custom/logicBooleans/LogicBooleanGameFunctions$TeamWipedOutBoolean.java
com.corrodinggames.rts.game.units.custom.logicBooleans.LogicBooleanGameFunctions$ThisActionRepeatedCount,obf-inner,com/corrodinggames/rts/game/units/custom/logicBooleans/LogicBooleanGameFunctions$ThisActionRepeatedCount.java
com.corrodinggames.rts.game.units.custom.logicBooleans.LogicBooleanGameFunctions$TimeAliveBoolean,obf-inner,com/corrodinggames/rts/game/units/custom/logicBooleans/LogicBooleanGameFunctions$TimeAliveBoolean.java
com.corrodinggames.rts.game.units.custom.logicBooleans.LogicBooleanGameFunctions$TouchWaterBoolean,obf-inner,com/corrodinggames/rts/game/units/custom/logicBooleans/LogicBooleanGameFunctions$TouchWaterBoolean.java
com.corrodinggames.rts.game.units.custom.logicBooleans.LogicBooleanGameFunctions$TransportingCountBoolean,obf-inner,com/corrodinggames/rts/game/units/custom/logicBooleans/LogicBooleanGameFunctions$TransportingCountBoolean.java
com.corrodinggames.rts.game.units.custom.logicBooleans.LogicBooleanGameFunctions$TransportingUnitWithTagsBoolean,obf-inner,com/corrodinggames/rts/game/units/custom/logicBooleans/LogicBooleanGameFunctions$TransportingUnitWithTagsBoolean.java
com.corrodinggames.rts.game.units.custom.logicBooleans.LogicBooleanGameFunctions$UnitIdBoolean,obf-inner,com/corrodinggames/rts/game/units/custom/logicBooleans/LogicBooleanGameFunctions$UnitIdBoolean.java
com.corrodinggames.rts.game.units.custom.logicBooleans.LogicBooleanGameFunctions$isDead,obf-inner,com/corrodinggames/rts/game/units/custom/logicBooleans/LogicBooleanGameFunctions$isDead.java
com.corrodinggames.rts.game.units.custom.logicBooleans.LogicBooleanGameFunctions$isEnergyRechargingBoolean,obf-inner,com/corrodinggames/rts/game/units/custom/logicBooleans/LogicBooleanGameFunctions$isEnergyRechargingBoolean.java
com.corrodinggames.rts.game.units.custom.logicBooleans.LogicBooleanGameFunctions$isTransportUnloading,obf-inner,com/corrodinggames/rts/game/units/custom/logicBooleans/LogicBooleanGameFunctions$isTransportUnloading.java
com.corrodinggames.rts.game.units.custom.logicBooleans.LogicBooleanLoader,obf-hit,com/corrodinggames/rts/game/units/custom/logicBooleans/LogicBooleanLoader.java
com.corrodinggames.rts.game.units.custom.logicBooleans.LogicBooleanLoader$ArrayContextReader,obf-inner,com/corrodinggames/rts/game/units/custom/logicBooleans/LogicBooleanLoader$ArrayContextReader.java
com.corrodinggames.rts.game.units.custom.logicBooleans.LogicBooleanLoader$ArrayContextReader$ArrayContains,obf-inner,com/corrodinggames/rts/game/units/custom/logicBooleans/LogicBooleanLoader$ArrayContextReader$ArrayContains.java
com.corrodinggames.rts.game.units.custom.logicBooleans.LogicBooleanLoader$ArrayContextReader$ArrayFunction,obf-inner,com/corrodinggames/rts/game/units/custom/logicBooleans/LogicBooleanLoader$ArrayContextReader$ArrayFunction.java
com.corrodinggames.rts.game.units.custom.logicBooleans.LogicBooleanLoader$ArrayContextReader$ArrayGet,obf-inner,com/corrodinggames/rts/game/units/custom/logicBooleans/LogicBooleanLoader$ArrayContextReader$ArrayGet.java
com.corrodinggames.rts.game.units.custom.logicBooleans.LogicBooleanLoader$ArrayContextReader$ArrayGetUnit,obf-inner,com/corrodinggames/rts/game/units/custom/logicBooleans/LogicBooleanLoader$ArrayContextReader$ArrayGetUnit.java
com.corrodinggames.rts.game.units.custom.logicBooleans.LogicBooleanLoader$ArrayContextReader$ArraySize,obf-inner,com/corrodinggames/rts/game/units/custom/logicBooleans/LogicBooleanLoader$ArrayContextReader$ArraySize.java
com.corrodinggames.rts.game.units.custom.logicBooleans.LogicBooleanLoader$DefaultContextReader,obf-inner,com/corrodinggames/rts/game/units/custom/logicBooleans/LogicBooleanLoader$DefaultContextReader.java
com.corrodinggames.rts.game.units.custom.logicBooleans.LogicBooleanLoader$LogicBooleanContext,obf-inner,com/corrodinggames/rts/game/units/custom/logicBooleans/LogicBooleanLoader$LogicBooleanContext.java
com.corrodinggames.rts.game.units.custom.logicBooleans.LogicBooleanLoader$LogicBooleanContextWithDefault,obf-inner,com/corrodinggames/rts/game/units/custom/logicBooleans/LogicBooleanLoader$LogicBooleanContextWithDefault.java
com.corrodinggames.rts.game.units.custom.logicBooleans.LogicBooleanLoader$LogicBooleanScopeOnly,obf-inner,com/corrodinggames/rts/game/units/custom/logicBooleans/LogicBooleanLoader$LogicBooleanScopeOnly.java
com.corrodinggames.rts.game.units.custom.logicBooleans.LogicBooleanLoader$ParameterMapping,obf-inner,com/corrodinggames/rts/game/units/custom/logicBooleans/LogicBooleanLoader$ParameterMapping.java
com.corrodinggames.rts.game.units.custom.logicBooleans.LogicBooleanLoader$ParameterMapping$FieldOrMethod,obf-inner,com/corrodinggames/rts/game/units/custom/logicBooleans/LogicBooleanLoader$ParameterMapping$FieldOrMethod.java
com.corrodinggames.rts.game.units.custom.logicBooleans.LogicBooleanLoader$VoidContextReader,obf-inner,com/corrodinggames/rts/game/units/custom/logicBooleans/LogicBooleanLoader$VoidContextReader.java
com.corrodinggames.rts.game.units.custom.logicBooleans.LogicNumberFunction,obf-hit,com/corrodinggames/rts/game/units/custom/logicBooleans/LogicNumberFunction.java
com.corrodinggames.rts.game.units.custom.logicBooleans.LogicNumberFunction$CreateMarker,obf-inner,com/corrodinggames/rts/game/units/custom/logicBooleans/LogicNumberFunction$CreateMarker.java
com.corrodinggames.rts.game.units.custom.logicBooleans.LogicNumberFunction$FunctionCos,obf-inner,com/corrodinggames/rts/game/units/custom/logicBooleans/LogicNumberFunction$FunctionCos.java
com.corrodinggames.rts.game.units.custom.logicBooleans.LogicNumberFunction$FunctionDirection,obf-inner,com/corrodinggames/rts/game/units/custom/logicBooleans/LogicNumberFunction$FunctionDirection.java
com.corrodinggames.rts.game.units.custom.logicBooleans.LogicNumberFunction$FunctionDirectionBetween,obf-inner,com/corrodinggames/rts/game/units/custom/logicBooleans/LogicNumberFunction$FunctionDirectionBetween.java
com.corrodinggames.rts.game.units.custom.logicBooleans.LogicNumberFunction$FunctionDistance,obf-inner,com/corrodinggames/rts/game/units/custom/logicBooleans/LogicNumberFunction$FunctionDistance.java
com.corrodinggames.rts.game.units.custom.logicBooleans.LogicNumberFunction$FunctionDistanceBetween,obf-inner,com/corrodinggames/rts/game/units/custom/logicBooleans/LogicNumberFunction$FunctionDistanceBetween.java
com.corrodinggames.rts.game.units.custom.logicBooleans.LogicNumberFunction$FunctionDistanceBetweenSquared,obf-inner,com/corrodinggames/rts/game/units/custom/logicBooleans/LogicNumberFunction$FunctionDistanceBetweenSquared.java
com.corrodinggames.rts.game.units.custom.logicBooleans.LogicNumberFunction$FunctionDistanceSquared,obf-inner,com/corrodinggames/rts/game/units/custom/logicBooleans/LogicNumberFunction$FunctionDistanceSquared.java
com.corrodinggames.rts.game.units.custom.logicBooleans.LogicNumberFunction$FunctionInt,obf-inner,com/corrodinggames/rts/game/units/custom/logicBooleans/LogicNumberFunction$FunctionInt.java
com.corrodinggames.rts.game.units.custom.logicBooleans.LogicNumberFunction$FunctionLength,obf-inner,com/corrodinggames/rts/game/units/custom/logicBooleans/LogicNumberFunction$FunctionLength.java
com.corrodinggames.rts.game.units.custom.logicBooleans.LogicNumberFunction$FunctionMax,obf-inner,com/corrodinggames/rts/game/units/custom/logicBooleans/LogicNumberFunction$FunctionMax.java
com.corrodinggames.rts.game.units.custom.logicBooleans.LogicNumberFunction$FunctionMin,obf-inner,com/corrodinggames/rts/game/units/custom/logicBooleans/LogicNumberFunction$FunctionMin.java
com.corrodinggames.rts.game.units.custom.logicBooleans.LogicNumberFunction$FunctionRnd,obf-inner,com/corrodinggames/rts/game/units/custom/logicBooleans/LogicNumberFunction$FunctionRnd.java
com.corrodinggames.rts.game.units.custom.logicBooleans.LogicNumberFunction$FunctionSin,obf-inner,com/corrodinggames/rts/game/units/custom/logicBooleans/LogicNumberFunction$FunctionSin.java
com.corrodinggames.rts.game.units.custom.logicBooleans.LogicNumberFunction$FunctionSquareRoot,obf-inner,com/corrodinggames/rts/game/units/custom/logicBooleans/LogicNumberFunction$FunctionSquareRoot.java
com.corrodinggames.rts.game.units.custom.logicBooleans.LogicNumberFunction$LogicNumberFunctionRawArgs,obf-inner,com/corrodinggames/rts/game/units/custom/logicBooleans/LogicNumberFunction$LogicNumberFunctionRawArgs.java
com.corrodinggames.rts.game.units.custom.logicBooleans.LogicString,obf-hit,com/corrodinggames/rts/game/units/custom/logicBooleans/LogicString.java
com.corrodinggames.rts.game.units.custom.logicBooleans.LogicString$Debug,obf-inner,com/corrodinggames/rts/game/units/custom/logicBooleans/LogicString$Debug.java
com.corrodinggames.rts.game.units.custom.logicBooleans.LogicString$DebugPassthrough,obf-inner,com/corrodinggames/rts/game/units/custom/logicBooleans/LogicString$DebugPassthrough.java
com.corrodinggames.rts.game.units.custom.logicBooleans.LogicString$LowerString,obf-inner,com/corrodinggames/rts/game/units/custom/logicBooleans/LogicString$LowerString.java
com.corrodinggames.rts.game.units.custom.logicBooleans.LogicString$Playername,obf-inner,com/corrodinggames/rts/game/units/custom/logicBooleans/LogicString$Playername.java
com.corrodinggames.rts.game.units.custom.logicBooleans.LogicString$Select,obf-inner,com/corrodinggames/rts/game/units/custom/logicBooleans/LogicString$Select.java
com.corrodinggames.rts.game.units.custom.logicBooleans.LogicString$StaticString,obf-inner,com/corrodinggames/rts/game/units/custom/logicBooleans/LogicString$StaticString.java
com.corrodinggames.rts.game.units.custom.logicBooleans.LogicString$StringCast,obf-inner,com/corrodinggames/rts/game/units/custom/logicBooleans/LogicString$StringCast.java
com.corrodinggames.rts.game.units.custom.logicBooleans.LogicString$StringCast$NumberToStringCast,obf-inner,com/corrodinggames/rts/game/units/custom/logicBooleans/LogicString$StringCast$NumberToStringCast.java
com.corrodinggames.rts.game.units.custom.logicBooleans.LogicString$Substring,obf-inner,com/corrodinggames/rts/game/units/custom/logicBooleans/LogicString$Substring.java
com.corrodinggames.rts.game.units.custom.logicBooleans.LogicString$TeamName,obf-inner,com/corrodinggames/rts/game/units/custom/logicBooleans/LogicString$TeamName.java
com.corrodinggames.rts.game.units.custom.logicBooleans.LogicString$UpperString,obf-inner,com/corrodinggames/rts/game/units/custom/logicBooleans/LogicString$UpperString.java
com.corrodinggames.rts.game.units.custom.logicBooleans.LogicString$WrappingLogicString,obf-inner,com/corrodinggames/rts/game/units/custom/logicBooleans/LogicString$WrappingLogicString.java
com.corrodinggames.rts.game.units.custom.logicBooleans.UnitReference,obf-hit,com/corrodinggames/rts/game/units/custom/logicBooleans/UnitReference.java
com.corrodinggames.rts.game.units.custom.logicBooleans.UnitReference$ActiveWaypointTargetReference,obf-inner,com/corrodinggames/rts/game/units/custom/logicBooleans/UnitReference$ActiveWaypointTargetReference.java
com.corrodinggames.rts.game.units.custom.logicBooleans.UnitReference$AttachmentUnitReference,obf-inner,com/corrodinggames/rts/game/units/custom/logicBooleans/UnitReference$AttachmentUnitReference.java
com.corrodinggames.rts.game.units.custom.logicBooleans.UnitReference$AttackingReference,obf-inner,com/corrodinggames/rts/game/units/custom/logicBooleans/UnitReference$AttackingReference.java
com.corrodinggames.rts.game.units.custom.logicBooleans.UnitReference$ChainedUnitReference,obf-inner,com/corrodinggames/rts/game/units/custom/logicBooleans/UnitReference$ChainedUnitReference.java
com.corrodinggames.rts.game.units.custom.logicBooleans.UnitReference$EventSourceReference,obf-inner,com/corrodinggames/rts/game/units/custom/logicBooleans/UnitReference$EventSourceReference.java
com.corrodinggames.rts.game.units.custom.logicBooleans.UnitReference$FirstUnitReference,obf-inner,com/corrodinggames/rts/game/units/custom/logicBooleans/UnitReference$FirstUnitReference.java
com.corrodinggames.rts.game.units.custom.logicBooleans.UnitReference$GetAsMarker,obf-inner,com/corrodinggames/rts/game/units/custom/logicBooleans/UnitReference$GetAsMarker.java
com.corrodinggames.rts.game.units.custom.logicBooleans.UnitReference$GetOffsetAbsolute,obf-inner,com/corrodinggames/rts/game/units/custom/logicBooleans/UnitReference$GetOffsetAbsolute.java
com.corrodinggames.rts.game.units.custom.logicBooleans.UnitReference$GetOffsetRelative,obf-inner,com/corrodinggames/rts/game/units/custom/logicBooleans/UnitReference$GetOffsetRelative.java
com.corrodinggames.rts.game.units.custom.logicBooleans.UnitReference$GetOffsetRelativeStatic,obf-inner,com/corrodinggames/rts/game/units/custom/logicBooleans/UnitReference$GetOffsetRelativeStatic.java
com.corrodinggames.rts.game.units.custom.logicBooleans.UnitReference$LastDamagedByUnitReference,obf-inner,com/corrodinggames/rts/game/units/custom/logicBooleans/UnitReference$LastDamagedByUnitReference.java
com.corrodinggames.rts.game.units.custom.logicBooleans.UnitReference$LockedUnitReference,obf-inner,com/corrodinggames/rts/game/units/custom/logicBooleans/UnitReference$LockedUnitReference.java
com.corrodinggames.rts.game.units.custom.logicBooleans.UnitReference$Memory1UnitReference,obf-inner,com/corrodinggames/rts/game/units/custom/logicBooleans/UnitReference$Memory1UnitReference.java
com.corrodinggames.rts.game.units.custom.logicBooleans.UnitReference$Memory2UnitReference,obf-inner,com/corrodinggames/rts/game/units/custom/logicBooleans/UnitReference$Memory2UnitReference.java
com.corrodinggames.rts.game.units.custom.logicBooleans.UnitReference$NearestUnitReference,obf-inner,com/corrodinggames/rts/game/units/custom/logicBooleans/UnitReference$NearestUnitReference.java
com.corrodinggames.rts.game.units.custom.logicBooleans.UnitReference$NearestUnitReference$HandleCallbackNearest,obf-inner,com/corrodinggames/rts/game/units/custom/logicBooleans/UnitReference$NearestUnitReference$HandleCallbackNearest.java
com.corrodinggames.rts.game.units.custom.logicBooleans.UnitReference$NullUnitReference,obf-inner,com/corrodinggames/rts/game/units/custom/logicBooleans/UnitReference$NullUnitReference.java
com.corrodinggames.rts.game.units.custom.logicBooleans.UnitReference$ParentUnitReference,obf-inner,com/corrodinggames/rts/game/units/custom/logicBooleans/UnitReference$ParentUnitReference.java
com.corrodinggames.rts.game.units.custom.logicBooleans.UnitReference$PlaceholderUnitReference,obf-inner,com/corrodinggames/rts/game/units/custom/logicBooleans/UnitReference$PlaceholderUnitReference.java
com.corrodinggames.rts.game.units.custom.logicBooleans.UnitReference$SelfUnitReference,obf-inner,com/corrodinggames/rts/game/units/custom/logicBooleans/UnitReference$SelfUnitReference.java
com.corrodinggames.rts.game.units.custom.logicBooleans.UnitReference$ThisActionTargetReference,obf-inner,com/corrodinggames/rts/game/units/custom/logicBooleans/UnitReference$ThisActionTargetReference.java
com.corrodinggames.rts.game.units.custom.logicBooleans.UnitReference$TransportingUnitReference,obf-inner,com/corrodinggames/rts/game/units/custom/logicBooleans/UnitReference$TransportingUnitReference.java
com.corrodinggames.rts.game.units.custom.logicBooleans.UnitReference$UnitContextChangingBooleanByLogic,obf-inner,com/corrodinggames/rts/game/units/custom/logicBooleans/UnitReference$UnitContextChangingBooleanByLogic.java
com.corrodinggames.rts.game.units.custom.logicBooleans.UnitReference$UnitContextChangingContext,obf-inner,com/corrodinggames/rts/game/units/custom/logicBooleans/UnitReference$UnitContextChangingContext.java
com.corrodinggames.rts.game.units.custom.logicBooleans.UnitReference$UnitReferenceOrUnitType,obf-inner,com/corrodinggames/rts/game/units/custom/logicBooleans/UnitReference$UnitReferenceOrUnitType.java
com.corrodinggames.rts.game.units.custom.logicBooleans.VariableScope,obf-hit,com/corrodinggames/rts/game/units/custom/logicBooleans/VariableScope.java
com.corrodinggames.rts.game.units.custom.logicBooleans.VariableScope$AbstractMemoryLogicBoolean,obf-inner,com/corrodinggames/rts/game/units/custom/logicBooleans/VariableScope$AbstractMemoryLogicBoolean.java
com.corrodinggames.rts.game.units.custom.logicBooleans.VariableScope$CachedWriter,obf-inner,com/corrodinggames/rts/game/units/custom/logicBooleans/VariableScope$CachedWriter.java
com.corrodinggames.rts.game.units.custom.logicBooleans.VariableScope$CachedWriter$Operator,obf-inner,com/corrodinggames/rts/game/units/custom/logicBooleans/VariableScope$CachedWriter$Operator.java
com.corrodinggames.rts.game.units.custom.logicBooleans.VariableScope$CachedWriter$WriterElement,obf-inner,com/corrodinggames/rts/game/units/custom/logicBooleans/VariableScope$CachedWriter$WriterElement.java
com.corrodinggames.rts.game.units.custom.logicBooleans.VariableScope$CachedWriter$WriterFactory,obf-inner,com/corrodinggames/rts/game/units/custom/logicBooleans/VariableScope$CachedWriter$WriterFactory.java
com.corrodinggames.rts.game.units.custom.logicBooleans.VariableScope$EmptyVariableScope,obf-inner,com/corrodinggames/rts/game/units/custom/logicBooleans/VariableScope$EmptyVariableScope.java
com.corrodinggames.rts.game.units.custom.logicBooleans.VariableScope$KnownMemoryReadLogicBoolean,obf-inner,com/corrodinggames/rts/game/units/custom/logicBooleans/VariableScope$KnownMemoryReadLogicBoolean.java
com.corrodinggames.rts.game.units.custom.logicBooleans.VariableScope$KnownMemoryScopeLogicBoolean,obf-inner,com/corrodinggames/rts/game/units/custom/logicBooleans/VariableScope$KnownMemoryScopeLogicBoolean.java
com.corrodinggames.rts.game.units.custom.logicBooleans.VariableScope$MemoryNames,obf-inner,com/corrodinggames/rts/game/units/custom/logicBooleans/VariableScope$MemoryNames.java
com.corrodinggames.rts.game.units.custom.logicBooleans.VariableScope$MemoryWriter,obf-inner,com/corrodinggames/rts/game/units/custom/logicBooleans/VariableScope$MemoryWriter.java
com.corrodinggames.rts.game.units.custom.logicBooleans.VariableScope$MemoryWriterFactory,obf-inner,com/corrodinggames/rts/game/units/custom/logicBooleans/VariableScope$MemoryWriterFactory.java
com.corrodinggames.rts.game.units.custom.logicBooleans.VariableScope$MemoryWriterFactory$MemoryWriterElement,obf-inner,com/corrodinggames/rts/game/units/custom/logicBooleans/VariableScope$MemoryWriterFactory$MemoryWriterElement.java
com.corrodinggames.rts.game.units.custom.logicBooleans.VariableScope$MemoryWriterFactory$MemoryWriterElementIndex,obf-inner,com/corrodinggames/rts/game/units/custom/logicBooleans/VariableScope$MemoryWriterFactory$MemoryWriterElementIndex.java
com.corrodinggames.rts.game.units.custom.logicBooleans.VariableScope$ReadEventMemoryLogicBoolean,obf-inner,com/corrodinggames/rts/game/units/custom/logicBooleans/VariableScope$ReadEventMemoryLogicBoolean.java
com.corrodinggames.rts.game.units.custom.logicBooleans.VariableScope$ReadUnitMemoryLogicBoolean,obf-inner,com/corrodinggames/rts/game/units/custom/logicBooleans/VariableScope$ReadUnitMemoryLogicBoolean.java
com.corrodinggames.rts.game.units.custom.logicBooleans.VariableScope$VariableData,obf-inner,com/corrodinggames/rts/game/units/custom/logicBooleans/VariableScope$VariableData.java
com.corrodinggames.rts.game.units.custom.logicBooleans.VariableScope$VariableDataArray,obf-inner,com/corrodinggames/rts/game/units/custom/logicBooleans/VariableScope$VariableDataArray.java
com.corrodinggames.rts.game.units.custom.logicBooleans.VariableScope$VariableDataBoolArray,obf-inner,com/corrodinggames/rts/game/units/custom/logicBooleans/VariableScope$VariableDataBoolArray.java
com.corrodinggames.rts.game.units.custom.logicBooleans.VariableScope$VariableDataBoolean,obf-inner,com/corrodinggames/rts/game/units/custom/logicBooleans/VariableScope$VariableDataBoolean.java
com.corrodinggames.rts.game.units.custom.logicBooleans.VariableScope$VariableDataNull,obf-inner,com/corrodinggames/rts/game/units/custom/logicBooleans/VariableScope$VariableDataNull.java
com.corrodinggames.rts.game.units.custom.logicBooleans.VariableScope$VariableDataNumber,obf-inner,com/corrodinggames/rts/game/units/custom/logicBooleans/VariableScope$VariableDataNumber.java
com.corrodinggames.rts.game.units.custom.logicBooleans.VariableScope$VariableDataNumberArray,obf-inner,com/corrodinggames/rts/game/units/custom/logicBooleans/VariableScope$VariableDataNumberArray.java
com.corrodinggames.rts.game.units.custom.logicBooleans.VariableScope$VariableDataString,obf-inner,com/corrodinggames/rts/game/units/custom/logicBooleans/VariableScope$VariableDataString.java
com.corrodinggames.rts.game.units.custom.logicBooleans.VariableScope$VariableDataUnit,obf-inner,com/corrodinggames/rts/game/units/custom/logicBooleans/VariableScope$VariableDataUnit.java
com.corrodinggames.rts.game.units.custom.logicBooleans.VariableScope$VariableDataUnitArray,obf-inner,com/corrodinggames/rts/game/units/custom/logicBooleans/VariableScope$VariableDataUnitArray.java
com.corrodinggames.rts.game.units.custom.logicBooleans.VariableScope$VariableDefinition,obf-inner,com/corrodinggames/rts/game/units/custom/logicBooleans/VariableScope$VariableDefinition.java
com.corrodinggames.rts.game.units.custom.logicBooleans.VariableScope$VariableMapping,obf-inner,com/corrodinggames/rts/game/units/custom/logicBooleans/VariableScope$VariableMapping.java
com.corrodinggames.rts.game.units.custom.logicBooleans.VariableScope$VariableName,obf-inner,com/corrodinggames/rts/game/units/custom/logicBooleans/VariableScope$VariableName.java
com.corrodinggames.rts.game.units.custom.m,semantic-hit,com/corrodinggames/rts/game/units/custom/DirectionConfig.java
com.corrodinggames.rts.game.units.custom.n,semantic-hit,com/corrodinggames/rts/game/units/custom/DirectionType.java
com.corrodinggames.rts.game.units.custom.o,semantic-hit,com/corrodinggames/rts/game/units/custom/AnimationReference.java
com.corrodinggames.rts.game.units.custom.p,semantic-hit,com/corrodinggames/rts/game/units/custom/EffectConfig.java
com.corrodinggames.rts.game.units.custom.q,semantic-hit,com/corrodinggames/rts/game/units/custom/UnitTypeComparator.java
com.corrodinggames.rts.game.units.custom.r,semantic-hit,com/corrodinggames/rts/game/units/custom/Modifier.java
com.corrodinggames.rts.game.units.custom.s,semantic-hit,com/corrodinggames/rts/game/units/custom/ModifierType.java
com.corrodinggames.rts.game.units.custom.t,semantic-hit,com/corrodinggames/rts/game/units/custom/ModifierApplier.java
com.corrodinggames.rts.game.units.custom.u,semantic-hit,com/corrodinggames/rts/game/units/custom/UnitActionDef.java
com.corrodinggames.rts.game.units.custom.v,semantic-hit,com/corrodinggames/rts/game/units/custom/ActionBinding.java
com.corrodinggames.rts.game.units.custom.w,semantic-hit,com/corrodinggames/rts/game/units/custom/CustomUnitAnimator.java
com.corrodinggames.rts.game.units.custom.x,semantic-hit,com/corrodinggames/rts/game/units/custom/CustomPhysics.java
com.corrodinggames.rts.game.units.custom.y,semantic-hit,com/corrodinggames/rts/game/units/custom/CustomSounds.java
com.corrodinggames.rts.game.units.custom.z,semantic-hit,com/corrodinggames/rts/game/units/custom/CustomVisuals.java
com.corrodinggames.rts.game.units.d,obf-hit,com/corrodinggames/rts/game/units/commands/slots/d.java
com.corrodinggames.rts.game.units.d.a,semantic-hit,com/corrodinggames/rts/game/units/commands/ExperimentalGroundUnit.java
com.corrodinggames.rts.game.units.d.a.a,semantic-hit,com/corrodinggames/rts/game/units/commands/slots/AbstractCommandSlot.java
com.corrodinggames.rts.game.units.d.a.a$1,semantic-hit,com/corrodinggames/rts/game/units/commands/slots/AbstractCommandSlot$1.java
com.corrodinggames.rts.game.units.d.a.b,semantic-hit,com/corrodinggames/rts/game/units/commands/slots/BuildActionSlot.java
com.corrodinggames.rts.game.units.d.a.b$1,semantic-hit,com/corrodinggames/rts/game/units/commands/slots/BuildActionSlot$1.java
com.corrodinggames.rts.game.units.d.a.b$2,semantic-hit,com/corrodinggames/rts/game/units/commands/slots/BuildActionSlot$2.java
com.corrodinggames.rts.game.units.d.a.b$3,semantic-hit,com/corrodinggames/rts/game/units/commands/slots/BuildActionSlot$3.java
com.corrodinggames.rts.game.units.d.a.b$4,semantic-hit,com/corrodinggames/rts/game/units/commands/slots/BuildActionSlot$4.java
com.corrodinggames.rts.game.units.d.a.c,semantic-hit,com/corrodinggames/rts/game/units/commands/slots/FactoryBuildSlot.java
com.corrodinggames.rts.game.units.d.a.d,obf-hit,com/corrodinggames/rts/game/units/commands/slots/d.java
com.corrodinggames.rts.game.units.d.a.e,obf-hit,com/corrodinggames/librocket/e.java
com.corrodinggames.rts.game.units.d.a.f,obf-hit,com/corrodinggames/rts/game/units/commands/slots/f.java
com.corrodinggames.rts.game.units.d.a.g,obf-hit,com/corrodinggames/rts/game/units/commands/slots/g.java
com.corrodinggames.rts.game.units.d.a.h,obf-hit,com/corrodinggames/rts/game/units/commands/slots/h.java
com.corrodinggames.rts.game.units.d.b,semantic-hit,com/corrodinggames/rts/game/units/commands/CustomGroundUnit.java
com.corrodinggames.rts.game.units.d.c,semantic-hit,com/corrodinggames/rts/game/units/commands/ExperimentalHoverUnit.java
com.corrodinggames.rts.game.units.d.c$1,semantic-hit,com/corrodinggames/rts/game/units/commands/ExperimentalHoverUnit$1.java
com.corrodinggames.rts.game.units.d.c$2,semantic-hit,com/corrodinggames/rts/game/units/commands/ExperimentalHoverUnit$2.java
com.corrodinggames.rts.game.units.d.d,semantic-hit,com/corrodinggames/rts/game/units/commands/ExperimentalUnit.java
com.corrodinggames.rts.game.units.d.e,semantic-hit,com/corrodinggames/rts/game/units/commands/CommandCenter.java
com.corrodinggames.rts.game.units.d.f,semantic-hit,com/corrodinggames/rts/game/units/commands/ExperimentalWaterUnit.java
com.corrodinggames.rts.game.units.d.f$1,semantic-hit,com/corrodinggames/rts/game/units/commands/ExperimentalWaterUnit$1.java
com.corrodinggames.rts.game.units.d.g,semantic-hit,com/corrodinggames/rts/game/units/commands/ExperimentalLandFactory.java
com.corrodinggames.rts.game.units.d.g$1,semantic-hit,com/corrodinggames/rts/game/units/commands/ExperimentalLandFactory$1.java
com.corrodinggames.rts.game.units.d.g$2,semantic-hit,com/corrodinggames/rts/game/units/commands/ExperimentalLandFactory$2.java
com.corrodinggames.rts.game.units.d.h,semantic-hit,com/corrodinggames/rts/game/units/commands/PowerGeneratorUnit.java
com.corrodinggames.rts.game.units.d.h$1,semantic-hit,com/corrodinggames/rts/game/units/commands/PowerGeneratorUnit$1.java
com.corrodinggames.rts.game.units.d.h$2,semantic-hit,com/corrodinggames/rts/game/units/commands/PowerGeneratorUnit$2.java
com.corrodinggames.rts.game.units.d.i,semantic-hit,com/corrodinggames/rts/game/units/commands/MobileBuilderBase.java
com.corrodinggames.rts.game.units.d.j,semantic-hit,com/corrodinggames/rts/game/units/commands/BuilderUnit.java
com.corrodinggames.rts.game.units.d.k,semantic-hit,com/corrodinggames/rts/game/units/commands/UnitFactoryHelper.java
com.corrodinggames.rts.game.units.d.l,semantic-hit,com/corrodinggames/rts/game/units/commands/CarrierUnit.java
com.corrodinggames.rts.game.units.d.m,semantic-hit,com/corrodinggames/rts/game/units/commands/ExperimentalBuilding.java
com.corrodinggames.rts.game.units.d.n,semantic-hit,com/corrodinggames/rts/game/units/commands/CustomBuildingUnit.java
com.corrodinggames.rts.game.units.d.o,semantic-hit,com/corrodinggames/rts/game/units/commands/ExperimentalAirUnit.java
com.corrodinggames.rts.game.units.d.p,semantic-hit,com/corrodinggames/rts/game/units/commands/ExperimentalSubUnit.java
com.corrodinggames.rts.game.units.d.p$1,semantic-hit,com/corrodinggames/rts/game/units/commands/ExperimentalSubUnit$1.java
com.corrodinggames.rts.game.units.d.q,semantic-hit,com/corrodinggames/rts/game/units/commands/UnitActionHelper.java
com.corrodinggames.rts.game.units.d.q$1,semantic-hit,com/corrodinggames/rts/game/units/commands/UnitActionHelper$1.java
com.corrodinggames.rts.game.units.d.q$2,semantic-hit,com/corrodinggames/rts/game/units/commands/UnitActionHelper$2.java
com.corrodinggames.rts.game.units.d.r,semantic-hit,com/corrodinggames/rts/game/units/commands/RepairBayUnit.java
com.corrodinggames.rts.game.units.d.s,semantic-hit,com/corrodinggames/rts/game/units/commands/AutoRepairCallback.java
com.corrodinggames.rts.game.units.d.t,semantic-hit,com/corrodinggames/rts/game/units/commands/Structures.java
com.corrodinggames.rts.game.units.d.u,semantic-hit,com/corrodinggames/rts/game/units/commands/UpgradeToT2Action.java
com.corrodinggames.rts.game.units.d.v,semantic-hit,com/corrodinggames/rts/game/units/commands/FabricatorUnit.java
com.corrodinggames.rts.game.units.d.v$1,semantic-hit,com/corrodinggames/rts/game/units/commands/FabricatorUnit$1.java
com.corrodinggames.rts.game.units.d.w,semantic-hit,com/corrodinggames/rts/game/units/commands/ExperimentalWallUnit.java
com.corrodinggames.rts.game.units.e,semantic-hit,com/corrodinggames/rts/game/units/BuildingBase.java
com.corrodinggames.rts.game.units.e.a,semantic-hit,com/corrodinggames/rts/game/units/projectiles/ExtractorBuilding.java
com.corrodinggames.rts.game.units.e.b,semantic-hit,com/corrodinggames/rts/game/units/projectiles/FactoryBuilding.java
com.corrodinggames.rts.game.units.e.c,semantic-hit,com/corrodinggames/rts/game/units/projectiles/Building.java
com.corrodinggames.rts.game.units.e.d,semantic-hit,com/corrodinggames/rts/game/units/projectiles/WallBuilding.java
com.corrodinggames.rts.game.units.e.e,semantic-hit,com/corrodinggames/rts/game/units/projectiles/SubBuildingType1.java
com.corrodinggames.rts.game.units.e.f,semantic-hit,com/corrodinggames/rts/game/units/projectiles/TurretBuilding.java
com.corrodinggames.rts.game.units.e.g,semantic-hit,com/corrodinggames/rts/game/units/projectiles/SubBuildingType2.java
com.corrodinggames.rts.game.units.e.h,semantic-hit,com/corrodinggames/rts/game/units/projectiles/AbstractSubBuilding.java
com.corrodinggames.rts.game.units.e.i,semantic-hit,com/corrodinggames/rts/game/units/projectiles/SpecialBuilding.java
com.corrodinggames.rts.game.units.e.i$1,semantic-hit,com/corrodinggames/rts/game/units/projectiles/SpecialBuilding$1.java
com.corrodinggames.rts.game.units.e.i$2,semantic-hit,com/corrodinggames/rts/game/units/projectiles/SpecialBuilding$2.java
com.corrodinggames.rts.game.units.e.j,semantic-hit,com/corrodinggames/rts/game/units/projectiles/AbstractBuildingBase.java
com.corrodinggames.rts.game.units.e.k,semantic-hit,com/corrodinggames/rts/game/units/projectiles/RepairBay.java
com.corrodinggames.rts.game.units.e.l,semantic-hit,com/corrodinggames/rts/game/units/projectiles/RadarBuilding.java
com.corrodinggames.rts.game.units.e.m,semantic-hit,com/corrodinggames/rts/game/units/projectiles/ShieldBuilding.java
com.corrodinggames.rts.game.units.e.n,semantic-hit,com/corrodinggames/rts/game/units/projectiles/StorageBuilding.java
com.corrodinggames.rts.game.units.e.o,semantic-hit,com/corrodinggames/rts/game/units/projectiles/PowerBuilding.java
com.corrodinggames.rts.game.units.f,semantic-hit,com/corrodinggames/rts/game/units/WaterUnit.java
com.corrodinggames.rts.game.units.f.a,semantic-hit,com/corrodinggames/rts/game/units/pathfinding/SpatialGridCell.java
com.corrodinggames.rts.game.units.f.b,semantic-hit,com/corrodinggames/rts/game/units/pathfinding/UnitArrayList.java
com.corrodinggames.rts.game.units.f.c,semantic-hit,com/corrodinggames/rts/game/units/pathfinding/SpatialGrid.java
com.corrodinggames.rts.game.units.f.d,semantic-hit,com/corrodinggames/rts/game/units/pathfinding/RectFilter.java
com.corrodinggames.rts.game.units.f.e,semantic-hit,com/corrodinggames/rts/game/units/pathfinding/UnitFilter.java
com.corrodinggames.rts.game.units.f.f,semantic-hit,com/corrodinggames/rts/game/units/pathfinding/QueryResult.java
com.corrodinggames.rts.game.units.f.g,semantic-hit,com/corrodinggames/rts/game/units/pathfinding/CircleFilter.java
com.corrodinggames.rts.game.units.f.h,semantic-hit,com/corrodinggames/rts/game/units/pathfinding/LineFilter.java
com.corrodinggames.rts.game.units.f.i,semantic-hit,com/corrodinggames/rts/game/units/pathfinding/SpatialQuery.java
com.corrodinggames.rts.game.units.f.j,semantic-hit,com/corrodinggames/rts/game/units/pathfinding/SpatialCallback.java
com.corrodinggames.rts.game.units.g,semantic-hit,com/corrodinggames/rts/game/units/ExperimentalLandUnit.java
com.corrodinggames.rts.game.units.g.a,semantic-hit,com/corrodinggames/rts/game/units/weapons/UnitComponent.java
com.corrodinggames.rts.game.units.g.a$1,semantic-hit,com/corrodinggames/rts/game/units/weapons/UnitComponent$1.java
com.corrodinggames.rts.game.units.g.b,semantic-hit,com/corrodinggames/rts/game/units/weapons/ComponentType.java
com.corrodinggames.rts.game.units.g.b$1,inner-via-outer,com/corrodinggames/rts/game/units/custom/actions/b.java
com.corrodinggames.rts.game.units.g.b$2,inner-via-outer,com/corrodinggames/rts/game/units/custom/actions/b.java
com.corrodinggames.rts.game.units.g.c,semantic-hit,com/corrodinggames/rts/game/units/weapons/ComponentUpdater.java
com.corrodinggames.rts.game.units.g.d,semantic-hit,com/corrodinggames/rts/game/units/weapons/FloatComponent.java
com.corrodinggames.rts.game.units.g.e,semantic-hit,com/corrodinggames/rts/game/units/weapons/TimerComponent.java
com.corrodinggames.rts.game.units.h,semantic-hit,com/corrodinggames/rts/game/units/Factory.java
com.corrodinggames.rts.game.units.h$1,semantic-hit,com/corrodinggames/rts/game/units/Factory$1.java
com.corrodinggames.rts.game.units.h$10,semantic-hit,com/corrodinggames/rts/game/units/Factory$10.java
com.corrodinggames.rts.game.units.h$11,semantic-hit,com/corrodinggames/rts/game/units/Factory$11.java
com.corrodinggames.rts.game.units.h$12,semantic-hit,com/corrodinggames/rts/game/units/Factory$12.java
com.corrodinggames.rts.game.units.h$13,semantic-hit,com/corrodinggames/rts/game/units/Factory$13.java
com.corrodinggames.rts.game.units.h$14,semantic-hit,com/corrodinggames/rts/game/units/Factory$14.java
com.corrodinggames.rts.game.units.h$15,semantic-hit,com/corrodinggames/rts/game/units/Factory$15.java
com.corrodinggames.rts.game.units.h$16,semantic-hit,com/corrodinggames/rts/game/units/Factory$16.java
com.corrodinggames.rts.game.units.h$17,semantic-hit,com/corrodinggames/rts/game/units/Factory$17.java
com.corrodinggames.rts.game.units.h$18,semantic-hit,com/corrodinggames/rts/game/units/Factory$18.java
com.corrodinggames.rts.game.units.h$19,semantic-hit,com/corrodinggames/rts/game/units/Factory$19.java
com.corrodinggames.rts.game.units.h$2,semantic-hit,com/corrodinggames/rts/game/units/Factory$2.java
com.corrodinggames.rts.game.units.h$2$1,semantic-hit,com/corrodinggames/rts/game/units/Factory$2$1.java
com.corrodinggames.rts.game.units.h$20,semantic-hit,com/corrodinggames/rts/game/units/Factory$20.java
com.corrodinggames.rts.game.units.h$21,semantic-hit,com/corrodinggames/rts/game/units/Factory$21.java
com.corrodinggames.rts.game.units.h$22,semantic-hit,com/corrodinggames/rts/game/units/Factory$22.java
com.corrodinggames.rts.game.units.h$23,semantic-hit,com/corrodinggames/rts/game/units/Factory$23.java
com.corrodinggames.rts.game.units.h$3,semantic-hit,com/corrodinggames/rts/game/units/Factory$3.java
com.corrodinggames.rts.game.units.h$3$1,semantic-hit,com/corrodinggames/rts/game/units/Factory$3$1.java
com.corrodinggames.rts.game.units.h$3$2,semantic-hit,com/corrodinggames/rts/game/units/Factory$3$2.java
com.corrodinggames.rts.game.units.h$3$3,semantic-hit,com/corrodinggames/rts/game/units/Factory$3$3.java
com.corrodinggames.rts.game.units.h$4,semantic-hit,com/corrodinggames/rts/game/units/Factory$4.java
com.corrodinggames.rts.game.units.h$5,semantic-hit,com/corrodinggames/rts/game/units/Factory$5.java
com.corrodinggames.rts.game.units.h$6,semantic-hit,com/corrodinggames/rts/game/units/Factory$6.java
com.corrodinggames.rts.game.units.h$7,semantic-hit,com/corrodinggames/rts/game/units/Factory$7.java
com.corrodinggames.rts.game.units.h$8,semantic-hit,com/corrodinggames/rts/game/units/Factory$8.java
com.corrodinggames.rts.game.units.h$9,semantic-hit,com/corrodinggames/rts/game/units/Factory$9.java
com.corrodinggames.rts.game.units.h$9$1,semantic-hit,com/corrodinggames/rts/game/units/Factory$9$1.java
com.corrodinggames.rts.game.units.h.a,semantic-hit,com/corrodinggames/rts/game/units/debug/FactoryAction1.java
com.corrodinggames.rts.game.units.h.b,semantic-hit,com/corrodinggames/rts/game/units/debug/FactoryAction2.java
com.corrodinggames.rts.game.units.h.c,semantic-hit,com/corrodinggames/rts/game/units/debug/FactoryAction3.java
com.corrodinggames.rts.game.units.h.d,semantic-hit,com/corrodinggames/rts/game/units/debug/FactoryAction4.java
com.corrodinggames.rts.game.units.h.e,semantic-hit,com/corrodinggames/rts/game/units/debug/FactoryAction5.java
com.corrodinggames.rts.game.units.h.e$1,semantic-hit,com/corrodinggames/rts/game/units/debug/FactoryAction5$1.java
com.corrodinggames.rts.game.units.h.e$2,semantic-hit,com/corrodinggames/rts/game/units/debug/FactoryAction5$2.java
com.corrodinggames.rts.game.units.h.f,semantic-hit,com/corrodinggames/rts/game/units/debug/FactoryAction6.java
com.corrodinggames.rts.game.units.i,semantic-hit,com/corrodinggames/rts/game/units/ActionAddCredits.java
com.corrodinggames.rts.game.units.j,semantic-hit,com/corrodinggames/rts/game/units/LandUnit.java
com.corrodinggames.rts.game.units.k,semantic-hit,com/corrodinggames/rts/game/units/AirUnit.java
com.corrodinggames.rts.game.units.l,semantic-hit,com/corrodinggames/rts/game/units/HoverUnit.java
com.corrodinggames.rts.game.units.m,semantic-hit,com/corrodinggames/rts/game/units/SubmarineUnit.java
com.corrodinggames.rts.game.units.n,semantic-hit,com/corrodinggames/rts/game/units/UnitCategory.java
com.corrodinggames.rts.game.units.n$1,inner-via-outer,com/corrodinggames/rts/game/units/custom/actions/base/n.java
com.corrodinggames.rts.game.units.n$2,inner-via-outer,com/corrodinggames/rts/game/units/custom/actions/base/n.java
com.corrodinggames.rts.game.units.n$3,inner-via-outer,com/corrodinggames/rts/game/units/custom/actions/base/n.java
com.corrodinggames.rts.game.units.n$4,inner-via-outer,com/corrodinggames/rts/game/units/custom/actions/base/n.java
com.corrodinggames.rts.game.units.n$5,inner-via-outer,com/corrodinggames/rts/game/units/custom/actions/base/n.java
com.corrodinggames.rts.game.units.n$6,inner-via-outer,com/corrodinggames/rts/game/units/custom/actions/base/n.java
com.corrodinggames.rts.game.units.o,semantic-hit,com/corrodinggames/rts/game/units/UnitBehaviorEnum.java
com.corrodinggames.rts.game.units.o$1,inner-via-outer,com/corrodinggames/rts/appFramework/o.java
com.corrodinggames.rts.game.units.o$2,inner-via-outer,com/corrodinggames/rts/appFramework/o.java
com.corrodinggames.rts.game.units.o$3,inner-via-outer,com/corrodinggames/rts/appFramework/o.java
com.corrodinggames.rts.game.units.o$4,inner-via-outer,com/corrodinggames/rts/appFramework/o.java
com.corrodinggames.rts.game.units.o$5,inner-via-outer,com/corrodinggames/rts/appFramework/o.java
com.corrodinggames.rts.game.units.p,semantic-hit,com/corrodinggames/rts/game/units/UnitQueryFilter.java
com.corrodinggames.rts.game.units.p$1,semantic-hit,com/corrodinggames/rts/game/units/UnitQueryFilter$1.java
com.corrodinggames.rts.game.units.q,semantic-hit,com/corrodinggames/rts/game/units/SpecialActionType.java
com.corrodinggames.rts.game.units.r,semantic-hit,com/corrodinggames/rts/game/units/UnitActionEnum.java
com.corrodinggames.rts.game.units.r$1,inner-via-outer,com/corrodinggames/rts/r.java
com.corrodinggames.rts.game.units.r$2,inner-via-outer,com/corrodinggames/rts/r.java
com.corrodinggames.rts.game.units.r$3,inner-via-outer,com/corrodinggames/rts/r.java
com.corrodinggames.rts.game.units.r$4,inner-via-outer,com/corrodinggames/rts/r.java
com.corrodinggames.rts.game.units.s,semantic-hit,com/corrodinggames/rts/game/units/Position.java
com.corrodinggames.rts.game.units.t,semantic-hit,com/corrodinggames/rts/game/units/AmphibiousUnit.java
com.corrodinggames.rts.game.units.u,semantic-hit,com/corrodinggames/rts/game/units/TimedBomb.java
com.corrodinggames.rts.game.units.v,semantic-hit,com/corrodinggames/rts/game/units/DecorUnit.java
com.corrodinggames.rts.game.units.w,semantic-hit,com/corrodinggames/rts/game/units/CustomUnitBase.java
com.corrodinggames.rts.game.units.x,semantic-hit,com/corrodinggames/rts/game/units/MovableUnit.java
com.corrodinggames.rts.game.units.y,semantic-hit,com/corrodinggames/rts/game/units/UnitType.java
com.corrodinggames.rts.game.units.y$1,semantic-hit,com/corrodinggames/rts/game/units/UnitType$1.java
com.corrodinggames.rts.game.units.z,semantic-hit,com/corrodinggames/rts/game/units/WaypointTarget.java
com.corrodinggames.rts.gameFramework.SettingsEngine,obf-hit,com/corrodinggames/rts/gameFramework/SettingsEngine.java
com.corrodinggames.rts.gameFramework.a,semantic-hit,com/corrodinggames/rts/gameFramework/CollisionEngine.java
com.corrodinggames.rts.gameFramework.a.a,semantic-hit,com/corrodinggames/rts/gameFramework/platform/AndroidSoundFactory.java
com.corrodinggames.rts.gameFramework.a.b,semantic-hit,com/corrodinggames/rts/gameFramework/platform/SoundInstance.java
com.corrodinggames.rts.gameFramework.a.c,semantic-hit,com/corrodinggames/rts/gameFramework/platform/SoundPlayRequest.java
com.corrodinggames.rts.gameFramework.a.d,semantic-hit,com/corrodinggames/rts/gameFramework/platform/SoundThread.java
com.corrodinggames.rts.gameFramework.a.e,semantic-hit,com/corrodinggames/rts/gameFramework/platform/SoundRegistry.java
com.corrodinggames.rts.gameFramework.a.f,semantic-hit,com/corrodinggames/rts/gameFramework/platform/NullSoundFactory.java
com.corrodinggames.rts.gameFramework.a.g,semantic-hit,com/corrodinggames/rts/gameFramework/platform/NullSound.java
com.corrodinggames.rts.gameFramework.a.h,semantic-hit,com/corrodinggames/rts/gameFramework/platform/SoundFactory.java
com.corrodinggames.rts.gameFramework.a.i,semantic-hit,com/corrodinggames/rts/gameFramework/platform/Sound.java
com.corrodinggames.rts.gameFramework.aa,obf-hit,com/corrodinggames/rts/game/units/custom/aa.java
com.corrodinggames.rts.gameFramework.ab,semantic-hit,com/corrodinggames/rts/gameFramework/ProjectileManager.java
com.corrodinggames.rts.gameFramework.ac,semantic-hit,com/corrodinggames/rts/gameFramework/KeyBindingManager.java
com.corrodinggames.rts.gameFramework.ad,semantic-hit,com/corrodinggames/rts/gameFramework/KeyBinding.java
com.corrodinggames.rts.gameFramework.ae,semantic-hit,com/corrodinggames/rts/gameFramework/ShaderProgram.java
com.corrodinggames.rts.gameFramework.af,semantic-hit,com/corrodinggames/rts/gameFramework/TextureCache.java
com.corrodinggames.rts.gameFramework.ag,semantic-hit,com/corrodinggames/rts/gameFramework/KeyTrigger.java
com.corrodinggames.rts.gameFramework.ah,semantic-hit,com/corrodinggames/rts/gameFramework/AxisTrigger.java
com.corrodinggames.rts.gameFramework.ai,semantic-hit,com/corrodinggames/rts/gameFramework/InputProvider.java
com.corrodinggames.rts.gameFramework.aj,semantic-hit,com/corrodinggames/rts/gameFramework/AbstractInputConfig.java
com.corrodinggames.rts.gameFramework.ak,semantic-hit,com/corrodinggames/rts/gameFramework/NullInput.java
com.corrodinggames.rts.gameFramework.al,semantic-hit,com/corrodinggames/rts/gameFramework/DefaultInputConfig.java
com.corrodinggames.rts.gameFramework.am,semantic-hit,com/corrodinggames/rts/gameFramework/MusicController.java
com.corrodinggames.rts.gameFramework.am$1,semantic-inner,com/corrodinggames/rts/gameFramework/MusicController$1.java
com.corrodinggames.rts.gameFramework.am$2,semantic-inner,com/corrodinggames/rts/gameFramework/MusicController$2.java
com.corrodinggames.rts.gameFramework.an,semantic-hit,com/corrodinggames/rts/gameFramework/MusicFactory.java
com.corrodinggames.rts.gameFramework.ao,semantic-hit,com/corrodinggames/rts/gameFramework/GameInput.java
com.corrodinggames.rts.gameFramework.ap,semantic-hit,com/corrodinggames/rts/gameFramework/MusicPlayer.java
com.corrodinggames.rts.gameFramework.ap$1,semantic-hit,com/corrodinggames/rts/gameFramework/MusicPlayer$1.java
com.corrodinggames.rts.gameFramework.ap$2,semantic-hit,com/corrodinggames/rts/gameFramework/MusicPlayer$2.java
com.corrodinggames.rts.gameFramework.aq,semantic-hit,com/corrodinggames/rts/gameFramework/MusicPlayer.java
com.corrodinggames.rts.gameFramework.ar,semantic-hit,com/corrodinggames/rts/gameFramework/GameTimer.java
com.corrodinggames.rts.gameFramework.as,semantic-hit,com/corrodinggames/rts/gameFramework/PacketBuilder.java
com.corrodinggames.rts.gameFramework.at,semantic-hit,com/corrodinggames/rts/gameFramework/MusicFolder.java
com.corrodinggames.rts.gameFramework.at$1,inner-via-outer,com/corrodinggames/rts/game/units/at.java
com.corrodinggames.rts.gameFramework.at$2,inner-via-outer,com/corrodinggames/rts/game/units/at.java
com.corrodinggames.rts.gameFramework.at$3,inner-via-outer,com/corrodinggames/rts/game/units/at.java
com.corrodinggames.rts.gameFramework.au,semantic-hit,com/corrodinggames/rts/gameFramework/RenderThread.java
com.corrodinggames.rts.gameFramework.av,obf-hit,com/corrodinggames/rts/game/units/custom/av.java
com.corrodinggames.rts.gameFramework.aw,semantic-hit,com/corrodinggames/rts/gameFramework/TextPacketBuilder.java
com.corrodinggames.rts.gameFramework.ax,semantic-hit,com/corrodinggames/rts/gameFramework/ReplayRecorder.java
com.corrodinggames.rts.gameFramework.ay,semantic-hit,com/corrodinggames/rts/gameFramework/Sprite.java
com.corrodinggames.rts.gameFramework.az,semantic-hit,com/corrodinggames/rts/gameFramework/SpriteBase.java
com.corrodinggames.rts.gameFramework.b,semantic-hit,com/corrodinggames/rts/gameFramework/CollisionGroup.java
com.corrodinggames.rts.gameFramework.b.a,semantic-hit,com/corrodinggames/rts/gameFramework/opengl/GLBatchBase.java
com.corrodinggames.rts.gameFramework.b.a.a,obf-hit,com/a/a/a/a.java
com.corrodinggames.rts.gameFramework.b.a.a.a,semantic-hit,com/corrodinggames/rts/gameFramework/opengl/batch/resources/GLResourceBase.java
com.corrodinggames.rts.gameFramework.b.a.a.b,semantic-hit,com/corrodinggames/rts/gameFramework/opengl/GLTexture.java
com.corrodinggames.rts.gameFramework.b.a.b,obf-hit,com/corrodinggames/rts/game/units/custom/actions/b.java
com.corrodinggames.rts.gameFramework.b.a.c,obf-hit,com/corrodinggames/rts/game/units/custom/actions/c.java
com.corrodinggames.rts.gameFramework.b.a.d,obf-hit,com/corrodinggames/rts/game/units/commands/slots/d.java
com.corrodinggames.rts.gameFramework.b.a.e,obf-hit,com/corrodinggames/librocket/e.java
com.corrodinggames.rts.gameFramework.b.a.f,obf-hit,com/corrodinggames/rts/game/units/commands/slots/f.java
com.corrodinggames.rts.gameFramework.b.a.g,obf-hit,com/corrodinggames/rts/game/units/commands/slots/g.java
com.corrodinggames.rts.gameFramework.b.aa,obf-hit,com/corrodinggames/rts/game/units/custom/aa.java
com.corrodinggames.rts.gameFramework.b.ab,obf-hit,com/corrodinggames/rts/game/units/custom/ab.java
com.corrodinggames.rts.gameFramework.b.ac,obf-hit,com/corrodinggames/rts/game/units/custom/ac.java
com.corrodinggames.rts.gameFramework.b.ad,semantic-hit,com/corrodinggames/rts/gameFramework/opengl/FramebufferTexture.java
com.corrodinggames.rts.gameFramework.b.ae,obf-hit,com/corrodinggames/rts/game/units/custom/ae.java
com.corrodinggames.rts.gameFramework.b.af,semantic-hit,com/corrodinggames/rts/gameFramework/opengl/BlendMode.java
com.corrodinggames.rts.gameFramework.b.ag,obf-hit,com/corrodinggames/rts/gameFramework/opengl/ag.java
com.corrodinggames.rts.gameFramework.b.ah,semantic-hit,com/corrodinggames/rts/gameFramework/opengl/GLTexture.java
com.corrodinggames.rts.gameFramework.b.ah$1,semantic-hit,com/corrodinggames/rts/gameFramework/opengl/GLTexture$1.java
com.corrodinggames.rts.gameFramework.b.ai,semantic-hit,com/corrodinggames/rts/gameFramework/opengl/TextureConfig.java
com.corrodinggames.rts.gameFramework.b.aj,semantic-hit,com/corrodinggames/rts/gameFramework/opengl/DrawCall.java
com.corrodinggames.rts.gameFramework.b.ak,semantic-hit,com/corrodinggames/rts/gameFramework/opengl/ShaderHandles.java
com.corrodinggames.rts.gameFramework.b.al,semantic-hit,com/corrodinggames/rts/gameFramework/opengl/DrawCallBuffer.java
com.corrodinggames.rts.gameFramework.b.b,semantic-hit,com/corrodinggames/rts/gameFramework/opengl/GLObject.java
com.corrodinggames.rts.gameFramework.b.c,semantic-hit,com/corrodinggames/rts/gameFramework/opengl/DefaultBlendMode.java
com.corrodinggames.rts.gameFramework.b.d,semantic-hit,com/corrodinggames/rts/gameFramework/opengl/SpriteShader.java
com.corrodinggames.rts.gameFramework.b.e,semantic-hit,com/corrodinggames/rts/gameFramework/opengl/BitmapTexture.java
com.corrodinggames.rts.gameFramework.b.f,obf-hit,com/corrodinggames/rts/game/units/commands/slots/f.java
com.corrodinggames.rts.gameFramework.b.f$1,obf-inner,com/corrodinggames/rts/game/units/custom/anim/f$1.java
com.corrodinggames.rts.gameFramework.b.g,semantic-hit,com/corrodinggames/rts/gameFramework/opengl/CircleShader.java
com.corrodinggames.rts.gameFramework.b.h,semantic-hit,com/corrodinggames/rts/gameFramework/opengl/ShaderSource.java
com.corrodinggames.rts.gameFramework.b.i,semantic-hit,com/corrodinggames/rts/gameFramework/opengl/BlurEffect.java
com.corrodinggames.rts.gameFramework.b.j,semantic-hit,com/corrodinggames/rts/gameFramework/opengl/BlendCallback.java
com.corrodinggames.rts.gameFramework.b.k,obf-hit,com/corrodinggames/rts/game/units/custom/actions/base/k.java
com.corrodinggames.rts.gameFramework.b.l,semantic-hit,com/corrodinggames/rts/gameFramework/opengl/TransformCallback.java
com.corrodinggames.rts.gameFramework.b.m,semantic-hit,com/corrodinggames/rts/gameFramework/opengl/ShaderBinder.java
com.corrodinggames.rts.gameFramework.b.n,semantic-hit,com/corrodinggames/rts/gameFramework/opengl/GLRenderer.java
com.corrodinggames.rts.gameFramework.b.o,semantic-hit,com/corrodinggames/rts/gameFramework/opengl/AttributeLocation.java
com.corrodinggames.rts.gameFramework.b.p,semantic-hit,com/corrodinggames/rts/gameFramework/opengl/BatchEntry.java
com.corrodinggames.rts.gameFramework.b.q,semantic-hit,com/corrodinggames/rts/gameFramework/opengl/GLUniform.java
com.corrodinggames.rts.gameFramework.b.r,semantic-hit,com/corrodinggames/rts/gameFramework/opengl/DrawRegion.java
com.corrodinggames.rts.gameFramework.b.s,semantic-hit,com/corrodinggames/rts/gameFramework/opengl/UniformLocation.java
com.corrodinggames.rts.gameFramework.b.t,semantic-hit,com/corrodinggames/rts/gameFramework/opengl/GLTextureGenerator.java
com.corrodinggames.rts.gameFramework.b.u,semantic-hit,com/corrodinggames/rts/gameFramework/opengl/TextureIdProvider.java
com.corrodinggames.rts.gameFramework.b.v,semantic-hit,com/corrodinggames/rts/gameFramework/opengl/LineStyle.java
com.corrodinggames.rts.gameFramework.b.w,semantic-hit,com/corrodinggames/rts/gameFramework/opengl/IntStack.java
com.corrodinggames.rts.gameFramework.b.x,obf-hit,com/corrodinggames/rts/gameFramework/opengl/x.java
com.corrodinggames.rts.gameFramework.b.y,semantic-hit,com/corrodinggames/rts/gameFramework/opengl/DrawBatch.java
com.corrodinggames.rts.gameFramework.b.z,semantic-hit,com/corrodinggames/rts/gameFramework/opengl/ShaderLayout.java
com.corrodinggames.rts.gameFramework.ba,semantic-hit,com/corrodinggames/rts/gameFramework/ReplayEngine.java
com.corrodinggames.rts.gameFramework.bb,semantic-hit,com/corrodinggames/rts/gameFramework/BackgroundWriter.java
com.corrodinggames.rts.gameFramework.bc,semantic-hit,com/corrodinggames/rts/gameFramework/GameEvent.java
com.corrodinggames.rts.gameFramework.bd,semantic-hit,com/corrodinggames/rts/gameFramework/DataBlock.java
com.corrodinggames.rts.gameFramework.be,semantic-hit,com/corrodinggames/rts/gameFramework/SaveFileHandler.java
com.corrodinggames.rts.gameFramework.bf,semantic-hit,com/corrodinggames/rts/gameFramework/UnitGroup.java
com.corrodinggames.rts.gameFramework.bg,semantic-hit,com/corrodinggames/rts/gameFramework/StatsManager.java
com.corrodinggames.rts.gameFramework.bh,semantic-hit,com/corrodinggames/rts/gameFramework/StatsSample.java
com.corrodinggames.rts.gameFramework.bi,semantic-hit,com/corrodinggames/rts/gameFramework/StatsTimeline.java
com.corrodinggames.rts.gameFramework.bj,semantic-hit,com/corrodinggames/rts/gameFramework/StatsCategory.java
com.corrodinggames.rts.gameFramework.bk,semantic-hit,com/corrodinggames/rts/gameFramework/StatsCallback.java
com.corrodinggames.rts.gameFramework.bl,semantic-hit,com/corrodinggames/rts/gameFramework/PeriodicTimer.java
com.corrodinggames.rts.gameFramework.bm,semantic-hit,com/corrodinggames/rts/gameFramework/GameTimerTask.java
com.corrodinggames.rts.gameFramework.bn,semantic-hit,com/corrodinggames/rts/gameFramework/StatsHistory.java
com.corrodinggames.rts.gameFramework.bo,semantic-hit,com/corrodinggames/rts/gameFramework/StatsRecord.java
com.corrodinggames.rts.gameFramework.bp,semantic-hit,com/corrodinggames/rts/gameFramework/Attachment.java
com.corrodinggames.rts.gameFramework.bq,semantic-hit,com/corrodinggames/rts/gameFramework/BaseGameObject.java
com.corrodinggames.rts.gameFramework.br,semantic-hit,com/corrodinggames/rts/gameFramework/ExtraManager.java
com.corrodinggames.rts.gameFramework.br$1,semantic-hit,com/corrodinggames/rts/gameFramework/ExtraManager$1.java
com.corrodinggames.rts.gameFramework.bs,semantic-hit,com/corrodinggames/rts/gameFramework/GamePhase.java
com.corrodinggames.rts.gameFramework.bs$1,inner-via-semantic,com/corrodinggames/rts/gameFramework/GamePhase.java
com.corrodinggames.rts.gameFramework.bs$2,inner-via-semantic,com/corrodinggames/rts/gameFramework/GamePhase.java
com.corrodinggames.rts.gameFramework.bs$3,inner-via-semantic,com/corrodinggames/rts/gameFramework/GamePhase.java
com.corrodinggames.rts.gameFramework.bs$4,inner-via-semantic,com/corrodinggames/rts/gameFramework/GamePhase.java
com.corrodinggames.rts.gameFramework.bt,semantic-hit,com/corrodinggames/rts/gameFramework/PerformanceTimer.java
com.corrodinggames.rts.gameFramework.bu,semantic-hit,com/corrodinggames/rts/gameFramework/FrameCounter.java
com.corrodinggames.rts.gameFramework.c,semantic-hit,com/corrodinggames/rts/gameFramework/CommandController.java
com.corrodinggames.rts.gameFramework.c.a,semantic-hit,com/corrodinggames/rts/gameFramework/commands/DebugServer.java
com.corrodinggames.rts.gameFramework.c.b,semantic-hit,com/corrodinggames/rts/gameFramework/commands/DebugSession.java
com.corrodinggames.rts.gameFramework.c.c,semantic-hit,com/corrodinggames/rts/gameFramework/commands/DebugMonitorTask.java
com.corrodinggames.rts.gameFramework.d,semantic-hit,com/corrodinggames/rts/gameFramework/CommandPathPart.java
com.corrodinggames.rts.gameFramework.d.a,semantic-hit,com/corrodinggames/rts/gameFramework/effects/GameHUD.java
com.corrodinggames.rts.gameFramework.d.b,semantic-hit,com/corrodinggames/rts/gameFramework/effects/CloudRenderer.java
com.corrodinggames.rts.gameFramework.d.c,semantic-hit,com/corrodinggames/rts/gameFramework/effects/HUDManager.java
com.corrodinggames.rts.gameFramework.d.d,obf-hit,com/corrodinggames/rts/game/units/commands/slots/d.java
com.corrodinggames.rts.gameFramework.d.e,semantic-hit,com/corrodinggames/rts/gameFramework/effects/HUDElement.java
com.corrodinggames.rts.gameFramework.d.f,semantic-hit,com/corrodinggames/rts/gameFramework/effects/DrawEffect.java
com.corrodinggames.rts.gameFramework.d.g,semantic-hit,com/corrodinggames/rts/gameFramework/effects/HUDElementRenderer.java
com.corrodinggames.rts.gameFramework.d.h,semantic-hit,com/corrodinggames/rts/gameFramework/effects/DrawLayer.java
com.corrodinggames.rts.gameFramework.e,semantic-hit,com/corrodinggames/rts/gameFramework/Command.java
com.corrodinggames.rts.gameFramework.e.a,semantic-hit,com/corrodinggames/rts/gameFramework/filesystem/FileLoader.java
com.corrodinggames.rts.gameFramework.e.b,semantic-hit,com/corrodinggames/rts/gameFramework/filesystem/FileAccessFlags.java
com.corrodinggames.rts.gameFramework.e.c,semantic-hit,com/corrodinggames/rts/gameFramework/filesystem/StorageBackend.java
com.corrodinggames.rts.gameFramework.e.d,semantic-hit,com/corrodinggames/rts/gameFramework/filesystem/PathStorage.java
com.corrodinggames.rts.gameFramework.e.e,semantic-hit,com/corrodinggames/rts/gameFramework/filesystem/DualStorage.java
com.corrodinggames.rts.gameFramework.e.f,semantic-hit,com/corrodinggames/rts/gameFramework/filesystem/NullStorage.java
com.corrodinggames.rts.gameFramework.e.g,semantic-hit,com/corrodinggames/rts/gameFramework/filesystem/FilePathSanitizer.java
com.corrodinggames.rts.gameFramework.e.h,semantic-hit,com/corrodinggames/rts/gameFramework/filesystem/InputStreamHolder.java
com.corrodinggames.rts.gameFramework.f,semantic-hit,com/corrodinggames/rts/gameFramework/GameUtils.java
com.corrodinggames.rts.gameFramework.f$a,semantic-inner,com/corrodinggames/rts/gameFramework/GameUtils$a.java
com.corrodinggames.rts.gameFramework.f.a,semantic-hit,com/corrodinggames/rts/gameFramework/ui/ActionPanel.java
com.corrodinggames.rts.gameFramework.f.a.a,semantic-hit,com/corrodinggames/rts/gameFramework/ui/panels/UIElementBase.java
com.corrodinggames.rts.gameFramework.f.a.b,obf-hit,com/corrodinggames/rts/game/units/custom/actions/b.java
com.corrodinggames.rts.gameFramework.f.a.c,obf-hit,com/corrodinggames/rts/game/units/custom/actions/c.java
com.corrodinggames.rts.gameFramework.f.a.d,obf-hit,com/corrodinggames/rts/game/units/commands/slots/d.java
com.corrodinggames.rts.gameFramework.f.a.e,obf-hit,com/corrodinggames/librocket/e.java
com.corrodinggames.rts.gameFramework.f.a.f,obf-hit,com/corrodinggames/rts/game/units/commands/slots/f.java
com.corrodinggames.rts.gameFramework.f.a.f$1,obf-inner,com/corrodinggames/rts/game/units/custom/anim/f$1.java
com.corrodinggames.rts.gameFramework.f.a.g,obf-hit,com/corrodinggames/rts/game/units/commands/slots/g.java
com.corrodinggames.rts.gameFramework.f.a.h,semantic-hit,com/corrodinggames/rts/gameFramework/ui/panels/ChatPanel.java
com.corrodinggames.rts.gameFramework.f.a.i,obf-hit,com/corrodinggames/rts/game/units/custom/actions/base/i.java
com.corrodinggames.rts.gameFramework.f.a.j,semantic-hit,com/corrodinggames/rts/gameFramework/ui/panels/LeaderboardPanel.java
com.corrodinggames.rts.gameFramework.f.a.k,semantic-hit,com/corrodinggames/rts/gameFramework/ui/ActionPanel.java
com.corrodinggames.rts.gameFramework.f.a.l,semantic-hit,com/corrodinggames/rts/gameFramework/ui/UnitInfoPanel.java
com.corrodinggames.rts.gameFramework.f.a.m,obf-hit,com/corrodinggames/rts/gameFramework/ui/panels/m.java
com.corrodinggames.rts.gameFramework.f.a.n,semantic-hit,com/corrodinggames/rts/gameFramework/ui/panels/MinimapPanel.java
com.corrodinggames.rts.gameFramework.f.aa,semantic-hit,com/corrodinggames/rts/gameFramework/ui/LineGraphStyle.java
com.corrodinggames.rts.gameFramework.f.ab,semantic-hit,com/corrodinggames/rts/gameFramework/ui/StatsGraph.java
com.corrodinggames.rts.gameFramework.f.ac,obf-hit,com/corrodinggames/rts/game/units/custom/ac.java
com.corrodinggames.rts.gameFramework.f.ad,semantic-hit,com/corrodinggames/rts/gameFramework/ui/IntArray.java
com.corrodinggames.rts.gameFramework.f.ae,semantic-hit,com/corrodinggames/rts/gameFramework/ui/ThemeColors.java
com.corrodinggames.rts.gameFramework.f.af,obf-hit,com/corrodinggames/rts/game/units/custom/af.java
com.corrodinggames.rts.gameFramework.f.ag,semantic-hit,com/corrodinggames/rts/gameFramework/ui/ThemePaint.java
com.corrodinggames.rts.gameFramework.f.ah,semantic-hit,com/corrodinggames/rts/gameFramework/ui/ThemeColorEntry.java
com.corrodinggames.rts.gameFramework.f.ai,semantic-hit,com/corrodinggames/rts/gameFramework/ui/ThemeFontEntry.java
com.corrodinggames.rts.gameFramework.f.aj,semantic-hit,com/corrodinggames/rts/gameFramework/ui/UnitInfoPanel.java
com.corrodinggames.rts.gameFramework.f.ak,obf-hit,com/corrodinggames/rts/game/units/custom/ak.java
com.corrodinggames.rts.gameFramework.f.al,semantic-hit,com/corrodinggames/rts/gameFramework/ui/UnitRenderer.java
com.corrodinggames.rts.gameFramework.f.al$1,semantic-hit,com/corrodinggames/rts/gameFramework/ui/UnitRenderer$1.java
com.corrodinggames.rts.gameFramework.f.al$2,semantic-hit,com/corrodinggames/rts/gameFramework/ui/UnitRenderer$2.java
com.corrodinggames.rts.gameFramework.f.al$3,semantic-hit,com/corrodinggames/rts/gameFramework/ui/UnitRenderer$3.java
com.corrodinggames.rts.gameFramework.f.al$4,semantic-hit,com/corrodinggames/rts/gameFramework/ui/UnitRenderer$4.java
com.corrodinggames.rts.gameFramework.f.al$5,semantic-hit,com/corrodinggames/rts/gameFramework/ui/UnitRenderer$5.java
com.corrodinggames.rts.gameFramework.f.al$6,semantic-hit,com/corrodinggames/rts/gameFramework/ui/UnitRenderer$6.java
com.corrodinggames.rts.gameFramework.f.am,semantic-hit,com/corrodinggames/rts/gameFramework/ui/SelectionGroup.java
com.corrodinggames.rts.gameFramework.f.an,semantic-hit,com/corrodinggames/rts/gameFramework/ui/UnitStateTracker.java
com.corrodinggames.rts.gameFramework.f.ao,obf-hit,com/corrodinggames/rts/game/units/custom/ao.java
com.corrodinggames.rts.gameFramework.f.ap,semantic-hit,com/corrodinggames/rts/gameFramework/ui/WaypointManager.java
com.corrodinggames.rts.gameFramework.f.aq,obf-hit,com/corrodinggames/rts/game/units/custom/aq.java
com.corrodinggames.rts.gameFramework.f.ar,semantic-hit,com/corrodinggames/rts/gameFramework/ui/BuildWaypoint.java
com.corrodinggames.rts.gameFramework.f.as,semantic-hit,com/corrodinggames/rts/gameFramework/ui/AttackWaypoint.java
com.corrodinggames.rts.gameFramework.f.at,semantic-hit,com/corrodinggames/rts/gameFramework/ui/UpgradeWaypoint.java
com.corrodinggames.rts.gameFramework.f.au,semantic-hit,com/corrodinggames/rts/gameFramework/ui/Waypoint.java
com.corrodinggames.rts.gameFramework.f.b,semantic-hit,com/corrodinggames/rts/gameFramework/ui/HUDOverlay.java
com.corrodinggames.rts.gameFramework.f.c,semantic-hit,com/corrodinggames/rts/gameFramework/ui/ActionCooldown.java
com.corrodinggames.rts.gameFramework.f.d,semantic-hit,com/corrodinggames/rts/gameFramework/ui/TextFormatter.java
com.corrodinggames.rts.gameFramework.f.e,semantic-hit,com/corrodinggames/rts/gameFramework/ui/GameResult.java
com.corrodinggames.rts.gameFramework.f.f,semantic-hit,com/corrodinggames/rts/gameFramework/ui/RateGameDialog.java
com.corrodinggames.rts.gameFramework.f.f$1,semantic-hit,com/corrodinggames/rts/gameFramework/ui/RateGameDialog$1.java
com.corrodinggames.rts.gameFramework.f.f$2,semantic-hit,com/corrodinggames/rts/gameFramework/ui/RateGameDialog$2.java
com.corrodinggames.rts.gameFramework.f.g,semantic-hit,com/corrodinggames/rts/gameFramework/ui/InGameUI.java
com.corrodinggames.rts.gameFramework.f.h,obf-hit,com/corrodinggames/rts/game/units/commands/slots/h.java
com.corrodinggames.rts.gameFramework.f.i,semantic-hit,com/corrodinggames/rts/gameFramework/ui/CameraMode.java
com.corrodinggames.rts.gameFramework.f.j,semantic-hit,com/corrodinggames/rts/gameFramework/ui/ScreenUtils.java
com.corrodinggames.rts.gameFramework.f.k,semantic-hit,com/corrodinggames/rts/gameFramework/ui/ResourceDisplay.java
com.corrodinggames.rts.gameFramework.f.l,semantic-hit,com/corrodinggames/rts/gameFramework/ui/ScoreEntry.java
com.corrodinggames.rts.gameFramework.f.m,semantic-hit,com/corrodinggames/rts/gameFramework/ui/MessagePanel.java
com.corrodinggames.rts.gameFramework.f.n,semantic-hit,com/corrodinggames/rts/gameFramework/ui/Notification.java
com.corrodinggames.rts.gameFramework.f.o,semantic-hit,com/corrodinggames/rts/gameFramework/ui/Minimap.java
com.corrodinggames.rts.gameFramework.f.o$1,semantic-hit,com/corrodinggames/rts/gameFramework/ui/Minimap$1.java
com.corrodinggames.rts.gameFramework.f.p,semantic-hit,com/corrodinggames/rts/gameFramework/ui/MinimapConfig.java
com.corrodinggames.rts.gameFramework.f.q,semantic-hit,com/corrodinggames/rts/gameFramework/ui/MinimapMarker.java
com.corrodinggames.rts.gameFramework.f.r,semantic-hit,com/corrodinggames/rts/gameFramework/ui/MinimapMode.java
com.corrodinggames.rts.gameFramework.f.s,semantic-hit,com/corrodinggames/rts/gameFramework/ui/LineBuffer.java
com.corrodinggames.rts.gameFramework.f.t,semantic-hit,com/corrodinggames/rts/gameFramework/ui/MinimapTile.java
com.corrodinggames.rts.gameFramework.f.u,semantic-hit,com/corrodinggames/rts/gameFramework/ui/MinimapUnit.java
com.corrodinggames.rts.gameFramework.f.v,semantic-hit,com/corrodinggames/rts/gameFramework/ui/GameMenu.java
com.corrodinggames.rts.gameFramework.f.w,semantic-hit,com/corrodinggames/rts/gameFramework/ui/MenuItemImpl.java
com.corrodinggames.rts.gameFramework.f.x,semantic-hit,com/corrodinggames/rts/gameFramework/ui/BridgeUnit.java
com.corrodinggames.rts.gameFramework.f.y,semantic-hit,com/corrodinggames/rts/gameFramework/ui/StatsPanel.java
com.corrodinggames.rts.gameFramework.f.z,obf-hit,com/corrodinggames/rts/gameFramework/ui/z.java
com.corrodinggames.rts.gameFramework.g,obf-hit,com/corrodinggames/rts/game/units/commands/slots/g.java
com.corrodinggames.rts.gameFramework.g.a,semantic-hit,com/corrodinggames/rts/gameFramework/audio/DataFieldCollector.java
com.corrodinggames.rts.gameFramework.g.a$1,semantic-hit,com/corrodinggames/rts/gameFramework/audio/DataFieldCollector$1.java
com.corrodinggames.rts.gameFramework.g.b,semantic-hit,com/corrodinggames/rts/gameFramework/audio/DataField.java
com.corrodinggames.rts.gameFramework.g.c,semantic-hit,com/corrodinggames/rts/gameFramework/audio/DataFieldInt.java
com.corrodinggames.rts.gameFramework.g.d,semantic-hit,com/corrodinggames/rts/gameFramework/audio/DataFieldFloat.java
com.corrodinggames.rts.gameFramework.g.e,semantic-hit,com/corrodinggames/rts/gameFramework/audio/DataFieldLong.java
com.corrodinggames.rts.gameFramework.g.f,semantic-hit,com/corrodinggames/rts/gameFramework/audio/DataFieldProvider.java
com.corrodinggames.rts.gameFramework.h,semantic-hit,com/corrodinggames/rts/gameFramework/OSEnum.java
com.corrodinggames.rts.gameFramework.h.a,semantic-hit,com/corrodinggames/rts/gameFramework/steam/Localization.java
com.corrodinggames.rts.gameFramework.h.b,semantic-hit,com/corrodinggames/rts/gameFramework/steam/MultiResourceBundle.java
com.corrodinggames.rts.gameFramework.i,semantic-hit,com/corrodinggames/rts/gameFramework/CrashHandler.java
com.corrodinggames.rts.gameFramework.i.a,semantic-hit,com/corrodinggames/rts/gameFramework/mods/VersionChecker.java
com.corrodinggames.rts.gameFramework.i.b,semantic-hit,com/corrodinggames/rts/gameFramework/mods/ModInfo.java
com.corrodinggames.rts.gameFramework.i.c,semantic-hit,com/corrodinggames/rts/gameFramework/mods/ModLoadEntry.java
com.corrodinggames.rts.gameFramework.j,semantic-hit,com/corrodinggames/rts/gameFramework/FileWatcher.java
com.corrodinggames.rts.gameFramework.j.a,semantic-hit,com/corrodinggames/rts/gameFramework/network/ChatSystem.java
com.corrodinggames.rts.gameFramework.j.aa,semantic-hit,com/corrodinggames/rts/gameFramework/network/MasterServerUpdate.java
com.corrodinggames.rts.gameFramework.j.ab,semantic-hit,com/corrodinggames/rts/gameFramework/network/MasterServerClient.java
com.corrodinggames.rts.gameFramework.j.ac,semantic-hit,com/corrodinggames/rts/gameFramework/network/NetworkAuth.java
com.corrodinggames.rts.gameFramework.j.ad,semantic-hit,com/corrodinggames/rts/gameFramework/network/NetEngine.java
com.corrodinggames.rts.gameFramework.j.ad$1,semantic-hit,com/corrodinggames/rts/gameFramework/network/NetEngine$1.java
com.corrodinggames.rts.gameFramework.j.ad$2,semantic-hit,com/corrodinggames/rts/gameFramework/network/NetEngine$2.java
com.corrodinggames.rts.gameFramework.j.ad$3,semantic-hit,com/corrodinggames/rts/gameFramework/network/NetEngine$3.java
com.corrodinggames.rts.gameFramework.j.ad$4,semantic-hit,com/corrodinggames/rts/gameFramework/network/NetEngine$4.java
com.corrodinggames.rts.gameFramework.j.ad$5,semantic-hit,com/corrodinggames/rts/gameFramework/network/NetEngine$5.java
com.corrodinggames.rts.gameFramework.j.ad$5$1,semantic-hit,com/corrodinggames/rts/gameFramework/network/NetEngine$5$1.java
com.corrodinggames.rts.gameFramework.j.ad$6,semantic-hit,com/corrodinggames/rts/gameFramework/network/NetEngine$6.java
com.corrodinggames.rts.gameFramework.j.ad$7,semantic-hit,com/corrodinggames/rts/gameFramework/network/NetEngine$7.java
com.corrodinggames.rts.gameFramework.j.ad$8,semantic-hit,com/corrodinggames/rts/gameFramework/network/NetEngine$8.java
com.corrodinggames.rts.gameFramework.j.ae,semantic-hit,com/corrodinggames/rts/gameFramework/network/PasswordManager.java
com.corrodinggames.rts.gameFramework.j.af,semantic-hit,com/corrodinggames/rts/gameFramework/network/UDPBroadcastListener.java
com.corrodinggames.rts.gameFramework.j.af$1,semantic-hit,com/corrodinggames/rts/gameFramework/network/UDPBroadcastListener$1.java
com.corrodinggames.rts.gameFramework.j.ag,obf-hit,com/corrodinggames/rts/gameFramework/opengl/ag.java
com.corrodinggames.rts.gameFramework.j.ah,semantic-hit,com/corrodinggames/rts/gameFramework/network/MatchConfig.java
com.corrodinggames.rts.gameFramework.j.ai,semantic-hit,com/corrodinggames/rts/gameFramework/network/GameModeEnum.java
com.corrodinggames.rts.gameFramework.j.ai$1,inner-via-outer,com/corrodinggames/rts/game/units/custom/ai.java
com.corrodinggames.rts.gameFramework.j.ai$2,inner-via-outer,com/corrodinggames/rts/game/units/custom/ai.java
com.corrodinggames.rts.gameFramework.j.ai$3,inner-via-outer,com/corrodinggames/rts/game/units/custom/ai.java
com.corrodinggames.rts.gameFramework.j.aj,semantic-hit,com/corrodinggames/rts/gameFramework/network/ServerInfo.java
com.corrodinggames.rts.gameFramework.j.ak,semantic-hit,com/corrodinggames/rts/gameFramework/network/ChecksumCalculator.java
com.corrodinggames.rts.gameFramework.j.al,semantic-hit,com/corrodinggames/rts/gameFramework/network/ChecksumField.java
com.corrodinggames.rts.gameFramework.j.am,obf-hit,com/corrodinggames/rts/game/units/custom/am.java
com.corrodinggames.rts.gameFramework.j.an,semantic-hit,com/corrodinggames/rts/gameFramework/network/ServerConnector.java
com.corrodinggames.rts.gameFramework.j.ao,semantic-hit,com/corrodinggames/rts/gameFramework/network/ServerListener.java
com.corrodinggames.rts.gameFramework.j.ao$1,semantic-hit,com/corrodinggames/rts/gameFramework/network/ServerListener$1.java
com.corrodinggames.rts.gameFramework.j.ap,obf-hit,com/corrodinggames/rts/game/units/custom/ap.java
com.corrodinggames.rts.gameFramework.j.aq,semantic-hit,com/corrodinggames/rts/gameFramework/network/SecurityHasher.java
com.corrodinggames.rts.gameFramework.j.ar,semantic-hit,com/corrodinggames/rts/gameFramework/network/NetworkUtils.java
com.corrodinggames.rts.gameFramework.j.as,semantic-hit,com/corrodinggames/rts/gameFramework/network/OutputNetStream.java
com.corrodinggames.rts.gameFramework.j.at,semantic-hit,com/corrodinggames/rts/gameFramework/network/CompressedStream.java
com.corrodinggames.rts.gameFramework.j.au,semantic-hit,network/reliableudp/core/Packet.java
com.corrodinggames.rts.gameFramework.j.av,semantic-hit,com/corrodinggames/rts/gameFramework/network/KeepAliveTimer.java
com.corrodinggames.rts.gameFramework.j.aw,semantic-hit,com/corrodinggames/rts/gameFramework/network/ByteArrayPacketBuilder.java
com.corrodinggames.rts.gameFramework.j.ax,semantic-hit,com/corrodinggames/rts/gameFramework/network/TextStream.java
com.corrodinggames.rts.gameFramework.j.ay,obf-hit,com/corrodinggames/rts/game/units/custom/ay.java
com.corrodinggames.rts.gameFramework.j.b,semantic-hit,com/corrodinggames/rts/gameFramework/network/ChatMessage.java
com.corrodinggames.rts.gameFramework.j.c,semantic-hit,com/corrodinggames/rts/gameFramework/network/PlayerConnect.java
com.corrodinggames.rts.gameFramework.j.c$1,semantic-hit,com/corrodinggames/rts/gameFramework/network/PacketDecoder$1.java
com.corrodinggames.rts.gameFramework.j.d,semantic-hit,com/corrodinggames/rts/gameFramework/network/ReceiveWorker.java
com.corrodinggames.rts.gameFramework.j.e,semantic-hit,com/corrodinggames/rts/gameFramework/network/SendWorker.java
com.corrodinggames.rts.gameFramework.j.f,semantic-hit,com/corrodinggames/rts/gameFramework/network/DebugPacketBuilder.java
com.corrodinggames.rts.gameFramework.j.g,semantic-hit,com/corrodinggames/rts/gameFramework/network/GameServerInfo.java
com.corrodinggames.rts.gameFramework.j.h,semantic-hit,com/corrodinggames/rts/gameFramework/network/SteamSocket.java
com.corrodinggames.rts.gameFramework.j.i,semantic-hit,com/corrodinggames/rts/gameFramework/network/SteamInputStream.java
com.corrodinggames.rts.gameFramework.j.j,semantic-hit,com/corrodinggames/rts/gameFramework/network/SteamOutputStream.java
com.corrodinggames.rts.gameFramework.j.k,semantic-hit,com/corrodinggames/rts/gameFramework/network/InputNetStream.java
com.corrodinggames.rts.gameFramework.j.l,semantic-hit,com/corrodinggames/rts/gameFramework/network/InputNetStream.java
com.corrodinggames.rts.gameFramework.j.m,obf-hit,com/corrodinggames/rts/gameFramework/ui/panels/m.java
com.corrodinggames.rts.gameFramework.j.n,semantic-hit,com/corrodinggames/rts/gameFramework/network/WebAPIClient.java
com.corrodinggames.rts.gameFramework.j.n$1,semantic-hit,com/corrodinggames/rts/gameFramework/network/WebAPIClient$1.java
com.corrodinggames.rts.gameFramework.j.o,semantic-hit,com/corrodinggames/rts/gameFramework/network/RequestTimeout.java
com.corrodinggames.rts.gameFramework.j.p,semantic-hit,com/corrodinggames/rts/gameFramework/network/SelfInfoFetcher.java
com.corrodinggames.rts.gameFramework.j.q,semantic-hit,com/corrodinggames/rts/gameFramework/network/ServerListLoader.java
com.corrodinggames.rts.gameFramework.j.q$1,semantic-hit,com/corrodinggames/rts/gameFramework/network/ServerListLoader$1.java
com.corrodinggames.rts.gameFramework.j.r,semantic-hit,com/corrodinggames/rts/gameFramework/network/HttpClientPool.java
com.corrodinggames.rts.gameFramework.j.s,semantic-hit,com/corrodinggames/rts/gameFramework/network/PacketSerializer.java
com.corrodinggames.rts.gameFramework.j.t,obf-hit,com/corrodinggames/rts/gameFramework/rendering/t.java
com.corrodinggames.rts.gameFramework.j.u,semantic-hit,com/corrodinggames/rts/gameFramework/network/ServerListFetcher.java
com.corrodinggames.rts.gameFramework.j.v,semantic-hit,com/corrodinggames/rts/gameFramework/network/ErrorReporter.java
com.corrodinggames.rts.gameFramework.j.w,semantic-hit,com/corrodinggames/rts/gameFramework/network/ServerResult.java
com.corrodinggames.rts.gameFramework.j.x,semantic-hit,com/corrodinggames/rts/gameFramework/network/ServerStatus.java
com.corrodinggames.rts.gameFramework.j.y,semantic-hit,com/corrodinggames/rts/gameFramework/network/MasterServerCreate.java
com.corrodinggames.rts.gameFramework.j.z,semantic-hit,com/corrodinggames/rts/gameFramework/network/MasterServerRemove.java
com.corrodinggames.rts.gameFramework.k,semantic-hit,com/corrodinggames/rts/gameFramework/SleepThread.java
com.corrodinggames.rts.gameFramework.k.a,semantic-hit,com/corrodinggames/rts/game/units/UnitList.java
com.corrodinggames.rts.gameFramework.k.a$1,semantic-hit,com/corrodinggames/rts/gameFramework/pathfinding/UnitList$1.java
com.corrodinggames.rts.gameFramework.k.b,semantic-hit,com/corrodinggames/rts/gameFramework/pathfinding/UnitListIterator.java
com.corrodinggames.rts.gameFramework.k.c,semantic-hit,com/corrodinggames/rts/gameFramework/pathfinding/PathNode.java
com.corrodinggames.rts.gameFramework.k.d,semantic-hit,com/corrodinggames/rts/gameFramework/pathfinding/FastNodeQueue.java
com.corrodinggames.rts.gameFramework.k.e,semantic-hit,com/corrodinggames/rts/gameFramework/pathfinding/NodeQueue.java
com.corrodinggames.rts.gameFramework.k.f,semantic-hit,com/corrodinggames/rts/gameFramework/pathfinding/PathCostCalc.java
com.corrodinggames.rts.gameFramework.k.g,semantic-hit,com/corrodinggames/rts/gameFramework/pathfinding/TerrainCost.java
com.corrodinggames.rts.gameFramework.k.h,obf-hit,com/corrodinggames/rts/game/units/commands/slots/h.java
com.corrodinggames.rts.gameFramework.k.i,semantic-hit,com/corrodinggames/rts/gameFramework/pathfinding/PathSolver.java
com.corrodinggames.rts.gameFramework.k.j,semantic-hit,com/corrodinggames/rts/gameFramework/pathfinding/AStarSearch.java
com.corrodinggames.rts.gameFramework.k.k,semantic-hit,com/corrodinggames/rts/gameFramework/pathfinding/PathCostCalculator.java
com.corrodinggames.rts.gameFramework.k.l,semantic-hit,com/corrodinggames/rts/gameFramework/pathfinding/PathFinder.java
com.corrodinggames.rts.gameFramework.k.m,semantic-hit,com/corrodinggames/rts/gameFramework/pathfinding/NodePool.java
com.corrodinggames.rts.gameFramework.k.n,semantic-hit,com/corrodinggames/rts/gameFramework/pathfinding/AStarNode.java
com.corrodinggames.rts.gameFramework.k.o,semantic-hit,com/corrodinggames/rts/gameFramework/pathfinding/PathSolverRunner.java
com.corrodinggames.rts.gameFramework.k.p,semantic-hit,com/corrodinggames/rts/gameFramework/pathfinding/PathNode.java
com.corrodinggames.rts.gameFramework.l,semantic-hit,com/corrodinggames/rts/gameFramework/GlobalState.java
com.corrodinggames.rts.gameFramework.l$1,semantic-hit,com/corrodinggames/rts/gameFramework/GlobalState$1.java
com.corrodinggames.rts.gameFramework.l$2,semantic-hit,com/corrodinggames/rts/gameFramework/GlobalState$2.java
com.corrodinggames.rts.gameFramework.l$2$1,semantic-hit,com/corrodinggames/rts/gameFramework/GlobalState$2$1.java
com.corrodinggames.rts.gameFramework.l$2$2,semantic-hit,com/corrodinggames/rts/gameFramework/GlobalState$2$2.java
com.corrodinggames.rts.gameFramework.l$3,semantic-hit,com/corrodinggames/rts/gameFramework/GlobalState$3.java
com.corrodinggames.rts.gameFramework.l$4,semantic-hit,com/corrodinggames/rts/gameFramework/GlobalState$4.java
com.corrodinggames.rts.gameFramework.l.a,semantic-hit,com/corrodinggames/rts/gameFramework/core/PerformanceMonitor.java
com.corrodinggames.rts.gameFramework.l.b,semantic-hit,com/corrodinggames/rts/gameFramework/core/FilePickerCallback.java
com.corrodinggames.rts.gameFramework.l.c,semantic-hit,com/corrodinggames/rts/gameFramework/core/PlatformBackend.java
com.corrodinggames.rts.gameFramework.m,semantic-hit,com/corrodinggames/rts/gameFramework/WorldGenerator.java
com.corrodinggames.rts.gameFramework.m.a,semantic-hit,com/corrodinggames/rts/gameFramework/rendering/OpenGLRenderer.java
com.corrodinggames.rts.gameFramework.m.aa,semantic-hit,com/corrodinggames/rts/gameFramework/rendering/FontRenderer.java
com.corrodinggames.rts.gameFramework.m.ab,obf-hit,com/corrodinggames/rts/game/units/custom/ab.java
com.corrodinggames.rts.gameFramework.m.ac,semantic-hit,com/corrodinggames/rts/gameFramework/rendering/GL10Renderer.java
com.corrodinggames.rts.gameFramework.m.ad,semantic-hit,com/corrodinggames/rts/gameFramework/rendering/TextureProxy.java
com.corrodinggames.rts.gameFramework.m.ae,semantic-hit,com/corrodinggames/rts/gameFramework/rendering/Shader.java
com.corrodinggames.rts.gameFramework.m.af,semantic-hit,com/corrodinggames/rts/gameFramework/rendering/ShaderUniform.java
com.corrodinggames.rts.gameFramework.m.ag,semantic-hit,com/corrodinggames/rts/gameFramework/rendering/UniquePaint.java
com.corrodinggames.rts.gameFramework.m.b,semantic-hit,com/corrodinggames/rts/gameFramework/rendering/GLTextureRegion.java
com.corrodinggames.rts.gameFramework.m.c,obf-hit,com/corrodinggames/rts/game/units/custom/actions/c.java
com.corrodinggames.rts.gameFramework.m.d,obf-hit,com/corrodinggames/rts/game/units/commands/slots/d.java
com.corrodinggames.rts.gameFramework.m.e,semantic-hit,com/corrodinggames/rts/gameFramework/rendering/Texture.java
com.corrodinggames.rts.gameFramework.m.f,semantic-hit,com/corrodinggames/rts/gameFramework/Sprite.java
com.corrodinggames.rts.gameFramework.m.g,semantic-hit,com/corrodinggames/rts/gameFramework/rendering/TextureFrame.java
com.corrodinggames.rts.gameFramework.m.h,semantic-hit,com/corrodinggames/rts/gameFramework/rendering/TeamColorTexture.java
com.corrodinggames.rts.gameFramework.m.i,semantic-hit,com/corrodinggames/rts/gameFramework/rendering/FileShader.java
com.corrodinggames.rts.gameFramework.m.j,semantic-hit,com/corrodinggames/rts/gameFramework/rendering/CanvasRenderer.java
com.corrodinggames.rts.gameFramework.m.k,semantic-hit,com/corrodinggames/rts/gameFramework/rendering/BitmapDrawer.java
com.corrodinggames.rts.gameFramework.m.l,semantic-hit,com/corrodinggames/rts/gameFramework/rendering/Renderer.java
com.corrodinggames.rts.gameFramework.m.m,semantic-hit,com/corrodinggames/rts/gameFramework/rendering/DrawCommand.java
com.corrodinggames.rts.gameFramework.m.n,semantic-hit,com/corrodinggames/rts/gameFramework/rendering/NullRenderer.java
com.corrodinggames.rts.gameFramework.m.o,semantic-hit,com/corrodinggames/rts/gameFramework/rendering/DrawContext.java
com.corrodinggames.rts.gameFramework.m.o$1,semantic-hit,com/corrodinggames/rts/gameFramework/rendering/DrawContext$1.java
com.corrodinggames.rts.gameFramework.m.p,semantic-hit,com/corrodinggames/rts/game/units/custom/EffectConfig.java
com.corrodinggames.rts.gameFramework.m.p$1,semantic-hit,com/corrodinggames/rts/gameFramework/rendering/EffectConfig$1.java
com.corrodinggames.rts.gameFramework.m.p$10,semantic-hit,com/corrodinggames/rts/gameFramework/rendering/EffectConfig$10.java
com.corrodinggames.rts.gameFramework.m.p$11,semantic-hit,com/corrodinggames/rts/gameFramework/rendering/EffectConfig$11.java
com.corrodinggames.rts.gameFramework.m.p$12,semantic-hit,com/corrodinggames/rts/gameFramework/rendering/EffectConfig$12.java
com.corrodinggames.rts.gameFramework.m.p$13,semantic-hit,com/corrodinggames/rts/gameFramework/rendering/EffectConfig$13.java
com.corrodinggames.rts.gameFramework.m.p$14,semantic-hit,com/corrodinggames/rts/gameFramework/rendering/EffectConfig$14.java
com.corrodinggames.rts.gameFramework.m.p$15,semantic-hit,com/corrodinggames/rts/gameFramework/rendering/EffectConfig$15.java
com.corrodinggames.rts.gameFramework.m.p$16,semantic-hit,com/corrodinggames/rts/gameFramework/rendering/EffectConfig$16.java
com.corrodinggames.rts.gameFramework.m.p$17,semantic-hit,com/corrodinggames/rts/gameFramework/rendering/EffectConfig$17.java
com.corrodinggames.rts.gameFramework.m.p$18,semantic-hit,com/corrodinggames/rts/gameFramework/rendering/EffectConfig$18.java
com.corrodinggames.rts.gameFramework.m.p$19,semantic-hit,com/corrodinggames/rts/gameFramework/rendering/EffectConfig$19.java
com.corrodinggames.rts.gameFramework.m.p$2,semantic-hit,com/corrodinggames/rts/gameFramework/rendering/EffectConfig$2.java
com.corrodinggames.rts.gameFramework.m.p$20,semantic-hit,com/corrodinggames/rts/gameFramework/rendering/EffectConfig$20.java
com.corrodinggames.rts.gameFramework.m.p$21,semantic-hit,com/corrodinggames/rts/gameFramework/rendering/EffectConfig$21.java
com.corrodinggames.rts.gameFramework.m.p$22,semantic-hit,com/corrodinggames/rts/gameFramework/rendering/EffectConfig$22.java
com.corrodinggames.rts.gameFramework.m.p$23,semantic-hit,com/corrodinggames/rts/gameFramework/rendering/EffectConfig$23.java
com.corrodinggames.rts.gameFramework.m.p$24,semantic-hit,com/corrodinggames/rts/gameFramework/rendering/EffectConfig$24.java
com.corrodinggames.rts.gameFramework.m.p$25,semantic-hit,com/corrodinggames/rts/gameFramework/rendering/EffectConfig$25.java
com.corrodinggames.rts.gameFramework.m.p$26,semantic-hit,com/corrodinggames/rts/gameFramework/rendering/EffectConfig$26.java
com.corrodinggames.rts.gameFramework.m.p$27,semantic-hit,com/corrodinggames/rts/gameFramework/rendering/EffectConfig$27.java
com.corrodinggames.rts.gameFramework.m.p$28,semantic-hit,com/corrodinggames/rts/gameFramework/rendering/EffectConfig$28.java
com.corrodinggames.rts.gameFramework.m.p$29,semantic-hit,com/corrodinggames/rts/gameFramework/rendering/EffectConfig$29.java
com.corrodinggames.rts.gameFramework.m.p$3,semantic-hit,com/corrodinggames/rts/gameFramework/rendering/EffectConfig$3.java
com.corrodinggames.rts.gameFramework.m.p$30,semantic-hit,com/corrodinggames/rts/gameFramework/rendering/EffectConfig$30.java
com.corrodinggames.rts.gameFramework.m.p$31,semantic-hit,com/corrodinggames/rts/gameFramework/rendering/EffectConfig$31.java
com.corrodinggames.rts.gameFramework.m.p$32,semantic-hit,com/corrodinggames/rts/gameFramework/rendering/EffectConfig$32.java
com.corrodinggames.rts.gameFramework.m.p$33,semantic-hit,com/corrodinggames/rts/gameFramework/rendering/EffectConfig$33.java
com.corrodinggames.rts.gameFramework.m.p$34,semantic-hit,com/corrodinggames/rts/gameFramework/rendering/EffectConfig$34.java
com.corrodinggames.rts.gameFramework.m.p$35,semantic-hit,com/corrodinggames/rts/gameFramework/rendering/EffectConfig$35.java
com.corrodinggames.rts.gameFramework.m.p$36,semantic-hit,com/corrodinggames/rts/gameFramework/rendering/EffectConfig$36.java
com.corrodinggames.rts.gameFramework.m.p$37,semantic-hit,com/corrodinggames/rts/gameFramework/rendering/EffectConfig$37.java
com.corrodinggames.rts.gameFramework.m.p$38,semantic-hit,com/corrodinggames/rts/gameFramework/rendering/EffectConfig$38.java
com.corrodinggames.rts.gameFramework.m.p$39,semantic-hit,com/corrodinggames/rts/gameFramework/rendering/EffectConfig$39.java
com.corrodinggames.rts.gameFramework.m.p$4,semantic-hit,com/corrodinggames/rts/gameFramework/rendering/EffectConfig$4.java
com.corrodinggames.rts.gameFramework.m.p$40,semantic-hit,com/corrodinggames/rts/gameFramework/rendering/EffectConfig$40.java
com.corrodinggames.rts.gameFramework.m.p$41,semantic-hit,com/corrodinggames/rts/gameFramework/rendering/EffectConfig$41.java
com.corrodinggames.rts.gameFramework.m.p$42,semantic-hit,com/corrodinggames/rts/gameFramework/rendering/EffectConfig$42.java
com.corrodinggames.rts.gameFramework.m.p$43,semantic-hit,com/corrodinggames/rts/gameFramework/rendering/EffectConfig$43.java
com.corrodinggames.rts.gameFramework.m.p$44,semantic-hit,com/corrodinggames/rts/gameFramework/rendering/EffectConfig$44.java
com.corrodinggames.rts.gameFramework.m.p$45,semantic-hit,com/corrodinggames/rts/gameFramework/rendering/EffectConfig$45.java
com.corrodinggames.rts.gameFramework.m.p$46,semantic-hit,com/corrodinggames/rts/gameFramework/rendering/EffectConfig$46.java
com.corrodinggames.rts.gameFramework.m.p$47,semantic-hit,com/corrodinggames/rts/gameFramework/rendering/EffectConfig$47.java
com.corrodinggames.rts.gameFramework.m.p$48,semantic-hit,com/corrodinggames/rts/gameFramework/rendering/EffectConfig$48.java
com.corrodinggames.rts.gameFramework.m.p$49,semantic-hit,com/corrodinggames/rts/gameFramework/rendering/EffectConfig$49.java
com.corrodinggames.rts.gameFramework.m.p$5,semantic-hit,com/corrodinggames/rts/gameFramework/rendering/EffectConfig$5.java
com.corrodinggames.rts.gameFramework.m.p$50,semantic-hit,com/corrodinggames/rts/gameFramework/rendering/EffectConfig$50.java
com.corrodinggames.rts.gameFramework.m.p$51,semantic-hit,com/corrodinggames/rts/gameFramework/rendering/EffectConfig$51.java
com.corrodinggames.rts.gameFramework.m.p$52,semantic-hit,com/corrodinggames/rts/gameFramework/rendering/EffectConfig$52.java
com.corrodinggames.rts.gameFramework.m.p$53,semantic-hit,com/corrodinggames/rts/gameFramework/rendering/EffectConfig$53.java
com.corrodinggames.rts.gameFramework.m.p$54,semantic-hit,com/corrodinggames/rts/gameFramework/rendering/EffectConfig$54.java
com.corrodinggames.rts.gameFramework.m.p$55,semantic-hit,com/corrodinggames/rts/gameFramework/rendering/EffectConfig$55.java
com.corrodinggames.rts.gameFramework.m.p$56,semantic-hit,com/corrodinggames/rts/gameFramework/rendering/EffectConfig$56.java
com.corrodinggames.rts.gameFramework.m.p$57,semantic-hit,com/corrodinggames/rts/gameFramework/rendering/EffectConfig$57.java
com.corrodinggames.rts.gameFramework.m.p$58,semantic-hit,com/corrodinggames/rts/gameFramework/rendering/EffectConfig$58.java
com.corrodinggames.rts.gameFramework.m.p$59,semantic-hit,com/corrodinggames/rts/gameFramework/rendering/EffectConfig$59.java
com.corrodinggames.rts.gameFramework.m.p$6,semantic-hit,com/corrodinggames/rts/gameFramework/rendering/EffectConfig$6.java
com.corrodinggames.rts.gameFramework.m.p$60,semantic-hit,com/corrodinggames/rts/gameFramework/rendering/EffectConfig$60.java
com.corrodinggames.rts.gameFramework.m.p$61,semantic-hit,com/corrodinggames/rts/gameFramework/rendering/EffectConfig$61.java
com.corrodinggames.rts.gameFramework.m.p$62,semantic-hit,com/corrodinggames/rts/gameFramework/rendering/EffectConfig$62.java
com.corrodinggames.rts.gameFramework.m.p$63,semantic-hit,com/corrodinggames/rts/gameFramework/rendering/EffectConfig$63.java
com.corrodinggames.rts.gameFramework.m.p$64,semantic-hit,com/corrodinggames/rts/gameFramework/rendering/EffectConfig$64.java
com.corrodinggames.rts.gameFramework.m.p$65,semantic-hit,com/corrodinggames/rts/gameFramework/rendering/EffectConfig$65.java
com.corrodinggames.rts.gameFramework.m.p$66,semantic-hit,com/corrodinggames/rts/gameFramework/rendering/EffectConfig$66.java
com.corrodinggames.rts.gameFramework.m.p$67,semantic-hit,com/corrodinggames/rts/gameFramework/rendering/EffectConfig$67.java
com.corrodinggames.rts.gameFramework.m.p$68,semantic-hit,com/corrodinggames/rts/gameFramework/rendering/EffectConfig$68.java
com.corrodinggames.rts.gameFramework.m.p$69,semantic-hit,com/corrodinggames/rts/gameFramework/rendering/EffectConfig$69.java
com.corrodinggames.rts.gameFramework.m.p$7,semantic-hit,com/corrodinggames/rts/gameFramework/rendering/EffectConfig$7.java
com.corrodinggames.rts.gameFramework.m.p$70,semantic-hit,com/corrodinggames/rts/gameFramework/rendering/EffectConfig$70.java
com.corrodinggames.rts.gameFramework.m.p$71,semantic-hit,com/corrodinggames/rts/gameFramework/rendering/EffectConfig$71.java
com.corrodinggames.rts.gameFramework.m.p$72,semantic-hit,com/corrodinggames/rts/gameFramework/rendering/EffectConfig$72.java
com.corrodinggames.rts.gameFramework.m.p$8,semantic-hit,com/corrodinggames/rts/gameFramework/rendering/EffectConfig$8.java
com.corrodinggames.rts.gameFramework.m.p$9,semantic-hit,com/corrodinggames/rts/gameFramework/rendering/EffectConfig$9.java
com.corrodinggames.rts.gameFramework.m.q,semantic-hit,com/corrodinggames/rts/gameFramework/rendering/ObjectPool.java
com.corrodinggames.rts.gameFramework.m.r,obf-hit,com/corrodinggames/rts/r.java
com.corrodinggames.rts.gameFramework.m.s,obf-hit,com/corrodinggames/rts/appFramework/s.java
com.corrodinggames.rts.gameFramework.m.t,obf-hit,com/corrodinggames/rts/gameFramework/rendering/t.java
com.corrodinggames.rts.gameFramework.m.u,semantic-hit,com/corrodinggames/rts/gameFramework/rendering/RenderBatch.java
com.corrodinggames.rts.gameFramework.m.v,semantic-hit,com/corrodinggames/rts/gameFramework/rendering/CustomColorFilter.java
com.corrodinggames.rts.gameFramework.m.w,obf-hit,com/corrodinggames/rts/gameFramework/rendering/w.java
com.corrodinggames.rts.gameFramework.m.x,semantic-hit,com/corrodinggames/rts/gameFramework/rendering/TextureManager.java
com.corrodinggames.rts.gameFramework.m.y,semantic-hit,com/corrodinggames/rts/gameFramework/rendering/TextureManagerInterface.java
com.corrodinggames.rts.gameFramework.m.z,semantic-hit,com/corrodinggames/rts/gameFramework/rendering/NullSpriteBatchBackend.java
com.corrodinggames.rts.gameFramework.n,semantic-hit,com/corrodinggames/rts/gameFramework/GameState.java
com.corrodinggames.rts.gameFramework.n.a,semantic-hit,com/corrodinggames/rts/gameFramework/aicore/AITask.java
com.corrodinggames.rts.gameFramework.n.a.a,semantic-hit,com/corrodinggames/rts/gameFramework/aicore/TaskCondition.java
com.corrodinggames.rts.gameFramework.n.a.b,semantic-hit,com/corrodinggames/rts/gameFramework/aicore/TeamTagDetect.java
com.corrodinggames.rts.gameFramework.n.a.c,semantic-hit,com/corrodinggames/rts/gameFramework/aicore/UnitCountCondition.java
com.corrodinggames.rts.gameFramework.n.b,semantic-hit,com/corrodinggames/rts/gameFramework/aicore/AITaskQueue.java
com.corrodinggames.rts.gameFramework.n.c,semantic-hit,com/corrodinggames/rts/gameFramework/aicore/MissionParser.java
com.corrodinggames.rts.gameFramework.n.d,semantic-hit,com/corrodinggames/rts/gameFramework/aicore/MissionExecutor.java
com.corrodinggames.rts.gameFramework.n.e,semantic-hit,com/corrodinggames/rts/gameFramework/aicore/MissionEvent.java
com.corrodinggames.rts.gameFramework.n.e$1,inner-via-outer,com/corrodinggames/librocket/e.java
com.corrodinggames.rts.gameFramework.n.e$10,inner-via-outer,com/corrodinggames/librocket/e.java
com.corrodinggames.rts.gameFramework.n.e$11,inner-via-outer,com/corrodinggames/librocket/e.java
com.corrodinggames.rts.gameFramework.n.e$2,inner-via-outer,com/corrodinggames/librocket/e.java
com.corrodinggames.rts.gameFramework.n.e$3,inner-via-outer,com/corrodinggames/librocket/e.java
com.corrodinggames.rts.gameFramework.n.e$4,inner-via-outer,com/corrodinggames/librocket/e.java
com.corrodinggames.rts.gameFramework.n.e$5,inner-via-outer,com/corrodinggames/librocket/e.java
com.corrodinggames.rts.gameFramework.n.e$6,inner-via-outer,com/corrodinggames/librocket/e.java
com.corrodinggames.rts.gameFramework.n.e$7,inner-via-outer,com/corrodinggames/librocket/e.java
com.corrodinggames.rts.gameFramework.n.e$8,inner-via-outer,com/corrodinggames/librocket/e.java
com.corrodinggames.rts.gameFramework.n.e$9,inner-via-outer,com/corrodinggames/librocket/e.java
com.corrodinggames.rts.gameFramework.n.f,semantic-hit,com/corrodinggames/rts/gameFramework/aicore/AIWaveSystem.java
com.corrodinggames.rts.gameFramework.n.g,semantic-hit,com/corrodinggames/rts/gameFramework/aicore/AIWaveParser.java
com.corrodinggames.rts.gameFramework.n.h,semantic-hit,com/corrodinggames/rts/gameFramework/aicore/AIDifficulty.java
com.corrodinggames.rts.gameFramework.n.i,semantic-hit,com/corrodinggames/rts/gameFramework/aicore/AISpawnList.java
com.corrodinggames.rts.gameFramework.n.j,semantic-hit,com/corrodinggames/rts/gameFramework/aicore/SpawnEntry.java
com.corrodinggames.rts.gameFramework.n.k,semantic-hit,com/corrodinggames/rts/gameFramework/aicore/SpawnWeight.java
com.corrodinggames.rts.gameFramework.n.l,semantic-hit,com/corrodinggames/rts/gameFramework/aicore/TargetFilter.java
com.corrodinggames.rts.gameFramework.n.m,semantic-hit,com/corrodinggames/rts/gameFramework/aicore/TaskStatus.java
com.corrodinggames.rts.gameFramework.o,semantic-hit,com/corrodinggames/rts/gameFramework/KeyCodeMapper.java
com.corrodinggames.rts.gameFramework.o.a,semantic-hit,com/corrodinggames/rts/gameFramework/steamworks/SteamEngine.java
com.corrodinggames.rts.gameFramework.p,semantic-hit,com/corrodinggames/rts/gameFramework/AssetLoader.java
com.corrodinggames.rts.gameFramework.q,semantic-hit,com/corrodinggames/rts/gameFramework/GameTimerScheduler.java
com.corrodinggames.rts.gameFramework.r,semantic-hit,com/corrodinggames/rts/gameFramework/VersionInfo.java
com.corrodinggames.rts.gameFramework.s,obf-hit,com/corrodinggames/rts/appFramework/s.java
com.corrodinggames.rts.gameFramework.t,semantic-hit,com/corrodinggames/rts/gameFramework/ThreadPool.java
com.corrodinggames.rts.gameFramework.u,semantic-hit,com/corrodinggames/rts/gameFramework/ResourceDomainEnum.java
com.corrodinggames.rts.gameFramework.utility.SlickToAndroidKeycodes,obf-hit,com/corrodinggames/rts/gameFramework/utility/SlickToAndroidKeycodes.java
com.corrodinggames.rts.gameFramework.utility.SlickToAndroidKeycodes$AndroidCodes,obf-inner,com/corrodinggames/rts/gameFramework/utility/SlickToAndroidKeycodes$AndroidCodes.java
com.corrodinggames.rts.gameFramework.utility.SlickToAndroidKeycodes$GdxCodes,obf-inner,com/corrodinggames/rts/gameFramework/utility/SlickToAndroidKeycodes$GdxCodes.java
com.corrodinggames.rts.gameFramework.utility.SlickToAndroidKeycodes$LibrocketKeys,obf-inner,com/corrodinggames/rts/gameFramework/utility/SlickToAndroidKeycodes$LibrocketKeys.java
com.corrodinggames.rts.gameFramework.utility.SlickToAndroidKeycodes$MissingKey,obf-inner,com/corrodinggames/rts/gameFramework/utility/SlickToAndroidKeycodes$MissingKey.java
com.corrodinggames.rts.gameFramework.utility.SlickToAndroidKeycodes$SlickCodes,obf-inner,com/corrodinggames/rts/gameFramework/utility/SlickToAndroidKeycodes$SlickCodes.java
com.corrodinggames.rts.gameFramework.utility.a,semantic-hit,com/corrodinggames/rts/gameFramework/utility/ANRError.java
com.corrodinggames.rts.gameFramework.utility.a$1,semantic-hit,com/corrodinggames/rts/gameFramework/utility/ANRError$1.java
com.corrodinggames.rts.gameFramework.utility.a.a,obf-hit,com/a/a/a/a.java
com.corrodinggames.rts.gameFramework.utility.a.b,obf-hit,com/corrodinggames/rts/game/units/custom/actions/b.java
com.corrodinggames.rts.gameFramework.utility.a.c,obf-hit,com/corrodinggames/rts/game/units/custom/actions/c.java
com.corrodinggames.rts.gameFramework.utility.aa,semantic-hit,com/corrodinggames/rts/gameFramework/utility/TextDrawEntry.java
com.corrodinggames.rts.gameFramework.utility.ab,obf-hit,com/corrodinggames/rts/game/units/custom/ab.java
com.corrodinggames.rts.gameFramework.utility.ac,semantic-hit,com/corrodinggames/rts/gameFramework/utility/KeyValue.java
com.corrodinggames.rts.gameFramework.utility.ad,semantic-hit,com/corrodinggames/rts/gameFramework/rendering/ObjectPool.java
com.corrodinggames.rts.gameFramework.utility.ae,obf-hit,com/corrodinggames/rts/game/units/custom/ae.java
com.corrodinggames.rts.gameFramework.utility.af,obf-hit,com/corrodinggames/rts/game/units/custom/af.java
com.corrodinggames.rts.gameFramework.utility.ag,semantic-hit,com/corrodinggames/rts/gameFramework/network/NetworkException.java
com.corrodinggames.rts.gameFramework.utility.ag$1,semantic-hit,com/corrodinggames/rts/gameFramework/utility/NetworkException$1.java
com.corrodinggames.rts.gameFramework.utility.ah,obf-hit,com/corrodinggames/rts/game/units/custom/ah.java
com.corrodinggames.rts.gameFramework.utility.ai,obf-hit,com/corrodinggames/rts/game/units/custom/ai.java
com.corrodinggames.rts.gameFramework.utility.aj,obf-hit,com/corrodinggames/rts/game/units/custom/aj.java
com.corrodinggames.rts.gameFramework.utility.ak,obf-hit,com/corrodinggames/rts/game/units/custom/ak.java
com.corrodinggames.rts.gameFramework.utility.al,obf-hit,com/corrodinggames/rts/game/units/custom/al.java
com.corrodinggames.rts.gameFramework.utility.am,obf-hit,com/corrodinggames/rts/game/units/custom/am.java
com.corrodinggames.rts.gameFramework.utility.b,semantic-hit,com/corrodinggames/rts/gameFramework/utility/StackTraceEntry.java
com.corrodinggames.rts.gameFramework.utility.c,semantic-hit,com/corrodinggames/rts/gameFramework/utility/ANRThrowable.java
com.corrodinggames.rts.gameFramework.utility.d,semantic-hit,com/corrodinggames/rts/gameFramework/utility/ANRWatchdog.java
com.corrodinggames.rts.gameFramework.utility.d$1,semantic-hit,com/corrodinggames/rts/gameFramework/utility/ANRWatchdog$1.java
com.corrodinggames.rts.gameFramework.utility.d$2,semantic-hit,com/corrodinggames/rts/gameFramework/utility/ANRWatchdog$2.java
com.corrodinggames.rts.gameFramework.utility.d$3,semantic-hit,com/corrodinggames/rts/gameFramework/utility/ANRWatchdog$3.java
com.corrodinggames.rts.gameFramework.utility.e,obf-hit,com/corrodinggames/librocket/e.java
com.corrodinggames.rts.gameFramework.utility.f,obf-hit,com/corrodinggames/rts/game/units/commands/slots/f.java
com.corrodinggames.rts.gameFramework.utility.g,semantic-hit,com/corrodinggames/rts/gameFramework/utility/RingBuffer.java
com.corrodinggames.rts.gameFramework.utility.g$1,semantic-hit,com/corrodinggames/rts/gameFramework/utility/RingBuffer$1.java
com.corrodinggames.rts.gameFramework.utility.h,semantic-hit,com/corrodinggames/rts/gameFramework/utility/RingBufferIterator.java
com.corrodinggames.rts.gameFramework.utility.i,obf-hit,com/corrodinggames/rts/game/units/custom/actions/base/i.java
com.corrodinggames.rts.gameFramework.utility.i$1,obf-inner,com/corrodinggames/rts/gameFramework/utility/i$1.java
com.corrodinggames.rts.gameFramework.utility.j,semantic-hit,com/corrodinggames/rts/gameFramework/utility/AssetStream.java
com.corrodinggames.rts.gameFramework.utility.k,obf-hit,com/corrodinggames/rts/game/units/custom/actions/base/k.java
com.corrodinggames.rts.gameFramework.utility.l,obf-hit,com/corrodinggames/rts/game/units/custom/actions/base/l.java
com.corrodinggames.rts.gameFramework.utility.m,semantic-hit,com/corrodinggames/rts/gameFramework/utility/CustomArrayList.java
com.corrodinggames.rts.gameFramework.utility.m$1,semantic-hit,com/corrodinggames/rts/gameFramework/utility/CustomArrayList$1.java
com.corrodinggames.rts.gameFramework.utility.n,semantic-hit,com/corrodinggames/rts/gameFramework/utility/CustomArrayListIterator.java
com.corrodinggames.rts.gameFramework.utility.o,semantic-hit,com/corrodinggames/rts/gameFramework/utility/DequeList.java
com.corrodinggames.rts.gameFramework.utility.o$1,semantic-hit,com/corrodinggames/rts/gameFramework/utility/DequeList$1.java
com.corrodinggames.rts.gameFramework.utility.p,semantic-hit,com/corrodinggames/rts/gameFramework/utility/DequeListIterator.java
com.corrodinggames.rts.gameFramework.utility.q,semantic-hit,com/corrodinggames/rts/gameFramework/utility/ResultState.java
com.corrodinggames.rts.gameFramework.utility.r,semantic-hit,com/corrodinggames/rts/gameFramework/utility/Result.java
com.corrodinggames.rts.gameFramework.utility.s,semantic-hit,com/corrodinggames/rts/gameFramework/utility/TypedObjectList.java
com.corrodinggames.rts.gameFramework.utility.s$1,semantic-hit,com/corrodinggames/rts/gameFramework/utility/TypedObjectList$1.java
com.corrodinggames.rts.gameFramework.utility.t,semantic-hit,com/corrodinggames/rts/gameFramework/utility/TypedObjectListIterator.java
com.corrodinggames.rts.gameFramework.utility.u,semantic-hit,com/corrodinggames/rts/game/units/UnitRegistry.java
com.corrodinggames.rts.gameFramework.utility.u$1,semantic-hit,com/corrodinggames/rts/gameFramework/utility/UnitRegistry$1.java
com.corrodinggames.rts.gameFramework.utility.v,semantic-hit,com/corrodinggames/rts/gameFramework/utility/UnitRegistryIterator.java
com.corrodinggames.rts.gameFramework.utility.w,semantic-hit,com/corrodinggames/rts/gameFramework/utility/ByteArrayStream.java
com.corrodinggames.rts.gameFramework.utility.x,semantic-hit,com/corrodinggames/rts/gameFramework/utility/EmptyArrays.java
com.corrodinggames.rts.gameFramework.utility.y,semantic-hit,com/corrodinggames/rts/gameFramework/utility/PathfindingUtils.java
com.corrodinggames.rts.gameFramework.utility.z,semantic-hit,com/corrodinggames/rts/gameFramework/utility/PaintStyleEntry.java
com.corrodinggames.rts.gameFramework.v,semantic-hit,com/corrodinggames/rts/gameFramework/GameEngineFactory.java
com.corrodinggames.rts.gameFramework.w,semantic-hit,com/corrodinggames/rts/gameFramework/GameObject.java
com.corrodinggames.rts.gameFramework.x,semantic-hit,com/corrodinggames/rts/gameFramework/GameObjectComparator.java
com.corrodinggames.rts.gameFramework.y,semantic-hit,com/corrodinggames/rts/gameFramework/GameSaver.java
com.corrodinggames.rts.gameFramework.z,semantic-hit,com/corrodinggames/rts/gameFramework/GameThread.java
com.corrodinggames.rts.java.Main,semantic-hit,com/corrodinggames/rts/java/GameLauncher.java
com.corrodinggames.rts.java.Main$1,semantic-hit,com/corrodinggames/rts/java/GameLauncher$1.java
com.corrodinggames.rts.java.Main$2,semantic-hit,com/corrodinggames/rts/java/GameLauncher$2.java
com.corrodinggames.rts.java.Main$3,semantic-hit,com/corrodinggames/rts/java/GameLauncher$3.java
com.corrodinggames.rts.java.Main$4,semantic-hit,com/corrodinggames/rts/java/GameLauncher$4.java
com.corrodinggames.rts.java.a,semantic-hit,com/corrodinggames/rts/gameFramework/rendering/TextureProxy.java
com.corrodinggames.rts.java.a.a,obf-hit,com/a/a/a/a.java
com.corrodinggames.rts.java.audio.Audio,obf-hit,com/corrodinggames/rts/java/audio/Audio.java
com.corrodinggames.rts.java.audio.AudioDevice,obf-hit,com/corrodinggames/rts/java/audio/AudioDevice.java
com.corrodinggames.rts.java.audio.AudioRecorder,obf-hit,com/corrodinggames/rts/java/audio/AudioRecorder.java
com.corrodinggames.rts.java.audio.Music,obf-hit,com/corrodinggames/rts/java/audio/Music.java
com.corrodinggames.rts.java.audio.Music$OnCompletionListener,obf-inner,com/corrodinggames/rts/java/audio/Music$OnCompletionListener.java
com.corrodinggames.rts.java.audio.Sound,obf-hit,com/corrodinggames/rts/gameFramework/platform/Sound.java
com.corrodinggames.rts.java.audio.a.a,semantic-hit,com/corrodinggames/rts/java/audio/backend/AudioSourceBase.java
com.corrodinggames.rts.java.audio.a.b,semantic-hit,com/corrodinggames/rts/java/audio/backend/AudioClip.java
com.corrodinggames.rts.java.audio.a.c,obf-hit,com/corrodinggames/rts/game/units/custom/actions/c.java
com.corrodinggames.rts.java.audio.a.d,obf-hit,com/corrodinggames/rts/game/units/commands/slots/d.java
com.corrodinggames.rts.java.audio.a.e,obf-hit,com/corrodinggames/librocket/e.java
com.corrodinggames.rts.java.audio.a.f,obf-hit,com/corrodinggames/rts/game/units/commands/slots/f.java
com.corrodinggames.rts.java.audio.a.g,obf-hit,com/corrodinggames/rts/game/units/commands/slots/g.java
com.corrodinggames.rts.java.audio.a.h,obf-hit,com/corrodinggames/rts/game/units/commands/slots/h.java
com.corrodinggames.rts.java.audio.a.i,semantic-hit,com/corrodinggames/rts/java/audio/backend/AudioManager.java
com.corrodinggames.rts.java.audio.a.j,obf-hit,com/corrodinggames/rts/game/units/custom/actions/base/j.java
com.corrodinggames.rts.java.audio.a.k,obf-hit,com/corrodinggames/rts/game/units/custom/actions/base/k.java
com.corrodinggames.rts.java.audio.a.l,obf-hit,com/corrodinggames/rts/game/units/custom/actions/base/l.java
com.corrodinggames.rts.java.audio.a.m,obf-hit,com/corrodinggames/rts/gameFramework/ui/panels/m.java
com.corrodinggames.rts.java.audio.a.n,obf-hit,com/corrodinggames/rts/game/units/custom/actions/base/n.java
com.corrodinggames.rts.java.audio.a.o,obf-hit,com/corrodinggames/rts/appFramework/o.java
com.corrodinggames.rts.java.audio.a.p,obf-hit,com/corrodinggames/rts/appFramework/p.java
com.corrodinggames.rts.java.audio.a.q,obf-hit,com/corrodinggames/rts/appFramework/q.java
com.corrodinggames.rts.java.audio.a.r,obf-hit,com/corrodinggames/rts/r.java
com.corrodinggames.rts.java.audio.a.s,obf-hit,com/corrodinggames/rts/appFramework/s.java
com.corrodinggames.rts.java.audio.a.t,obf-hit,com/corrodinggames/rts/gameFramework/rendering/t.java
com.corrodinggames.rts.java.audio.lwjgl.JavaSoundAudioRecorder,obf-hit,com/corrodinggames/rts/java/audio/lwjgl/JavaSoundAudioRecorder.java
com.corrodinggames.rts.java.audio.lwjgl.Ogg,obf-hit,com/corrodinggames/rts/java/audio/lwjgl/Ogg.java
com.corrodinggames.rts.java.audio.lwjgl.Ogg$Music,obf-inner,com/corrodinggames/rts/java/audio/lwjgl/Ogg$Music.java
com.corrodinggames.rts.java.audio.lwjgl.Ogg$MusicWithThreadedLoader,obf-inner,com/corrodinggames/rts/java/audio/lwjgl/Ogg$MusicWithThreadedLoader.java
com.corrodinggames.rts.java.audio.lwjgl.Ogg$Sound,obf-inner,com/corrodinggames/rts/java/audio/lwjgl/Ogg$Sound.java
com.corrodinggames.rts.java.audio.lwjgl.OggInputStream,obf-hit,com/corrodinggames/rts/java/audio/lwjgl/OggInputStream.java
com.corrodinggames.rts.java.audio.lwjgl.OpenALAudio,obf-hit,com/corrodinggames/rts/java/audio/lwjgl/OpenALAudio.java
com.corrodinggames.rts.java.audio.lwjgl.OpenALAudio$1,obf-inner,com/corrodinggames/rts/java/audio/lwjgl/OpenALAudio$1.java
com.corrodinggames.rts.java.audio.lwjgl.OpenALAudio$2,obf-inner,com/corrodinggames/rts/java/audio/lwjgl/OpenALAudio$2.java
com.corrodinggames.rts.java.audio.lwjgl.OpenALAudioDevice,obf-hit,com/corrodinggames/rts/java/audio/lwjgl/OpenALAudioDevice.java
com.corrodinggames.rts.java.audio.lwjgl.OpenALMusic,obf-hit,com/corrodinggames/rts/java/audio/lwjgl/OpenALMusic.java
com.corrodinggames.rts.java.audio.lwjgl.OpenALSound,obf-hit,com/corrodinggames/rts/java/audio/lwjgl/OpenALSound.java
com.corrodinggames.rts.java.audio.lwjgl.ThreadedWrappingAudioInputStream,obf-hit,com/corrodinggames/rts/java/audio/lwjgl/ThreadedWrappingAudioInputStream.java
com.corrodinggames.rts.java.audio.lwjgl.Wav,obf-hit,com/corrodinggames/rts/java/audio/lwjgl/Wav.java
com.corrodinggames.rts.java.audio.lwjgl.Wav$Music,obf-inner,com/corrodinggames/rts/java/audio/lwjgl/Wav$Music.java
com.corrodinggames.rts.java.audio.lwjgl.Wav$Sound,obf-inner,com/corrodinggames/rts/java/audio/lwjgl/Wav$Sound.java
com.corrodinggames.rts.java.audio.lwjgl.Wav$WavInputStream,obf-inner,com/corrodinggames/rts/java/audio/lwjgl/Wav$WavInputStream.java
com.corrodinggames.rts.java.b,semantic-hit,com/corrodinggames/rts/java/GameWindow.java
com.corrodinggames.rts.java.b.a,obf-hit,com/a/a/a/a.java
com.corrodinggames.rts.java.c,semantic-hit,com/corrodinggames/rts/java/DisplayMessagePump.java
com.corrodinggames.rts.java.c.a,obf-hit,com/a/a/a/a.java
com.corrodinggames.rts.java.c.a$1,semantic-hit,com/corrodinggames/rts/game/units/weapons/SAFFileManager$1.java
com.corrodinggames.rts.java.c.b,semantic-hit,com/corrodinggames/rts/java/input/SteamManager.java
com.corrodinggames.rts.java.c.b$1,semantic-hit,com/corrodinggames/rts/java/input/SteamManager$1.java
com.corrodinggames.rts.java.c.c,obf-hit,com/corrodinggames/rts/game/units/custom/actions/c.java
com.corrodinggames.rts.java.c.d,obf-hit,com/corrodinggames/rts/game/units/commands/slots/d.java
com.corrodinggames.rts.java.c.e,obf-hit,com/corrodinggames/librocket/e.java
com.corrodinggames.rts.java.c.f,obf-hit,com/corrodinggames/rts/game/units/commands/slots/f.java
com.corrodinggames.rts.java.c.g,semantic-hit,com/corrodinggames/rts/java/input/SteamWorkshop.java
com.corrodinggames.rts.java.c.h,obf-hit,com/corrodinggames/rts/game/units/commands/slots/h.java
com.corrodinggames.rts.java.c.i,obf-hit,com/corrodinggames/rts/game/units/custom/actions/base/i.java
com.corrodinggames.rts.java.c.j,obf-hit,com/corrodinggames/rts/game/units/custom/actions/base/j.java
com.corrodinggames.rts.java.c.k,obf-hit,com/corrodinggames/rts/game/units/custom/actions/base/k.java
com.corrodinggames.rts.java.c.l,obf-hit,com/corrodinggames/rts/game/units/custom/actions/base/l.java
com.corrodinggames.rts.java.c.m,obf-hit,com/corrodinggames/rts/gameFramework/ui/panels/m.java
com.corrodinggames.rts.java.d,semantic-hit,com/corrodinggames/rts/java/DesktopAppFramework.java
com.corrodinggames.rts.java.d.a,obf-hit,com/a/a/a/a.java
com.corrodinggames.rts.java.d.b,obf-hit,com/corrodinggames/rts/game/units/custom/actions/b.java
com.corrodinggames.rts.java.e,semantic-hit,com/corrodinggames/rts/java/Slick2DRenderer.java
com.corrodinggames.rts.java.f,semantic-hit,com/corrodinggames/rts/java/FontKey.java
com.corrodinggames.rts.java.g,semantic-hit,com/corrodinggames/rts/java/GameLauncher.java
com.corrodinggames.rts.java.h,semantic-hit,com/corrodinggames/rts/java/DesktopWindow.java
com.corrodinggames.rts.java.i,semantic-hit,com/corrodinggames/rts/java/DesktopPlatform.java
com.corrodinggames.rts.java.i$1,semantic-hit,com/corrodinggames/rts/java/DesktopPlatform$1.java
com.corrodinggames.rts.java.i$2,semantic-hit,com/corrodinggames/rts/java/DesktopPlatform$2.java
com.corrodinggames.rts.java.j,semantic-hit,com/corrodinggames/rts/java/LWJGLDisplayThread.java
com.corrodinggames.rts.java.k,obf-hit,com/corrodinggames/rts/game/units/custom/actions/base/k.java
com.corrodinggames.rts.java.l,semantic-hit,com/corrodinggames/rts/java/DesktopMusicPlayer.java
com.corrodinggames.rts.java.m,semantic-hit,com/corrodinggames/rts/gameFramework/CrashHandler.java
com.corrodinggames.rts.java.n,semantic-hit,com/corrodinggames/rts/java/DesktopMusicPlayer.java
com.corrodinggames.rts.java.o,obf-hit,com/corrodinggames/rts/appFramework/o.java
com.corrodinggames.rts.java.p,semantic-hit,com/corrodinggames/rts/java/LicenseValidator.java
com.corrodinggames.rts.java.q,semantic-hit,com/corrodinggames/rts/gameFramework/core/PerformanceMonitor.java
com.corrodinggames.rts.java.r,semantic-hit,com/corrodinggames/rts/java/ScreenshotCapture.java
com.corrodinggames.rts.java.s,semantic-hit,com/corrodinggames/rts/java/SlickTexture.java
com.corrodinggames.rts.java.t,semantic-hit,com/corrodinggames/rts/java/SlickImageData.java
com.corrodinggames.rts.java.u,semantic-hit,com/corrodinggames/rts/java/DesktopGameContainer.java
com.corrodinggames.rts.java.u$1,semantic-hit,com/corrodinggames/rts/java/DesktopGameContainer$1.java
com.corrodinggames.rts.java.v,semantic-hit,com/corrodinggames/rts/java/ModDownloader.java
org.a.a.a.a,third-party,
org.a.a.a.b,third-party,
org.a.a.a.c,third-party,
org.a.a.a.d,third-party,
org.a.a.b.a,third-party,
org.a.a.b.b,third-party,
org.a.a.b.c,third-party,
org.a.a.c.a,third-party,
org.a.a.c.b,third-party,
org.a.a.c.c,third-party,
org.a.a.c.d,third-party,
org.a.a.d.a,third-party,
org.a.a.d.b,third-party,
org.a.a.d.c,third-party,
org.a.a.d.d,third-party,
org.a.a.e.a,third-party,
org.a.a.e.b,third-party,
org.a.a.e.c,third-party,
org.a.a.e.d,third-party,
