frame,team,action,argCount,stopOrUndo,waypoint,attackMode,hasStepRate
0,255,-1,0,False,,-1,True
0,3,-1,1,False,True,-1,
0,8,-1,1,False,True,-1,
0,6,-1,1,False,True,-1,
0,3,-1,1,False,True,-1,
0,0,-1,1,False,True,-1,
0,2,-1,1,False,True,-1,
0,6,-1,1,False,True,-1,
0,5,-1,1,False,True,-1,
0,8,-1,1,False,,-1,
0,8,-1,1,False,,-1,
0,3,-1,1,False,,-1,
0,2,-1,1,False,,-1,
0,1,-1,1,False,True,-1,
0,8,-1,1,False,,-1,
0,2,-1,1,False,,-1,
0,3,-1,1,False,,-1,
0,9,-1,1,False,True,-1,
0,6,-1,1,False,,-1,
0,0,-1,1,False,True,-1,
0,9,-1,1,False,True,-1,
0,3,-1,1,False,,-1,
0,5,-1,1,False,,-1,
0,7,-1,1,False,True,-1,
0,0,-1,1,False,,-1,
0,2,-1,1,False,True,-1,
0,4,-1,1,False,True,-1,
0,0,-1,1,False,,-1,
0,1,-1,1,False,,-1,
0,0,-1,1,False,,-1,
0,6,-1,1,False,,-1,
0,7,-1,1,False,,-1,
0,1,-1,1,False,,-1,
0,3,-1,1,False,,-1,
0,4,-1,1,False,,-1,
0,7,-1,1,False,,-1,
0,4,-1,1,False,,-1,
0,5,-1,1,False,,-1,
0,9,-1,1,False,,-1,
0,9,-1,1,False,,-1,
0,1,-1,1,False,,-1,
0,5,-1,1,False,,-1,
0,9,-1,1,False,,-1,
0,1,-1,1,False,True,-1,
0,8,-1,1,False,True,-1,
0,1,-1,1,False,True,-1,
0,6,-1,1,False,,-1,
0,9,-1,1,False,True,-1,
0,0,-1,1,False,,-1,
0,9,-1,1,False,True,-1,
0,0,-1,1,False,,-1,
0,9,-1,1,False,True,-1,
0,2,-1,1,False,True,-1,
0,9,-1,1,False,True,-1,
0,8,-1,1,False,,-1,
0,8,-1,1,False,,-1,
0,9,-1,1,False,True,-1,
0,4,-1,1,False,,-1,
0,1,-1,1,False,True,-1,
0,0,-1,0,False,,-1,
0,9,-1,1,False,True,-1,
0,9,-1,1,False,True,-1,
0,9,-1,1,False,True,-1,
0,1,-1,1,False,True,-1,
0,9,-1,1,False,True,-1,
0,9,-1,1,False,True,-1,
0,1,-1,1,False,True,-1,
0,5,-1,1,False,True,-1,
0,9,-1,1,False,True,-1,
0,1,-1,1,False,True,-1,
0,9,-1,1,False,True,-1,
0,5,-1,1,False,,-1,
0,0,-1,1,False,,-1,
0,5,-1,1,False,,-1,
0,0,-1,1,False,,-1,
0,1,-1,1,False,True,-1,
0,1,-1,1,False,True,-1,
0,9,-1,1,False,True,-1,
0,9,-1,1,False,True,-1,
0,9,-1,1,False,True,-1,
0,1,-1,1,False,True,-1,
0,0,-1,1,False,True,-1,
0,1,-1,1,False,True,-1,
0,1,-1,1,False,True,-1,
0,9,-1,1,False,True,-1,
0,9,-1,1,False,True,-1,
0,0,-1,1,False,,-1,
0,0,-1,1,False,,-1,
0,0,-1,1,False,,-1,
0,9,-1,1,False,True,-1,
0,0,-1,1,False,,-1,
0,0,-1,1,False,,-1,
0,1,-1,1,False,True,-1,
0,9,-1,1,False,True,-1,
0,9,-1,1,False,True,-1,
0,9,-1,1,False,True,-1,
0,9,-1,1,False,True,-1,
0,5,-1,1,False,,-1,
0,5,-1,1,False,,-1,
0,9,-1,1,False,True,-1,
0,1,-1,1,False,True,-1,
12,5,-1,1,False,,-1,
12,1,-1,1,False,True,-1,
22,9,-1,1,False,True,-1,
32,6,-1,1,False,,-1,
52,9,-1,1,False,True,-1,
52,1,-1,1,False,True,-1,
62,6,-1,1,False,True,-1,
62,255,-1,0,False,,-1,True
72,9,-1,1,False,True,-1,
72,5,-1,1,False,,-1,
82,6,-1,1,False,True,-1,
82,5,-1,1,False,,-1,
82,2,-1,1,False,True,-1,
92,5,-1,1,False,,-1,
92,2,-1,1,False,True,-1,
102,3,-1,1,False,True,-1,
102,9,-1,1,False,True,-1,
102,8,-1,1,False,True,-1,
102,6,-1,1,False,,-1,
102,0,-1,1,False,True,-1,
112,9,-1,1,False,True,-1,
112,4,-1,1,False,,-1,
122,3,-1,1,False,True,-1,
122,0,-1,1,False,,-1,
132,5,-1,1,False,,-1,
132,1,-1,1,False,True,-1,
132,6,-1,1,False,,-1,
132,0,-1,1,False,,-1,
142,8,-1,1,False,True,-1,
142,4,-1,1,False,,-1,
152,6,-1,1,False,,-1,
162,9,-1,1,False,,-1,
172,8,-1,1,False,,-1,
172,8,-1,1,False,,-1,
182,8,-1,1,False,,-1,
182,8,-1,1,False,,-1,
192,9,-1,1,False,,-1,
192,6,-1,1,False,,-1,
192,9,-1,1,False,,-1,
202,1,-1,1,False,,-1,
202,2,-1,1,False,,-1,
202,2,-1,1,False,,-1,
212,0,-1,1,False,,-1,
212,2,-1,1,False,,-1,
212,0,-1,1,False,,-1,
212,2,-1,1,False,,-1,
212,5,-1,1,False,,-1,
222,2,-1,1,False,,-1,
222,5,-1,1,False,,-1,
222,6,-1,1,False,,-1,
222,9,-1,1,False,True,-1,
222,2,-1,1,False,,-1,
222,5,-1,1,False,,-1,
232,2,-1,1,False,,-1,
232,5,-1,1,False,,-1,
232,2,-1,1,False,,-1,
232,5,-1,1,False,,-1,
242,2,-1,1,False,,-1,
242,2,-1,1,False,,-1,
252,4,-1,1,False,,-1,
252,2,-1,1,False,,-1,
252,2,-1,1,False,,-1,
262,2,-1,1,False,,-1,
262,2,-1,1,False,,-1,
272,2,-1,1,False,,-1,
272,1,-1,1,False,,-1,
272,2,-1,1,False,,-1,
282,6,-1,1,False,True,-1,
282,2,-1,1,False,,-1,
282,2,-1,1,False,,-1,
292,2,-1,1,False,,-1,
292,2,-1,1,False,,-1,
302,2,-1,1,False,True,-1,
302,7,-1,1,False,True,-1,
302,9,-1,1,False,True,-1,
302,2,-1,1,False,True,-1,
302,5,-1,1,False,True,-1,
312,4,-1,1,False,True,-1,
312,1,-1,1,False,,-1,
312,3,-1,1,False,True,-1,
312,8,-1,2,False,True,-1,
322,0,-1,1,False,True,-1,
322,9,-1,1,False,True,-1,
322,2,-1,2,False,True,-1,
322,0,-1,1,False,True,-1,
322,4,-1,1,False,,-1,
332,7,-1,1,False,True,-1,
332,4,-1,1,False,,-1,
332,1,-1,1,False,True,-1,
342,8,-1,1,False,,-1,
342,5,-1,2,False,True,-1,
342,9,-1,1,False,True,-1,
352,0,-1,2,False,True,-1,
352,8,-1,1,False,,-1,
352,6,-1,1,False,,-1,
352,9,-1,1,False,True,-1,
352,8,-1,1,False,,-1,
362,9,-1,1,False,True,-1,
362,2,-1,2,False,True,-1,
362,6,-1,1,False,,-1,
362,6,-1,1,False,,-1,
372,6,-1,1,False,,-1,
372,4,-1,2,False,True,-1,
372,0,-1,1,False,,-1,
372,1,-1,1,False,True,-1,
372,6,-1,1,False,,-1,
382,5,-1,1,False,,-1,
382,6,-1,1,False,,-1,
382,9,-1,1,False,True,-1,
382,6,-1,1,False,,-1,
392,7,-1,1,False,,-1,
392,6,-1,1,False,,-1,
392,6,-1,1,False,,-1,
402,4,-1,2,False,True,-1,
402,4,-1,2,False,True,-1,
402,4,-1,2,False,True,-1,
402,0,-1,1,False,,-1,
402,6,-1,1,False,True,-1,
402,2,-1,1,False,,-1,
412,9,-1,1,False,True,-1,
412,6,-1,1,False,True,-1,
422,2,-1,1,False,,-1,
422,6,-1,1,False,True,-1,
422,7,-1,1,False,,-1,
422,2,-1,1,False,,-1,
432,2,-1,1,False,,-1,
432,7,-1,1,False,,-1,
432,2,-1,1,False,,-1,
442,2,-1,1,False,,-1,
442,5,-1,2,False,True,-1,
452,2,-1,1,False,,-1,
452,0,-1,2,False,True,-1,
452,2,-1,1,False,,-1,
452,8,-1,1,False,,-1,
452,1,-1,2,False,True,-1,
462,2,-1,1,False,,-1,
462,2,-1,1,False,,-1,
462,9,-1,1,False,True,-1,
472,2,-1,1,False,,-1,
472,2,-1,1,False,,-1,
482,2,-1,1,False,,-1,
482,9,-1,1,False,True,-1,
482,2,-1,1,False,,-1,
482,0,-1,1,False,,-1,
492,2,-1,1,False,,-1,
492,0,-1,1,False,,-1,
492,2,-1,1,False,,-1,
502,3,-1,1,False,True,-1,
502,2,-1,1,False,,-1,
502,2,-1,1,False,,-1,
512,2,-1,1,False,,-1,
512,6,-1,1,False,True,-1,
512,2,-1,1,False,,-1,
522,2,-1,1,False,,-1,
522,2,-1,1,False,,-1,
532,2,-1,1,False,,-1,
532,2,-1,1,False,,-1,
532,3,-1,1,False,,-1,
542,2,-1,1,False,,-1,
542,2,-1,1,False,,-1,
542,2,-1,1,False,,-1,
552,9,-1,1,False,True,-1,
552,2,-1,1,False,True,-1,
552,1,-1,2,False,True,-1,
552,2,-1,1,False,True,-1,
552,9,-1,1,False,True,-1,
552,3,-1,1,False,True,-1,
562,2,-1,1,False,True,-1,
562,7,-1,1,False,True,-1,
562,0,-1,1,False,True,-1,
592,4,-1,1,False,True,-1,
592,5,-1,1,False,True,-1,
602,8,-1,1,False,True,-1,
602,9,-1,1,False,True,-1,
602,7,-1,2,False,True,-1,
612,0,-1,3,False,True,-1,
612,2,-1,3,False,True,-1,
612,3,-1,2,False,True,-1,
622,0,-1,3,False,True,-1,
632,5,-1,1,False,True,-1,
632,8,-1,1,False,,-1,
642,9,-1,2,False,True,-1,
642,6,-1,1,False,,-1,
642,6,-1,1,False,,-1,
652,1,-1,1,False,True,-1,
652,6,-1,1,False,True,-1,
662,4,-1,1,False,True,-1,
672,6,-1,1,False,True,-1,
672,7,-1,1,False,True,-1,
672,8,-1,1,False,,-1,
712,2,-1,1,False,,-1,
712,1,-1,1,False,,-1,
712,0,-1,3,False,True,-1,
712,5,-1,3,False,True,-1,
722,5,-1,3,False,True,-1,
722,7,-1,1,False,,-1,
742,9,-1,1,False,True,-1,
772,5,-1,3,False,True,-1,
772,0,-1,1,False,,-1,
772,0,-1,1,False,,-1,
782,7,-1,1,False,,-1,
782,1,-1,2,False,True,-1,
782,9,-1,1,False,,-1,
792,5,-1,3,False,True,-1,
812,7,-1,1,False,True,-1,
812,0,-1,4,False,True,-1,
822,0,-1,4,False,True,-1,
832,0,-1,4,False,True,-1,
832,8,-1,2,False,True,-1,
832,7,-1,1,False,True,-1,
842,3,-1,1,False,,-1,
862,1,-1,2,False,,-1,
862,0,-1,4,False,True,-1,
872,1,-1,2,False,,-1,
882,0,-1,1,False,,-1,
892,8,-1,2,False,True,-1,
922,7,-1,2,False,True,-1,
932,9,-1,2,False,True,-1,
942,3,-1,1,False,True,-1,
942,1,-1,2,False,,-1,
952,9,-1,2,False,True,-1,
962,8,-1,2,False,True,-1,
962,3,-1,1,False,True,-1,
972,4,-1,2,False,True,-1,
982,1,-1,2,False,,-1,
1002,7,-1,1,False,,-1,
1022,1,-1,2,False,True,-1,
1022,0,-1,4,False,True,-1,
1052,4,-1,2,False,True,-1,
1052,4,-1,2,False,True,-1,
1052,4,-1,2,False,True,-1,
1062,7,-1,1,False,True,-1,
1072,7,-1,1,False,True,-1,
1072,0,-1,4,False,True,-1,
1082,0,-1,4,False,True,-1,
1082,1,-1,2,False,,-1,
1082,0,-1,4,False,True,-1,
1082,4,-1,1,False,True,-1,
1092,9,-1,2,False,True,-1,
1092,4,-1,1,False,,-1,
1102,0,-1,4,False,True,-1,
1102,0,-1,4,False,True,-1,
1112,0,-1,4,False,True,-1,
1112,0,-1,4,False,True,-1,
1122,0,-1,4,False,True,-1,
1132,0,-1,4,False,True,-1,
1132,0,-1,4,False,True,-1,
1132,1,-1,3,False,True,-1,
1142,0,-1,4,False,True,-1,
1142,8,-1,2,False,True,-1,
1142,0,-1,4,False,True,-1,
1152,0,-1,4,False,True,-1,
1152,5,-1,1,False,,-1,
1152,0,-1,4,False,True,-1,
1162,1,-1,3,False,True,-1,
1162,0,-1,4,False,True,-1,
1162,0,-1,4,False,True,-1,
1162,9,-1,2,False,True,-1,
1162,6,-1,3,False,,-1,
1172,0,-1,4,False,True,-1,
1172,0,-1,4,False,True,-1,
1182,0,-1,4,False,True,-1,
1182,4,-1,0,False,,-1,
1182,0,-1,4,False,True,-1,
1192,7,-1,1,False,True,-1,
1192,0,-1,4,False,True,-1,
1192,0,-1,4,False,True,-1,
1192,8,-1,2,False,True,-1,
1202,1,-1,2,False,,-1,
1212,8,-1,2,False,True,-1,
1212,6,-1,1,False,True,-1,
1232,0,-1,4,False,True,-1,
1242,8,-1,1,False,,-1,
1242,8,-1,1,False,,-1,
1262,7,-1,1,False,True,-1,
1262,9,-1,1,False,True,-1,
1262,8,-1,1,False,,-1,
1272,4,-1,1,False,True,-1,
1272,2,-1,1,False,,-1,
1272,4,-1,1,False,True,-1,
1282,9,-1,1,False,True,-1,
1302,4,-1,1,False,,-1,
1302,1,-1,2,False,,-1,
1322,8,-1,1,False,,-1,
1322,6,-1,1,False,True,-1,
1322,9,-1,1,False,,-1,
1322,4,-1,1,False,True,-1,
1332,3,-1,1,False,,-1,
1342,4,-1,1,False,,-1,
1342,4,-1,1,False,,-1,
1352,7,-1,1,False,,-1,
1382,9,-1,1,False,,-1,
1382,3,-1,3,False,True,-1,
1392,4,-1,1,False,,-1,
1412,9,-1,1,False,True,-1,
1432,0,-1,4,False,True,-1,
1442,4,-1,1,False,True,-1,
1442,2,-1,3,False,True,-1,
1452,0,-1,4,False,True,-1,
1452,3,-1,1,False,True,-1,
1462,2,-1,3,False,True,-1,
1472,0,-1,1,False,,-1,
1472,4,-1,1,False,,-1,
1482,9,-1,1,False,,-1,
1492,9,-1,1,False,,-1,
1502,5,-1,1,False,,-1,
1502,9,-1,1,False,,-1,
1512,8,-1,2,False,,-1,
1512,5,-1,1,False,,-1,
1522,8,-1,2,False,,-1,
1522,9,-1,1,False,,-1,
1522,5,-1,1,False,,-1,
1522,5,-1,1,False,,-1,
1522,9,-1,1,False,,-1,
1532,9,-1,1,False,,-1,
1532,5,-1,1,False,,-1,
1532,5,-1,1,False,,-1,
1542,5,-1,1,False,,-1,
1542,9,-1,1,False,,-1,
1552,3,-1,3,False,True,-1,
1552,8,-1,2,False,True,-1,
1562,0,-1,4,False,True,-1,
1562,1,-1,2,False,,-1,
1562,4,-1,3,False,True,-1,
1592,3,-1,3,False,True,-1,
1602,9,-1,1,False,True,-1,
1612,4,-1,1,False,True,-1,
1612,5,-1,1,False,,-1,
1612,6,-1,3,False,True,-1,
1622,5,-1,1,False,,-1,
1632,5,-1,1,False,,-1,
1642,4,-1,2,False,,-1,
1642,3,-1,1,False,True,-1,
1652,8,-1,2,False,True,-1,
1662,4,-1,2,False,,-1,
1672,2,-1,1,False,,-1,
1672,5,-1,1,False,,-1,
1672,2,-1,1,False,,-1,
1682,5,-1,1,False,,-1,
1682,5,-1,1,False,,-1,
1692,6,-1,3,False,True,-1,
1692,2,-1,1,False,,-1,
1692,9,-1,1,False,True,-1,
1692,5,-1,1,False,,-1,
1692,0,-1,1,False,,-1,
1692,5,-1,1,False,,-1,
1702,2,-1,1,False,,-1,
1702,2,-1,1,False,,-1,
1702,0,-1,1,False,,-1,
1702,0,-1,1,False,,-1,
1722,2,-1,1,False,,-1,
1732,2,-1,1,False,,-1,
1732,1,-1,2,False,,-1,
1732,2,-1,1,False,,-1,
1742,2,-1,1,False,,-1,
1752,6,-1,1,False,,-1,
1762,3,-1,1,False,True,-1,
1762,7,-1,5,False,,-1,
1772,8,-1,1,False,,-1,
1772,5,-1,1,False,,-1,
1772,9,-1,2,False,True,-1,
1782,4,-1,3,False,True,-1,
1782,4,-1,3,False,True,-1,
1782,5,-1,1,False,,-1,
1792,0,-1,1,False,,-1,
1802,1,-1,2,False,True,-1,
1812,5,-1,1,False,,-1,
1812,9,-1,2,False,,-1,
1812,4,-1,3,False,,-1,
1822,2,-1,1,True,,-1,
1822,4,-1,3,False,,-1,
1822,2,-1,1,False,,-1,
1832,0,-1,1,True,,-1,
1832,9,-1,1,False,True,-1,
1842,0,-1,1,False,,-1,
1842,5,-1,1,False,True,-1,
1842,4,-1,3,False,True,-1,
1852,6,-1,1,False,True,-1,
1852,8,-1,2,False,True,-1,
1852,2,-1,1,False,,-1,
1862,8,-1,2,False,True,-1,
1862,2,-1,1,False,,-1,
1872,5,-1,3,False,True,-1,
1872,3,-1,1,False,True,-1,
1882,5,-1,1,False,True,-1,
1892,9,-1,1,False,True,-1,
1892,2,-1,2,False,,-1,
1892,5,-1,1,False,True,-1,
1892,2,-1,2,False,,-1,
1902,4,-1,3,False,True,-1,
1902,9,-1,1,False,True,-1,
1912,8,-1,2,False,True,-1,
1912,9,-1,1,False,True,-1,
1912,9,-1,1,False,True,-1,
1922,9,-1,1,False,True,-1,
1922,6,-1,1,False,True,-1,
1932,4,-1,3,False,,-1,
1942,0,-1,2,False,,-1,
1942,4,-1,1,False,True,-1,
1942,0,-1,2,False,,-1,
1952,4,-1,1,False,True,-1,
1952,4,-1,3,False,,-1,
1952,6,-1,1,False,,-1,
1952,4,-1,3,False,,-1,
1962,8,-1,2,False,True,-1,
1972,8,-1,2,False,True,-1,
1972,5,-1,1,False,,-1,
1972,8,-1,2,False,,-1,
1972,7,-1,5,False,,-1,
1982,6,-1,1,False,True,-1,
2012,2,-1,1,False,,-1,
2012,5,-1,1,False,True,-1,
2012,9,-1,2,False,True,-1,
2012,8,-1,2,False,True,-1,
2022,3,-1,1,False,True,-1,
2032,8,-1,1,False,True,-1,
2032,5,-1,1,False,True,-1,
2032,9,-1,2,False,True,-1,
2042,5,-1,1,False,True,-1,
2042,0,-1,1,False,True,-1,
2052,2,-1,1,False,True,-1,
2052,9,-1,1,False,True,-1,
2062,5,-1,1,False,True,-1,
2062,0,-1,4,False,True,-1,
2062,3,-1,1,False,,-1,
2062,1,-1,1,False,True,-1,
2062,3,-1,1,False,,-1,
2072,2,-1,1,False,True,-1,
2072,6,-1,2,False,True,-1,
2072,0,-1,1,False,True,-1,
2082,9,-1,1,False,True,-1,
2082,0,-1,1,False,True,-1,
2082,0,-1,1,False,True,-1,
2092,2,-1,3,False,True,-1,
2092,5,-1,1,False,True,-1,
2092,5,-1,1,False,True,-1,
2102,3,-1,1,False,,-1,
2102,9,-1,1,False,True,-1,
2102,1,-1,2,False,True,-1,
2102,4,-1,3,False,,-1,
2122,9,-1,1,False,True,-1,
2122,8,-1,1,False,True,-1,
2132,5,-1,2,False,,-1,
2132,9,-1,1,False,True,-1,
2132,0,-1,2,False,,-1,
2142,3,-1,1,False,True,-1,
2142,8,-1,2,False,True,-1,
2142,1,-1,2,False,True,-1,
2142,8,-1,2,False,True,-1,
2152,4,-1,3,False,True,-1,
2152,0,-1,1,False,True,-1,
2152,9,-1,1,False,True,-1,
2162,4,-1,3,False,True,-1,
2162,7,-1,5,False,,-1,
2172,8,-1,1,False,True,-1,
2172,9,-1,1,False,True,-1,
2172,2,-1,1,False,,-1,
2172,0,-1,1,False,True,-1,
2182,8,-1,2,False,,-1,
2182,9,-1,1,False,True,-1,
2182,1,-1,2,False,True,-1,
2192,2,-1,2,False,,-1,
2192,2,-1,2,False,,-1,
2202,6,-1,2,False,True,-1,
2202,8,-1,2,False,True,-1,
2202,3,-1,1,False,True,-1,
2202,9,-1,1,False,True,-1,
2202,8,-1,2,False,True,-1,
2202,2,-1,1,False,True,-1,
2212,8,-1,2,False,True,-1,
2212,0,-1,1,False,True,-1,
2212,2,-1,1,False,True,-1,
2212,2,-1,1,False,,-1,
2212,2,-1,1,False,True,-1,
2222,9,-1,1,False,True,-1,
2222,2,-1,2,False,,-1,
2222,2,-1,2,False,,-1,
2222,6,-1,2,False,True,-1,
2232,2,-1,2,False,,-1,
2232,0,-1,1,False,,-1,
2232,2,-1,2,False,,-1,
2232,8,-1,1,False,True,-1,
2232,4,-1,3,False,True,-1,
2242,8,-1,1,False,True,-1,
2242,8,-1,1,False,True,-1,
2242,9,-1,1,False,True,-1,
2252,8,-1,2,False,,-1,
2252,6,-1,1,False,,-1,
2252,0,-1,1,False,True,-1,
2262,6,-1,1,False,,-1,
2262,5,-1,1,False,True,-1,
2262,8,-1,1,False,True,-1,
2272,5,-1,1,False,True,-1,
2272,6,-1,1,False,True,-1,
2282,5,-1,1,False,True,-1,
2282,6,-1,1,False,True,-1,
2282,9,-1,1,False,True,-1,
2282,0,-1,1,False,True,-1,
2282,8,-1,1,False,True,-1,
2282,5,-1,1,False,True,-1,
2282,6,-1,1,False,True,-1,
2282,9,-1,1,False,True,-1,
2292,0,-1,1,False,True,-1,
2292,2,-1,1,False,True,-1,
2292,8,-1,1,False,True,-1,
2292,0,-1,1,False,True,-1,
2292,2,-1,1,False,True,-1,
2302,8,-1,1,False,True,-1,
2302,0,-1,1,False,True,-1,
2302,1,-1,2,False,True,-1,
2302,4,-1,4,False,,-1,
2302,2,-1,2,False,,-1,
2302,0,-1,1,False,True,-1,
2312,9,-1,1,False,True,-1,
2312,3,-1,1,False,True,-1,
2312,5,-1,1,False,,-1,
2312,6,-1,1,False,,-1,
2312,7,-1,4,False,,-1,
2322,2,-1,2,False,,-1,
2322,8,-1,1,False,True,-1,
2332,9,-1,1,False,True,-1,
2332,2,-1,2,False,,-1,
2342,9,-1,1,False,True,-1,
2342,8,-1,1,False,True,-1,
2342,8,-1,1,False,True,-1,
2342,3,-1,3,False,True,-1,
2352,2,-1,2,False,,-1,
2362,9,-1,1,False,True,-1,
2362,4,-1,4,False,,-1,
2362,7,-1,5,False,True,-1,
2362,2,-1,2,False,,-1,
2372,8,-1,1,False,True,-1,
2372,2,-1,2,False,,-1,
2372,9,-1,1,False,True,-1,
2382,2,-1,2,False,,-1,
2382,3,-1,1,False,True,-1,
2382,4,-1,4,False,,-1,
2382,3,-1,1,False,True,-1,
2382,9,-1,1,False,True,-1,
2382,2,-1,2,False,,-1,
2392,3,-1,1,False,True,-1,
2392,1,-1,2,False,True,-1,
2392,2,-1,2,False,,-1,
2392,3,-1,1,False,True,-1,
2392,8,-1,1,False,True,-1,
2402,2,-1,2,False,,-1,
2402,4,-1,4,False,,-1,
2402,7,-1,5,False,True,-1,
2412,2,-1,2,False,,-1,
2412,3,-1,2,False,,-1,
2412,0,-1,1,False,True,-1,
2412,9,-1,1,False,True,-1,
2412,2,-1,2,False,,-1,
2422,0,-1,1,False,True,-1,
2422,2,-1,2,False,,-1,
2422,0,-1,1,False,,-1,
2422,3,-1,2,False,,-1,
2422,2,-1,2,False,,-1,
2432,8,-1,2,False,True,-1,
2432,1,-1,2,False,True,-1,
2432,2,-1,2,False,,-1,
2432,5,-1,3,False,True,-1,
2432,2,-1,2,False,,-1,
2432,9,-1,2,False,,-1,
2442,8,-1,2,False,True,-1,
2442,5,-1,3,False,True,-1,
2442,0,-1,2,False,,-1,
2442,4,-1,3,False,True,-1,
2452,8,-1,1,False,True,-1,
2452,8,-1,1,False,True,-1,
2452,9,-1,1,False,True,-1,
2462,8,-1,1,False,True,-1,
2462,2,-1,2,False,,-1,
2462,1,-1,2,False,True,-1,
2462,2,-1,2,False,,-1,
2472,2,-1,2,False,,-1,
2472,0,-1,1,False,True,-1,
2472,2,-1,2,False,,-1,
2472,3,-1,1,False,True,-1,
2482,3,-1,1,False,True,-1,
2482,4,-1,3,False,True,-1,
2482,1,-1,2,False,True,-1,
2482,6,-1,3,False,,-1,
2482,8,-1,1,False,,-1,
2482,9,-1,1,False,True,-1,
2482,0,-1,1,False,True,-1,
2482,3,-1,1,False,True,-1,
2492,6,-1,3,False,,-1,
2492,0,-1,1,False,True,-1,
2492,1,-1,2,False,True,-1,
2492,5,-1,2,False,True,-1,
2502,8,-1,3,False,True,-1,
2502,1,-1,2,False,True,-1,
2502,4,-1,3,False,True,-1,
2502,8,-1,3,False,True,-1,
2512,5,-1,2,False,True,-1,
2512,8,-1,3,False,True,-1,
2512,8,-1,3,False,True,-1,
2522,8,-1,3,False,True,-1,
2522,1,-1,2,False,True,-1,
2522,8,-1,3,False,True,-1,
2532,4,-1,5,False,,-1,
2532,8,-1,3,False,True,-1,
2532,1,-1,2,False,True,-1,
2532,8,-1,3,False,True,-1,
2542,3,-1,1,False,True,-1,
2542,8,-1,3,False,True,-1,
2542,3,-1,1,False,True,-1,
2542,8,-1,3,False,True,-1,
2552,8,-1,1,False,True,-1,
2552,9,-1,1,False,True,-1,
2552,8,-1,1,False,True,-1,
2552,2,-1,2,False,,-1,
2562,0,-1,1,False,True,-1,
2562,2,-1,2,False,,-1,
2562,3,-1,1,False,True,-1,
2562,2,-1,2,False,,-1,
2562,9,-1,1,False,True,-1,
2572,0,-1,1,False,True,-1,
2572,0,-1,1,False,True,-1,
2592,6,-1,3,False,True,-1,
2592,8,-1,3,False,True,-1,
2592,3,-1,2,False,True,-1,
2592,3,-1,2,False,True,-1,
2602,4,-1,5,False,,-1,
2602,9,-1,1,False,True,-1,
2602,3,-1,2,False,True,-1,
2602,0,-1,1,False,True,-1,
2602,3,-1,2,False,True,-1,
2602,0,-1,1,False,True,-1,
2612,1,-1,2,False,,-1,
2622,1,-1,2,False,,-1,
2622,6,-1,1,False,,-1,
2622,3,-1,1,False,True,-1,
2632,4,-1,5,False,,-1,
2642,2,-1,2,False,,-1,
2652,9,-1,1,False,True,-1,
2652,8,-1,3,False,True,-1,
2662,4,-1,5,False,,-1,
2672,8,-1,1,False,True,-1,
2672,0,-1,1,False,True,-1,
2672,3,-1,0,False,,-1,
2682,0,-1,1,False,True,-1,
2682,1,-1,2,False,True,-1,
2682,0,-1,1,False,True,-1,
2692,2,-1,1,False,True,-1,
2692,5,-1,2,False,True,-1,
2692,0,-1,1,False,True,-1,
2692,2,-1,1,False,True,-1,
2692,6,-1,2,False,True,-1,
2692,0,-1,1,False,True,-1,
2702,5,-1,2,False,True,-1,
2702,6,-1,2,False,True,-1,
2702,7,-1,1,False,,-1,
2702,0,-1,1,False,True,-1,
2702,5,-1,2,False,True,-1,
2702,6,-1,2,False,True,-1,
2702,0,-1,1,False,True,-1,
2702,2,-1,2,False,True,-1,
2712,6,-1,2,False,True,-1,
2712,0,-1,1,False,True,-1,
2712,8,-1,1,False,,-1,
2712,9,-1,1,False,True,-1,
2712,0,-1,1,False,True,-1,
2722,0,-1,1,False,,-1,
2722,3,-1,1,False,True,-1,
2732,3,-1,1,False,True,-1,
2732,5,-1,2,False,,-1,
2732,3,-1,1,False,True,-1,
2732,2,-1,1,False,True,-1,
2742,2,-1,1,False,True,-1,
2742,5,-1,2,False,,-1,
2752,6,-1,4,False,,-1,
2752,8,-1,1,False,True,-1,
2762,7,-1,5,False,True,-1,
2762,3,-1,1,False,True,-1,
2762,2,-1,3,False,True,-1,
2772,2,-1,3,False,True,-1,
2772,8,-1,3,False,True,-1,
2782,5,-1,1,False,True,-1,
2792,8,-1,2,False,,-1,
2802,8,-1,2,False,,-1,
2802,0,-1,1,False,,-1,
2802,3,-1,2,False,,-1,
2802,9,-1,1,False,,-1,
2802,6,-1,3,False,True,-1,
2822,8,-1,1,False,True,-1,
2822,0,-1,4,False,True,-1,
2822,4,-1,5,False,,-1,
2822,3,-1,1,False,True,-1,
2832,7,-1,2,False,,-1,
2832,9,-1,1,False,True,-1,
2832,2,-1,3,False,True,-1,
2832,8,-1,3,False,True,-1,
2842,8,-1,2,False,,-1,
2842,5,-1,2,False,True,-1,
2842,6,-1,3,False,True,-1,
2852,8,-1,2,False,,-1,
2852,2,-1,1,False,True,-1,
2852,7,-1,2,False,,-1,
2852,8,-1,2,False,,-1,
2852,9,-1,2,False,True,-1,
2862,0,-1,4,False,True,-1,
2862,5,-1,2,False,True,-1,
2862,2,-1,2,False,,-1,
2862,5,-1,2,False,True,-1,
2872,8,-1,1,False,True,-1,
2872,5,-1,2,False,True,-1,
2872,0,-1,2,False,True,-1,
2872,8,-1,1,False,True,-1,
2882,0,-1,2,False,True,-1,
2882,9,-1,3,False,True,-1,
2882,6,-1,4,False,,-1,
2882,7,-1,1,False,,-1,
2882,6,-1,4,False,,-1,
2882,2,-1,1,False,True,-1,
2892,2,-1,1,False,True,-1,
2892,8,-1,3,False,True,-1,
2892,6,-1,5,False,True,-1,
2902,0,-1,1,False,,-1,
2902,8,-1,3,False,True,-1,
2902,3,-1,1,False,True,-1,
2912,0,-1,1,False,,-1,
2912,2,-1,2,False,True,-1,
2912,7,-1,5,False,True,-1,
2912,8,-1,1,False,True,-1,
2912,3,-1,1,False,True,-1,
2922,9,-1,3,False,True,-1,
2932,2,-1,2,False,True,-1,
2932,3,-1,1,False,,-1,
2932,8,-1,3,False,True,-1,
2942,9,-1,3,False,True,-1,
2942,2,-1,1,False,True,-1,
2952,0,-1,2,False,,-1,
2952,0,-1,2,False,,-1,
2952,2,-1,1,False,True,-1,
2952,0,-1,2,False,,-1,
2952,8,-1,1,False,True,-1,
2962,3,-1,2,False,True,-1,
2962,8,-1,1,False,True,-1,
2962,5,-1,2,False,,-1,
2962,3,-1,2,False,True,-1,
2972,0,-1,1,False,True,-1,
2972,9,-1,1,False,,-1,
2972,1,-1,9,False,True,-1,
2972,0,-1,1,False,True,-1,
2982,0,-1,1,False,True,-1,
2992,4,-1,5,False,,-1,
2992,3,-1,1,False,True,-1,
2992,5,-1,3,False,True,-1,
3012,0,-1,2,False,True,-1,
3012,8,-1,1,False,True,-1,
3012,3,-1,3,False,True,-1,
3012,0,-1,2,False,True,-1,
3012,6,-1,3,False,True,-1,
3012,2,-1,3,False,True,-1,
3022,1,-1,2,False,,-1,
3022,8,-1,1,False,True,-1,
3032,2,-1,3,False,True,-1,
3032,3,-1,3,False,True,-1,
3032,1,-1,2,False,,-1,
3032,9,-1,2,False,True,-1,
3032,0,-1,4,False,True,-1,
3042,5,-1,2,False,True,-1,
3052,6,-1,5,False,,-1,
3052,2,-1,2,False,True,-1,
3052,9,-1,2,False,True,-1,
3052,2,-1,2,False,True,-1,
3052,3,-1,2,False,,-1,
3062,2,-1,2,False,True,-1,
3062,7,-1,1,False,,-1,
3062,4,-1,14,False,True,-1,
3062,2,-1,2,False,,-1,
3072,0,-1,4,False,True,-1,
3072,6,-1,5,False,,-1,
3072,8,-1,4,False,True,-1,
3072,6,-1,5,False,,-1,
3072,4,-1,5,False,,-1,
3082,8,-1,4,False,True,-1,
3082,9,-1,2,False,True,-1,
3082,0,-1,4,False,True,-1,
3082,2,-1,2,False,True,-1,
3092,8,-1,4,False,True,-1,
3092,3,-1,1,False,True,-1,
3092,7,-1,2,False,True,-1,
3092,8,-1,4,False,True,-1,
3102,3,-1,1,False,True,-1,
3112,6,-1,5,False,True,-1,
3112,3,-1,2,False,True,-1,
3122,7,-1,2,False,True,-1,
3122,2,-1,2,False,True,-1,
3132,2,-1,2,False,True,-1,
3132,5,-1,1,False,True,-1,
3132,8,-1,4,False,True,-1,
3132,3,-1,1,False,True,-1,
3142,8,-1,4,False,True,-1,
3142,2,-1,2,False,,-1,
3142,3,-1,1,False,True,-1,
3142,2,-1,2,False,,-1,
3152,8,-1,4,False,True,-1,
3152,5,-1,1,False,True,-1,
3152,3,-1,1,False,True,-1,
3152,0,-1,1,False,True,-1,
3162,2,-1,2,False,,-1,
3162,0,-1,1,False,True,-1,
3172,4,-1,16,False,True,-1,
3172,0,-1,1,False,True,-1,
3172,0,-1,1,False,True,-1,
3182,0,-1,1,False,True,-1,
3182,3,-1,2,False,True,-1,
3182,2,-1,2,False,True,-1,
3192,5,-1,1,False,True,-1,
3192,0,-1,1,False,True,-1,
3192,0,-1,1,False,True,-1,
3202,5,-1,1,False,True,-1,
3202,8,-1,1,False,True,-1,
3202,0,-1,1,False,True,-1,
3202,1,-1,2,False,,-1,
3202,2,-1,2,False,True,-1,
3202,0,-1,1,False,True,-1,
3212,6,-1,5,False,,-1,
3212,7,-1,2,False,True,-1,
3212,0,-1,1,False,True,-1,
3212,2,-1,2,False,True,-1,
3212,0,-1,1,False,True,-1,
3222,3,-1,1,False,True,-1,
3222,7,-1,2,False,True,-1,
3222,5,-1,2,False,,-1,
3222,2,-1,2,False,,-1,
3232,8,-1,2,False,True,-1,
3232,8,-1,2,False,True,-1,
3232,4,-1,5,False,,-1,
3242,3,-1,2,False,True,-1,
3242,1,-1,2,False,True,-1,
3242,8,-1,3,False,True,-1,
3252,2,-1,4,False,True,-1,
3262,6,-1,3,False,True,-1,
3262,8,-1,4,False,True,-1,
3262,5,-1,2,False,True,-1,
3262,3,-1,2,False,True,-1,
3262,2,-1,2,False,True,-1,
3262,8,-1,4,False,True,-1,
3272,7,-1,2,False,,-1,
3272,2,-1,2,False,True,-1,
3282,5,-1,2,False,True,-1,
3282,7,-1,2,False,,-1,
3282,3,-1,3,False,True,-1,
3282,0,-1,4,False,True,-1,
3282,5,-1,2,False,True,-1,
3292,6,-1,5,False,,-1,
3292,2,-1,2,False,True,-1,
3302,2,-1,2,False,True,-1,
3302,3,-1,2,False,,-1,
3302,9,-1,3,False,,-1,
3302,2,-1,2,False,True,-1,
3302,0,-1,4,False,True,-1,
3312,2,-1,2,False,True,-1,
3312,0,-1,4,False,True,-1,
3322,2,-1,2,False,True,-1,
3332,9,-1,4,False,True,-1,
3332,5,-1,2,False,True,-1,
3342,2,-1,2,False,True,-1,
3342,8,-1,2,False,True,-1,
3352,5,-1,1,False,True,-1,
3352,9,-1,3,False,True,-1,
3352,2,-1,2,False,True,-1,
3352,0,-1,1,False,,-1,
3362,3,-1,3,False,True,-1,
3362,8,-1,2,False,True,-1,
3362,5,-1,1,False,True,-1,
3362,4,-1,5,False,,-1,
3362,6,-1,9,False,True,-1,
3362,5,-1,1,False,True,-1,
3372,9,-1,3,False,True,-1,
3372,3,-1,3,False,True,-1,
3372,6,-1,5,False,,-1,
3382,1,-1,2,False,,-1,
3392,8,-1,2,False,True,-1,
3392,5,-1,2,False,True,-1,
3392,2,-1,2,False,True,-1,
3392,6,-1,5,False,,-1,
3392,1,-1,2,False,,-1,
3402,0,-1,2,False,True,-1,
3402,2,-1,2,False,True,-1,
3402,8,-1,4,False,True,-1,
3402,2,-1,2,False,True,-1,
3402,8,-1,4,False,True,-1,
3412,0,-1,1,False,True,-1,
3412,9,-1,3,False,True,-1,
3412,0,-1,1,False,True,-1,
3412,3,-1,3,False,True,-1,
3432,1,-1,9,False,True,-1,
3442,2,-1,2,False,True,-1,
3452,2,-1,2,False,True,-1,
3452,7,-1,3,False,True,-1,
3452,5,-1,2,False,True,-1,
3452,0,-1,4,False,True,-1,
3452,1,-1,9,False,True,-1,
3462,3,-1,3,False,True,-1,
3462,5,-1,2,False,True,-1,
3462,9,-1,3,False,True,-1,
3462,8,-1,3,False,,-1,
3462,8,-1,3,False,,-1,
3462,7,-1,2,False,,-1,
3482,5,-1,1,False,True,-1,
3482,3,-1,2,False,,-1,
3482,0,-1,1,False,True,-1,
3482,4,-1,5,False,,-1,
3492,0,-1,1,False,True,-1,
3492,5,-1,1,False,True,-1,
3492,4,-1,5,False,,-1,
3492,2,-1,3,False,True,-1,
3502,4,-1,5,False,,-1,
3502,8,-1,4,False,True,-1,
3502,9,-1,4,False,True,-1,
3502,8,-1,4,False,True,-1,
3512,8,-1,4,False,True,-1,
3512,0,-1,1,False,True,-1,
3512,9,-1,4,False,True,-1,
3512,2,-1,4,False,True,-1,
3512,1,-1,9,False,True,-1,
3522,0,-1,1,False,True,-1,
3522,8,-1,2,False,True,-1,
3522,6,-1,5,False,,-1,
3522,0,-1,1,False,True,-1,
3532,5,-1,2,False,,-1,
3532,9,-1,4,False,True,-1,
3532,1,-1,9,False,True,-1,
3552,6,-1,3,False,True,-1,
3552,1,-1,9,False,True,-1,
3552,9,-1,4,False,True,-1,
3552,5,-1,1,False,True,-1,
3562,3,-1,2,False,True,-1,
3562,8,-1,2,False,True,-1,
3572,8,-1,2,False,True,-1,
3572,8,-1,3,False,,-1,
3572,9,-1,4,False,True,-1,
3572,8,-1,3,False,,-1,
3572,0,-1,1,False,,-1,
3572,3,-1,3,False,True,-1,
3582,3,-1,3,False,True,-1,
3582,5,-1,1,False,,-1,
3592,2,-1,3,False,True,-1,
3592,7,-1,1,False,,-1,
3592,2,-1,3,False,True,-1,
3612,3,-1,2,False,,-1,
3612,2,-1,3,False,True,-1,
3622,9,-1,3,False,,-1,
3622,3,-1,2,False,,-1,
3632,0,-1,1,False,True,-1,
3632,9,-1,3,False,,-1,
3632,2,-1,4,False,True,-1,
3642,2,-1,4,False,True,-1,
3642,2,-1,4,False,True,-1,
3652,2,-1,4,False,True,-1,
3652,4,-1,1,False,True,-1,
3652,2,-1,4,False,True,-1,
3652,5,-1,3,False,True,-1,
3652,4,-1,1,False,True,-1,
3652,9,-1,4,False,True,-1,
3662,0,-1,4,False,True,-1,
3672,9,-1,4,False,True,-1,
3682,6,-1,5,False,,-1,
3682,2,-1,0,False,,-1,
3682,8,-1,7,False,True,-1,
3682,0,-1,1,False,True,-1,
3682,5,-1,3,False,True,-1,
3692,8,-1,7,False,True,-1,
3702,5,-1,1,False,True,-1,
3702,3,-1,3,False,True,-1,
3702,2,-1,2,False,,-1,
3702,5,-1,1,False,True,-1,
3712,0,-1,4,False,True,-1,
3712,9,-1,4,False,True,-1,
3712,4,-1,5,False,,-1,
3722,7,-1,1,False,True,-1,
3722,2,-1,4,False,True,-1,
3722,1,-1,2,False,,-1,
3732,7,-1,1,False,True,-1,
3732,2,-1,4,False,True,-1,
3732,9,-1,3,False,True,-1,
3732,9,-1,3,False,True,-1,
3732,1,-1,2,False,,-1,
3742,3,-1,3,False,True,-1,
3742,8,-1,3,False,,-1,
3742,3,-1,3,False,True,-1,
3752,3,-1,3,False,True,-1,
3752,2,-1,4,False,True,-1,
3752,3,-1,3,False,True,-1,
3762,3,-1,3,False,True,-1,
3762,4,-1,5,False,,-1,
3762,3,-1,3,False,True,-1,
3772,3,-1,3,False,True,-1,
3772,3,-1,3,False,True,-1,
3772,2,-1,4,False,True,-1,
3772,8,-1,7,False,True,-1,
3772,6,-1,5,False,,-1,
3772,3,-1,3,False,True,-1,
3782,6,-1,5,False,,-1,
3782,3,-1,3,False,True,-1,
3782,6,-1,5,False,,-1,
3792,6,-1,5,False,,-1,
3792,2,-1,4,False,True,-1,
3792,0,-1,1,False,,-1,
3792,8,-1,7,False,True,-1,
3802,5,-1,1,False,True,-1,
3802,1,-1,9,False,True,-1,
3812,5,-1,1,False,True,-1,
3812,2,-1,4,False,True,-1,
3812,2,-1,4,False,True,-1,
3812,5,-1,2,False,,-1,
3822,9,-1,3,False,True,-1,
3822,2,-1,4,False,True,-1,
3822,3,-1,3,False,True,-1,
3832,3,-1,3,False,True,-1,
3832,0,-1,3,False,True,-1,
3832,3,-1,3,False,True,-1,
3832,0,-1,3,False,True,-1,
3832,2,-1,2,False,True,-1,
3832,1,-1,9,False,True,-1,
3842,8,-1,2,False,True,-1,
3842,3,-1,3,False,True,-1,
3842,5,-1,2,False,,-1,
3842,8,-1,2,False,True,-1,
3842,7,-1,2,False,True,-1,
3842,2,-1,2,False,True,-1,
3842,1,-1,9,False,True,-1,
3852,3,-1,3,False,True,-1,
3852,9,-1,4,False,True,-1,
3862,7,-1,1,False,True,-1,
3862,2,-1,2,False,,-1,
3862,0,-1,4,False,,-1,
3862,8,-1,3,False,,-1,
3862,4,-1,5,False,,-1,
3872,0,-1,4,False,,-1,
3872,5,-1,2,False,True,-1,
3872,4,-1,5,False,,-1,
3872,7,-1,1,False,True,-1,
3872,3,-1,3,False,True,-1,
3872,6,-1,5,False,,-1,
3872,2,-1,4,False,True,-1,
3882,3,-1,3,False,True,-1,
3882,6,-1,5,False,,-1,
3882,2,-1,4,False,True,-1,
3882,3,-1,3,False,True,-1,
3882,0,-1,5,False,True,-1,
3882,1,-1,9,False,True,-1,
3892,9,-1,7,False,True,-1,
3892,7,-1,2,False,True,-1,
3892,0,-1,5,False,True,-1,
3902,0,-1,5,False,True,-1,
3902,8,-1,7,False,True,-1,
3912,0,-1,5,False,True,-1,
3912,8,-1,7,False,True,-1,
3912,9,-1,7,False,True,-1,
3922,7,-1,2,False,True,-1,
3922,0,-1,2,False,True,-1,
3932,7,-1,2,False,True,-1,
3932,5,-1,3,False,True,-1,
3932,9,-1,7,False,True,-1,
3932,7,-1,2,False,True,-1,
3942,8,-1,2,False,True,-1,
3942,0,-1,1,False,True,-1,
3942,8,-1,2,False,True,-1,
3952,5,-1,1,False,True,-1,
3962,1,-1,9,False,True,-1,
3962,4,-1,5,False,,-1,
3962,7,-1,5,False,True,-1,
3972,3,-1,5,False,True,-1,
3972,7,-1,5,False,True,-1,
3982,8,-1,7,False,True,-1,
3982,0,-1,4,False,True,-1,
3992,5,-1,4,False,True,-1,
3992,4,-1,0,False,,-1,
4002,5,-1,4,False,True,-1,
4002,0,-1,3,False,True,-1,
4002,0,-1,3,False,True,-1,
4012,3,-1,1,False,True,-1,
4012,2,-1,1,False,True,-1,
4012,4,-1,0,False,,-1,
4012,9,-1,3,False,True,-1,
4012,3,-1,1,False,True,-1,
4012,2,-1,1,False,True,-1,
4012,3,-1,1,False,,-1,
4022,7,-1,1,False,,-1,
4022,2,-1,3,False,True,-1,
4032,8,-1,2,False,True,-1,
4032,0,-1,4,False,,-1,
4042,2,-1,3,False,True,-1,
4042,0,-1,4,False,,-1,
4042,6,-1,1,False,True,-1,
4042,4,-1,5,False,,-1,
4042,3,-1,1,False,True,-1,
4052,2,-1,4,False,True,-1,
4052,9,-1,7,False,True,-1,
4052,7,-1,5,False,True,-1,
4072,2,-1,1,False,True,-1,
4072,2,-1,1,False,True,-1,
4082,3,-1,4,False,True,-1,
4082,8,-1,2,False,True,-1,
4082,5,-1,3,False,True,-1,
4082,8,-1,2,False,True,-1,
4092,7,-1,5,False,True,-1,
4092,6,-1,5,False,,-1,
4102,0,-1,1,False,,-1,
4102,8,-1,1,False,True,-1,
4102,2,-1,2,False,True,-1,
4112,7,-1,5,False,True,-1,
4112,2,-1,2,False,True,-1,
4112,5,-1,4,False,True,-1,
4122,0,-1,3,False,True,-1,
4122,0,-1,3,False,True,-1,
4122,2,-1,2,False,True,-1,
4132,7,-1,5,False,True,-1,
4132,0,-1,3,False,True,-1,
4132,9,-1,7,False,True,-1,
4132,6,-1,5,False,,-1,
4132,1,-1,2,False,,-1,
4132,3,-1,0,False,,-1,
4142,7,-1,5,False,True,-1,
4142,6,-1,5,False,,-1,
4142,0,-1,3,False,True,-1,
4142,6,-1,5,False,,-1,
4142,4,-1,5,False,,-1,
4152,4,-1,5,False,,-1,
4152,7,-1,5,False,True,-1,
4162,7,-1,5,False,True,-1,
4162,5,-1,4,False,True,-1,
4162,3,-1,5,False,True,-1,
4172,6,-1,5,False,,-1,
4172,7,-1,5,False,True,-1,
4172,0,-1,5,False,True,-1,
4172,2,-1,4,False,True,-1,
4172,6,-1,5,False,,-1,
4172,8,-1,9,False,True,-1,
4172,5,-1,4,False,True,-1,
4182,0,-1,5,False,True,-1,
4182,2,-1,4,False,True,-1,
4182,8,-1,9,False,True,-1,
4192,7,-1,5,False,True,-1,
4192,3,-1,2,False,,-1,
4202,7,-1,5,False,True,-1,
4202,7,-1,5,False,True,-1,
4202,2,-1,4,False,True,-1,
4212,7,-1,5,False,True,-1,
4212,2,-1,4,False,True,-1,
4212,0,-1,3,False,,-1,
4222,3,-1,1,False,True,-1,
4222,9,-1,5,False,,-1,
4222,6,-1,3,False,True,-1,
4222,8,-1,1,True,,-1,
4232,3,-1,1,False,True,-1,
4232,9,-1,5,False,,-1,
4232,6,-1,3,False,True,-1,
4242,6,-1,3,False,True,-1,
4242,3,-1,1,False,True,-1,
4242,8,-1,1,False,,-1,
4242,0,-1,1,False,True,-1,
4242,7,-1,5,False,True,-1,
4242,0,-1,1,False,True,-1,
4242,6,-1,3,False,True,-1,
4242,5,-1,3,False,True,-1,
4242,2,-1,2,False,True,-1,
4242,7,-1,5,False,True,-1,
4252,2,-1,2,False,True,-1,
4252,7,-1,5,False,True,-1,
4262,7,-1,5,False,True,-1,
4262,2,-1,2,False,,-1,
4272,0,-1,1,False,True,-1,
4272,7,-1,5,False,True,-1,
4282,3,-1,5,False,True,-1,
4282,0,-1,1,False,True,-1,
4282,7,-1,5,False,True,-1,
4282,7,-1,5,False,True,-1,
4282,4,-1,5,False,,-1,
4292,5,-1,6,False,True,-1,
4292,7,-1,5,False,True,-1,
4292,2,-1,4,False,True,-1,
4292,5,-1,6,False,True,-1,
4302,3,-1,6,False,True,-1,
4302,7,-1,5,False,True,-1,
4302,0,-1,2,False,True,-1,
4302,2,-1,2,False,True,-1,
4302,3,-1,6,False,True,-1,
4302,0,-1,2,False,True,-1,
4312,9,-1,10,False,True,-1,
4312,6,-1,5,False,,-1,
4312,2,-1,4,False,True,-1,
4312,6,-1,5,False,,-1,
4322,8,-1,10,False,True,-1,
4322,7,-1,5,False,True,-1,
4322,6,-1,5,False,,-1,
4322,8,-1,10,False,True,-1,
4322,6,-1,5,False,,-1,
4332,2,-1,2,False,True,-1,
4332,7,-1,5,False,True,-1,
4332,0,-1,0,False,,-1,
4332,8,-1,10,False,True,-1,
4342,5,-1,6,False,True,-1,
4342,9,-1,3,False,True,-1,
4342,9,-1,3,False,True,-1,
4342,5,-1,6,False,True,-1,
4352,2,-1,3,False,True,-1,
4352,0,-1,1,False,,-1,
4352,7,-1,5,False,True,-1,
4362,3,-1,1,False,True,-1,
4362,7,-1,5,False,True,-1,
4372,8,-1,10,False,True,-1,
4372,9,-1,3,False,True,-1,
4382,0,-1,4,False,True,-1,
4382,4,-1,3,False,True,-1,
4382,2,-1,1,False,True,-1,
4382,7,-1,5,False,True,-1,
4382,5,-1,6,False,True,-1,
4382,8,-1,10,False,True,-1,
4382,4,-1,3,False,True,-1,
4392,8,-1,10,False,True,-1,
4392,6,-1,5,False,,-1,
4392,4,-1,3,False,True,-1,
4392,6,-1,5,False,,-1,
4402,8,-1,10,False,True,-1,
4402,3,-1,2,False,,-1,
4402,4,-1,3,False,True,-1,
4402,6,-1,5,False,,-1,
4402,6,-1,5,False,,-1,
4412,4,-1,3,False,True,-1,
4412,2,-1,6,False,True,-1,
4412,5,-1,3,False,,-1,
4412,8,-1,3,False,,-1,
4422,3,-1,1,False,True,-1,
4422,2,-1,6,False,True,-1,
4432,4,-1,5,False,,-1,
4432,8,-1,12,False,True,-1,
4432,2,-1,6,False,True,-1,
4442,1,-1,2,False,,-1,
4442,3,-1,6,False,True,-1,
4442,9,-1,6,False,,-1,
4442,5,-1,4,False,True,-1,
4452,5,-1,4,False,True,-1,
4452,7,-1,6,False,,-1,
4452,2,-1,7,False,True,-1,
4452,3,-1,1,False,True,-1,
4462,1,-1,2,False,,-1,
4462,7,-1,5,False,True,-1,
4462,0,-1,2,False,True,-1,
4472,2,-1,6,False,True,-1,
4472,0,-1,2,False,True,-1,
4472,7,-1,5,False,True,-1,
4482,3,-1,2,False,,-1,
4482,5,-1,1,False,True,-1,
4482,2,-1,6,False,True,-1,
4482,7,-1,5,False,True,-1,
4492,0,-1,1,False,True,-1,
4492,0,-1,1,False,True,-1,
4502,4,-1,5,False,,-1,
4512,7,-1,5,False,True,-1,
4512,6,-1,3,False,True,-1,
4512,9,-1,3,False,True,-1,
4512,2,-1,6,False,True,-1,
4512,5,-1,2,False,True,-1,
4522,2,-1,5,False,True,-1,
4522,7,-1,5,False,True,-1,
4522,1,-1,16,False,True,-1,
4532,5,-1,4,False,True,-1,
4532,2,-1,5,False,True,-1,
4532,3,-1,4,False,True,-1,
4542,7,-1,5,False,True,-1,
4542,2,-1,1,False,True,-1,
4542,8,-1,12,False,True,-1,
4552,7,-1,5,False,True,-1,
4552,6,-1,3,False,True,-1,
4552,5,-1,4,False,True,-1,
4562,7,-1,5,False,True,-1,
4562,8,-1,1,False,,-1,
4572,0,-1,7,False,True,-1,
4572,3,-1,6,False,True,-1,
4572,9,-1,10,False,True,-1,
4572,6,-1,3,False,True,-1,
4572,0,-1,7,False,True,-1,
4592,2,-1,0,False,,-1,
4592,1,-1,15,False,True,-1,
4592,6,-1,3,False,True,-1,
4592,8,-1,1,False,True,-1,
4602,2,-1,5,False,True,-1,
4602,8,-1,1,False,True,-1,
4602,5,-1,2,False,True,-1,
4602,6,-1,3,False,True,-1,
4602,9,-1,10,False,True,-1,
4612,1,-1,15,False,True,-1,
4612,6,-1,5,False,,-1,
4612,2,-1,1,False,,-1,
4622,0,-1,6,False,,-1,
4622,8,-1,12,False,True,-1,
4622,2,-1,1,False,,-1,
4622,0,-1,6,False,,-1,
4622,7,-1,5,False,True,-1,
4622,5,-1,3,False,,-1,
4622,8,-1,12,False,True,-1,
4622,2,-1,1,False,,-1,
4632,7,-1,5,False,True,-1,
4632,7,-1,5,False,True,-1,
4632,4,-1,0,False,,-1,
4642,9,-1,3,False,True,-1,
4642,5,-1,3,False,,-1,
4642,6,-1,20,False,True,-1,
4642,2,-1,2,False,True,-1,
4652,6,-1,20,False,True,-1,
4652,7,-1,5,False,True,-1,
4652,2,-1,2,False,True,-1,
4652,6,-1,20,False,True,-1,
4652,3,-1,3,False,True,-1,
4662,6,-1,20,False,True,-1,
4662,2,-1,1,False,True,-1,
4672,1,-1,15,False,True,-1,
4672,7,-1,5,False,True,-1,
4672,5,-1,6,False,True,-1,
4672,1,-1,15,False,True,-1,
4672,3,-1,3,False,True,-1,
4672,2,-1,2,False,True,-1,
4682,5,-1,6,False,True,-1,
4682,0,-1,4,False,,-1,
4682,2,-1,1,False,True,-1,
4682,1,-1,15,False,True,-1,
4692,3,-1,1,False,True,-1,
4692,4,-1,4,False,,-1,
4692,2,-1,1,False,True,-1,
4702,3,-1,1,False,True,-1,
4702,9,-1,7,False,,-1,
4712,3,-1,6,False,True,-1,
4712,3,-1,6,False,True,-1,
4712,7,-1,6,False,,-1,
4722,3,-1,6,False,True,-1,
4722,9,-1,7,False,,-1,
4722,0,-1,4,False,True,-1,
4732,2,-1,3,False,True,-1,
4732,2,-1,3,False,True,-1,
4732,6,-1,5,False,,-1,
4742,3,-1,6,False,True,-1,
4762,7,-1,1,False,True,-1,
4762,2,-1,2,False,True,-1,
4762,3,-1,6,False,True,-1,
4772,5,-1,3,False,True,-1,
4772,3,-1,6,False,True,-1,
4772,7,-1,1,False,True,-1,
4782,0,-1,8,False,True,-1,
4782,0,-1,8,False,True,-1,
4782,1,-1,15,False,True,-1,
4792,2,-1,6,False,True,-1,
4792,9,-1,10,False,True,-1,
4792,0,-1,8,False,True,-1,
4802,3,-1,1,False,True,-1,
4802,1,-1,15,False,True,-1,
4802,0,-1,8,False,True,-1,
4802,7,-1,2,False,True,-1,
4802,5,-1,3,False,True,-1,
4812,2,-1,8,False,True,-1,
4812,5,-1,3,False,,-1,
4822,0,-1,8,False,True,-1,
4822,8,-1,14,False,True,-1,
4822,0,-1,8,False,True,-1,
4822,3,-1,2,False,True,-1,
4822,2,-1,1,False,True,-1,
4832,8,-1,14,False,True,-1,
4832,8,-1,14,False,True,-1,
4832,9,-1,10,False,True,-1,
4832,2,-1,2,False,True,-1,
4842,7,-1,2,False,True,-1,
4842,0,-1,8,False,True,-1,
4842,3,-1,7,False,True,-1,
4842,0,-1,8,False,True,-1,
4852,2,-1,8,False,True,-1,
4862,1,-1,15,False,True,-1,
4862,8,-1,1,False,True,-1,
4862,7,-1,2,False,True,-1,
4862,5,-1,3,False,True,-1,
4872,3,-1,2,False,,-1,
4872,7,-1,2,False,True,-1,
4882,1,-1,15,False,True,-1,
4882,2,-1,1,False,True,-1,
4892,6,-1,5,False,,-1,
4892,2,-1,1,False,True,-1,
4892,7,-1,1,False,True,-1,
4902,2,-1,1,False,True,-1,
4902,2,-1,1,False,,-1,
4912,0,-1,1,False,,-1,
4922,0,-1,1,False,,-1,
4922,2,-1,1,False,True,-1,
4922,3,-1,3,False,True,-1,
4922,9,-1,5,False,True,-1,
4922,1,-1,1,False,True,-1,
4932,8,-1,1,False,True,-1,
4932,5,-1,1,False,True,-1,
4932,8,-1,3,False,,-1,
4942,9,-1,5,False,True,-1,
4942,3,-1,6,False,True,-1,
4942,0,-1,4,False,True,-1,
4942,8,-1,14,False,True,-1,
4962,7,-1,2,False,True,-1,
4962,8,-1,4,False,True,-1,
4962,9,-1,10,False,True,-1,
4962,3,-1,7,False,True,-1,
4972,5,-1,6,False,True,-1,
4972,1,-1,2,False,,-1,
4982,2,-1,6,False,True,-1,
4992,9,-1,10,False,True,-1,
4992,1,-1,2,False,,-1,
4992,3,-1,8,False,True,-1,
5002,2,-1,8,False,True,-1,
5002,1,-1,2,False,,-1,
5012,8,-1,3,False,True,-1,
5012,9,-1,10,False,True,-1,
5022,6,-1,5,False,,-1,
5032,7,-1,3,False,True,-1,
5032,7,-1,3,False,True,-1,
5032,7,-1,3,False,True,-1,
5042,9,-1,3,False,True,-1,
5042,1,-1,1,False,True,-1,
5042,8,-1,10,False,True,-1,
5052,8,-1,10,False,True,-1,
5052,3,-1,8,False,True,-1,
5062,6,-1,20,False,True,-1,
5062,7,-1,2,False,,-1,
5062,8,-1,4,False,True,-1,
5062,2,-1,3,False,,-1,
5062,1,-1,1,False,True,-1,
5062,6,-1,20,False,True,-1,
5062,9,-1,3,False,True,-1,
5062,2,-1,3,False,,-1,
5072,6,-1,20,False,True,-1,
5072,2,-1,3,False,,-1,
5072,6,-1,20,False,True,-1,
5072,3,-1,8,False,True,-1,
5082,6,-1,20,False,True,-1,
5082,5,-1,2,False,True,-1,
5082,8,-1,1,False,True,-1,
5092,6,-1,20,False,True,-1,
5092,6,-1,20,False,True,-1,
5102,8,-1,1,False,True,-1,
5102,6,-1,20,False,True,-1,
5102,5,-1,3,False,True,-1,
5102,6,-1,20,False,True,-1,
5112,6,-1,20,False,True,-1,
5112,2,-1,1,False,True,-1,
5112,2,-1,1,False,True,-1,
5112,5,-1,3,False,True,-1,
5112,6,-1,20,False,True,-1,
5122,6,-1,20,False,True,-1,
5122,7,-1,2,False,,-1,
5122,1,-1,1,False,True,-1,
5132,8,-1,1,False,True,-1,
5132,6,-1,20,False,True,-1,
5132,7,-1,2,False,True,-1,
5142,2,-1,1,False,True,-1,
5142,5,-1,2,False,True,-1,
5142,7,-1,2,False,True,-1,
5142,8,-1,1,False,True,-1,
5142,3,-1,6,False,True,-1,
5152,7,-1,2,False,True,-1,
5162,8,-1,10,False,True,-1,
5162,2,-1,2,False,True,-1,
5162,7,-1,2,False,True,-1,
5162,1,-1,17,False,True,-1,
5172,8,-1,3,False,,-1,
5172,7,-1,2,False,True,-1,
5172,3,-1,2,False,,-1,
5182,8,-1,3,False,,-1,
5182,5,-1,1,False,True,-1,
5182,1,-1,17,False,True,-1,
5182,8,-1,3,False,,-1,
5182,7,-1,2,False,True,-1,
5182,5,-1,1,False,True,-1,
5192,2,-1,1,False,True,-1,
5202,3,-1,2,True,,-1,
5202,2,-1,8,False,True,-1,
5202,5,-1,4,False,True,-1,
5212,6,-1,20,False,True,-1,
5212,1,-1,17,False,True,-1,
5212,2,-1,1,False,True,-1,
5212,6,-1,20,False,True,-1,
5212,4,-1,3,False,True,-1,
5212,4,-1,3,False,True,-1,
5212,4,-1,3,False,True,-1,
5212,4,-1,3,False,True,-1,
5222,3,-1,1,False,,-1,
5222,6,-1,20,False,True,-1,
5222,3,-1,1,False,,-1,
5222,8,-1,4,False,True,-1,
5232,6,-1,5,False,,-1,
5232,3,-1,1,False,,-1,
5232,2,-1,1,False,True,-1,
5232,0,-1,4,False,,-1,
5242,5,-1,2,False,True,-1,
5242,1,-1,1,False,True,-1,
5242,3,-1,8,False,True,-1,
5252,8,-1,4,False,True,-1,
5252,8,-1,4,False,True,-1,
5262,1,-1,1,False,True,-1,
5262,5,-1,4,False,True,-1,
5272,5,-1,4,False,True,-1,
5282,8,-1,4,False,True,-1,
5282,8,-1,4,False,True,-1,
5282,2,-1,8,False,True,-1,
5292,4,-1,1,False,,-1,
5292,8,-1,4,False,True,-1,
5292,0,-1,4,True,,-1,
5302,3,-1,7,False,True,-1,
5302,9,-1,7,False,,-1,
5302,0,-1,4,False,,-1,
5302,2,-1,2,False,True,-1,
5302,4,-1,1,False,,-1,
5312,5,-1,1,False,True,-1,
5312,9,-1,7,False,,-1,
5312,2,-1,1,False,True,-1,
5322,2,-1,1,False,True,-1,
5342,8,-1,4,False,True,-1,
5352,7,-1,3,False,,-1,
5352,5,-1,3,False,True,-1,
5362,2,-1,8,False,True,-1,
5372,1,-1,1,False,True,-1,
5372,0,-1,4,False,True,-1,
5372,0,-1,4,False,True,-1,
5372,0,-1,4,False,True,-1,
5372,0,-1,4,False,True,-1,
5372,0,-1,4,False,True,-1,
5372,2,-1,10,False,True,-1,
5382,3,-1,6,False,True,-1,
5382,7,-1,1,False,,-1,
5382,5,-1,2,False,True,-1,
5392,2,-1,1,False,True,-1,
5392,1,-1,1,False,True,-1,
5392,7,-1,1,False,,-1,
5402,6,-1,5,False,,-1,
5402,8,-1,1,False,True,-1,
5412,2,-1,1,False,True,-1,
5412,1,-1,1,False,True,-1,
5412,8,-1,1,False,True,-1,
5422,2,-1,10,False,True,-1,
5422,8,-1,1,False,True,-1,
5432,5,-1,7,False,True,-1,
5432,5,-1,7,False,True,-1,
5452,5,-1,7,False,True,-1,
5462,1,-1,17,False,True,-1,
5462,8,-1,1,False,True,-1,
5472,2,-1,1,False,True,-1,
5472,8,-1,1,False,True,-1,
5472,2,-1,1,False,True,-1,
5472,0,-1,4,False,True,-1,
5472,0,-1,4,False,True,-1,
5472,0,-1,4,False,True,-1,
5472,0,-1,4,False,True,-1,
5472,1,-1,17,False,True,-1,
5472,2,-1,1,False,True,-1,
5472,3,-1,0,False,,-1,
5472,2,-1,1,False,,-1,
5482,0,-1,4,False,True,-1,
5482,0,-1,4,False,True,-1,
5482,0,-1,4,False,True,-1,
5482,0,-1,4,False,True,-1,
5482,0,-1,4,False,True,-1,
5492,6,-1,5,False,,-1,
5492,2,-1,10,False,True,-1,
5492,5,-1,7,False,True,-1,
5502,5,-1,7,False,True,-1,
5512,8,-1,1,False,True,-1,
5512,2,-1,8,False,True,-1,
5512,3,-1,1,False,True,-1,
5512,5,-1,3,False,,-1,
5522,3,-1,1,False,True,-1,
5522,8,-1,1,False,,-1,
5522,2,-1,2,False,True,-1,
5522,3,-1,1,False,True,-1,
5532,2,-1,2,False,True,-1,
5532,1,-1,2,False,,-1,
5532,3,-1,1,False,True,-1,
5532,5,-1,3,False,,-1,
5532,1,-1,2,False,,-1,
5532,3,-1,1,False,True,-1,
5532,3,-1,1,False,True,-1,
5542,6,-1,5,False,,-1,
5552,7,-1,1,False,True,-1,
5562,3,-1,1,False,True,-1,
5562,7,-1,1,False,True,-1,
5562,1,-1,17,False,True,-1,
5572,8,-1,1,False,True,-1,
5572,2,-1,2,False,True,-1,
5572,5,-1,5,False,True,-1,
5572,3,-1,1,False,,-1,
5582,7,-1,1,False,True,-1,
5582,1,-1,17,False,True,-1,
5592,2,-1,3,False,,-1,
5592,8,-1,3,True,,-1,
5602,6,-1,2,False,True,-1,
5602,2,-1,8,False,True,-1,
5612,1,-1,1,False,True,-1,
5612,5,-1,6,False,True,-1,
5612,2,-1,2,False,True,-1,
5622,6,-1,3,False,True,-1,
5622,2,-1,2,False,True,-1,
5632,2,-1,1,False,True,-1,
5632,7,-1,5,False,,-1,
5632,6,-1,3,False,True,-1,
5642,2,-1,1,False,True,-1,
5642,5,-1,1,False,True,-1,
5642,2,-1,1,False,True,-1,
5642,3,-1,1,False,True,-1,
5642,0,-1,2,False,,-1,
5642,7,-1,5,False,,-1,
5652,5,-1,1,False,True,-1,
5652,0,-1,2,False,,-1,
5662,7,-1,5,False,,-1,
5672,5,-1,2,False,True,-1,
5692,8,-1,3,False,True,-1,
5692,8,-1,3,False,True,-1,
5702,2,-1,1,False,True,-1,
5702,9,-1,3,False,True,-1,
5702,2,-1,1,False,True,-1,
5702,1,-1,17,False,True,-1,
5712,8,-1,5,False,True,-1,
5722,4,-1,1,False,True,-1,
5722,4,-1,1,False,True,-1,
5722,4,-1,1,False,True,-1,
5722,4,-1,1,False,True,-1,
5722,2,-1,1,False,True,-1,
5722,1,-1,17,False,True,-1,
5732,2,-1,1,False,True,-1,
5732,7,-1,3,False,True,-1,
5732,2,-1,1,False,True,-1,
5732,8,-1,1,False,True,-1,
5732,0,-1,9,False,True,-1,
5752,3,-1,1,False,True,-1,
5772,2,-1,1,False,True,-1,
5772,5,-1,7,False,True,-1,
5772,7,-1,2,False,True,-1,
5772,8,-1,1,False,True,-1,
5772,2,-1,1,False,True,-1,
5782,7,-1,2,False,True,-1,
5782,1,-1,7,False,True,-1,
5782,5,-1,7,False,True,-1,
5782,2,-1,2,False,True,-1,
5792,7,-1,2,False,True,-1,
5792,2,-1,8,False,True,-1,
5802,7,-1,2,False,True,-1,
5812,2,-1,8,False,True,-1,
5812,8,-1,1,False,True,-1,
5822,2,-1,8,False,True,-1,
5842,9,-1,29,False,True,-1,
5842,3,-1,1,False,True,-1,
5852,2,-1,1,False,,-1,
5852,0,-1,3,False,True,-1,
5862,6,-1,3,False,True,-1,
5862,8,-1,1,False,True,-1,
5862,5,-1,3,False,True,-1,
5862,0,-1,3,False,True,-1,
5872,6,-1,3,False,True,-1,
5882,7,-1,3,False,True,-1,
5882,8,-1,1,False,True,-1,
5892,3,-1,2,False,True,-1,
5892,7,-1,3,False,True,-1,
5892,5,-1,1,False,,-1,
5892,8,-1,1,False,True,-1,
5902,6,-1,3,False,True,-1,
5912,7,-1,3,False,True,-1,
5922,7,-1,3,False,True,-1,
5922,2,-1,6,False,True,-1,
5932,1,-1,2,False,,-1,
5932,0,-1,4,False,True,-1,
5932,8,-1,5,False,True,-1,
5932,3,-1,2,False,True,-1,
5942,6,-1,3,False,True,-1,
5942,5,-1,8,False,True,-1,
5942,9,-1,4,False,True,-1,
5942,4,-1,2,False,,-1,
5942,2,-1,9,False,True,-1,
5942,5,-1,8,False,True,-1,
5942,6,-1,3,False,True,-1,
5952,8,-1,5,False,True,-1,
5952,5,-1,8,False,True,-1,
5952,2,-1,5,False,True,-1,
5952,0,-1,4,False,True,-1,
5962,3,-1,1,False,,-1,
5962,0,-1,4,False,True,-1,
5962,2,-1,3,False,True,-1,
5962,8,-1,5,False,True,-1,
5962,2,-1,3,False,,-1,
5962,1,-1,2,False,,-1,
5972,7,-1,2,False,True,-1,
5982,3,-1,1,False,,-1,
5982,2,-1,3,False,,-1,
5982,1,-1,2,False,,-1,
5982,6,-1,5,False,,-1,
5992,8,-1,5,False,True,-1,
5992,6,-1,5,False,,-1,
5992,2,-1,4,False,True,-1,
6002,9,-1,14,False,True,-1,
6002,7,-1,6,False,,-1,
6002,2,-1,5,False,True,-1,
6012,0,-1,4,False,,-1,
6012,3,-1,1,False,True,-1,
6012,8,-1,1,False,,-1,
6012,0,-1,4,False,,-1,
6012,8,-1,1,False,,-1,
6012,9,-1,14,False,True,-1,
6012,0,-1,4,False,,-1,
6012,2,-1,5,False,True,-1,
6022,1,-1,24,False,True,-1,
6022,8,-1,1,False,,-1,
6032,2,-1,6,False,True,-1,
6032,2,-1,6,False,True,-1,
6042,2,-1,5,False,True,-1,
6042,9,-1,14,False,True,-1,
6052,5,-1,7,False,True,-1,
6052,2,-1,6,False,True,-1,
6072,5,-1,1,False,True,-1,
6072,4,-1,3,False,,-1,
6072,4,-1,3,False,,-1,
6082,2,-1,4,False,True,-1,
6082,7,-1,5,False,True,-1,
6082,7,-1,5,False,True,-1,
6082,7,-1,5,False,True,-1,
6082,7,-1,5,False,True,-1,
6082,7,-1,5,False,True,-1,
6082,7,-1,5,False,True,-1,
6082,7,-1,5,False,True,-1,
6082,7,-1,5,False,True,-1,
6082,7,-1,5,False,True,-1,
6092,2,-1,5,False,True,-1,
6092,9,-1,14,False,True,-1,
6102,2,-1,7,False,True,-1,
6102,8,-1,12,False,True,-1,
6112,7,-1,6,False,,-1,
6122,5,-1,3,False,True,-1,
6122,2,-1,5,False,True,-1,
6122,3,-1,3,False,True,-1,
6122,0,-1,4,False,True,-1,
6142,2,-1,7,False,True,-1,
6142,7,-1,3,False,True,-1,
6142,8,-1,12,False,True,-1,
6152,7,-1,3,False,True,-1,
6162,7,-1,3,False,True,-1,
6172,8,-1,5,False,True,-1,
6172,6,-1,5,False,,-1,
6172,7,-1,3,False,True,-1,
6172,0,-1,4,False,True,-1,
6182,8,-1,5,False,True,-1,
6182,0,-1,4,False,True,-1,
6192,0,-1,4,False,True,-1,
6192,2,-1,3,False,True,-1,
6192,7,-1,3,False,True,-1,
6192,0,-1,4,False,True,-1,
6202,9,-1,14,False,True,-1,
6202,0,-1,4,False,True,-1,
6202,5,-1,7,False,True,-1,
6202,7,-1,3,False,True,-1,
6202,6,-1,5,False,,-1,
6202,8,-1,5,False,True,-1,
6202,2,-1,8,False,True,-1,
6222,2,-1,11,False,True,-1,
6222,5,-1,3,False,,-1,
6222,9,-1,7,False,,-1,
6222,0,-1,4,False,,-1,
6222,4,-1,3,False,,-1,
6222,0,-1,4,False,,-1,
6232,9,-1,7,False,,-1,
6232,7,-1,1,False,True,-1,
6232,4,-1,3,False,,-1,
6242,5,-1,3,False,,-1,
6242,3,-1,1,False,,-1,
6242,9,-1,7,False,,-1,
6252,0,-1,2,False,True,-1,
6252,9,-1,3,False,True,-1,
6252,8,-1,1,False,,-1,
6262,2,-1,11,False,True,-1,
6262,9,-1,3,False,True,-1,
6272,7,-1,4,False,True,-1,
6292,7,-1,4,False,True,-1,
6302,7,-1,4,False,True,-1,
6302,5,-1,7,False,True,-1,
6312,7,-1,4,False,True,-1,
6312,2,-1,1,False,True,-1,
6312,8,-1,1,False,True,-1,
6322,7,-1,4,False,True,-1,
6332,1,-1,26,False,True,-1,
6332,2,-1,11,False,True,-1,
6352,9,-1,3,False,True,-1,
6352,2,-1,11,False,True,-1,
6352,7,-1,4,False,True,-1,
6362,8,-1,1,False,,-1,
6362,5,-1,6,False,True,-1,
6362,3,-1,4,False,True,-1,
6362,2,-1,11,False,True,-1,
6362,9,-1,3,False,True,-1,
6372,6,-1,5,False,,-1,
6372,5,-1,6,False,True,-1,
6382,6,-1,5,False,,-1,
6382,2,-1,11,False,True,-1,
6382,7,-1,4,False,True,-1,
6392,7,-1,4,False,True,-1,
6392,8,-1,5,False,True,-1,
6392,2,-1,11,False,True,-1,
6392,2,-1,11,False,True,-1,
6402,1,-1,24,False,True,-1,
6402,2,-1,11,False,True,-1,
6402,7,-1,4,False,True,-1,
6412,7,-1,4,False,True,-1,
6412,3,-1,4,False,True,-1,
6412,2,-1,10,False,True,-1,
6412,9,-1,3,False,True,-1,
6412,7,-1,4,False,True,-1,
6422,3,-1,4,False,True,-1,
6422,2,-1,10,False,True,-1,
6422,5,-1,1,False,True,-1,
6422,2,-1,10,False,True,-1,
6422,8,-1,5,False,True,-1,
6432,5,-1,1,False,True,-1,
6432,2,-1,10,False,True,-1,
6432,3,-1,1,False,,-1,
6432,0,-1,4,False,,-1,
6432,0,-1,4,False,,-1,
6432,3,-1,1,False,,-1,
6432,9,-1,15,False,True,-1,
6442,1,-1,4,False,True,-1,
6442,7,-1,3,False,True,-1,
6452,3,-1,4,False,True,-1,
6462,8,-1,12,False,True,-1,
6462,5,-1,3,False,,-1,
6462,7,-1,4,False,True,-1,
6472,9,-1,15,False,True,-1,
6472,3,-1,4,False,True,-1,
6472,2,-1,3,False,,-1,
6472,3,-1,4,False,True,-1,
6472,7,-1,6,False,,-1,
6482,5,-1,1,False,True,-1,
6482,3,-1,4,False,True,-1,
6482,7,-1,6,False,,-1,
6482,2,-1,2,False,True,-1,
6482,3,-1,4,False,True,-1,
6492,3,-1,4,False,True,-1,
6492,4,-1,4,False,True,-1,
6492,1,-1,2,False,,-1,
6492,3,-1,4,False,True,-1,
6502,3,-1,4,False,True,-1,
6502,2,-1,2,False,True,-1,
6502,5,-1,1,False,True,-1,
6502,3,-1,4,False,True,-1,
6502,1,-1,2,False,,-1,
6502,3,-1,4,False,True,-1,
6512,1,-1,2,False,,-1,
6512,2,-1,3,False,True,-1,
6512,0,-1,6,False,True,-1,
6512,3,-1,4,False,True,-1,
6512,2,-1,3,False,True,-1,
6522,3,-1,4,False,True,-1,
6522,4,-1,6,False,,-1,
6522,4,-1,6,False,,-1,
6522,3,-1,4,False,True,-1,
6522,6,-1,5,False,,-1,
6522,3,-1,4,False,True,-1,
6532,3,-1,4,False,True,-1,
6532,3,-1,4,False,True,-1,
6532,6,-1,5,False,,-1,
6532,0,-1,6,False,True,-1,
6532,1,-1,24,False,True,-1,
6542,3,-1,4,False,True,-1,
6542,8,-1,1,False,True,-1,
6542,8,-1,1,False,True,-1,
6542,8,-1,1,False,True,-1,
6542,3,-1,4,False,True,-1,
6542,3,-1,4,False,True,-1,
6552,1,-1,24,False,True,-1,
6552,4,-1,4,False,True,-1,
6552,3,-1,4,False,True,-1,
6562,8,-1,12,False,True,-1,
6562,3,-1,4,False,True,-1,
6562,4,-1,4,False,True,-1,
6562,9,-1,29,False,True,-1,
6562,2,-1,1,False,,-1,
6562,2,-1,1,False,,-1,
6572,3,-1,4,False,True,-1,
6572,8,-1,12,False,True,-1,
6572,8,-1,12,False,True,-1,
6582,1,-1,24,False,True,-1,
6592,8,-1,12,False,True,-1,
6592,4,-1,16,False,True,-1,
6592,8,-1,12,False,True,-1,
6592,4,-1,16,False,True,-1,
6592,7,-1,1,False,,-1,
6592,8,-1,12,False,True,-1,
6602,8,-1,12,False,True,-1,
6602,2,-1,10,False,True,-1,
6612,8,-1,12,False,True,-1,
6612,1,-1,24,False,True,-1,
6612,8,-1,12,False,True,-1,
6612,4,-1,20,False,True,-1,
6622,8,-1,12,False,True,-1,
6622,4,-1,20,False,True,-1,
6622,2,-1,9,False,True,-1,
6622,8,-1,12,False,True,-1,
6622,8,-1,12,False,True,-1,
6632,8,-1,12,False,True,-1,
6632,2,-1,3,False,True,-1,
6642,8,-1,12,False,True,-1,
6642,4,-1,6,False,,-1,
6642,8,-1,2,False,,-1,
6642,8,-1,2,False,,-1,
6662,2,-1,1,False,,-1,
6662,8,-1,12,False,True,-1,
6672,9,-1,3,False,True,-1,
6672,8,-1,12,False,True,-1,
6672,7,-1,1,False,,-1,
6672,3,-1,1,False,,-1,
6672,4,-1,1,False,True,-1,
6682,3,-1,1,False,,-1,
6682,4,-1,1,False,True,-1,
6682,3,-1,1,False,,-1,
6692,8,-1,12,False,True,-1,
6702,8,-1,12,False,True,-1,
6702,9,-1,7,False,,-1,
6712,8,-1,12,False,True,-1,
6712,8,-1,12,False,True,-1,
6712,9,-1,7,False,,-1,
6712,3,-1,1,False,True,-1,
6712,1,-1,24,False,True,-1,
6712,7,-1,7,False,True,-1,
6722,6,-1,52,False,True,-1,
6722,0,-1,4,False,True,-1,
6722,0,-1,4,False,True,-1,
6722,0,-1,4,False,True,-1,
6722,0,-1,4,False,True,-1,
6722,7,-1,7,False,True,-1,
6722,1,-1,24,False,True,-1,
6732,2,-1,3,False,True,-1,
6732,6,-1,52,False,True,-1,
6732,2,-1,3,False,True,-1,
6732,5,-1,3,False,True,-1,
6732,2,-1,3,False,True,-1,
6742,8,-1,12,False,True,-1,
6742,8,-1,12,False,True,-1,
6742,4,-1,6,False,,-1,
6742,7,-1,7,False,True,-1,
6742,6,-1,52,False,True,-1,
6742,1,-1,24,False,True,-1,
6742,8,-1,12,False,True,-1,
6742,5,-1,1,False,True,-1,
6752,0,-1,4,False,,-1,
6752,8,-1,12,False,True,-1,
6752,7,-1,7,False,True,-1,
6752,1,-1,24,False,True,-1,
6752,2,-1,2,False,True,-1,
6752,8,-1,12,False,True,-1,
6752,7,-1,7,False,True,-1,
6752,4,-1,19,False,True,-1,
6752,6,-1,52,False,True,-1,
6762,1,-1,24,False,True,-1,
6762,7,-1,7,False,True,-1,
6762,4,-1,19,False,True,-1,
6762,8,-1,12,False,True,-1,
6762,7,-1,7,False,True,-1,
6772,1,-1,24,False,True,-1,
6772,7,-1,7,False,True,-1,
6772,8,-1,3,False,True,-1,
6782,8,-1,3,False,True,-1,
6782,7,-1,7,False,True,-1,
6782,3,-1,4,False,True,-1,
6782,2,-1,1,False,,-1,
6792,4,-1,6,False,,-1,
6792,6,-1,5,False,,-1,
6802,1,-1,24,False,True,-1,
6802,7,-1,7,False,True,-1,
6812,2,-1,3,False,True,-1,
6812,7,-1,7,False,True,-1,
6812,2,-1,3,False,True,-1,
6812,1,-1,24,False,True,-1,
6822,0,-1,5,False,True,-1,
6822,8,-1,5,False,True,-1,
6822,7,-1,7,False,True,-1,
6832,2,-1,4,False,True,-1,
6832,0,-1,5,False,True,-1,
6832,4,-1,18,False,True,-1,
6832,8,-1,4,False,True,-1,
6832,0,-1,5,False,True,-1,
6842,2,-1,4,False,True,-1,
6842,4,-1,18,False,True,-1,
6842,7,-1,6,False,True,-1,
6842,0,-1,5,False,True,-1,
6842,4,-1,18,False,True,-1,
6842,0,-1,5,False,True,-1,
6852,7,-1,6,False,True,-1,
6852,8,-1,3,False,True,-1,
6852,4,-1,18,False,True,-1,
6852,2,-1,9,False,True,-1,
6852,4,-1,18,False,True,-1,
6852,7,-1,6,False,True,-1,
6852,4,-1,18,False,True,-1,
6862,2,-1,2,False,True,-1,
6872,8,-1,12,False,True,-1,
6872,8,-1,2,False,,-1,
6872,7,-1,8,False,True,-1,
6882,7,-1,8,False,True,-1,
6882,2,-1,7,False,True,-1,
6882,0,-1,5,False,True,-1,
6892,9,-1,30,False,True,-1,
6892,2,-1,9,False,True,-1,
6902,8,-1,3,False,True,-1,
6902,0,-1,5,False,True,-1,
6912,2,-1,9,False,True,-1,
6912,0,-1,5,False,True,-1,
6912,7,-1,8,False,True,-1,
6912,8,-1,2,False,,-1,
6922,8,-1,2,False,,-1,
6922,2,-1,1,False,True,-1,
6922,5,-1,7,False,True,-1,
6922,0,-1,5,False,True,-1,
6922,2,-1,1,False,True,-1,
6922,1,-1,24,False,True,-1,
6932,5,-1,7,False,True,-1,
6932,7,-1,6,False,,-1,
6932,8,-1,4,False,True,-1,
6932,2,-1,3,False,True,-1,
6942,9,-1,29,False,True,-1,
6942,1,-1,24,False,True,-1,
6942,8,-1,4,False,True,-1,
6942,5,-1,7,False,True,-1,
6942,2,-1,3,False,True,-1,
6942,2,-1,3,False,True,-1,
6942,3,-1,1,False,True,-1,
6952,2,-1,3,False,True,-1,
6952,8,-1,7,False,True,-1,
6952,2,-1,3,False,True,-1,
6952,5,-1,7,False,True,-1,
6952,8,-1,7,False,True,-1,
6962,1,-1,24,False,True,-1,
6962,8,-1,8,False,True,-1,
6962,4,-1,18,False,True,-1,
6962,2,-1,6,False,True,-1,
6972,0,-1,6,False,True,-1,
6972,1,-1,24,False,True,-1,
6972,5,-1,3,False,True,-1,
6972,8,-1,5,False,True,-1,
6982,9,-1,29,False,True,-1,
6982,3,-1,1,False,True,-1,
6982,2,-1,9,False,True,-1,
6982,7,-1,1,False,,-1,
6982,8,-1,5,False,True,-1,
6982,3,-1,1,False,True,-1,
6992,2,-1,3,False,True,-1,
6992,2,-1,3,False,True,-1,
7002,7,-1,14,False,True,-1,
7002,2,-1,2,False,True,-1,
7012,7,-1,14,False,True,-1,
7012,5,-1,10,False,True,-1,
7012,4,-1,3,False,True,-1,
7012,9,-1,11,False,True,-1,
7012,8,-1,12,False,True,-1,
7012,7,-1,14,False,True,-1,
7022,2,-1,3,False,True,-1,
7022,4,-1,18,False,True,-1,
7032,5,-1,3,False,True,-1,
7032,8,-1,12,False,True,-1,
7042,8,-1,2,False,,-1,
7042,1,-1,2,False,,-1,
7052,2,-1,2,False,True,-1,
7052,4,-1,6,False,,-1,
7052,3,-1,1,False,True,-1,
7052,8,-1,7,False,True,-1,
7062,2,-1,8,False,True,-1,
7062,9,-1,31,False,True,-1,
7062,1,-1,2,False,,-1,
7062,0,-1,4,False,,-1,
7062,9,-1,31,False,True,-1,
7062,3,-1,1,False,True,-1,
7072,0,-1,4,False,,-1,
7072,0,-1,4,False,,-1,
7072,2,-1,8,False,True,-1,
7082,8,-1,11,False,True,-1,
7092,2,-1,3,False,True,-1,
7092,4,-1,10,False,True,-1,
7092,9,-1,31,False,True,-1,
7092,2,-1,3,False,True,-1,
7102,8,-1,4,False,True,-1,
7102,4,-1,10,False,True,-1,
7102,6,-1,25,False,True,-1,
7102,0,-1,9,False,True,-1,
7112,0,-1,9,False,True,-1,
7112,2,-1,7,False,True,-1,
7112,7,-1,5,False,True,-1,
7112,4,-1,10,False,True,-1,
7112,5,-1,9,False,True,-1,
7122,3,-1,1,False,True,-1,
7122,7,-1,5,False,True,-1,
7122,0,-1,9,False,True,-1,
7122,2,-1,4,False,True,-1,
7132,8,-1,11,False,True,-1,
7142,4,-1,6,True,,-1,
7142,4,-1,6,True,,-1,
7142,4,-1,6,True,,-1,
7142,4,-1,6,True,,-1,
7142,4,-1,6,True,,-1,
7142,4,-1,6,True,,-1,
7142,4,-1,6,True,,-1,
7142,4,-1,6,True,,-1,
7142,4,-1,6,True,,-1,
7142,4,-1,6,True,,-1,
7142,4,-1,6,True,,-1,
7142,4,-1,6,True,,-1,
7142,4,-1,6,True,,-1,
7142,4,-1,6,True,,-1,
7142,4,-1,6,True,,-1,
7152,4,-1,6,False,,-1,
7152,2,-1,4,False,True,-1,
7162,7,-1,14,False,True,-1,
7162,7,-1,14,False,True,-1,
7172,1,-1,21,False,True,-1,
7172,5,-1,8,False,True,-1,
7172,7,-1,6,False,,-1,
7182,7,-1,6,False,,-1,
7182,5,-1,8,False,True,-1,
7182,1,-1,21,False,True,-1,
7192,2,-1,2,False,True,-1,
7192,2,-1,2,False,True,-1,
7192,8,-1,9,False,True,-1,
7202,4,-1,16,False,True,-1,
7202,2,-1,1,False,True,-1,
7202,5,-1,1,False,True,-1,
7202,2,-1,1,False,True,-1,
7212,0,-1,12,False,True,-1,
7212,8,-1,9,False,True,-1,
7222,1,-1,20,False,True,-1,
7222,9,-1,30,False,True,-1,
7222,5,-1,1,False,True,-1,
7222,2,-1,2,False,,-1,
7232,2,-1,8,False,True,-1,
7242,8,-1,9,False,True,-1,
7242,4,-1,9,False,True,-1,
7252,2,-1,7,False,True,-1,
7252,7,-1,5,False,True,-1,
7262,2,-1,2,False,True,-1,
7262,4,-1,18,False,True,-1,
7272,0,-1,1,False,,-1,
7272,9,-1,29,False,True,-1,
7272,5,-1,9,False,True,-1,
7272,4,-1,18,False,True,-1,
7272,2,-1,2,False,True,-1,
7272,8,-1,9,False,True,-1,
7272,0,-1,1,False,,-1,
7272,0,-1,1,False,,-1,
7272,5,-1,9,False,True,-1,
7272,4,-1,18,False,True,-1,
7272,0,-1,1,False,,-1,
7272,0,-1,1,False,,-1,
7282,7,-1,1,False,,-1,
7292,5,-1,3,False,,-1,
7292,2,-1,2,False,True,-1,
7292,9,-1,29,False,True,-1,
7302,8,-1,9,False,True,-1,
7302,5,-1,3,False,,-1,
7302,2,-1,2,False,True,-1,
7302,7,-1,20,False,True,-1,
7302,8,-1,2,False,,-1,
7322,7,-1,6,False,,-1,
7322,7,-1,6,False,,-1,
7322,2,-1,6,False,True,-1,
7322,0,-1,5,False,,-1,
7332,9,-1,7,False,,-1,
7332,2,-1,9,False,True,-1,
7332,5,-1,1,False,True,-1,
7342,8,-1,10,False,True,-1,
7342,7,-1,20,False,True,-1,
7352,7,-1,20,False,True,-1,
7352,5,-1,1,False,True,-1,
7362,7,-1,20,False,True,-1,
7362,0,-1,9,False,True,-1,
7362,2,-1,9,False,True,-1,
7372,8,-1,2,False,,-1,
7372,1,-1,20,False,True,-1,
7382,2,-1,9,False,True,-1,
7382,5,-1,1,False,,-1,
7382,9,-1,7,False,,-1,
7382,0,-1,9,False,True,-1,
7392,9,-1,7,False,,-1,
7392,1,-1,20,False,True,-1,
7402,9,-1,7,False,,-1,
7402,0,-1,9,False,True,-1,
7402,8,-1,9,False,True,-1,
7412,0,-1,9,False,True,-1,
7412,2,-1,9,False,True,-1,
7422,4,-1,12,False,True,-1,
7422,8,-1,9,False,True,-1,
7422,4,-1,12,False,True,-1,
7432,8,-1,2,False,,-1,
7432,0,-1,9,False,True,-1,
7442,4,-1,12,False,True,-1,
7442,0,-1,3,False,True,-1,
7452,8,-1,8,False,True,-1,
7452,0,-1,3,False,True,-1,
7462,5,-1,8,False,True,-1,
7462,8,-1,8,False,True,-1,
7462,2,-1,2,False,True,-1,
7472,9,-1,29,False,True,-1,
7472,2,-1,2,False,True,-1,
7472,5,-1,7,False,True,-1,
7472,2,-1,2,False,True,-1,
7482,0,-1,9,False,True,-1,
7482,8,-1,8,False,True,-1,
7482,4,-1,18,False,True,-1,
7482,5,-1,7,False,True,-1,
7482,3,-1,1,False,True,-1,
7492,8,-1,2,False,,-1,
7492,4,-1,18,False,True,-1,
7492,3,-1,1,False,True,-1,
7492,2,-1,6,False,True,-1,
7492,3,-1,1,False,True,-1,
7492,0,-1,11,False,True,-1,
7502,7,-1,15,False,True,-1,
7502,3,-1,1,False,True,-1,
7502,4,-1,18,False,True,-1,
7502,1,-1,20,False,True,-1,
7502,7,-1,15,False,True,-1,
7512,8,-1,2,False,,-1,
7512,6,-1,5,False,,-1,
7512,8,-1,2,False,,-1,
7512,0,-1,11,False,True,-1,
7512,5,-1,7,False,True,-1,
7522,1,-1,20,False,True,-1,
7522,6,-1,5,False,,-1,
7522,7,-1,14,False,True,-1,
7532,8,-1,8,False,True,-1,
7532,2,-1,2,False,True,-1,
7532,6,-1,5,False,,-1,
7532,5,-1,7,False,True,-1,
7542,2,-1,2,False,True,-1,
7542,0,-1,10,False,True,-1,
7542,8,-1,8,False,True,-1,
7542,7,-1,6,False,True,-1,
7542,9,-1,29,False,True,-1,
7542,1,-1,20,False,True,-1,
7552,2,-1,3,False,True,-1,
7562,0,-1,9,False,True,-1,
7562,3,-1,1,False,True,-1,
7562,6,-1,5,False,,-1,
7562,1,-1,20,False,True,-1,
7562,8,-1,7,False,True,-1,
7562,7,-1,6,False,,-1,
7562,2,-1,3,False,True,-1,
7572,8,-1,7,False,True,-1,
7572,0,-1,9,False,True,-1,
7572,2,-1,2,False,True,-1,
7572,1,-1,20,False,True,-1,
7572,8,-1,7,False,True,-1,
7582,9,-1,0,False,,-1,
7582,7,-1,16,False,True,-1,
7582,2,-1,2,False,True,-1,
7582,8,-1,7,False,True,-1,
7582,5,-1,5,False,True,-1,
7582,7,-1,16,False,True,-1,
7582,4,-1,0,False,,-1,
7592,0,-1,9,False,True,-1,
7592,1,-1,20,False,True,-1,
7592,2,-1,3,False,True,-1,
7592,4,-1,0,False,,-1,
7592,6,-1,3,False,True,-1,
7602,8,-1,7,False,True,-1,
7602,7,-1,6,False,True,-1,
7602,2,-1,2,False,True,-1,
7602,6,-1,3,False,True,-1,
7612,4,-1,18,False,True,-1,
7622,4,-1,18,False,True,-1,
7622,2,-1,3,False,True,-1,
7622,8,-1,7,False,True,-1,
7622,3,-1,2,False,True,-1,
7622,4,-1,18,False,True,-1,
7622,3,-1,2,False,True,-1,
7622,4,-1,18,False,True,-1,
7622,2,-1,3,False,True,-1,
7632,6,-1,3,False,True,-1,
7632,4,-1,18,False,True,-1,
7642,2,-1,5,False,True,-1,
7642,6,-1,3,False,True,-1,
7642,8,-1,7,False,True,-1,
7642,8,-1,7,False,True,-1,
7642,9,-1,11,False,True,-1,
7652,7,-1,5,False,True,-1,
7652,8,-1,7,False,True,-1,
7652,1,-1,10,False,True,-1,
7652,8,-1,7,False,True,-1,
7652,5,-1,2,False,True,-1,
7652,9,-1,7,False,,-1,
7662,8,-1,7,False,True,-1,
7662,8,-1,7,False,True,-1,
7662,8,-1,7,False,True,-1,
7672,0,-1,6,True,,-1,
7672,8,-1,7,False,True,-1,
7672,0,-1,6,True,,-1,
7682,0,-1,6,False,,-1,
7682,3,-1,2,False,True,-1,
7682,8,-1,7,False,True,-1,
7692,5,-1,6,False,True,-1,
7692,4,-1,18,False,True,-1,
7702,4,-1,6,False,,-1,
7702,0,-1,1,False,,-1,
7712,7,-1,5,False,True,-1,
7712,7,-1,5,False,True,-1,
7712,7,-1,5,False,True,-1,
7712,7,-1,5,False,True,-1,
7712,5,-1,4,False,True,-1,
7712,2,-1,2,False,True,-1,
7722,2,-1,2,False,True,-1,
7722,1,-1,2,False,,-1,
7722,5,-1,4,False,True,-1,
7732,9,-1,2,False,True,-1,
7732,1,-1,2,False,,-1,
7732,11,-1,0,False,,-1,
7732,2,-1,4,False,True,-1,
7742,4,-1,18,False,True,-1,
7742,0,-1,8,False,True,-1,
7742,1,-1,2,False,,-1,
7742,1,-1,2,False,,-1,
7742,4,-1,18,False,True,-1,
7752,9,-1,2,False,True,-1,
7752,2,-1,4,False,True,-1,
7752,8,-1,1,False,True,-1,
7752,0,-1,8,False,True,-1,
7762,7,-1,6,False,,-1,
7762,8,-1,1,False,True,-1,
7762,0,-1,8,False,True,-1,
7762,9,-1,2,False,True,-1,
7772,2,-1,4,False,True,-1,
7772,0,-1,8,False,True,-1,
7782,9,-1,3,False,True,-1,
7782,8,-1,6,False,True,-1,
7782,0,-1,8,False,True,-1,
7782,4,-1,18,False,True,-1,
7782,0,-1,8,False,True,-1,
7792,1,-1,18,False,True,-1,
7792,4,-1,18,False,True,-1,
7792,0,-1,8,False,True,-1,
7792,2,-1,4,False,True,-1,
7792,4,-1,18,False,True,-1,
7792,0,-1,8,False,True,-1,
7792,5,-1,1,False,True,-1,
7802,8,-1,6,False,True,-1,
7802,4,-1,18,False,True,-1,
7802,0,-1,8,False,True,-1,
7802,2,-1,3,False,True,-1,
7802,4,-1,18,False,True,-1,
7802,0,-1,8,False,True,-1,
7812,2,-1,2,False,,-1,
7812,4,-1,18,False,True,-1,
7812,0,-1,8,False,True,-1,
7812,3,-1,2,False,True,-1,
7812,7,-1,0,False,,-1,
7812,0,-1,8,False,True,-1,
7812,4,-1,18,False,True,-1,
7822,1,-1,18,False,True,-1,
7822,4,-1,18,False,True,-1,
7822,2,-1,2,False,True,-1,
7822,3,-1,2,False,True,-1,
7822,0,-1,8,False,True,-1,
7832,2,-1,2,False,True,-1,
7832,9,-1,0,False,,-1,
7842,2,-1,3,False,True,-1,
7842,1,-1,18,False,True,-1,
7842,2,-1,3,False,True,-1,
7842,0,-1,8,False,True,-1,
7852,4,-1,18,False,True,-1,
7852,9,-1,3,False,True,-1,
7852,8,-1,2,False,True,-1,
7852,2,-1,2,False,,-1,
7852,5,-1,3,False,True,-1,
7852,9,-1,3,False,True,-1,
7852,6,-1,3,False,True,-1,
7862,8,-1,2,False,,-1,
7862,7,-1,12,False,True,-1,
7862,2,-1,2,False,,-1,
7862,1,-1,17,False,True,-1,
7862,8,-1,2,False,,-1,
7862,2,-1,2,False,,-1,
7862,6,-1,3,False,True,-1,
7862,7,-1,12,False,True,-1,
7872,6,-1,3,False,True,-1,
7872,2,-1,3,False,True,-1,
7882,5,-1,3,False,,-1,
7882,8,-1,8,False,True,-1,
7882,1,-1,17,False,True,-1,
7892,2,-1,2,False,True,-1,
7892,8,-1,8,False,True,-1,
7892,1,-1,17,False,True,-1,
7892,8,-1,8,False,True,-1,
7902,2,-1,2,False,True,-1,
7902,7,-1,12,False,True,-1,
7902,0,-1,7,False,,-1,
7902,6,-1,5,False,,-1,
7912,1,-1,17,False,True,-1,
7912,3,-1,1,False,,-1,
7912,6,-1,5,False,,-1,
7912,2,-1,3,False,True,-1,
7922,8,-1,8,False,True,-1,
7922,0,-1,1,False,True,-1,
7932,2,-1,4,False,True,-1,
7932,0,-1,1,False,True,-1,
7932,6,-1,5,False,,-1,
7932,5,-1,3,False,True,-1,
7942,9,-1,29,False,True,-1,
7942,4,-1,8,False,True,-1,
7942,2,-1,1,False,True,-1,
7942,7,-1,4,False,True,-1,
7952,7,-1,4,False,True,-1,
7952,2,-1,4,False,True,-1,
7962,7,-1,4,False,True,-1,
7972,4,-1,7,False,True,-1,
7972,1,-1,3,False,True,-1,
7972,2,-1,4,False,True,-1,
7982,8,-1,8,False,True,-1,
7982,4,-1,6,False,,-1,
7992,5,-1,3,False,True,-1,
7992,0,-1,2,False,True,-1,
7992,1,-1,3,False,True,-1,
8002,8,-1,2,False,,-1,
8012,2,-1,9,False,True,-1,
8012,2,-1,9,False,True,-1,
8012,4,-1,6,False,,-1,
8012,7,-1,6,False,,-1,
8022,5,-1,3,False,True,-1,
8032,7,-1,6,False,,-1,
8032,9,-1,15,False,True,-1,
8032,1,-1,2,False,,-1,
8042,0,-1,1,False,,-1,
8052,7,-1,1,False,,-1,
8052,2,-1,9,False,True,-1,
8052,5,-1,5,False,True,-1,
8052,1,-1,2,False,,-1,
8052,2,-1,9,False,True,-1,
8062,0,-1,3,False,True,-1,
8062,9,-1,7,False,,-1,
8062,0,-1,3,False,True,-1,
8062,5,-1,5,False,True,-1,
8082,2,-1,1,False,True,-1,
8082,2,-1,1,False,True,-1,
8082,7,-1,5,False,True,-1,
8082,9,-1,7,False,,-1,
8092,2,-1,1,False,True,-1,
8092,8,-1,13,False,True,-1,
8092,5,-1,6,False,True,-1,
8092,2,-1,1,False,True,-1,
8102,6,-1,38,False,True,-1,
8102,7,-1,5,False,True,-1,
8102,7,-1,5,False,True,-1,
8102,7,-1,5,False,True,-1,
8112,4,-1,16,False,True,-1,
8112,9,-1,3,False,True,-1,
8112,5,-1,6,False,True,-1,
8112,2,-1,4,False,True,-1,
8112,9,-1,3,False,True,-1,
8112,6,-1,38,False,True,-1,
8122,2,-1,4,False,True,-1,
8122,0,-1,3,False,True,-1,
8122,5,-1,6,False,True,-1,
8122,2,-1,4,False,True,-1,
8122,7,-1,6,False,,-1,
8122,0,-1,3,False,True,-1,
8122,4,-1,6,False,,-1,
8132,0,-1,3,False,True,-1,
8132,2,-1,4,False,True,-1,
8142,7,-1,9,False,True,-1,
8142,2,-1,1,False,True,-1,
8152,4,-1,6,False,,-1,
8162,6,-1,5,False,,-1,
8162,5,-1,5,False,True,-1,
8162,6,-1,5,False,,-1,
8172,7,-1,7,False,True,-1,
8172,5,-1,5,False,True,-1,
8172,7,-1,7,False,True,-1,
8172,9,-1,27,False,True,-1,
8192,7,-1,6,False,True,-1,
8192,0,-1,4,False,True,-1,
8192,2,-1,8,False,,-1,
8192,1,-1,11,False,True,-1,
8202,3,-1,1,False,,-1,
8202,9,-1,27,False,True,-1,
8202,0,-1,4,False,True,-1,
8202,8,-1,1,False,,-1,
8212,3,-1,1,False,True,-1,
8212,0,-1,4,False,True,-1,
8222,5,-1,5,False,True,-1,
8222,2,-1,4,False,True,-1,
8232,1,-1,10,False,True,-1,
8232,6,-1,5,False,,-1,
8232,4,-1,16,False,True,-1,
8232,2,-1,4,False,True,-1,
8242,4,-1,16,False,True,-1,
8242,1,-1,10,False,True,-1,
8242,5,-1,2,False,True,-1,
8242,0,-1,7,False,,-1,
8242,1,-1,10,False,True,-1,
8242,4,-1,16,False,True,-1,
8242,0,-1,7,False,,-1,
8252,4,-1,16,False,True,-1,
8252,2,-1,4,False,True,-1,
8252,3,-1,1,False,True,-1,
8252,5,-1,4,False,True,-1,
8262,4,-1,16,False,True,-1,
8262,0,-1,3,False,True,-1,
8262,4,-1,16,False,True,-1,
8262,7,-1,1,False,,-1,
8272,1,-1,9,False,True,-1,
8282,2,-1,2,False,True,-1,
8282,2,-1,2,False,True,-1,
8282,0,-1,3,False,True,-1,
8292,0,-1,3,False,True,-1,
8292,2,-1,2,False,True,-1,
8292,5,-1,4,False,,-1,
8292,1,-1,8,False,True,-1,
8292,4,-1,8,False,True,-1,
8302,0,-1,3,False,True,-1,
8302,2,-1,4,False,True,-1,
8302,3,-1,1,False,,-1,
8312,4,-1,16,False,True,-1,
8312,9,-1,7,False,,-1,
8312,4,-1,16,False,True,-1,
8312,2,-1,2,False,True,-1,
8322,5,-1,4,False,,-1,
8322,2,-1,2,False,True,-1,
8322,3,-1,1,False,,-1,
8322,2,-1,2,False,True,-1,
8332,4,-1,16,False,True,-1,
8332,0,-1,9,False,True,-1,
8332,2,-1,4,False,True,-1,
8332,5,-1,3,False,True,-1,
8342,0,-1,9,False,True,-1,
8342,7,-1,0,False,,-1,
8342,2,-1,2,False,,-1,
8342,2,-1,2,False,,-1,
8362,0,-1,3,False,True,-1,
8362,5,-1,3,False,True,-1,
8362,4,-1,16,False,True,-1,
8382,5,-1,3,False,True,-1,
8382,6,-1,35,False,True,-1,
8382,7,-1,2,False,True,-1,
8392,0,-1,8,False,True,-1,
8392,3,-1,1,False,,-1,
8392,0,-1,8,False,True,-1,
8402,6,-1,34,False,True,-1,
8402,7,-1,4,False,True,-1,
8412,2,-1,2,True,,-1,
8412,7,-1,4,False,True,-1,
8412,2,-1,2,False,,-1,
8422,4,-1,16,False,True,-1,
8422,2,-1,2,False,,-1,
8422,5,-1,2,False,True,-1,
8422,6,-1,34,False,True,-1,
8422,9,-1,6,False,True,-1,
8422,4,-1,16,False,True,-1,
8422,8,-1,2,False,,-1,
8432,4,-1,16,False,True,-1,
8432,6,-1,0,False,,-1,
8442,9,-1,6,False,True,-1,
8442,5,-1,2,False,True,-1,
8442,2,-1,2,False,,-1,
8442,7,-1,4,False,True,-1,
8442,7,-1,4,False,True,-1,
8452,4,-1,16,False,True,-1,
8452,5,-1,2,False,True,-1,
8462,4,-1,1,False,,-1,
8462,7,-1,4,False,True,-1,
8462,7,-1,4,False,True,-1,
8472,5,-1,4,False,True,-1,
8472,8,-1,7,False,True,-1,
8472,1,-1,1,False,,-1,
8472,8,-1,7,False,True,-1,
8472,1,-1,1,False,,-1,
8472,8,-1,7,False,True,-1,
8482,8,-1,7,False,True,-1,
8482,1,-1,1,False,,-1,
8482,2,-1,4,False,True,-1,
8482,7,-1,5,False,True,-1,
8482,8,-1,7,False,True,-1,
8492,8,-1,7,False,True,-1,
8492,7,-1,5,False,True,-1,
8492,8,-1,7,False,True,-1,
8502,0,-1,10,False,True,-1,
8502,8,-1,7,False,True,-1,
8502,8,-1,7,False,True,-1,
8512,8,-1,7,False,True,-1,
8512,2,-1,4,False,True,-1,
8512,4,-1,16,False,True,-1,
8512,0,-1,10,False,True,-1,
8512,8,-1,7,False,True,-1,
8512,9,-1,19,False,True,-1,
8512,4,-1,16,False,True,-1,
8512,2,-1,4,False,True,-1,
8512,8,-1,6,False,True,-1,
8522,9,-1,19,False,True,-1,
8522,8,-1,6,False,True,-1,
8522,7,-1,4,False,True,-1,
8522,0,-1,10,False,True,-1,
8522,8,-1,6,False,True,-1,
8532,8,-1,6,False,True,-1,
8532,2,-1,1,False,True,-1,
8532,6,-1,4,False,True,-1,
8532,8,-1,6,False,True,-1,
8532,2,-1,1,False,True,-1,
8532,9,-1,19,False,True,-1,
8532,7,-1,4,False,True,-1,
8532,0,-1,2,False,True,-1,
8542,2,-1,1,False,True,-1,
8552,1,-1,2,False,,-1,
8552,2,-1,1,False,True,-1,
8552,9,-1,19,False,True,-1,
8552,7,-1,4,False,True,-1,
8552,0,-1,8,False,True,-1,
8562,7,-1,4,False,True,-1,
8572,3,-1,1,False,True,-1,
8572,4,-1,6,False,,-1,
8572,7,-1,4,False,True,-1,
8582,1,-1,2,False,,-1,
8582,0,-1,10,False,True,-1,
8582,4,-1,1,False,,-1,
8592,0,-1,10,False,True,-1,
8592,5,-1,2,False,True,-1,
8592,2,-1,2,False,True,-1,
8592,5,-1,2,False,True,-1,
8602,0,-1,10,False,True,-1,
8602,1,-1,7,False,True,-1,
8602,7,-1,7,False,True,-1,
8602,1,-1,7,False,True,-1,
8602,0,-1,10,False,True,-1,
8612,6,-1,5,False,,-1,
8612,8,-1,10,False,True,-1,
8612,4,-1,6,False,,-1,
8612,8,-1,10,False,True,-1,
8612,7,-1,7,False,True,-1,
8622,8,-1,10,False,True,-1,
8622,2,-1,3,False,True,-1,
8622,5,-1,3,False,True,-1,
8622,0,-1,10,False,True,-1,
8632,0,-1,10,False,True,-1,
8632,3,-1,2,False,True,-1,
8642,7,-1,3,False,True,-1,
8642,2,-1,5,False,True,-1,
8642,0,-1,10,False,True,-1,
8642,9,-1,2,False,True,-1,
8642,7,-1,3,False,True,-1,
8662,8,-1,10,False,True,-1,
8662,2,-1,6,False,True,-1,
8662,6,-1,3,False,True,-1,
8662,6,-1,3,False,True,-1,
8662,7,-1,5,False,,-1,
8672,1,-1,7,False,True,-1,
8672,2,-1,5,False,True,-1,
8672,5,-1,2,False,True,-1,
8682,8,-1,9,False,True,-1,
8682,9,-1,2,False,True,-1,
8682,7,-1,5,False,,-1,
8682,8,-1,9,False,True,-1,
8702,9,-1,2,False,True,-1,
8712,2,-1,6,False,True,-1,
8712,0,-1,4,False,True,-1,
8712,6,-1,3,False,True,-1,
8722,7,-1,7,False,True,-1,
8722,2,-1,5,False,True,-1,
8722,7,-1,7,False,True,-1,
8722,5,-1,2,False,True,-1,
8732,5,-1,2,False,True,-1,
8732,6,-1,3,False,True,-1,
8732,0,-1,4,False,True,-1,
8742,8,-1,1,False,,-1,
8742,3,-1,2,False,True,-1,
8742,2,-1,5,False,True,-1,
8752,7,-1,1,False,True,-1,
8752,5,-1,2,False,True,-1,
8752,6,-1,5,False,,-1,
8752,8,-1,8,False,True,-1,
8752,6,-1,5,False,,-1,
8752,8,-1,8,False,True,-1,
8762,6,-1,5,False,,-1,
8762,4,-1,6,False,,-1,
8762,3,-1,1,False,True,-1,
8772,0,-1,7,False,,-1,
8772,3,-1,1,False,True,-1,
8772,7,-1,4,False,True,-1,
8772,3,-1,1,False,True,-1,
8782,3,-1,1,False,True,-1,
8782,5,-1,5,False,True,-1,
8782,3,-1,1,False,True,-1,
8782,5,-1,5,False,True,-1,
8782,7,-1,4,False,True,-1,
8792,3,-1,1,False,True,-1,
8792,2,-1,1,False,True,-1,
8792,3,-1,1,False,True,-1,
8792,0,-1,10,False,True,-1,
8802,2,-1,1,False,True,-1,
8802,8,-1,1,False,True,-1,
8812,3,-1,1,False,True,-1,
8812,0,-1,9,False,True,-1,
8812,5,-1,2,False,True,-1,
8822,0,-1,9,False,True,-1,
8822,2,-1,5,False,True,-1,
8822,8,-1,7,False,True,-1,
8832,9,-1,19,False,True,-1,
8832,8,-1,1,False,,-1,
8832,8,-1,1,False,,-1,
8842,6,-1,27,False,True,-1,
8842,5,-1,4,False,,-1,
8842,2,-1,1,False,True,-1,
8852,0,-1,10,False,True,-1,
8852,5,-1,4,False,,-1,
8852,8,-1,9,False,True,-1,
8852,6,-1,27,False,True,-1,
8852,2,-1,1,False,True,-1,
8862,4,-1,16,False,True,-1,
8862,6,-1,27,False,True,-1,
8862,4,-1,16,False,True,-1,
8862,0,-1,10,False,True,-1,
8862,4,-1,16,False,True,-1,
8872,0,-1,10,False,True,-1,
8872,2,-1,6,False,True,-1,
8872,4,-1,16,False,True,-1,
8872,8,-1,9,False,True,-1,
8872,6,-1,27,False,True,-1,
8872,9,-1,15,False,True,-1,
8882,1,-1,9,False,True,-1,
8892,6,-1,27,False,True,-1,
8892,4,-1,1,False,,-1,
8892,2,-1,1,False,True,-1,
8902,0,-1,9,False,True,-1,
8902,4,-1,16,False,True,-1,
8912,4,-1,15,False,True,-1,
8912,6,-1,26,False,True,-1,
8912,2,-1,6,False,True,-1,
8912,4,-1,15,False,True,-1,
8912,5,-1,7,False,True,-1,
8912,3,-1,2,False,True,-1,
8922,4,-1,15,False,True,-1,
8922,7,-1,10,False,True,-1,
8922,4,-1,15,False,True,-1,
8932,6,-1,25,False,True,-1,
8932,7,-1,9,False,True,-1,
8932,8,-1,7,False,True,-1,
8932,6,-1,25,False,True,-1,
8942,2,-1,1,False,True,-1,
8942,6,-1,25,False,True,-1,
8942,5,-1,2,False,True,-1,
8942,6,-1,25,False,True,-1,
8952,4,-1,15,False,True,-1,
8952,0,-1,3,False,True,-1,
8952,1,-1,1,False,,-1,
8952,7,-1,9,False,True,-1,
8952,2,-1,1,False,True,-1,
8952,6,-1,25,False,True,-1,
8952,8,-1,6,False,True,-1,
8952,4,-1,15,False,True,-1,
8962,8,-1,6,False,True,-1,
8962,4,-1,15,False,True,-1,
8962,0,-1,3,False,True,-1,
8962,6,-1,25,False,True,-1,
8962,7,-1,9,False,True,-1,
8962,4,-1,15,False,True,-1,
8962,6,-1,25,False,True,-1,
8962,3,-1,2,False,True,-1,
8972,2,-1,1,False,True,-1,
8972,4,-1,15,False,True,-1,
8972,9,-1,17,False,True,-1,
8972,8,-1,6,False,True,-1,
8972,1,-1,8,False,True,-1,
8972,4,-1,15,False,True,-1,
8982,3,-1,2,False,True,-1,
8982,8,-1,6,False,True,-1,
8982,0,-1,13,False,True,-1,
8982,8,-1,6,False,True,-1,
8992,8,-1,6,False,True,-1,
8992,5,-1,6,False,True,-1,
8992,8,-1,6,False,True,-1,
9002,4,-1,4,False,,-1,
9002,0,-1,8,False,True,-1,
9002,8,-1,6,False,True,-1,
9002,2,-1,5,False,True,-1,
9002,0,-1,8,False,True,-1,
9002,8,-1,6,False,True,-1,
9002,2,-1,5,False,True,-1,
9012,1,-1,7,False,True,-1,
9012,5,-1,6,False,True,-1,
9012,6,-1,25,False,True,-1,
9012,2,-1,5,False,True,-1,
9012,4,-1,15,False,True,-1,
9012,6,-1,25,False,True,-1,
9012,4,-1,15,False,True,-1,
9022,0,-1,10,False,True,-1,
9022,8,-1,6,False,True,-1,
9022,4,-1,15,False,True,-1,
9022,6,-1,25,False,True,-1,
9022,9,-1,16,False,True,-1,
9022,0,-1,10,False,True,-1,
9022,4,-1,15,False,True,-1,
9022,6,-1,24,False,True,-1,
9032,5,-1,1,False,True,-1,
9032,7,-1,9,False,True,-1,
9032,6,-1,24,False,True,-1,
9042,0,-1,16,False,True,-1,
9042,8,-1,6,False,True,-1,
9042,8,-1,1,False,,-1,
9042,6,-1,24,False,True,-1,
9042,2,-1,2,False,,-1,
9052,4,-1,15,False,True,-1,
9052,8,-1,1,False,,-1,
9052,4,-1,15,False,True,-1,
9052,0,-1,16,False,True,-1,
9052,4,-1,15,False,True,-1,
9062,9,-1,9,False,True,-1,
9062,1,-1,5,False,True,-1,
9062,8,-1,6,False,True,-1,
9062,0,-1,7,False,True,-1,
9072,0,-1,7,False,True,-1,
9072,5,-1,4,False,,-1,
9072,2,-1,5,False,True,-1,
9082,7,-1,5,False,,-1,
9082,6,-1,24,False,True,-1,
9082,5,-1,4,False,,-1,
9082,3,-1,2,False,,-1,
9082,7,-1,5,False,,-1,
9092,6,-1,24,False,True,-1,
9092,0,-1,8,False,True,-1,
9092,2,-1,2,False,True,-1,
9092,3,-1,2,False,,-1,
9092,6,-1,24,False,True,-1,
9102,6,-1,24,False,True,-1,
9102,2,-1,5,False,True,-1,
9102,5,-1,1,False,True,-1,
9102,9,-1,7,False,,-1,
9102,0,-1,6,False,True,-1,
9112,6,-1,24,False,True,-1,
9112,6,-1,24,False,True,-1,
9122,1,-1,14,False,True,-1,
9122,7,-1,4,False,True,-1,
9122,7,-1,4,False,True,-1,
9122,7,-1,4,False,True,-1,
9122,7,-1,4,False,True,-1,
9122,2,-1,5,False,True,-1,
9122,6,-1,24,False,True,-1,
9122,9,-1,17,False,True,-1,
9122,1,-1,14,False,True,-1,
9122,0,-1,10,False,True,-1,
9122,6,-1,24,False,True,-1,
9122,9,-1,17,False,True,-1,
9132,6,-1,24,False,True,-1,
9132,8,-1,7,False,True,-1,
9132,6,-1,24,False,True,-1,
9132,0,-1,14,False,True,-1,
9142,6,-1,24,False,True,-1,
9142,0,-1,14,False,True,-1,
9142,2,-1,1,False,True,-1,
9142,8,-1,1,False,,-1,
9142,5,-1,1,False,True,-1,
9152,8,-1,1,False,,-1,
9152,2,-1,5,False,True,-1,
9152,6,-1,24,False,True,-1,
9162,5,-1,4,False,True,-1,
9162,7,-1,6,False,True,-1,
9162,2,-1,6,False,True,-1,
9172,9,-1,15,False,True,-1,
9172,7,-1,5,False,True,-1,
9182,5,-1,4,False,True,-1,
9182,8,-1,7,False,True,-1,
9182,6,-1,5,False,,-1,
9182,2,-1,2,False,True,-1,
9192,4,-1,4,False,,-1,
9192,2,-1,2,False,True,-1,
9192,5,-1,2,False,True,-1,
9202,4,-1,6,False,,-1,
9202,2,-1,1,False,True,-1,
9202,7,-1,5,False,,-1,
9202,7,-1,5,False,,-1,
9202,2,-1,1,False,True,-1,
9202,6,-1,22,False,True,-1,
9212,0,-1,3,False,,-1,
9212,9,-1,15,False,True,-1,
9212,5,-1,3,False,True,-1,
9222,2,-1,5,False,True,-1,
9222,8,-1,1,False,True,-1,
9222,11,-1,0,False,,-1,
9222,8,-1,1,False,True,-1,
9232,9,-1,15,False,True,-1,
9232,8,-1,1,False,,-1,
9232,1,-1,1,False,,-1,
9232,8,-1,1,False,,-1,
9232,0,-1,12,False,True,-1,
9242,1,-1,1,False,,-1,
9252,2,-1,4,False,True,-1,
9252,0,-1,11,False,True,-1,
9262,0,-1,11,False,True,-1,
9272,1,-1,12,False,True,-1,
9272,7,-1,1,False,True,-1,
9272,4,-1,15,False,True,-1,
9272,2,-1,1,False,True,-1,
9282,2,-1,1,False,True,-1,
9282,6,-1,22,False,True,-1,
9282,8,-1,5,False,True,-1,
9282,4,-1,15,False,True,-1,
9282,9,-1,15,False,True,-1,
9292,0,-1,11,False,True,-1,
9292,3,-1,1,False,,-1,
9292,8,-1,5,False,True,-1,
9292,5,-1,9,False,True,-1,
9292,2,-1,7,False,True,-1,
9292,4,-1,15,False,True,-1,
9292,5,-1,9,False,True,-1,
9302,9,-1,14,False,True,-1,
9302,0,-1,11,False,True,-1,
9302,8,-1,6,False,True,-1,
9302,0,-1,11,False,True,-1,
9312,2,-1,1,False,True,-1,
9312,8,-1,6,False,True,-1,
9312,8,-1,5,False,True,-1,
9322,2,-1,1,False,True,-1,
9322,8,-1,5,False,True,-1,
9322,9,-1,14,False,True,-1,
9322,3,-1,3,False,,-1,
9322,0,-1,8,False,True,-1,
9322,1,-1,12,False,True,-1,
9322,1,-1,12,False,True,-1,
9322,3,-1,3,False,,-1,
9332,4,-1,5,False,,-1,
9332,5,-1,9,False,True,-1,
9332,8,-1,5,False,True,-1,
9332,0,-1,28,False,True,-1,
9342,9,-1,14,False,True,-1,
9342,0,-1,28,False,True,-1,
9342,9,-1,14,False,True,-1,
9342,6,-1,56,False,True,-1,
9352,5,-1,1,False,True,-1,
9362,0,-1,8,False,True,-1,
9362,2,-1,7,False,True,-1,
9362,8,-1,6,False,True,-1,
9362,9,-1,14,False,True,-1,
9362,4,-1,15,False,True,-1,
9362,6,-1,5,False,,-1,
9372,8,-1,6,False,True,-1,
9372,4,-1,15,False,True,-1,
9372,6,-1,5,False,,-1,
9372,2,-1,2,False,,-1,
9372,0,-1,8,False,True,-1,
9372,8,-1,6,False,True,-1,
9372,6,-1,5,False,,-1,
9372,0,-1,8,False,True,-1,
9382,8,-1,6,False,True,-1,
9382,1,-1,12,False,True,-1,
9382,0,-1,8,False,True,-1,
9382,4,-1,14,False,True,-1,
9382,0,-1,8,False,True,-1,
9382,8,-1,6,False,True,-1,
9392,0,-1,8,False,True,-1,
9392,4,-1,14,False,True,-1,
9392,2,-1,6,False,True,-1,
9392,4,-1,14,False,True,-1,
9392,0,-1,8,False,True,-1,
9392,6,-1,56,False,True,-1,
9402,0,-1,8,False,True,-1,
9402,8,-1,5,False,True,-1,
9402,0,-1,8,False,True,-1,
9402,1,-1,11,False,True,-1,
9412,2,-1,1,False,True,-1,
9412,0,-1,8,False,True,-1,
9422,2,-1,1,False,True,-1,
9422,4,-1,0,False,,-1,
9432,2,-1,6,False,True,-1,
9432,7,-1,0,False,,-1,
9442,0,-1,6,False,True,-1,
9442,2,-1,5,False,True,-1,
9442,1,-1,11,False,True,-1,
9442,5,-1,9,False,True,-1,
9442,9,-1,9,False,True,-1,
9452,9,-1,9,False,True,-1,
9452,1,-1,11,False,True,-1,
9452,4,-1,14,False,True,-1,
9452,2,-1,1,False,True,-1,
9462,0,-1,3,False,True,-1,
9462,4,-1,14,False,True,-1,
9462,4,-1,14,False,True,-1,
9462,0,-1,3,False,True,-1,
9462,2,-1,4,False,True,-1,
9462,6,-1,24,False,True,-1,
9472,4,-1,14,False,True,-1,
9472,8,-1,1,False,True,-1,
9472,6,-1,24,False,True,-1,
9472,0,-1,3,False,True,-1,
9472,4,-1,14,False,True,-1,
9472,0,-1,3,False,True,-1,
9472,2,-1,2,False,True,-1,
9472,4,-1,14,False,True,-1,
9472,6,-1,24,False,True,-1,
9482,2,-1,2,False,True,-1,
9482,0,-1,3,False,True,-1,
9482,4,-1,14,False,True,-1,
9482,6,-1,24,False,True,-1,
9482,9,-1,7,False,True,-1,
9482,0,-1,3,False,True,-1,
9482,4,-1,14,False,True,-1,
9482,8,-1,5,False,True,-1,
9492,2,-1,2,False,True,-1,
9492,6,-1,24,False,True,-1,
9492,4,-1,14,False,True,-1,
9492,2,-1,2,False,True,-1,
9492,4,-1,14,False,True,-1,
9502,2,-1,2,False,True,-1,
9502,0,-1,1,False,True,-1,
9502,2,-1,2,False,True,-1,
9502,4,-1,14,False,True,-1,
9502,8,-1,5,False,True,-1,
9502,0,-1,1,False,True,-1,
9512,8,-1,5,False,True,-1,
9512,2,-1,1,False,True,-1,
9512,1,-1,4,False,True,-1,
9522,8,-1,1,False,,-1,
9522,4,-1,6,False,,-1,
9522,2,-1,1,False,True,-1,
9532,5,-1,1,False,True,-1,
9532,2,-1,2,False,True,-1,
9532,8,-1,5,False,True,-1,
9532,1,-1,11,False,True,-1,
9542,2,-1,3,False,True,-1,
9542,6,-1,24,False,True,-1,
9542,2,-1,3,False,True,-1,
9552,4,-1,14,False,True,-1,
9552,7,-1,0,False,,-1,
9552,4,-1,14,False,True,-1,
9552,8,-1,5,False,True,-1,
9552,4,-1,14,False,True,-1,
9582,3,-1,3,False,,-1,
9582,7,-1,0,False,,-1,
9582,0,-1,19,False,True,-1,
9582,8,-1,5,False,True,-1,
9582,6,-1,5,False,,-1,
9582,9,-1,7,False,,-1,
9592,5,-1,8,False,True,-1,
9592,0,-1,19,False,True,-1,
9592,4,-1,14,False,True,-1,
9592,2,-1,3,False,True,-1,
9592,2,-1,3,False,True,-1,
9602,2,-1,3,False,True,-1,
9602,2,-1,3,False,True,-1,
9602,8,-1,5,False,True,-1,
9612,2,-1,3,False,True,-1,
9612,8,-1,5,False,True,-1,
9612,7,-1,5,False,,-1,
9612,2,-1,3,False,True,-1,
9612,8,-1,5,False,True,-1,
9612,5,-1,7,False,True,-1,
9622,1,-1,11,False,True,-1,
9622,2,-1,3,False,True,-1,
9622,8,-1,5,False,True,-1,
9622,0,-1,7,False,,-1,
9622,2,-1,3,False,True,-1,
9622,8,-1,5,False,True,-1,
9632,2,-1,3,False,True,-1,
9632,4,-1,6,False,,-1,
9632,8,-1,5,False,True,-1,
9632,2,-1,3,False,True,-1,
9632,1,-1,11,False,True,-1,
9632,7,-1,4,False,True,-1,
9632,9,-1,4,False,True,-1,
9632,8,-1,5,False,True,-1,
9632,1,-1,11,False,True,-1,
9642,2,-1,3,False,True,-1,
9642,2,-1,3,False,True,-1,
9642,6,-1,27,False,True,-1,
9652,2,-1,3,False,True,-1,
9652,8,-1,1,False,,-1,
9652,7,-1,3,False,True,-1,
9652,8,-1,1,False,,-1,
9652,2,-1,3,False,True,-1,
9652,8,-1,1,False,,-1,
9652,4,-1,6,False,,-1,
9652,2,-1,2,False,True,-1,
9662,6,-1,5,False,,-1,
9662,2,-1,2,False,True,-1,
9662,6,-1,5,False,,-1,
9662,0,-1,3,False,True,-1,
9662,2,-1,2,False,True,-1,
9672,7,-1,4,False,True,-1,
9672,8,-1,7,False,True,-1,
9672,1,-1,11,False,True,-1,
9682,4,-1,5,False,True,-1,
9682,1,-1,11,False,True,-1,
9682,0,-1,22,False,True,-1,
9692,2,-1,1,False,True,-1,
9692,7,-1,4,False,True,-1,
9692,2,-1,1,False,True,-1,
9692,7,-1,4,False,True,-1,
9692,0,-1,18,False,True,-1,
9692,3,-1,3,False,True,-1,
9702,3,-1,3,False,True,-1,
9712,2,-1,2,False,True,-1,
9712,0,-1,18,False,True,-1,
9712,2,-1,2,False,True,-1,
9712,4,-1,14,False,True,-1,
9722,4,-1,14,False,True,-1,
9722,2,-1,2,False,True,-1,
9722,4,-1,14,False,True,-1,
9732,1,-1,5,False,True,-1,
9732,5,-1,3,False,True,-1,
9742,3,-1,3,False,True,-1,
9742,6,-1,3,False,True,-1,
9742,2,-1,2,False,True,-1,
9742,2,-1,2,False,True,-1,
9742,0,-1,17,False,True,-1,
9742,7,-1,1,False,,-1,
9762,7,-1,2,False,True,-1,
9762,5,-1,1,False,True,-1,
9762,2,-1,2,False,True,-1,
9772,0,-1,17,False,True,-1,
9772,1,-1,11,False,True,-1,
9772,2,-1,2,False,True,-1,
9772,1,-1,11,False,True,-1,
9782,8,-1,5,False,True,-1,
9782,2,-1,2,False,True,-1,
9782,0,-1,17,False,True,-1,
9782,2,-1,2,False,True,-1,
9782,0,-1,17,False,True,-1,
9792,2,-1,2,False,True,-1,
9792,4,-1,5,False,True,-1,
9792,5,-1,7,False,True,-1,
9792,9,-1,2,False,True,-1,
9792,2,-1,2,False,True,-1,
9792,2,-1,2,False,True,-1,
9802,4,-1,5,False,True,-1,
9802,5,-1,7,False,True,-1,
9822,8,-1,5,False,True,-1,
9832,1,-1,4,False,True,-1,
9832,1,-1,4,False,True,-1,
9832,2,-1,1,False,True,-1,
9832,3,-1,2,False,True,-1,
9842,6,-1,3,False,True,-1,
9852,2,-1,1,False,,-1,
9852,4,-1,14,False,True,-1,
9852,9,-1,5,False,True,-1,
9852,2,-1,1,False,,-1,
9852,3,-1,1,False,,-1,
9852,4,-1,14,False,True,-1,
9862,2,-1,1,False,,-1,
9862,4,-1,14,False,True,-1,
9862,2,-1,1,False,,-1,
9872,2,-1,1,False,,-1,
9872,2,-1,1,False,,-1,
9882,8,-1,5,False,True,-1,
9882,9,-1,5,False,True,-1,
9882,7,-1,4,False,True,-1,
9882,7,-1,4,False,True,-1,
9882,7,-1,4,False,True,-1,
9882,2,-1,1,False,,-1,
9882,8,-1,5,False,True,-1,
9892,2,-1,1,False,,-1,
9892,2,-1,1,False,,-1,
9892,9,-1,4,False,True,-1,
9892,4,-1,14,False,True,-1,
9902,2,-1,1,False,True,-1,
9902,4,-1,14,False,True,-1,
9902,9,-1,2,False,True,-1,
9902,2,-1,1,False,True,-1,
9902,8,-1,5,False,True,-1,
9902,4,-1,14,False,True,-1,
9912,8,-1,5,False,True,-1,
9912,4,-1,14,False,True,-1,
9912,3,-1,1,False,,-1,
9912,4,-1,14,False,True,-1,
9912,0,-1,7,False,True,-1,
9922,8,-1,5,False,True,-1,
9922,7,-1,1,False,,-1,
9922,4,-1,14,False,True,-1,
9922,8,-1,5,False,True,-1,
9922,5,-1,3,False,True,-1,
9922,9,-1,7,False,,-1,
9932,4,-1,14,False,True,-1,
9932,2,-1,1,False,True,-1,
9932,7,-1,5,False,,-1,
9932,0,-1,4,False,True,-1,
9932,4,-1,14,False,True,-1,
9942,9,-1,24,False,True,-1,
9942,4,-1,14,False,True,-1,
9942,8,-1,3,False,True,-1,
9942,9,-1,24,False,True,-1,
9942,7,-1,4,False,True,-1,
9942,8,-1,3,False,True,-1,
9952,2,-1,1,False,True,-1,
9952,2,-1,1,False,True,-1,
9952,4,-1,6,False,,-1,
9952,5,-1,3,False,True,-1,
9952,0,-1,3,False,True,-1,
9962,6,-1,20,False,True,-1,
9962,7,-1,5,False,True,-1,
9962,8,-1,5,False,True,-1,
9962,5,-1,3,False,True,-1,
9962,0,-1,17,False,True,-1,
9972,9,-1,24,False,True,-1,
9972,8,-1,5,False,True,-1,
9972,6,-1,19,False,True,-1,
9982,4,-1,5,False,True,-1,
9982,1,-1,11,False,True,-1,
9992,1,-1,11,False,True,-1,
9992,4,-1,5,False,True,-1,
9992,4,-1,5,False,True,-1,
9992,8,-1,3,False,True,-1,
10002,2,-1,2,False,True,-1,
10002,4,-1,5,False,True,-1,
10002,0,-1,4,False,True,-1,
10002,4,-1,5,False,True,-1,
10012,8,-1,5,False,True,-1,
10012,0,-1,4,False,True,-1,
10012,5,-1,1,False,True,-1,
10012,4,-1,5,False,True,-1,
10012,8,-1,5,False,True,-1,
10022,8,-1,5,False,True,-1,
10022,4,-1,6,False,,-1,
10022,8,-1,5,False,True,-1,
10022,3,-1,3,False,True,-1,
10022,9,-1,17,False,True,-1,
10022,8,-1,5,False,True,-1,
10022,0,-1,4,False,True,-1,
10032,3,-1,3,False,True,-1,
10032,5,-1,1,False,True,-1,
10042,2,-1,1,False,True,-1,
10042,8,-1,5,False,True,-1,
10052,0,-1,2,False,True,-1,
10052,0,-1,2,False,True,-1,
10052,9,-1,24,False,True,-1,
10062,3,-1,3,False,True,-1,
10062,6,-1,3,False,True,-1,
10062,1,-1,11,False,True,-1,
10062,1,-1,11,False,True,-1,
10062,6,-1,3,False,True,-1,
10072,0,-1,1,False,,-1,
10072,5,-1,7,False,True,-1,
10072,0,-1,1,False,,-1,
10082,9,-1,1,False,,-1,
10082,6,-1,5,False,,-1,
10092,4,-1,0,False,,-1,
10092,6,-1,5,False,,-1,
10092,3,-1,5,False,,-1,
10092,6,-1,5,False,,-1,
10092,0,-1,2,False,True,-1,
10102,0,-1,2,False,True,-1,
10102,7,-1,5,False,,-1,
10102,3,-1,5,False,,-1,
10102,7,-1,5,False,,-1,
10102,8,-1,5,False,True,-1,
10112,7,-1,5,False,,-1,
10112,0,-1,4,False,True,-1,
10122,0,-1,4,False,True,-1,
10132,4,-1,0,False,,-1,
10142,5,-1,1,False,True,-1,
10152,0,-1,4,False,True,-1,
10152,4,-1,6,False,,-1,
10152,0,-1,4,False,True,-1,
10162,5,-1,1,False,True,-1,
10162,0,-1,4,False,True,-1,
10162,8,-1,2,False,True,-1,
10162,1,-1,9,False,True,-1,
10162,0,-1,4,False,True,-1,
10172,5,-1,1,False,True,-1,
10172,4,-1,14,False,True,-1,
10172,8,-1,4,False,True,-1,
10182,0,-1,4,False,True,-1,
10182,4,-1,14,False,True,-1,
10182,0,-1,4,False,True,-1,
10192,6,-1,12,False,True,-1,
10192,5,-1,3,False,True,-1,
10202,1,-1,10,False,True,-1,
10202,8,-1,1,True,,-1,
10212,7,-1,5,False,,-1,
10212,0,-1,8,False,,-1,
10212,8,-1,1,False,,-1,
10212,2,-1,1,False,True,-1,
10212,8,-1,1,False,,-1,
10212,8,-1,1,False,,-1,
10222,2,-1,1,False,True,-1,
10222,7,-1,10,False,True,-1,
10222,6,-1,12,False,True,-1,
10232,4,-1,11,False,True,-1,
10232,5,-1,7,False,True,-1,
10242,4,-1,11,False,True,-1,
10242,3,-1,5,False,,-1,
10242,4,-1,11,False,True,-1,
10242,2,-1,1,False,True,-1,
10242,8,-1,5,False,True,-1,
10252,4,-1,11,False,True,-1,
10252,2,-1,1,False,True,-1,
10252,6,-1,12,False,True,-1,
10252,4,-1,11,False,True,-1,
10252,2,-1,1,False,True,-1,
10262,2,-1,1,False,True,-1,
10262,5,-1,3,False,True,-1,
10262,4,-1,11,False,True,-1,
10262,2,-1,1,False,True,-1,
10272,2,-1,1,False,True,-1,
10282,9,-1,1,False,,-1,
10282,4,-1,0,False,,-1,
10292,6,-1,12,False,True,-1,
10292,1,-1,1,False,True,-1,
10292,2,-1,1,False,True,-1,
10292,4,-1,0,False,,-1,
10292,8,-1,4,False,True,-1,
10302,6,-1,0,False,,-1,
10312,2,-1,1,False,True,-1,
10312,0,-1,22,False,True,-1,
10312,1,-1,9,False,True,-1,
10312,0,-1,8,False,,-1,
10312,9,-1,26,False,True,-1,
10322,9,-1,26,False,True,-1,
10322,2,-1,1,False,True,-1,
10322,4,-1,0,False,,-1,
10332,2,-1,1,False,True,-1,
10332,9,-1,26,False,True,-1,
10332,0,-1,4,False,True,-1,
10342,9,-1,26,False,True,-1,
10342,5,-1,1,False,True,-1,
10342,2,-1,1,False,True,-1,
10342,8,-1,4,False,True,-1,
10342,2,-1,1,False,True,-1,
10342,6,-1,5,False,,-1,
10352,2,-1,1,False,True,-1,
10352,1,-1,9,False,True,-1,
10352,2,-1,1,False,True,-1,
10352,8,-1,4,False,True,-1,
10362,0,-1,4,False,True,-1,
10362,7,-1,1,False,,-1,
10362,4,-1,11,False,True,-1,
10362,0,-1,4,False,True,-1,
10372,4,-1,11,False,True,-1,
10372,0,-1,28,False,True,-1,
10382,9,-1,2,False,True,-1,
10382,0,-1,28,False,True,-1,
10402,5,-1,2,False,True,-1,
10402,5,-1,2,False,True,-1,
10412,7,-1,4,False,True,-1,
10412,4,-1,6,False,,-1,
10412,0,-1,8,False,,-1,
10412,8,-1,5,False,True,-1,
10412,0,-1,8,False,,-1,
10412,0,-1,8,False,,-1,
10412,8,-1,5,False,True,-1,
10422,4,-1,11,False,True,-1,
10422,8,-1,5,False,True,-1,
10432,0,-1,8,True,,-1,
10432,8,-1,5,False,True,-1,
10442,5,-1,4,False,True,-1,
10442,9,-1,26,False,True,-1,
10452,5,-1,4,False,True,-1,
10452,9,-1,26,False,True,-1,
10452,5,-1,4,False,True,-1,
10452,0,-1,8,False,,-1,
10452,4,-1,6,False,True,-1,
10452,8,-1,4,False,True,-1,
10462,4,-1,6,False,True,-1,
10462,9,-1,26,False,True,-1,
10462,4,-1,6,False,True,-1,
10472,4,-1,6,False,True,-1,
10472,2,-1,1,False,True,-1,
10472,2,-1,1,False,True,-1,
10472,4,-1,6,False,True,-1,
10472,5,-1,1,False,True,-1,
10482,4,-1,6,False,True,-1,
10482,3,-1,5,False,,-1,
10492,0,-1,21,False,True,-1,
10492,8,-1,4,False,True,-1,
10492,0,-1,21,False,True,-1,
10492,4,-1,6,False,,-1,
10492,4,-1,6,False,,-1,
10502,6,-1,3,False,True,-1,
10502,3,-1,12,False,True,-1,
10502,0,-1,4,False,True,-1,
10512,7,-1,5,False,,-1,
10522,8,-1,4,False,True,-1,
10522,4,-1,6,False,True,-1,
10522,0,-1,4,False,True,-1,
10522,4,-1,6,False,True,-1,
10522,3,-1,12,False,True,-1,
10532,3,-1,12,False,True,-1,
10532,5,-1,2,False,True,-1,
10532,4,-1,6,False,True,-1,
10532,1,-1,8,False,True,-1,
10532,3,-1,12,False,True,-1,
10532,4,-1,6,False,True,-1,
10532,0,-1,4,False,True,-1,
10532,3,-1,12,False,True,-1,
10542,7,-1,15,False,True,-1,
10542,4,-1,6,False,True,-1,
10542,3,-1,12,False,True,-1,
10542,4,-1,6,False,True,-1,
10542,6,-1,3,False,True,-1,
10542,3,-1,12,False,True,-1,
10542,7,-1,15,False,True,-1,
10552,4,-1,6,False,True,-1,
10552,9,-1,2,False,True,-1,
10552,3,-1,12,False,True,-1,
10552,4,-1,6,False,True,-1,
10552,8,-1,4,False,True,-1,
10552,3,-1,12,False,True,-1,
10552,4,-1,6,False,True,-1,
10562,7,-1,15,False,True,-1,
10562,1,-1,8,False,True,-1,
10572,0,-1,4,False,True,-1,
10582,3,-1,5,False,,-1,
10582,8,-1,4,False,True,-1,
10582,2,-1,2,False,True,-1,
10582,6,-1,5,False,,-1,
10592,1,-1,1,False,True,-1,
10592,2,-1,2,False,True,-1,
10592,9,-1,2,False,True,-1,
10592,6,-1,5,False,,-1,
10592,2,-1,2,False,True,-1,
10592,4,-1,11,False,True,-1,
10602,3,-1,13,False,True,-1,
10602,6,-1,5,False,,-1,
10602,2,-1,2,False,True,-1,
10602,4,-1,11,False,True,-1,
10602,2,-1,2,False,True,-1,
10602,4,-1,11,False,True,-1,
10612,0,-1,1,False,,-1,
10612,3,-1,5,False,,-1,
10612,4,-1,11,False,True,-1,
10612,2,-1,2,False,True,-1,
10612,0,-1,1,False,,-1,
10612,2,-1,2,False,True,-1,
10612,8,-1,4,False,True,-1,
10622,0,-1,1,False,True,-1,
10622,9,-1,2,False,True,-1,
10632,9,-1,2,False,True,-1,
10632,3,-1,5,False,,-1,
10632,4,-1,6,False,,-1,
10632,8,-1,4,False,True,-1,
10642,9,-1,2,False,True,-1,
10652,8,-1,4,False,True,-1,
10652,4,-1,11,False,True,-1,
10652,1,-1,8,False,True,-1,
10652,4,-1,11,False,True,-1,
10652,2,-1,2,False,True,-1,
10662,1,-1,8,False,True,-1,
10662,4,-1,11,False,True,-1,
10662,2,-1,2,False,True,-1,
10662,0,-1,1,False,True,-1,
10662,4,-1,11,False,True,-1,
10662,8,-1,4,False,True,-1,
10662,2,-1,2,False,True,-1,
10672,8,-1,4,False,True,-1,
10682,1,-1,8,False,True,-1,
10682,8,-1,4,False,True,-1,
10692,0,-1,2,False,True,-1,
10702,8,-1,4,False,True,-1,
10702,1,-1,8,False,True,-1,
10702,0,-1,2,False,True,-1,
10702,5,-1,1,False,,-1,
10702,0,-1,2,False,True,-1,
10712,4,-1,14,False,True,-1,
10712,9,-1,7,False,,-1,
10712,4,-1,14,False,True,-1,
10712,9,-1,7,False,,-1,
10712,7,-1,8,False,,-1,
10712,8,-1,4,False,True,-1,
10712,6,-1,8,False,True,-1,
10722,7,-1,8,False,,-1,
10722,6,-1,8,False,True,-1,
10732,2,-1,2,False,True,-1,
10732,8,-1,4,False,True,-1,
10732,6,-1,8,False,True,-1,
10732,6,-1,8,False,True,-1,
10732,4,-1,14,False,True,-1,
10742,6,-1,8,False,True,-1,
10742,8,-1,4,False,True,-1,
10742,6,-1,8,False,True,-1,
10752,3,-1,2,False,True,-1,
10752,4,-1,6,False,,-1,
10752,2,-1,2,False,True,-1,
10752,2,-1,2,False,True,-1,
10752,8,-1,4,False,True,-1,
10762,2,-1,2,False,True,-1,
10762,8,-1,4,False,True,-1,
10762,3,-1,2,False,True,-1,
10762,1,-1,1,False,True,-1,
10762,2,-1,2,False,True,-1,
10762,4,-1,11,False,True,-1,
10772,8,-1,4,False,True,-1,
10772,2,-1,2,False,True,-1,
10772,7,-1,20,False,True,-1,
10772,8,-1,4,False,True,-1,
10772,5,-1,3,False,True,-1,
10782,7,-1,20,False,True,-1,
10782,2,-1,1,False,True,-1,
10782,3,-1,3,False,True,-1,
10782,3,-1,3,False,True,-1,
10792,8,-1,4,False,True,-1,
10792,4,-1,11,False,True,-1,
10792,5,-1,3,False,True,-1,
10792,4,-1,11,False,True,-1,
10802,0,-1,2,False,True,-1,
10802,4,-1,11,False,True,-1,
10802,8,-1,4,False,True,-1,
10802,7,-1,20,False,True,-1,
10802,6,-1,5,False,,-1,
10802,0,-1,2,False,True,-1,
10812,4,-1,11,False,True,-1,
10812,6,-1,5,False,,-1,
10812,1,-1,1,False,True,-1,
10812,2,-1,2,False,True,-1,
10812,3,-1,13,False,True,-1,
10812,8,-1,4,False,True,-1,
10822,6,-1,5,False,,-1,
10822,4,-1,10,False,True,-1,
10832,2,-1,2,False,True,-1,
10832,4,-1,10,False,True,-1,
10832,2,-1,2,False,True,-1,
10832,4,-1,10,False,True,-1,
10832,0,-1,25,False,True,-1,
10852,8,-1,4,False,True,-1,
10852,0,-1,22,False,True,-1,
10852,1,-1,8,False,True,-1,
10852,4,-1,11,False,True,-1,
10852,5,-1,3,False,True,-1,
10852,5,-1,3,False,True,-1,
10862,4,-1,11,False,True,-1,
10862,4,-1,11,False,True,-1,
10862,0,-1,8,False,,-1,
10872,7,-1,3,False,True,-1,
10872,1,-1,7,False,True,-1,
10872,4,-1,11,False,True,-1,
10872,4,-1,11,False,True,-1,
10882,2,-1,2,False,True,-1,
10882,4,-1,11,False,True,-1,
10882,0,-1,33,False,True,-1,
10882,3,-1,13,False,True,-1,
10882,4,-1,11,False,True,-1,
10882,8,-1,4,False,True,-1,
10892,4,-1,11,False,True,-1,
10902,0,-1,20,False,True,-1,
10902,1,-1,7,False,True,-1,
10912,8,-1,4,False,True,-1,
10912,6,-1,9,False,True,-1,
10912,1,-1,7,False,True,-1,
10912,3,-1,13,False,True,-1,
10912,8,-1,4,False,True,-1,
10912,0,-1,28,False,True,-1,
10912,4,-1,10,False,True,-1,
10922,1,-1,7,False,True,-1,
10922,4,-1,10,False,True,-1,
10922,7,-1,15,False,True,-1,
10922,4,-1,10,False,True,-1,
10932,1,-1,7,False,True,-1,
10932,0,-1,20,False,True,-1,
10942,0,-1,19,False,True,-1,
10942,8,-1,4,False,True,-1,
10952,0,-1,18,False,True,-1,
10952,2,-1,2,False,True,-1,
10952,8,-1,4,False,True,-1,
10952,4,-1,9,False,True,-1,
10952,0,-1,18,False,True,-1,
10952,2,-1,2,False,True,-1,
10962,4,-1,9,False,True,-1,
10962,0,-1,18,False,True,-1,
10962,4,-1,9,False,True,-1,
10962,0,-1,18,False,True,-1,
10962,4,-1,9,False,True,-1,
10972,1,-1,7,False,True,-1,
10972,0,-1,17,False,True,-1,
10972,4,-1,9,False,True,-1,
10972,7,-1,12,False,True,-1,
10972,4,-1,9,False,True,-1,
10972,8,-1,4,False,True,-1,
10972,0,-1,17,False,True,-1,
10982,4,-1,9,False,True,-1,
10982,0,-1,17,False,True,-1,
10982,7,-1,12,False,True,-1,
10982,8,-1,4,False,True,-1,
10982,9,-1,25,False,True,-1,
10982,4,-1,9,False,True,-1,
10982,7,-1,12,False,True,-1,
10992,4,-1,9,False,True,-1,
10992,0,-1,24,False,True,-1,
10992,3,-1,5,False,,-1,
10992,4,-1,9,False,True,-1,
10992,1,-1,7,False,True,-1,
10992,7,-1,12,False,True,-1,
10992,3,-1,5,False,,-1,
10992,4,-1,9,False,True,-1,
11002,8,-1,4,False,True,-1,
11002,7,-1,12,False,True,-1,
11002,4,-1,9,False,True,-1,
11002,6,-1,5,False,,-1,
11012,7,-1,10,False,True,-1,
11012,9,-1,25,False,True,-1,
11012,8,-1,4,False,True,-1,
11012,7,-1,10,False,True,-1,
11012,6,-1,5,False,,-1,
11012,2,-1,2,False,True,-1,
11022,8,-1,4,False,True,-1,
11022,4,-1,9,False,True,-1,
11022,2,-1,2,False,True,-1,
11032,7,-1,5,False,True,-1,
11032,0,-1,6,False,True,-1,
11042,1,-1,1,False,,-1,
11042,8,-1,4,False,True,-1,
11042,1,-1,1,False,,-1,
11042,9,-1,7,False,,-1,
11042,8,-1,4,False,True,-1,
11042,7,-1,10,False,True,-1,
11052,8,-1,1,False,,-1,
11052,8,-1,1,False,,-1,
11052,8,-1,1,False,,-1,
11052,1,-1,1,False,,-1,
11062,3,-1,5,False,True,-1,
11062,7,-1,5,False,True,-1,
11062,0,-1,2,False,True,-1,
11062,7,-1,5,False,True,-1,
11062,4,-1,9,False,True,-1,
11072,2,-1,2,False,True,-1,
11072,0,-1,2,False,True,-1,
11072,7,-1,5,False,True,-1,
11072,4,-1,9,False,True,-1,
11072,3,-1,5,False,True,-1,
11072,2,-1,2,False,True,-1,
11072,0,-1,2,False,True,-1,
11072,8,-1,8,False,True,-1,
11072,2,-1,2,False,True,-1,
11082,7,-1,5,False,True,-1,
11082,8,-1,8,False,True,-1,
11082,2,-1,2,False,True,-1,
11082,4,-1,9,False,True,-1,
11082,8,-1,8,False,True,-1,
11092,7,-1,5,False,True,-1,
11092,1,-1,6,False,True,-1,
11092,2,-1,0,False,,-1,
11092,3,-1,2,False,True,-1,
11092,9,-1,4,False,True,-1,
11092,2,-1,0,False,,-1,
11102,7,-1,8,False,,-1,
11102,4,-1,0,False,,-1,
11102,0,-1,2,False,True,-1,
11102,5,-1,4,False,True,-1,
11112,7,-1,5,False,True,-1,
11112,8,-1,8,False,True,-1,
11112,6,-1,8,False,True,-1,
11112,0,-1,2,False,True,-1,
11112,4,-1,9,False,True,-1,
11112,7,-1,5,False,True,-1,
11122,0,-1,2,False,True,-1,
11122,6,-1,8,False,True,-1,
11122,4,-1,9,False,True,-1,
11122,8,-1,8,False,True,-1,
11122,7,-1,5,False,True,-1,
11122,5,-1,4,False,True,-1,
11122,9,-1,4,False,True,-1,
11122,4,-1,9,False,True,-1,
11122,8,-1,8,False,True,-1,
11132,7,-1,5,False,True,-1,
11132,4,-1,9,False,True,-1,
11132,3,-1,15,False,True,-1,
11132,5,-1,4,False,True,-1,
11132,4,-1,9,False,True,-1,
11132,7,-1,5,False,True,-1,
11132,4,-1,9,False,True,-1,
11142,7,-1,5,False,True,-1,
11142,4,-1,9,False,True,-1,
11142,6,-1,0,False,,-1,
11142,0,-1,26,False,True,-1,
11142,1,-1,6,False,True,-1,
11142,8,-1,8,False,True,-1,
11142,4,-1,9,False,True,-1,
11152,4,-1,9,False,True,-1,
11152,2,-1,2,False,True,-1,
11152,0,-1,21,False,True,-1,
11152,4,-1,8,False,True,-1,
11152,7,-1,5,False,True,-1,
11152,8,-1,8,False,True,-1,
11162,4,-1,8,False,True,-1,
11162,6,-1,8,False,True,-1,
11162,1,-1,6,False,True,-1,
11162,4,-1,8,False,True,-1,
11162,2,-1,2,False,True,-1,
11172,4,-1,8,False,True,-1,
11172,0,-1,20,False,True,-1,
11172,7,-1,5,False,True,-1,
11172,6,-1,8,False,True,-1,
11172,4,-1,8,False,True,-1,
11172,4,-1,8,False,True,-1,
11182,7,-1,5,False,True,-1,
11182,4,-1,8,False,True,-1,
11182,2,-1,2,False,True,-1,
11182,7,-1,5,False,True,-1,
11182,5,-1,4,False,True,-1,
11182,1,-1,6,False,True,-1,
11182,4,-1,8,False,True,-1,
11182,0,-1,20,False,True,-1,
11192,1,-1,6,False,True,-1,
11192,4,-1,8,False,True,-1,
11192,9,-1,20,False,True,-1,
11192,7,-1,5,False,True,-1,
11192,4,-1,8,False,True,-1,
11192,2,-1,2,False,True,-1,
11202,7,-1,5,False,True,-1,
11202,4,-1,8,False,True,-1,
11202,4,-1,8,False,True,-1,
11202,3,-1,15,False,True,-1,
11202,0,-1,23,False,True,-1,
11202,4,-1,8,False,True,-1,
11212,4,-1,8,False,True,-1,
11212,6,-1,3,False,True,-1,
11212,7,-1,5,False,True,-1,
11212,4,-1,8,False,True,-1,
11222,2,-1,1,False,,-1,
11222,5,-1,7,False,True,-1,
11222,0,-1,23,False,True,-1,
11222,2,-1,1,False,,-1,
11232,7,-1,5,False,True,-1,
11232,4,-1,8,False,True,-1,
11232,2,-1,1,False,,-1,
11232,0,-1,23,False,True,-1,
11232,4,-1,7,False,True,-1,
11232,3,-1,5,False,,-1,
11232,2,-1,1,False,,-1,
11242,4,-1,7,False,True,-1,
11242,0,-1,23,False,True,-1,
11242,7,-1,10,False,True,-1,
11242,0,-1,23,False,True,-1,
11242,9,-1,18,False,True,-1,
11252,4,-1,7,False,True,-1,
11252,7,-1,10,False,True,-1,
11252,0,-1,23,False,True,-1,
11252,9,-1,18,False,True,-1,
11252,4,-1,7,False,True,-1,
11252,9,-1,18,False,True,-1,
11252,7,-1,10,False,True,-1,
11252,4,-1,7,False,True,-1,
11252,9,-1,18,False,True,-1,
11262,7,-1,10,False,True,-1,
11262,6,-1,3,False,True,-1,
11262,0,-1,33,False,True,-1,
11262,2,-1,1,True,,-1,
11272,7,-1,10,False,True,-1,
11272,2,-1,1,True,,-1,
11272,0,-1,33,False,True,-1,
11272,7,-1,10,False,True,-1,
11272,4,-1,5,False,True,-1,
11282,4,-1,5,False,True,-1,
11282,2,-1,1,False,,-1,
11282,7,-1,10,False,True,-1,
11282,9,-1,17,False,True,-1,
11292,7,-1,10,False,True,-1,
11292,4,-1,6,False,,-1,
11292,2,-1,1,False,,-1,
11292,6,-1,3,False,True,-1,
11292,9,-1,17,False,True,-1,
11292,7,-1,10,False,True,-1,
11292,2,-1,1,False,,-1,
11302,0,-1,7,False,True,-1,
11302,1,-1,6,False,True,-1,
11302,7,-1,10,False,True,-1,
11302,4,-1,30,False,True,-1,
11302,3,-1,3,False,True,-1,
11302,6,-1,3,False,True,-1,
11312,3,-1,3,False,True,-1,
11312,4,-1,30,False,True,-1,
11312,7,-1,10,False,True,-1,
11312,4,-1,30,False,True,-1,
11312,4,-1,30,False,True,-1,
11312,1,-1,6,False,True,-1,
11322,4,-1,30,False,True,-1,
11322,7,-1,10,False,True,-1,
11322,1,-1,6,False,True,-1,
11322,4,-1,30,False,True,-1,
11322,1,-1,6,False,True,-1,
11332,6,-1,5,False,,-1,
11332,8,-1,2,False,True,-1,
11332,9,-1,16,False,True,-1,
11332,5,-1,2,False,,-1,
11332,6,-1,5,False,,-1,
11332,0,-1,2,False,,-1,
11332,9,-1,16,False,True,-1,
11342,2,-1,2,False,True,-1,
11342,5,-1,2,False,,-1,
11342,2,-1,2,False,True,-1,
11342,5,-1,2,False,,-1,
11342,3,-1,3,False,True,-1,
11342,5,-1,2,False,,-1,
11352,2,-1,2,False,True,-1,
11352,4,-1,14,False,True,-1,
11352,4,-1,14,False,True,-1,
11352,7,-1,14,False,True,-1,
11352,0,-1,8,False,True,-1,
11362,8,-1,2,False,True,-1,
11362,5,-1,2,False,,-1,
11362,2,-1,2,False,True,-1,
11362,0,-1,8,False,True,-1,
11372,0,-1,8,False,True,-1,
11372,8,-1,2,False,True,-1,
11372,4,-1,6,False,,-1,
11372,2,-1,2,False,True,-1,
11372,0,-1,8,False,True,-1,
11382,7,-1,12,False,True,-1,
11382,8,-1,2,False,True,-1,
11392,4,-1,5,False,True,-1,
11392,2,-1,2,False,True,-1,
11392,0,-1,4,False,True,-1,
11392,4,-1,5,False,True,-1,
11402,7,-1,1,False,True,-1,
11402,7,-1,1,False,True,-1,
11402,6,-1,37,False,True,-1,
11402,0,-1,4,False,True,-1,
11412,2,-1,2,False,True,-1,
11412,9,-1,6,False,True,-1,
11412,3,-1,18,False,True,-1,
11412,7,-1,1,False,True,-1,
11412,2,-1,2,False,True,-1,
11422,8,-1,8,False,True,-1,
11422,9,-1,6,False,True,-1,
11422,4,-1,5,False,True,-1,
11432,7,-1,11,False,True,-1,
11432,4,-1,5,False,True,-1,
11442,4,-1,5,False,True,-1,
11442,6,-1,35,False,True,-1,
11442,5,-1,3,False,True,-1,
11442,5,-1,3,False,True,-1,
11442,5,-1,3,False,True,-1,
11442,2,-1,2,False,True,-1,
11442,7,-1,1,False,True,-1,
11442,0,-1,20,False,True,-1,
11442,9,-1,7,False,,-1,
11452,8,-1,8,False,True,-1,
11452,4,-1,6,False,,-1,
11452,3,-1,16,False,True,-1,
11452,6,-1,5,False,,-1,
11462,0,-1,20,False,True,-1,
11462,2,-1,1,False,True,-1,
11462,0,-1,19,False,True,-1,
11462,7,-1,8,False,,-1,
11472,6,-1,5,False,,-1,
11482,9,-1,12,False,True,-1,
11492,9,-1,11,False,True,-1,
11492,5,-1,4,False,True,-1,
11492,4,-1,12,False,True,-1,
11492,7,-1,18,False,True,-1,
11492,5,-1,4,False,True,-1,
11492,0,-1,19,False,True,-1,
11502,3,-1,4,False,True,-1,
11502,4,-1,12,False,True,-1,
11502,7,-1,18,False,True,-1,
11502,3,-1,4,False,True,-1,
11512,0,-1,18,False,True,-1,
11522,0,-1,18,False,True,-1,
11522,7,-1,18,False,True,-1,
11522,0,-1,17,False,True,-1,
11522,3,-1,5,False,,-1,
11532,1,-1,6,False,True,-1,
11532,1,-1,6,False,True,-1,
11532,0,-1,17,False,True,-1,
11542,0,-1,17,False,True,-1,
11542,0,-1,17,False,True,-1,
11542,7,-1,18,False,True,-1,
11552,3,-1,5,False,,-1,
11562,7,-1,8,False,,-1,
11562,7,-1,8,False,,-1,
11562,5,-1,3,False,True,-1,
11562,8,-1,1,False,,-1,
11572,4,-1,5,False,True,-1,
11572,0,-1,1,False,,-1,
11572,3,-1,6,False,,-1,
11582,8,-1,1,False,,-1,
11582,8,-1,1,False,,-1,
11582,7,-1,18,False,True,-1,
11582,0,-1,1,False,,-1,
11582,8,-1,1,False,,-1,
11582,4,-1,16,False,True,-1,
11592,7,-1,18,False,True,-1,
11602,4,-1,16,False,True,-1,
11602,3,-1,4,False,True,-1,
11602,4,-1,16,False,True,-1,
11612,4,-1,16,False,True,-1,
11612,4,-1,16,False,True,-1,
11612,4,-1,16,False,True,-1,
11622,0,-1,1,False,,-1,
11622,4,-1,16,False,True,-1,
11622,7,-1,17,False,True,-1,
11622,6,-1,32,False,True,-1,
11622,4,-1,16,False,True,-1,
11622,5,-1,2,False,True,-1,
11632,7,-1,17,False,True,-1,
11632,7,-1,17,False,True,-1,
11642,8,-1,1,True,,-1,
11642,7,-1,17,False,True,-1,
11642,5,-1,2,False,True,-1,
11642,4,-1,6,True,,-1,
11642,4,-1,6,True,,-1,
11642,4,-1,6,True,,-1,
11642,4,-1,6,True,,-1,
11642,4,-1,6,True,,-1,
11642,8,-1,1,True,,-1,
11642,4,-1,6,True,,-1,
11642,4,-1,6,True,,-1,
11642,4,-1,6,True,,-1,
11642,4,-1,6,True,,-1,
11642,4,-1,6,True,,-1,
11652,7,-1,17,False,True,-1,
11652,5,-1,2,False,True,-1,
11652,4,-1,6,True,,-1,
11652,4,-1,6,True,,-1,
11652,4,-1,6,True,,-1,
11652,4,-1,6,True,,-1,
11652,4,-1,6,True,,-1,
11652,7,-1,17,False,True,-1,
11652,4,-1,6,False,,-1,
11652,0,-1,15,False,True,-1,
11652,3,-1,6,False,,-1,
11662,8,-1,1,False,,-1,
11662,0,-1,15,False,True,-1,
11662,7,-1,17,False,True,-1,
11672,3,-1,6,False,,-1,
11672,7,-1,17,False,True,-1,
11672,0,-1,18,False,True,-1,
11672,7,-1,17,False,True,-1,
11682,0,-1,18,False,True,-1,
11682,7,-1,17,False,True,-1,
11692,0,-1,18,False,True,-1,
11692,7,-1,16,False,True,-1,
11692,5,-1,7,False,True,-1,
11692,0,-1,18,False,True,-1,
11692,4,-1,8,False,True,-1,
11702,9,-1,7,False,,-1,
11702,0,-1,17,False,True,-1,
11712,0,-1,16,False,True,-1,
11712,4,-1,10,False,True,-1,
11712,4,-1,10,False,True,-1,
11722,4,-1,10,False,True,-1,
11722,0,-1,6,False,,-1,
11722,7,-1,8,False,,-1,
11732,3,-1,3,False,True,-1,
11732,0,-1,15,False,True,-1,
11732,5,-1,3,False,,-1,
11732,0,-1,15,False,True,-1,
11742,3,-1,3,False,True,-1,
11752,7,-1,3,False,True,-1,
11752,0,-1,14,False,True,-1,
11752,5,-1,3,False,,-1,
11752,0,-1,14,False,True,-1,
11752,4,-1,6,False,,-1,
11762,6,-1,5,False,,-1,
11762,1,-1,6,False,True,-1,
11762,6,-1,5,False,,-1,
11772,7,-1,25,False,True,-1,
11772,0,-1,11,False,True,-1,
11772,9,-1,8,False,True,-1,
11772,3,-1,3,False,True,-1,
11772,7,-1,25,False,True,-1,
11772,0,-1,11,False,True,-1,
11772,5,-1,3,False,True,-1,
11782,7,-1,25,False,True,-1,
11782,1,-1,6,False,True,-1,
11782,6,-1,5,False,,-1,
11782,9,-1,8,False,True,-1,
11782,0,-1,13,False,True,-1,
11792,7,-1,25,False,True,-1,
11802,0,-1,6,False,,-1,
11802,7,-1,25,False,True,-1,
11812,6,-1,32,False,True,-1,
11812,1,-1,6,False,True,-1,
11812,0,-1,11,False,True,-1,
11812,4,-1,6,False,True,-1,
11812,9,-1,8,False,True,-1,
11822,4,-1,6,False,True,-1,
11822,7,-1,25,False,True,-1,
11832,1,-1,6,False,True,-1,
11832,5,-1,4,False,,-1,
11842,0,-1,7,False,True,-1,
11842,7,-1,24,False,True,-1,
11842,1,-1,6,False,True,-1,
11852,1,-1,6,False,True,-1,
11852,5,-1,4,False,,-1,
11852,3,-1,6,False,,-1,
11852,7,-1,24,False,True,-1,
11852,3,-1,6,False,,-1,
11862,0,-1,8,False,True,-1,
11862,7,-1,23,False,True,-1,
11862,7,-1,23,False,True,-1,
11872,1,-1,6,False,True,-1,
11872,7,-1,23,False,True,-1,
11872,4,-1,14,False,True,-1,
11872,1,-1,6,False,True,-1,
11882,7,-1,23,False,True,-1,
11882,6,-1,31,False,True,-1,
11882,4,-1,14,False,True,-1,
11892,5,-1,7,False,True,-1,
11892,7,-1,23,False,True,-1,
11902,7,-1,22,False,True,-1,
11902,6,-1,32,False,True,-1,
11902,0,-1,13,False,True,-1,
11902,7,-1,22,False,True,-1,
11912,9,-1,2,False,True,-1,
11912,9,-1,2,False,True,-1,
11922,0,-1,10,False,True,-1,
11922,7,-1,22,False,True,-1,
11932,9,-1,2,False,True,-1,
11932,2,-1,0,False,,-1,
11932,1,-1,2,False,True,-1,
11942,3,-1,28,False,True,-1,
11942,8,-1,4,False,True,-1,
11942,3,-1,28,False,True,-1,
11942,0,-1,20,False,True,-1,
11952,3,-1,28,False,True,-1,
11952,3,-1,28,False,True,-1,
11952,7,-1,14,False,True,-1,
11952,4,-1,6,False,,-1,
11952,3,-1,28,False,True,-1,
11962,8,-1,4,False,True,-1,
11962,3,-1,28,False,True,-1,
11962,7,-1,14,False,True,-1,
11962,3,-1,28,False,True,-1,
11972,4,-1,5,False,True,-1,
11972,9,-1,1,False,,-1,
11972,3,-1,28,False,True,-1,
11972,4,-1,5,False,True,-1,
11972,8,-1,4,False,True,-1,
11972,3,-1,28,False,True,-1,
11972,2,-1,2,False,True,-1,
11982,3,-1,28,False,True,-1,
11982,3,-1,28,False,True,-1,
11992,0,-1,3,False,True,-1,
11992,3,-1,28,False,True,-1,
11992,2,-1,2,False,True,-1,
11992,3,-1,28,False,True,-1,
11992,7,-1,14,False,True,-1,
11992,5,-1,2,False,True,-1,
12002,3,-1,28,False,True,-1,
12002,0,-1,6,False,True,-1,
12002,8,-1,4,False,True,-1,
12002,7,-1,13,False,True,-1,
12002,3,-1,28,False,True,-1,
12002,7,-1,13,False,True,-1,
12002,4,-1,6,False,True,-1,
12002,9,-1,2,False,True,-1,
12012,3,-1,27,False,True,-1,
12012,3,-1,27,False,True,-1,
12012,5,-1,2,False,True,-1,
12012,0,-1,5,False,True,-1,
12012,3,-1,27,False,True,-1,
12012,8,-1,4,False,True,-1,
12012,2,-1,2,False,True,-1,
12022,7,-1,5,False,True,-1,
12022,8,-1,4,False,True,-1,
12022,1,-1,8,False,True,-1,
12022,6,-1,5,False,,-1,
12032,3,-1,26,False,True,-1,
12032,6,-1,5,False,,-1,
12032,6,-1,5,False,,-1,
12032,7,-1,8,False,,-1,
12032,8,-1,4,False,True,-1,
12042,3,-1,26,False,True,-1,
12052,5,-1,2,False,True,-1,
12052,4,-1,6,False,True,-1,
12052,2,-1,1,True,,-1,
12062,3,-1,26,False,True,-1,
12062,8,-1,4,False,True,-1,
12062,4,-1,6,False,True,-1,
12062,2,-1,1,True,,-1,
12062,0,-1,4,False,True,-1,
12062,4,-1,6,False,True,-1,
12062,2,-1,1,True,,-1,
12062,1,-1,8,False,True,-1,
12072,3,-1,24,False,True,-1,
12072,2,-1,1,True,,-1,
12072,7,-1,1,False,,-1,
12072,8,-1,4,False,True,-1,
12072,2,-1,1,False,,-1,
12072,6,-1,32,False,True,-1,
12072,2,-1,1,False,,-1,
12082,0,-1,4,False,True,-1,
12082,2,-1,1,False,,-1,
12082,8,-1,4,False,True,-1,
12082,2,-1,1,False,,-1,
12082,1,-1,8,False,True,-1,
12092,7,-1,18,False,True,-1,
12092,8,-1,4,False,True,-1,
12092,9,-1,5,False,True,-1,
12092,2,-1,1,False,,-1,
12092,3,-1,6,False,,-1,
12102,2,-1,1,False,,-1,
12102,9,-1,5,False,True,-1,
12102,0,-1,12,False,True,-1,
12102,1,-1,8,False,True,-1,
12102,5,-1,3,False,True,-1,
12102,3,-1,6,False,,-1,
12112,1,-1,8,False,True,-1,
12112,2,-1,2,False,True,-1,
12112,7,-1,18,False,True,-1,
12122,2,-1,2,False,True,-1,
12122,6,-1,5,False,,-1,
12122,2,-1,2,False,True,-1,
12122,6,-1,5,False,,-1,
12132,6,-1,5,False,,-1,
12132,4,-1,5,False,True,-1,
12132,8,-1,1,False,,-1,
12132,3,-1,24,False,True,-1,
12132,0,-1,9,False,True,-1,
12132,4,-1,5,False,True,-1,
12132,8,-1,1,False,,-1,
12132,3,-1,24,False,True,-1,
12132,0,-1,9,False,True,-1,
12142,3,-1,24,False,True,-1,
12142,0,-1,4,False,,-1,
12142,9,-1,1,False,True,-1,
12142,0,-1,4,False,,-1,
12142,3,-1,24,False,True,-1,
12152,2,-1,1,False,True,-1,
12152,4,-1,5,False,True,-1,
12152,3,-1,24,False,True,-1,
12152,6,-1,32,False,True,-1,
12152,5,-1,2,False,True,-1,
12152,1,-1,8,False,True,-1,
12152,9,-1,1,False,True,-1,
12162,0,-1,7,False,True,-1,
12162,6,-1,32,False,True,-1,
12162,3,-1,24,False,True,-1,
12162,0,-1,7,False,True,-1,
12162,0,-1,7,False,True,-1,
12172,2,-1,2,False,True,-1,
12172,5,-1,2,False,True,-1,
12172,2,-1,2,False,True,-1,
12172,9,-1,1,False,True,-1,
12182,2,-1,2,False,True,-1,
12182,2,-1,2,False,True,-1,
12182,1,-1,1,False,True,-1,
12192,0,-1,8,False,True,-1,
12192,5,-1,2,False,True,-1,
12192,2,-1,2,False,True,-1,
12192,9,-1,1,False,True,-1,
12192,2,-1,2,False,True,-1,
12192,8,-1,3,False,True,-1,
12202,7,-1,1,False,,-1,
12202,8,-1,3,False,True,-1,
12202,4,-1,5,False,True,-1,
12202,0,-1,6,False,True,-1,
12202,2,-1,2,False,True,-1,
12212,0,-1,6,False,True,-1,
12212,2,-1,2,False,True,-1,
12212,8,-1,3,False,True,-1,
12212,0,-1,4,False,,-1,
12222,2,-1,2,False,True,-1,
12222,9,-1,1,False,,-1,
12222,2,-1,2,False,True,-1,
12222,4,-1,5,False,True,-1,
12222,2,-1,2,False,True,-1,
12222,9,-1,1,False,,-1,
12232,2,-1,2,False,True,-1,
12232,6,-1,32,False,True,-1,
12232,5,-1,2,False,True,-1,
12232,7,-1,3,False,True,-1,
12232,4,-1,5,False,True,-1,
12242,4,-1,5,False,True,-1,
12242,8,-1,3,False,True,-1,
12252,0,-1,8,False,True,-1,
12252,1,-1,1,False,True,-1,
12252,6,-1,5,False,,-1,
12262,7,-1,18,False,True,-1,
12262,9,-1,5,False,True,-1,
12262,4,-1,5,False,True,-1,
12272,6,-1,5,False,,-1,
12272,4,-1,5,False,True,-1,
12272,8,-1,1,False,True,-1,
12272,5,-1,1,False,True,-1,
12282,4,-1,5,False,True,-1,
12282,7,-1,18,False,True,-1,
12292,8,-1,1,False,True,-1,
12292,7,-1,18,False,True,-1,
12292,7,-1,18,False,True,-1,
12302,7,-1,18,False,True,-1,
12302,3,-1,27,False,True,-1,
12302,4,-1,5,False,True,-1,
12302,7,-1,18,False,True,-1,
12302,3,-1,27,False,True,-1,
12312,5,-1,9,False,True,-1,
12312,6,-1,5,False,,-1,
12312,8,-1,1,False,True,-1,
12312,3,-1,27,False,True,-1,
12312,7,-1,18,False,True,-1,
12312,0,-1,6,False,True,-1,
12312,1,-1,1,False,True,-1,
12312,0,-1,6,False,True,-1,
12322,3,-1,27,False,True,-1,
12322,6,-1,5,False,,-1,
12322,8,-1,1,False,True,-1,
12322,5,-1,9,False,True,-1,
12322,3,-1,27,False,True,-1,
12332,8,-1,3,False,True,-1,
12342,3,-1,26,False,True,-1,
12342,9,-1,2,False,True,-1,
12342,7,-1,19,False,True,-1,
12352,8,-1,3,False,True,-1,
12362,9,-1,2,False,True,-1,
12362,7,-1,19,False,True,-1,
12362,4,-1,5,False,True,-1,
12362,4,-1,5,False,True,-1,
12372,9,-1,2,False,True,-1,
12372,0,-1,1,True,,-1,
12372,4,-1,5,False,True,-1,
12382,3,-1,6,False,,-1,
12382,9,-1,6,False,True,-1,
12382,3,-1,6,False,,-1,
12392,0,-1,1,False,True,-1,
12392,0,-1,1,False,True,-1,
12392,0,-1,1,False,True,-1,
12392,0,-1,1,False,True,-1,
12402,4,-1,7,False,True,-1,
12402,4,-1,5,False,True,-1,
12402,1,-1,1,False,True,-1,
12412,0,-1,1,False,,-1,
12412,0,-1,1,False,,-1,
12412,0,-1,1,False,,-1,
12412,2,-1,2,False,True,-1,
12412,9,-1,6,False,True,-1,
12412,6,-1,5,False,,-1,
12412,0,-1,1,False,,-1,
12422,5,-1,7,False,True,-1,
12422,3,-1,22,False,True,-1,
12422,6,-1,5,False,,-1,
12422,7,-1,3,False,True,-1,
12432,2,-1,3,False,True,-1,
12432,2,-1,3,False,True,-1,
12442,4,-1,5,False,True,-1,
12442,1,-1,8,False,True,-1,
12442,2,-1,3,False,True,-1,
12442,4,-1,5,False,True,-1,
12442,9,-1,3,False,True,-1,
12452,5,-1,1,False,True,-1,
12452,2,-1,3,False,True,-1,
12452,2,-1,3,False,True,-1,
12462,8,-1,5,False,True,-1,
12462,0,-1,7,False,True,-1,
12462,9,-1,3,False,True,-1,
12462,8,-1,5,False,True,-1,
12462,4,-1,5,False,True,-1,
12462,9,-1,3,False,True,-1,
12462,7,-1,3,False,True,-1,
12472,3,-1,21,False,True,-1,
12472,1,-1,8,False,True,-1,
12472,0,-1,2,False,True,-1,
12472,3,-1,21,False,True,-1,
12482,4,-1,5,False,True,-1,
12482,7,-1,3,False,True,-1,
12482,4,-1,5,False,True,-1,
12492,4,-1,5,False,True,-1,
12492,2,-1,2,False,True,-1,
12492,2,-1,2,False,True,-1,
12502,4,-1,5,False,True,-1,
12512,5,-1,1,False,True,-1,
12512,2,-1,1,False,True,-1,
12512,4,-1,5,False,True,-1,
12512,7,-1,20,False,True,-1,
12522,8,-1,2,False,True,-1,
12522,2,-1,1,False,True,-1,
12522,3,-1,21,False,True,-1,
12532,5,-1,1,False,True,-1,
12532,5,-1,1,False,True,-1,
12532,3,-1,21,False,True,-1,
12542,0,-1,4,False,True,-1,
12542,9,-1,5,False,True,-1,
12542,3,-1,21,False,True,-1,
12542,0,-1,4,False,True,-1,
12552,0,-1,4,False,True,-1,
12552,1,-1,8,False,True,-1,
12552,3,-1,21,False,True,-1,
12552,4,-1,6,False,,-1,
12562,8,-1,1,False,True,-1,
12562,7,-1,2,False,,-1,
12572,9,-1,5,False,True,-1,
12572,0,-1,3,False,True,-1,
12572,5,-1,5,False,,-1,
12572,8,-1,1,False,True,-1,
12582,6,-1,5,False,,-1,
12582,1,-1,8,False,True,-1,
12582,9,-1,5,False,True,-1,
12582,0,-1,3,False,True,-1,
12592,6,-1,5,False,,-1,
12592,1,-1,8,False,True,-1,
12592,4,-1,19,False,True,-1,
12592,9,-1,5,False,True,-1,
12602,7,-1,1,False,,-1,
12612,3,-1,6,False,,-1,
12612,7,-1,1,False,,-1,
12612,8,-1,1,False,True,-1,
12612,4,-1,4,False,True,-1,
12612,4,-1,4,False,True,-1,
12622,3,-1,6,False,,-1,
12622,9,-1,1,False,,-1,
12622,0,-1,3,False,True,-1,
12622,7,-1,1,False,,-1,
12632,5,-1,11,False,True,-1,
12632,8,-1,1,False,True,-1,
12632,4,-1,18,False,True,-1,
12632,7,-1,1,False,,-1,
12642,9,-1,4,False,True,-1,
12642,8,-1,1,False,True,-1,
12652,8,-1,1,False,True,-1,
12652,7,-1,21,False,True,-1,
12652,4,-1,6,False,,-1,
12652,8,-1,1,False,True,-1,
12652,0,-1,3,False,True,-1,
12662,1,-1,8,False,True,-1,
12662,8,-1,1,False,True,-1,
12662,0,-1,3,False,True,-1,
12662,7,-1,21,False,True,-1,
12662,8,-1,1,False,True,-1,
12662,5,-1,11,False,True,-1,
12672,8,-1,1,False,True,-1,
12672,8,-1,1,False,True,-1,
12682,2,-1,0,False,,-1,
12682,9,-1,3,False,True,-1,
12682,3,-1,18,False,True,-1,
12682,2,-1,0,False,,-1,
12682,0,-1,3,False,True,-1,
12682,7,-1,8,False,,-1,
12692,2,-1,0,False,,-1,
12692,0,-1,3,False,True,-1,
12692,4,-1,18,False,True,-1,
12692,8,-1,1,False,True,-1,
