type,obfuscated_package,obfuscated_class,meaningful_name,notes
class,com.corrodinggames.rts.game,a,GameFlag,Abstract state flag holder (id + 3 flags)
class,com.corrodinggames.rts.game,b,GameFlagImpl,Default GameFlag implementation
class,com.corrodinggames.rts.game,c,NetworkPlayer,PlayerState subclass for network players
class,com.corrodinggames.rts.game,d,NeutralPlayer,PlayerState subclass with teamId=-2 (neutral)
class,com.corrodinggames.rts.game,e,HumanPlayer,PlayerState subclass for local human (has name)
class,com.corrodinggames.rts.game,h,TagFilter,Team tag filter - checks tags on units
class,com.corrodinggames.rts.game,m,ProjectileType,"v19.113g 运行时铁证修正: 2值枚举 normal/nuke (02b m: a(""normal"",0) b(""nuke"",1) + 存档 #Enum:m:nuke) (旧误名 GameStateEnum)"
class,com.corrodinggames.rts.game,o,GameMode,5-value enum (skirmish/custom/saved/steam/relay)
class,com.corrodinggames.rts.game,q,UnitTypeComparator,7-value enum (resource type identifiers)
class,com.corrodinggames.rts.game,r,UnitTypeCount,Unit type + count pair for build queues
class,com.corrodinggames.rts.game,u,LobbyPlayer,PlayerState subclass (slot=-99
class,com.corrodinggames.rts.gameFramework,ae,ShaderProgram,OpenGL shader wrapper
class,com.corrodinggames.rts.gameFramework,af,TextureCache,Texture caching helper
class,com.corrodinggames.rts.gameFramework,ao,GameInput,Input state holder
class,com.corrodinggames.rts.gameFramework,aq,MusicPlayerBase,main-deobf-anchored: Main.class 用法/字节码锚定 (2026-08-16): 抽象音乐播放器基类 (protected am e); 原 TeamColor 有误
class,com.corrodinggames.rts.gameFramework,ar,GameTimer,Game timer utility
class,com.corrodinggames.rts.gameFramework,as,PacketBuilder,Abstract packet builder base
class,com.corrodinggames.rts.gameFramework,av,NullMusicPlayer,"main-deobf-anchored: Main.class 用法/字节码锚定 (2026-08-16): 空音乐工厂 (日志 ""Null musicFactory - load""); 原 PingTimer 有误"
class,com.corrodinggames.rts.gameFramework,aw,TextPacketBuilder,PrintStream-based packet debug builder
class,com.corrodinggames.rts.gameFramework,az,SpriteBase,Sprite/dimension base class (extends am)
class,com.corrodinggames.rts.gameFramework,bc,GameEvent,Game event data container
class,com.corrodinggames.rts.gameFramework,bf,UnitGroup,Unit group/formation tracker
class,com.corrodinggames.rts.gameFramework,bi,StatsTimeline,Stats timeline entry
class,com.corrodinggames.rts.gameFramework,bk,StatsCallback,Stats sample callback
class,com.corrodinggames.rts.gameFramework,bm,GameTimerTask,Timer task holder
class,com.corrodinggames.rts.gameFramework,bp,Attachment,Unit attachment base
class,com.corrodinggames.rts.gameFramework,bu,FrameCounter,Frame counter/timer
class,com.corrodinggames.rts.game.units,x,MovableUnit,Abstract movable unit base (extends UnitType)
class,com.corrodinggames.rts.game.units,w,CustomUnitBase,Abstract custom unit base (extends UnitType
class,com.corrodinggames.rts.game.units,v,DecorUnit,Abstract decoration unit base (extends UnitInstance)
class,com.corrodinggames.rts.game.units,j,LandUnit,Land unit base (extends MovableUnit)
class,com.corrodinggames.rts.game.units,g,ExperimentalLandUnit,Experimental land unit (extends LandUnit + d)
class,com.corrodinggames.rts.game.units,f,WaterUnit,Water/naval unit (extends MovableUnit)
class,com.corrodinggames.rts.game.units,k,AirUnit,Air unit (extends MovableUnit)
class,com.corrodinggames.rts.game.units,l,HoverUnit,Hover unit (extends MovableUnit)
class,com.corrodinggames.rts.game.units,m,SubmarineUnit,Submarine unit (extends MovableUnit)
class,com.corrodinggames.rts.game.units,t,AmphibiousUnit,Amphibious unit (extends MovableUnit)
class,com.corrodinggames.rts.game.units,u,TimedBomb,Timed bomb/self-destruct unit (extends MovableUnit)
class,com.corrodinggames.rts.game.units,al,TreeDecoration,Tree/palm decoration on map
class,com.corrodinggames.rts.game.units,ai,FireDecoration,Fire/flame decoration effect
class,com.corrodinggames.rts.game.units,aq,PathfindingHelper,Bresenham line + pathfinding utility
class,com.corrodinggames.rts.game.units,n,UnitCategory,Unit category enum (extends Enum)
class,com.corrodinggames.rts.game.units,o,UnitBehaviorEnum,Unit behavior enum (extends Enum)
class,com.corrodinggames.rts.game.units,r,UnitActionEnum,Unit action enum (extends Enum)
class,com.corrodinggames.rts.game.units,p,UnitQueryFilter,Unit query/filter class
class,com.corrodinggames.rts.game.units,q,SpecialActionType,Special action type class (extends s)
class,com.corrodinggames.rts.game.units,ac,DecorType1,Decoration type (extends i)
class,com.corrodinggames.rts.game.units,ae,DecorType2,Decoration type (extends i)
class,com.corrodinggames.rts.game.units,ah,DecorType3,Decoration type (extends i)
class,com.corrodinggames.rts.game.units,aj,DecorType4,Decoration type (extends i)
class,com.corrodinggames.rts.game.units,ap,UnitTurret,Turret/gun mount on unit; 字段a-m语义: a=turretOffsetX b=turretOffsetY c=turretPivotX d=turretPivotY e=restAngle f=maxRotationAngle g=hasLimitedArc h=minAngleLimit i=maxAngleLimit j=targetUnit k=currentAngle l=targetAngle m=isTurning
class,com.corrodinggames.rts.game.units,ad,UnitAttachment,Unit attachment data
class,com.corrodinggames.rts.game.units,af,UnitTransform,Unit transform/conversion data
class,com.corrodinggames.rts.game.units,ak,UnitShield,Unit shield component
class,com.corrodinggames.rts.game.units,e,BuildingBase,Building base class (extends d)
class,com.corrodinggames.rts.gameFramework,i,CrashHandler,Uncaught exception handler (OOM recovery)
class,com.corrodinggames.rts.gameFramework,a,CollisionEngine,"v19.104 agentH: h(""CollisionEngine"")后new + 13碰撞组字段矩阵结构; 原ByteIndexedMap撤销"
class,com.corrodinggames.rts.gameFramework,j,FileWatcher,File modification time checker + live reload
class,com.corrodinggames.rts.gameFramework,z,GameThread,Game thread (extends Thread
class,com.corrodinggames.rts.gameFramework,d,CommandPathPart,"v19.98 T0仲裁: 命令d子对象(long实体+4浮点+int帧号+ao枚举+嵌套k.k路径子流), a(as)/a(k)序列化对; 原GameEngine映射撤销"
class,com.corrodinggames.rts.gameFramework,x,GameObjectComparator,Game object comparator
class,com.corrodinggames.rts.gameFramework,q,GameTimerScheduler,Game timer/scheduler
class,com.corrodinggames.rts.gameFramework,m,WorldGenerator,Map/world generator
class,com.corrodinggames.rts.gameFramework,k,SleepThread,Sleep/pause thread utility
class,com.corrodinggames.rts.gameFramework,t,ThreadPool,Thread pool manager
class,com.corrodinggames.rts.gameFramework,g,PlatformDetector,"v19.101 仲裁: a()静态 os.name检测(mac/darwin→b, win→a, nux→c, 其他→d)返回h平台枚举; 原FileSystem映射撤销 (无文件系统证据)"
class,com.corrodinggames.rts.gameFramework,v,GameEngineFactory,"B2 映射勘误 (02b v.java 方法体铁证: l a(Context) 返回 new game.i(context) = GameEngine 工厂, 非 ZipReader; 03=GameEngineFactory.java)"
class,com.corrodinggames.rts.gameFramework,u,ResourceDomainEnum,Resource domain enum
class,com.corrodinggames.rts.gameFramework,p,AssetLoader,Asset/resource loader
class,com.corrodinggames.rts.gameFramework,b,CollisionGroup,v19.104 agentH: 碰撞组定义 (groupId/collidesWithGroups); 原ByteSlot撤销
class,com.corrodinggames.rts.gameFramework,r,VersionInfo,Version/build info
class,com.corrodinggames.rts.gameFramework,h,OSEnum,OS type enum
class,com.corrodinggames.rts.gameFramework,s,GameStateEnum2,Game state type enum
class,com.corrodinggames.rts.gameFramework,o,KeyCodeMapper,Key code mapping utility
class,com.corrodinggames.rts.game.units.d,a,ExperimentalGroundUnit,Experimental ground unit (extends i)
class,com.corrodinggames.rts.game.units.d,b,CustomGroundUnit,Custom ground unit (extends CustomUnitBase)
class,com.corrodinggames.rts.game.units.d,c,ExperimentalHoverUnit,Experimental hover unit (extends i)
class,com.corrodinggames.rts.game.units.d,f,ExperimentalWaterUnit,Experimental water unit (extends i)
class,com.corrodinggames.rts.game.units.d,g,ExperimentalLandFactory,Experimental land factory (extends i)
class,com.corrodinggames.rts.game.units.d,k,UnitFactoryHelper,Unit factory helper (standalone)
class,com.corrodinggames.rts.game.units.d,m,ExperimentalBuilding,Experimental building (extends i)
class,com.corrodinggames.rts.game.units.d,n,CustomBuildingUnit,Custom building (extends CustomUnitBase)
class,com.corrodinggames.rts.game.units.d,o,ExperimentalAirUnit,Experimental air unit (extends AirUnit)
class,com.corrodinggames.rts.game.units.d,p,ExperimentalSubUnit,Experimental sub unit (extends i)
class,com.corrodinggames.rts.game.units.d,q,UnitActionHelper,Unit action helper (standalone)
class,com.corrodinggames.rts.game.units.e,a,ExtractorBuilding,Extractor/resource building (extends j)
class,com.corrodinggames.rts.game.units.e,b,FactoryBuilding,Factory building (extends j + implements d)
class,com.corrodinggames.rts.game.units.e,d,WallBuilding,Wall/defense building (extends j)
class,com.corrodinggames.rts.game.units.e,e,SubBuildingType1,Building subtype (extends h)
class,com.corrodinggames.rts.game.units.e,f,TurretBuilding,Turret building (extends j)
class,com.corrodinggames.rts.game.units.e,g,SubBuildingType2,Building subtype (extends h)
class,com.corrodinggames.rts.game.units.e,h,AbstractSubBuilding,Abstract sub-building base (extends j)
class,com.corrodinggames.rts.game.units.e,i,SpecialBuilding,Special building (extends h + implements ak)
class,com.corrodinggames.rts.game.units.e,j,AbstractBuildingBase,Abstract building base (extends CustomUnitBase)
class,com.corrodinggames.rts.game.units.e,k,RepairBay,Repair bay building (extends j)
class,com.corrodinggames.rts.game.units.e,l,RadarBuilding,Radar/sensor building (extends j)
class,com.corrodinggames.rts.game.units.e,m,ShieldBuilding,Shield generator building (extends j)
class,com.corrodinggames.rts.game.units.e,n,StorageBuilding,Storage building (extends j)
class,com.corrodinggames.rts.game.units.e,o,PowerBuilding,Power/energy building (extends j)
class,com.corrodinggames.rts.game.units.b,a,UnitBehavior,Unit behavior class (extends no base)
class,com.corrodinggames.rts.game.units.b,b,AbstractUnitBehavior,Abstract unit behavior base
class,com.corrodinggames.rts.game.units.b,c,AttackBehavior,Attack behavior
class,com.corrodinggames.rts.game.units.b,d,MoveBehavior,Move behavior
class,com.corrodinggames.rts.game.units.b,e,BuildBehavior,Build behavior
class,com.corrodinggames.rts.game.units.b,f,RepairBehavior,Repair behavior
class,com.corrodinggames.rts.game.units.h,a,FactoryAction1,Factory action type 1
class,com.corrodinggames.rts.game.units.h,b,FactoryAction2,Factory action type 2
class,com.corrodinggames.rts.game.units.h,c,FactoryAction3,Factory action type 3
class,com.corrodinggames.rts.game.units.h,d,FactoryAction4,Factory action type 4
class,com.corrodinggames.rts.game.units.h,e,FactoryAction5,Factory action type 5
class,com.corrodinggames.rts.game.units.h,f,FactoryAction6,Factory action type 6
class,a.a.a,a,AckPacket,Reliable UDP ACK packet (extends Packet
class,a.a.a,b,DataPacket,Reliable UDP data packet (extends Packet
class,a.a.a,c,ExtendedAckPacket,Reliable UDP EAK packet (extends AckPacket
class,a.a.a,d,FinPacket,Reliable UDP FIN packet (extends Packet
class,a.a.a,e,NullPacket,Reliable UDP NUL keep-alive packet (extends Packet
class,a.a.a,f,ResetPacket,Reliable UDP RST packet (extends Packet
class,a.a.a,g,SynPacket,Reliable UDP SYN connection setup (extends Packet
class,a.a.a,h,Packet,Abstract reliable UDP packet base (factory deserializer
class,a.a.a,i,TaskRunner,Runnable wrapper with wait/notify scheduling in daemon thread
class,a.a,a,DataReceiver,Abstract data receiver (single method: receive(byte[] int))
class,a.a,b,ReliableServerSocket,UDP-based ServerSocket (extends ServerSocket
class,a.a,c,AddressFilter,Abstract socket address filter (single method: accept(SocketAddress))
class,a.a,d,ReliableServerThread,"Daemon thread ""ReliableServerSocket"" processing incoming UDP packets"
class,a.a,e,ReliableClientSocket,Client-side reliable socket (extends ReliableSocket
class,a.a,f,ServerConnectionListener,Connection handler (implements ConnectionEventHandler
class,a.a,g,ConnectionEntry,Simple container (long + ReliableClientSocket pair)
class,a.a,h,ReliableSocket,Core reliable UDP socket (extends Socket
class,a.a,i,SocketStats,Connection statistics tracker (sent/recv/dropped counters)
class,a.a,j,SocketInitTask,Runnable that calls socket init method
class,a.a,k,SocketStartTask,Runnable that calls socket start method
class,a.a,l,NullPacketSender,Runnable that sends NUL keep-alive packets
class,a.a,m,ReliableSocketThread,"Daemon thread ""ReliableSocket"" dispatching SYN/EAK/DAT/ACK packets"
class,a.a,n,PacketSender,Runnable that flushes queued packets to socket
class,a.a,o,ReliableInputStream,InputStream over reliable socket (buffered reads)
class,a.a,p,SocketLifecycle,Interface with 4 lifecycle callbacks (start/stop/connect/disconnect)
class,a.a,q,ReliableOutputStream,OutputStream over reliable socket (buffered writes + flush)
class,a.a,r,ReliableProfile,11 network parameters (maxSegmentSize=300 timeout=600 retrans=3 etc)
class,a.a,s,ConnectionEventHandler,Interface with 5 callbacks (onConnect/onDisconnect/onIdle/onSend/onRecv)
class,com.corrodinggames.rts.game.b,a,MapSpawn,Map spawn/mission data parser (XML Element Properties RectF)
class,com.corrodinggames.rts.game.b,d,MapLayerRenderer,Individual map layer renderer (Paint texture sprite)
class,com.corrodinggames.rts.game.b,e,TMXMapLoader,TMX map file loader (GZIPInputStream InflaterInputStream Base64)
class,com.corrodinggames.rts.game.b,f,MapException,Map-related exception (extends Exception)
class,com.corrodinggames.rts.game.b,h,TileDrawer,Single tile rendering (Paint Rect y=sprite e=texture)
class,com.corrodinggames.rts.gameFramework.a,a,AndroidSoundFactory,Android SoundPool audio factory (extends h 15-slot pool)
class,com.corrodinggames.rts.gameFramework.c,a,DebugServer,Developer debug socket server (port 5677
class,com.corrodinggames.rts.gameFramework.d,a,GameHUD,In-game HUD overlay (Paint RectF UnitInstance build queue display)
class,com.corrodinggames.rts.gameFramework.e,a,FileLoader,Storage/file system abstraction (Build.VERSION SDK checks)
class,com.corrodinggames.rts.gameFramework.h,a,Localization,Translation system (ResourceBundle Locale PropertyResourceBundle)
class,com.corrodinggames.rts.gameFramework.i,a,VersionChecker,Mod version compatibility checker (semantic version parsing)
class,com.corrodinggames.rts.gameFramework.j,a,ChatSystem,In-game chat/message system (Html Spanned spam detection)
class,com.corrodinggames.rts.gameFramework.k,a,UnitList,Growable typed unit list (extends AbstractList Serializable RandomAccess)
class,com.corrodinggames.rts.gameFramework.l,a,PerformanceMonitor,FPS tracker + file logging
class,com.corrodinggames.rts.gameFramework.m,a,OpenGLRenderer,Main OpenGL ES 1.0 renderer (implements GLSurfaceView.Renderer)
class,com.corrodinggames.rts.gameFramework.o,a,SteamEngine,Steam integration (invite overlay workshop achievements)
class,com.corrodinggames.rts.game.units.a,a,UnitActionBase,Abstract base for unit actions (operates on GameContext am)
class,com.corrodinggames.rts.game.units.a,b,ActionFilter,Unit action availability filter (emptyActionFilter singleton)
class,com.corrodinggames.rts.game.units.a,c,ActionId,Interned string action identifier (HashMap cache)
class,com.corrodinggames.rts.game.units.a,d,AttackAction,"Attack mode action (extends s name=""c_7"" ""Attack Mode"")"
class,com.corrodinggames.rts.game.units.g,a,UnitComponent,Abstract serializable unit component (int id InputNetStream/OutputNetStream)
class,com.corrodinggames.rts.game.units.f,b,UnitArrayList,Growable array of UnitInstance references (am[] backing dynamic growth)
class,com.corrodinggames.rts.game.units.f,e,UnitFilter,Abstract spatial filter (single method: accept(UnitInstance) returns boolean)
class,com.corrodinggames.rts.game.units.f,i,SpatialQuery,Abstract spatial query (extends SpatialCallback excludeTeam onlyEnemiesOfTeam getResult)
class,com.corrodinggames.rts.game.units.f,j,SpatialCallback,Abstract spatial callback (callback(UnitType float UnitInstance))
class,com.corrodinggames.rts.game.units.c,a,MeleeBugUnit,Melee bug/ladybug unit (extends j references R$drawable.ladybug); 03 树已应用 units/special/. real_pkg: com.corrodinggames.rts.game.units.special
class,com.corrodinggames.rts.game.a.a,a,AIStrategy,Abstract AI strategy base (b=result k=serialize as=deserialize)
class,com.corrodinggames.rts.game.a.a,b,AIStrategyResult,AI strategy evaluation result
class,com.corrodinggames.rts.game.a.a,c,AIUnitGroupStrategy,AI unit group strategy (extends AIStrategy has UnitRegistry[u] abstract c())
class,com.corrodinggames.rts.game.a.a,d,AINukeStrategy,AI nuke launcher strategy (extends AIUnitGroupStrategy PointF targeting nukeLauncher)
class,com.corrodinggames.rts.game.units.a,e,AttackMoveAction,"Unit action ""c_4"" Attack Move command (extends s u.h)"
class,com.corrodinggames.rts.game.units.a,f,GuardAction,"Unit action ""c_8"" Guard unit command (extends s u.l gui.actions.guardUnit)"
class,com.corrodinggames.rts.game.units.a,g,BuildAction,Unit action for building/construction (extends s has savedSelectedUnitsCache UnitTypeHandle)
class,com.corrodinggames.rts.game.units.a,h,ActionWrapper,Unit action wrapper/decorator (extends s delegates to inner action a)
class,com.corrodinggames.rts.game.units.a,i,PatrolAction,"Unit action ""c_9"" Patrol command (extends s u.m gui.actions.patrol)"
class,com.corrodinggames.rts.game.units.a,j,PingAction,"Unit action ""c_6_{type}"" Map ping (extends s u.j PingType parameter)"
class,com.corrodinggames.rts.game.units.a,k,PingType,Map ping type enum (a-l 12 values menus.ingame.ping.type.*)
class,com.corrodinggames.rts.game.units.a,l,UnitBuildAction,"Build unit command (extends w name=""u_{unitId}"" shows unit cost/stats)"
class,com.corrodinggames.rts.game.units.a,m,ReclaimAction,"Unit action ""c_2"" Reclaim target (extends s gui.actions.reclaimTarget)"
class,com.corrodinggames.rts.game.units.a,n,RepairAction,"Unit action ""c_3"" Repair target (extends s gui.actions.repairTarget)"
class,com.corrodinggames.rts.game.units.a,o,RallyPointAction,"Unit action ""c_1"" Set rally point (extends s gui.actions.setRally)"
class,com.corrodinggames.rts.game.units.a,p,AbstractCutsceneAction,"Abstract UI/cutscene action (extends s name=""c__cut_{name}"" no resource target)"
class,com.corrodinggames.rts.game.units.a,q,TeamChatAction,"Cutscene action ""c__cut_chat"" Team Chat (extends AbstractCutsceneAction)"
class,com.corrodinggames.rts.game.units.a,r,MapPingAction,"Cutscene action ""c__cut_ping"" Map Ping (extends AbstractCutsceneAction)"
class,com.corrodinggames.rts.game.units.a,s,GameAction,Core game action class (implements Comparable priority-based action ordering)
class,com.corrodinggames.rts.game.units.a,t,ActionCategory,Unit action category enum (t.a default category)
class,com.corrodinggames.rts.game.units.a,u,ActionTargetType,Unit action target type enum (u.h/j/k/l/m enum values)
class,com.corrodinggames.rts.game.units.a,w,AbstractBuildAction,Abstract build-related action base (l extends w build unit/tech actions)
class,com.corrodinggames.rts.game.units.a,v,BuildQueueAction,"Factory build queue action (extends s name=""b_{unitId}"" unit count UnitTypeHandle)"
class,com.corrodinggames.rts.game.units.a,x,AbstractImmediateAction,Abstract immediate/no-target action (extends s u.a t.a no resource)
class,com.corrodinggames.rts.game.units.a,y,StopAction,"Unit action ""c_5"" Stop command (extends s u.i t.g priority=-9990)"
class,com.corrodinggames.rts.game.units.a,z,SellAction,"Sell/delete unit action (extends s name=""s_{unitId}"" priority=-9999 u.i)"
class,com.corrodinggames.rts.game.b,i,MapLayerDef,Map layer definition (name width height spawns ArrayList XML parsing)
class,com.corrodinggames.rts.game.b,j,TilesetDef,Tileset data definition (image source tile dimensions spacing properties)
class,com.corrodinggames.rts.game.b,k,TileEntry,Single tileset tile entry (id image properties package-private)
class,com.corrodinggames.rts.game.units.d,h,PowerGeneratorUnit,Power/energy generator unit (extends i 3 tech levels 2.0/7.0/14.0 output R$drawable.power)
class,com.corrodinggames.rts.game.units.d,i,MobileBuilderBase,Abstract mobile builder base (extends ExperimentalGroundUnit implements l delegates to k factory helper)
class,com.corrodinggames.rts.game.units.d,r,RepairBayUnit,Repair bay/turret unit (extends ExperimentalGroundUnit implements d R$drawable.repair_bay auto area heal)
class,com.corrodinggames.rts.game.units.d,s,AutoRepairCallback,Spatial query callback for auto-repair scanning (extends SpatialQuery finds damaged units in range)
class,com.corrodinggames.rts.game.units.d,u,UpgradeToT2Action,Factory upgrade to tech level 2 action (extends AbstractBuildAction gui.actions.upgradeT2 ar.d.c(2))
class,com.corrodinggames.rts.game.units.d,v,FabricatorUnit,Mobile fabricator/builder unit (extends i ar.N tech levels 1-3)
class,com.corrodinggames.rts.game.units.d,w,ExperimentalWallUnit,Experimental wall building unit (extends i R$drawable.wall_v 15x15 size)
class,com.corrodinggames.rts.game.units.g,b,ComponentType,Unit component type enum (2 values a/b with anonymous subclasses)
class,com.corrodinggames.rts.game.units.g,c,ComponentUpdater,Static component updater utility (iterates components calls update removes expired)
class,com.corrodinggames.rts.game.units.g,d,FloatComponent,Float-valued unit component (extends UnitComponent serializable float b)
class,com.corrodinggames.rts.game.units.g,e,TimerComponent,Timer/cooldown unit component (extends UnitComponent int b start tick ActionId filter c)
class,com.corrodinggames.rts.gameFramework.j,n,WebAPIClient,Apache HttpClient-based web API (Steam Workshop mod download HTTP report)
class,com.corrodinggames.rts.gameFramework.j,aw,ByteArrayPacketBuilder,Print-based packet builder (extends PacketBuilder ByteArrayOutputStream+PrintStream linked list queue)
class,com.corrodinggames.rts.gameFramework.j,ao,ServerListener,Multiplayer server socket listener (implements Runnable ServerSocket IP filtering NetEngine ref)
class,com.corrodinggames.rts.gameFramework.j,h,SteamSocket,"Steam networking socket wrapper (extends Socket Steam P2P ""Closing steam socket"")"
class,com.corrodinggames.rts.gameFramework.j,e,SendWorker,"Network send worker thread (implements Runnable DataOutputStream named ""SendWorker-{id}"" wait/notify)"
class,com.corrodinggames.rts.gameFramework.j,af,UDPBroadcastListener,UDP broadcast discovery listener (implements Runnable DatagramSocket ping/pong MAGIC_GAME_ID)
class,com.corrodinggames.rts.gameFramework.n,g,AIWaveParser,AI wave command parser (parses +prefix spawn commands); aicore 身份固化. real_pkg: com.corrodinggames.rts.gameFramework.aicore
class,com.corrodinggames.rts.gameFramework.g,a,DataFieldCollector,Stats/data field collector (groups DataField by player type/team for display)
class,com.corrodinggames.rts.gameFramework.h,b,MultiResourceBundle,"Merged ResourceBundle (mod + base game translations fallback ""MultipleResourceBundle: Slow get keys"")"
class,com.corrodinggames.rts.gameFramework.l,b,FilePickerCallback,Abstract callback for file picker dialog (onFileSelected onCancelled)
class,com.corrodinggames.rts.gameFramework.l,c,PlatformBackend,"Abstract platform backend (shareFile file picker ""PlatformExtensionBackend:shareFile"")"
class,com.corrodinggames.rts.gameFramework.c,b,DebugSession,Debug socket REPL handler (implements Runnable BufferedReader/PrintWriter per-connection)
class,com.corrodinggames.rts.gameFramework.c,c,DebugMonitorTask,Periodic debug monitor (implements Runnable System.gc() auto-GC debug overlay update)
class,com.corrodinggames.rts.gameFramework.i,b,ModInfo,Mod metadata container (implements Comparable 30+ fields: name desc version author path enabled flags)
class,com.corrodinggames.rts.gameFramework.i,c,ModLoadEntry,Mod discovery intermediate entry (String a/b + ModInfo c + parent VersionChecker)
class,com.corrodinggames.rts.gameFramework.e,b,FileAccessFlags,File access permission flags (3 booleans: canRead canWrite exists)
class,com.corrodinggames.rts.gameFramework.e,c,StorageBackend,"Base storage backend class (log prefix ""FileLoader: "" path operations for mod/assets)"
class,com.corrodinggames.rts.gameFramework.e,d,PathStorage,Single-path storage backend (extends StorageBackend base path mount name)
class,com.corrodinggames.rts.gameFramework.e,e,DualStorage,Dual/fallback storage backend (extends StorageBackend primary g + fallback h)
class,com.corrodinggames.rts.gameFramework.e,f,NullStorage,"Null/empty storage backend (extends StorageBackend returns ""/[NONE]/"" for everything)"
class,com.corrodinggames.rts.gameFramework.e,g,FilePathSanitizer,"File path sanitization utility (escapes / \\ : \"" ' | ? * < > \\0 for safe filenames)"
class,com.corrodinggames.rts.gameFramework.e,h,InputStreamHolder,Simple InputStream wrapper with close() for resource management
class,com.corrodinggames.rts.gameFramework.d,b,CloudRenderer,Cloud/noise overlay renderer (R$drawable.noise texture animated scrolling renderClouds setting)
class,com.corrodinggames.rts.gameFramework.d,d,HUDAnchor,HUD positioning anchor enum (9 values: a-i for screen position anchoring)
class,com.corrodinggames.rts.gameFramework.d,e,HUDElement,Individual HUD element (effect template ay flags c-s PointF state constants h-m=1-7)
class,com.corrodinggames.rts.gameFramework.d,f,DrawEffect,Animated map draw effect (extends w position floats serializable explosion/build effects)
class,com.corrodinggames.rts.gameFramework.d,g,HUDElementRenderer,HUD element texture renderer (darkens texture draws with frame count positioning)
class,com.corrodinggames.rts.gameFramework.d,h,DrawLayer,Draw ordering layer enum (5 values a-e ordinal comparison for z-ordering)
class,com.corrodinggames.rts.gameFramework,aa,GroupController,"v19.101 仲裁: b()创建递增id分组(ab2.e=a++) + a(m,y,m,float,int)单位分组算法(while!isEmpty按位置编组); h(""GroupController"")后new aa()字段角色一致; 原ProjectileWeapon撤销"
class,com.corrodinggames.rts.gameFramework,ab,ProjectileManager,Projectile batch manager (manages projectile groups tracks hit units WeaponAction)
class,com.corrodinggames.rts.gameFramework,ac,KeyBindings,Key binding configuration registry (50+ named bindings: Camera Zoom Chat Ping Save Select Build etc)
class,com.corrodinggames.rts.gameFramework,ad,KeyBinding,Single key binding (String name ArrayList c triggers ArrayList d alternates isPressed isDown)
class,com.corrodinggames.rts.gameFramework,am,MusicController,"v19.98 T0仲裁: 常量池全音乐字符串 (Failed to load music track/Music subsystem crashed/Next music track/musicVolume) + game.i h(""MusicController"")后new am(); 原GameRenderer映射撤销"
class,com.corrodinggames.rts.gameFramework,ap,MusicPlayer,MediaPlayer-based music player (extends PacketBuilder MediaPlayer pool playback control)
class,com.corrodinggames.rts.gameFramework,at,MusicFolder,Music source folder enum (3 values a/b/c scans directories for music files via FileLoader)
class,com.corrodinggames.rts.gameFramework,be,SaveFileHandler,Save file I/O handler (rtsSave/rtsSave.bak DataInputStream/DataOutputStream HashMap singleton 215 lines)
class,com.corrodinggames.rts.gameFramework,y,GameSaver,Main game save/load system (1371 lines — CRASH LOG VERIFIED: gameFramework.y.a at line 1371)
class,com.corrodinggames.rts.gameFramework,ba,ReplayEngine,Replay recording/playback engine (1700+ lines — CRASH LOG VERIFIED: ba.h[1587] ba.a[1713/907/780] ba.c[687])
class,com.corrodinggames.rts.gameFramework,bb,ReplayWriter,Replay frame writer thread (implements Runnable ConcurrentLinkedQueue frame queue background write)
class,com.corrodinggames.rts.gameFramework,bd,ReplayFrame,Single replay frame data (frame number timestamp byte[] data GameEvent ref float position)
class,com.corrodinggames.rts.java,i,DesktopPlatform,Desktop platform adapter (1314+ lines extends n shows alert dialogs message boxes AWT Toolkit ScriptEngine)
class,com.corrodinggames.rts.java,j,LWJGLDisplayThread,LWJGL display init thread (1464+ lines implements Runnable GL11 OpenGL version detection software fallback)
class,com.corrodinggames.rts.java,t,SlickImageData,Slick2D ImageData wrapper (implements ImageData wraps Slick2D Texture byte[] RGBA/RGB depth)
class,com.corrodinggames.rts.java,c,DisplayMessagePump,LWJGL Display message pump thread (extends Thread sleep 1ms Display.processMessages loop)
class,com.corrodinggames.rts.java,d,DesktopAppFramework,Desktop app framework adapter (implements appFramework.f AudioDevice window sync objects)
class,com.corrodinggames.rts.java,f,FontKey,Font cache key (Slick2D Font size bold fallback glyph cache strings toString debug)
class,com.corrodinggames.rts.gameFramework,bs,GamePhase,Game loop timing phase enum (30 values: draw_end update_do_all_collisions update_all_team_and_ai load_map etc)
class,com.corrodinggames.rts.gameFramework,bt,PerformanceTimer,Scoped performance timer (name enabled count peak_ms avg_ms total_ms profiling)
class,com.corrodinggames.rts.gameFramework,an,MusicFactory,"Android MediaPlayer music factory (creates MediaPlayer pool MusicPlayer instances ""AndroidMusicFactory"")"
class,com.corrodinggames.rts.gameFramework,au,RenderThread,Render thread (extends Thread drives GameRenderer loop wait/notify on vsync)
class,com.corrodinggames.rts.gameFramework,ag,KeyTrigger,Single keyboard key trigger (checks key state via KeyBindings ac.b)
class,com.corrodinggames.rts.gameFramework,ah,AxisTrigger,Analog axis trigger (gamepad joystick mouse wheel float 0-1 value)
class,com.corrodinggames.rts.gameFramework,ax,ReplayRecorder,Replay recording packet builder (extends PacketBuilder PingTimer TextPacketBuilder)
class,com.corrodinggames.rts.gameFramework,ay,Sprite,Animated sprite (extends SpriteBase integer width/height float center)
class,com.corrodinggames.rts.gameFramework,ai,InputProvider,Abstract input provider (keyboard/mouse/touch check key state GlobalState)
class,com.corrodinggames.rts.gameFramework,aj,AbstractInputConfig,Empty abstract base class for input configurations
class,com.corrodinggames.rts.gameFramework,ak,NullInput,"Null/disabled input trigger (always returns false c()=""None"")"
class,com.corrodinggames.rts.gameFramework,al,DefaultInputConfig,Default input configuration (extends AbstractInputConfig)
class,com.corrodinggames.rts.gameFramework.a,b,SoundInstance,Individual sound playback instance (SoundPool ID position volume priority play)
class,com.corrodinggames.rts.gameFramework.a,c,SoundPlayRequest,Sound play request data holder (SoundInstance position priority volume flags)
class,com.corrodinggames.rts.gameFramework.a,d,SoundThread,Audio worker thread (extends Thread blocking queue take+play+recycle)
class,com.corrodinggames.rts.gameFramework.a,e,SoundRegistry,Static sound effect registry (ArrayList 26 static Sound references d-F)
class,com.corrodinggames.rts.gameFramework.a,f,NullSoundFactory,Null/stub sound factory (returns Null sounds for OOM/missing fallback)
class,com.corrodinggames.rts.gameFramework.a,g,NullSound,Silent/null sound (no-op play returns 0 sound ID for missing/failed sounds)
class,com.corrodinggames.rts.gameFramework.a,h,SoundFactory,Abstract sound factory base (HashMap sound cache create Sound from resource/file)
class,com.corrodinggames.rts.gameFramework.a,i,Sound,Abstract sound base (float volume=1.0 String name loaded flags play+getSoundId)
class,com.corrodinggames.rts.gameFramework.k,l,PathFinder,Main pathfinding manager (static solver instances PathSolverRunner worker thread movement costs)
class,com.corrodinggames.rts.gameFramework.k,i,PathSolver,A* path solver instance (per tile chunk byte[] cost maps short[] g HashMap h PathNode)
class,com.corrodinggames.rts.gameFramework.k,o,PathSolverRunner,Pathfinding worker thread (implements Runnable byte[] cost arrays LinkedList job queue Thread w)
class,com.corrodinggames.rts.gameFramework.k,d,FastNodeQueue,"v19.110 修正: extends k.j 队列实现+静态统计a-u (02测试日志 Testing FastNodeQueue), 原AStarSearch误标"
class,com.corrodinggames.rts.gameFramework.k,k,PathCostCalculator,Base path cost calculator (extends from parent movement type byte[] terrain cost arrays)
class,com.corrodinggames.rts.gameFramework.k,f,PathCostCalc,Movement cost calculator implementation (extends k terrain costs step calculator path steps)
class,com.corrodinggames.rts.gameFramework.k,n,AStarNode,A* search node (implements Comparable short x/y int cost Manhattan+diagonal heuristic)
class,com.corrodinggames.rts.gameFramework.k,e,NodeQueue,Two-level priority node queue (extends j low/high cost buckets threshold split)
class,com.corrodinggames.rts.gameFramework.k,m,NodePool,Pre-allocated A* node pool (1000 nodes avoid GC during search allocates on empty)
class,com.corrodinggames.rts.gameFramework.k,p,PathNode,Final path position node (short x/y cost from terrain arrays o.b/o.c/o.d)
class,com.corrodinggames.rts.gameFramework.k,g,TerrainCost,Terrain movement cost map (byte[] cost arrays width/height per-tile movement cost)
class,com.corrodinggames.rts.gameFramework.k,b,UnitListIterator,Iterator for UnitList (ConcurrentModificationException-safe n PathNode iteration)
class,com.corrodinggames.rts.gameFramework.j,ab,MasterServerClient,Master server listing client (implements Runnable HTTP POST action=get game_id CORRODINGGAMES header)
class,com.corrodinggames.rts.gameFramework.j,g,GameServerInfo,Server listing entry (name map players IP port ping current/max players game ID)
class,com.corrodinggames.rts.gameFramework.j,ah,MatchConfig,Match/game configuration (implements Cloneable map fogMode credits incomeMultiplier noNukes sharedControl spectators randomSeed)
class,com.corrodinggames.rts.gameFramework.j,d,ReceiveWorker,"Network receive worker thread (implements Runnable ""ReceiveWorker-{id}"" DataInputStream 20MB limit iOS EBADF detection)"
class,com.corrodinggames.rts.gameFramework.j,y,MasterServerCreate,"Master server game creation (implements Runnable ""StartCreateOnMasterServer"" action=add user_id game_name private_token)"
class,com.corrodinggames.rts.gameFramework.j,v,ErrorReporter,"Crash/error telemetry reporter (implements Runnable ""SendErrorReport"" game_version device_model sdk_version)"
class,com.corrodinggames.rts.gameFramework.j,i,SteamInputStream,Steam socket input stream (extends InputStream LinkedBlockingDeque ByteBuffer blocking take)
class,com.corrodinggames.rts.gameFramework.j,ak,ChecksumCalculator,Anti-cheat game state checksum (13 fields: UnitPos UnitDir UnitHp UnitId Waypoints TeamCredits CommandCenter)
class,com.corrodinggames.rts.gameFramework.j,an,ServerConnector,Async game server connector (implements Runnable Socket Thread callback address+UDP flag)
class,com.corrodinggames.rts.gameFramework.j,p,SelfInfoFetcher,"Master server self-info fetcher (implements Runnable ""GetOwnInfoRunnable"" action=self_info port+id)"
class,com.corrodinggames.rts.gameFramework.j,u,ServerListFetcher,"Server list fetcher from master (implements Runnable ""LoadFromMasterServer"" DNS failure cleartext HTTP detection)"
class,com.corrodinggames.rts.gameFramework.j,ac,NetworkAuth,"Player authentication/authorization handler (join permit ban kick ""new player Joining packageName appVersion playerName ip id"")"
class,com.corrodinggames.rts.gameFramework.j,r,HttpClientPool,Thread-safe HTTP client pool (ReentrantLock 300ms timeout AndroidHttpClient 30s connection timeout)
class,com.corrodinggames.rts.gameFramework.j,b,ChatMessage,Single chat message entry (playerId playerName message connectId timestamp nanos formatted output)
class,com.corrodinggames.rts.gameFramework.j,aq,SecurityHasher,Master server auth token hasher (static hash keys tx _ timestamps challenge-response tokens)
class,com.corrodinggames.rts.gameFramework.j,f,DebugPacketBuilder,"Debug trace packet builder (extends PacketBuilder logs all serialized values ""|value <string>"")"
class,com.corrodinggames.rts.java,e,Slick2DRenderer,Desktop Slick2D/OpenGL rendering bridge (1669 lines LWJGL GL11/13/14/20 Slick2D Graphics Image Font Texture)
class,com.corrodinggames.rts.java,u,DesktopGameContainer,Desktop game window/container (840 lines LWJGL Display Mouse Slick2D BasicGame GameContainer)
class,com.corrodinggames.rts.java,s,SlickTexture,Slick2D-based texture (extends gameFramework.m.e Image ImageData ByteBuffer file reload)
class,com.corrodinggames.rts.java,a,TextureProxy,Texture wrapper/proxy (extends SlickTexture delegates Image Bitmap to inner texture)
class,com.corrodinggames.rts.java,b,GameWindow,Slick2D AppGameContainer window (extends AppGameContainer Display Graphics Music input polling)
class,com.corrodinggames.rts.java,n,DesktopMusicPlayer,Desktop music player (extends PacketBuilder Slick2D Music queued playback)
class,com.corrodinggames.rts.java.c,b,SteamManager,Steam API integration (SteamFriends SteamMatchmaking SteamNetworking SteamUtils SteamUGC lobby)
class,com.corrodinggames.rts.java.c,g,SteamWorkshop,Steam Workshop mod manager (SteamUGC UGCQuery subscriptions download install mod files)
class,com.corrodinggames.rts.gameFramework.j,at,CompressedStream,GZIP compressed output stream (GZIPOutputStream BufferedOutputStream ByteArrayOutputStream DataOutputStream)
class,com.corrodinggames.rts.gameFramework.j,ai,GameModeEnum,Game mode enum (3 values a/b/c with anonymous subclasses abstract getDisplayName)
class,com.corrodinggames.rts.gameFramework.j,aa,MasterServerUpdate,"Master server listing updater (implements Runnable action=update id private_token ""GAME UPDATED"")"
class,com.corrodinggames.rts.gameFramework.j,ae,PasswordManager,Password-protected game manager (send password packet 118 exit password mode server/client)
class,com.corrodinggames.rts.gameFramework.j,q,ServerListLoader,Server list fetch orchestrator (implements Runnable action=list game_version 5s timer timeout)
class,com.corrodinggames.rts.gameFramework.j,av,KeepAliveTimer,Periodic keep-alive ping timer (extends TimerTask 1s interval packet 108 toggle heartbeat)
class,com.corrodinggames.rts.gameFramework.j,z,MasterServerRemove,Master server game removal (implements Runnable action=remove id private_token shutdown)
class,com.corrodinggames.rts.gameFramework.j,ax,TextStream,Buffered text output stream (BufferedOutputStream ByteArrayOutputStream PrintStream text mode)
class,com.corrodinggames.rts.gameFramework.j,j,SteamOutputStream,"Steam socket output stream (extends OutputStream ""SteamSocketOutputStream: Slow write"" P2P)"
class,com.corrodinggames.rts.gameFramework.j,al,ChecksumField,Single checksum tracking field (String name long value boolean enabled registered with ChecksumCalculator)
class,com.corrodinggames.rts.gameFramework.j,w,ServerResult,Master server operation result container (String result/error ServerStatus enum HTTP callback)
class,com.corrodinggames.rts.gameFramework.j,o,RequestTimeout,HTTP request timeout handler (extends TimerTask int requestId calls n.a(id -1) 5s default)
class,com.corrodinggames.rts.gameFramework.j,x,ServerStatus,Server operation status enum (2 values: SUCCESS/FAILURE used by ServerResult)
class,com.corrodinggames.rts.gameFramework.f,g,InGameUI,Main in-game UI controller (3865 lines extends BaseGameObject selection menus camera build placement)
class,com.corrodinggames.rts.gameFramework.f,a,ActionPanel,Bottom action button panel (2425 lines extends BaseGameObject shows GameAction buttons for selected units)
class,com.corrodinggames.rts.gameFramework.f,o,Minimap,Minimap renderer (857 lines MapEngine GameHUD Paint Rect camera bounds)
class,com.corrodinggames.rts.gameFramework.f,y,StatsPanel,Stats/graphs display panel (467 lines StatsSample StatsTimeline StatsRecord StatsHistory)
class,com.corrodinggames.rts.gameFramework.f,f,RateGameDialog,Rate-the-game popup dialog (gui.rategame.text gui.rategame.yes gui.rategame.no)
class,com.corrodinggames.rts.gameFramework.f,ae,ThemeColors,UI theme/paint color manager (static Paints a/b/c instance d/e/g dark/light theme switch)
class,com.corrodinggames.rts.gameFramework.f,w,MenuItemImpl,Custom MenuItem implementation (implements MenuItem setTitle setIcon for action panel)
class,com.corrodinggames.rts.gameFramework.b,n,GLRenderer,Main OpenGL ES 2.0 sprite renderer (1151 lines implements k GLES20 Matrix FloatBuffer sprite batching)
class,com.corrodinggames.rts.gameFramework.b,ah,GLTexture,OpenGL texture wrapper (extends b Bitmap m GLES20 GLUtils.texImage2D filter=LINEAR)
class,com.corrodinggames.rts.gameFramework.b,y,DrawBatch,GL draw call batch (aa shader float[] uniforms n GLRenderer ref b GLObject texture)
class,com.corrodinggames.rts.gameFramework.b,aj,DrawCall,Single GL draw call (al shader variant float[] params n GLRenderer b GLObject texture)
class,com.corrodinggames.rts.gameFramework.b,b,GLObject,Abstract OpenGL object base (width/height texCoords k GLRenderer static WeakHashMap tracking)
class,com.corrodinggames.rts.gameFramework.m,x,TextureManager,Main texture/resource manager (904 lines implements y singleton BitmapFactory Canvas team coloring)
class,com.corrodinggames.rts.gameFramework.m,e,Texture,Core texture class (Bitmap k team color variants a/b/c width/height ref counting GameMode coloring)
class,com.corrodinggames.rts.gameFramework.m,aa,FontRenderer,Text/font rendering utility (381 lines multi-line text glyph cache Paint sprite batch text draw)
class,com.corrodinggames.rts.gameFramework.b,h,ShaderSource,GLSL shader source interface (getVertexShader getFragmentShader returns String)
class,com.corrodinggames.rts.gameFramework.b,v,LineStyle,Line drawing style (float width int color Paint.Style FILL/STROKE for SpriteBatch)
class,com.corrodinggames.rts.gameFramework.b,af,BlendMode,Empty marker interface for GL blend mode (used as type param in SpriteBatch draw)
class,com.corrodinggames.rts.gameFramework.b,l,TransformCallback,Vertex transform callback interface (float[] compute(w
class,com.corrodinggames.rts.gameFramework.f,ap,WaypointManager,Unit waypoint display manager (Paint ArrayList draws move/attack waypoints on map)
class,com.corrodinggames.rts.gameFramework.f,v,GameMenu,Custom Android Menu implementation (implements Menu ArrayList MenuItemImpl popup build/action menus)
class,com.corrodinggames.rts.gameFramework.f,an,UnitStateTracker,Unit state tracker for UI (m DataStore find by ID track ResourceComponent changes)
class,com.corrodinggames.rts.gameFramework.f,d,TextFormatter,Text layout/wrapping utility (measure height/width word-wrap multi-line formatting)
class,com.corrodinggames.rts.gameFramework.f,am,SelectionGroup,Unit selection group (extends BaseGameObject selected units ArrayList selection box draw)
class,com.corrodinggames.rts.gameFramework.f,k,ResourceDisplay,Credits/resources bar display (InGameUI parent Paint headers DataFieldCollector stats)
class,com.corrodinggames.rts.gameFramework.f,m,MessagePanel,Game message/notification panel (InGameUI parent ArrayList messages SimpleDateFormat timestamps max 95)
class,com.corrodinggames.rts.gameFramework.f,ab,StatsGraph,Stats graph data aggregator (bj type max/min/count ArrayList data series StatsSample StatsTimeline)
class,com.corrodinggames.rts.gameFramework.f,c,ActionCooldown,Per-unit per-action cooldown tracker (10s default prevents action spam static global tracker)
class,com.corrodinggames.rts.gameFramework.m,l,Renderer,Rendering abstraction interface (drawTexture drawRect drawLine clipRect setBlendMode setColor antiAlias)
class,com.corrodinggames.rts.gameFramework.m,j,CanvasRenderer,Android Canvas-based renderer (implements Renderer Canvas drawBitmap clipRect PorterDuff)
class,com.corrodinggames.rts.gameFramework.m,y,TextureManagerInterface,Texture manager interface (load bind dispose getRenderer init from Context/File)
class,com.corrodinggames.rts.gameFramework.m,z,NullSpriteBatchBackend,Null/fallback sprite batch backend (implements y returns self unavailable)
class,com.corrodinggames.rts.gameFramework.m,o,DrawContext,Rendering draw context (extends u ObjectPool Paint/Rect/RectF/Matrix pre-alloc GC-free)
class,com.corrodinggames.rts.gameFramework.m,h,TeamColorTexture,Team-colored texture (extends Texture 3 shaders: pureGreen hueAdd hueShift GLSL fragment)
class,com.corrodinggames.rts.gameFramework.m,ac,GL10Renderer,OpenGL ES 1.0/1.1 renderer wrapper (FloatBuffer IntBuffer GL10 GL11 state tracking)
class,com.corrodinggames.rts.gameFramework.m,ae,Shader,GLSL shader program (name vertex/fragment source uniform locations FileWatcher live reload)
class,com.corrodinggames.rts.gameFramework.b,ad,FramebufferTexture,Framebuffer/render-to-texture (extends GLObject GLUtils.texSubImage2D GL_LINEAR GL_TEXTURE_2D)
class,com.corrodinggames.rts.gameFramework.b,i,BlurEffect,Texture blur/downscale effect (extends BlendMode render-to-texture scale-down chain)
class,com.corrodinggames.rts.gameFramework.b,e,BitmapTexture,Bitmap-backed GL texture (extends GLTexture Bitmap source simple size from bitmap)
class,com.corrodinggames.rts.gameFramework.m,ag,UniquePaint,"Thread-safe Paint subclass (lock-down detection ""changed when locked down"" warning Shader ref)"
class,com.corrodinggames.rts.gameFramework.m,ad,TextureProxy,Read-only texture proxy/decorator (extends Texture delegates all to inner texture no-op mutations)
class,com.corrodinggames.rts.gameFramework.f,e,GameResult,End-game result/score entry (String label value float wave survival stats display)
class,com.corrodinggames.rts.gameFramework.utility,a,ANRError,Application Not Responding detection error (extends Error Looper main thread dump all stack traces)
class,com.corrodinggames.rts.gameFramework.utility,h,RingBufferIterator,Iterator for RingBuffer (head/tail tracking index ConcurrentModificationException-safe)
class,com.corrodinggames.rts.gameFramework.utility,j,AssetStream,Asset/resource file input stream (extends InputStream wraps AssetManager FileInputStream path)
class,com.corrodinggames.rts.appFramework,b,GameActivity,Main Android Activity (extends Activity ArrayList runnable queue hosts game view)
class,com.corrodinggames.rts.appFramework,c,AndroidUIHelper,Android UI utilities (AlertDialog Toast Intent Uri permissions ActivityCompat Handler)
class,com.corrodinggames.rts.appFramework,d,AbstractAppBase,Empty abstract app base class
class,com.corrodinggames.rts.appFramework,e,AppState,Application lifecycle state enum (6 values a-f)
class,com.corrodinggames.rts.appFramework,g,InGameActivity,"In-game Android Activity (extends GameActivity ""IngameActivity: finish"" ProgressDialog Handler)"
class,com.corrodinggames.rts.gameFramework.utility,b,StackTraceEntry,Captured stack trace entry (implements Serializable thread name StackTraceElement[])
class,com.corrodinggames.rts.gameFramework.utility,c,ANRThrowable,ANR throwable wrapper (extends Throwable pre-captured stack trace optimized fillInStackTrace)
class,com.corrodinggames.rts.gameFramework.utility,d,ANRWatchdog,ANR detection watchdog thread (extends Thread Looper main handler timeout detection)
class,com.corrodinggames.rts.gameFramework.utility,n,CustomArrayListIterator,Iterator for CustomArrayList (ConcurrentModificationException-safe)
class,com.corrodinggames.rts.gameFramework.utility,p,DequeListIterator,Iterator for DequeList (ConcurrentModificationException-safe)
class,com.corrodinggames.rts.gameFramework.b,g,CircleShader,Circle outline GLSL shader (extends ShaderSource lineWidth uniform distance-from-center)
class,com.corrodinggames.rts.gameFramework.b,s,UniformLocation,GLSL uniform location finder (extends q GLES20.glGetUniformLocation program handle tracking)
class,com.corrodinggames.rts.gameFramework.m,af,ShaderUniform,Shader uniform value holder (String name int location float[] values Texture dirty tracking)
class,com.corrodinggames.rts.gameFramework.f,ag,ThemePaint,Named theme paint entry (Paint int extra ThemeColors parent)
class,com.corrodinggames.rts.gameFramework.f,aj,UnitInfoPanel,Unit info/tooltip display panel (Paint Rect ak info lines draw at position)
class,com.corrodinggames.rts.gameFramework.utility,q,ResultState,Simple success/failure enum (2 values a/b)
class,com.corrodinggames.rts.gameFramework.utility,r,Result,Result container (ResultState state Object value)
class,com.corrodinggames.rts.gameFramework.utility,s,TypedObjectList,Growable typed object list (extends AbstractList Serializable Cloneable RandomAccess w[] array)
class,com.corrodinggames.rts.gameFramework.utility,t,TypedObjectListIterator,Iterator for TypedObjectList (ConcurrentModificationException-safe)
class,com.corrodinggames.rts.gameFramework.utility,v,UnitRegistryIterator,Iterator for UnitRegistry (ConcurrentModificationException-safe)
class,com.corrodinggames.rts.gameFramework.utility,w,ByteArrayStream,Custom byte array output stream (extends OutputStream byte[] buffer growable 32 default)
class,com.corrodinggames.rts.gameFramework.utility,x,EmptyArrays,Empty array constants (all primitive types + Object String Throwable StackTraceElement)
class,com.corrodinggames.rts.gameFramework.b,j,BlendCallback,Blend operation callback interface (GLObject BlendMode boolean)
class,com.corrodinggames.rts.game.units.custom,a,RangeValue,Float range value (implements Comparable min max for unit parameter ranges)
class,com.corrodinggames.rts.game.units.custom,b,KeyframePoint,Animation keyframe point (extends RangeValue x/y position interpolation flag INI parser)
class,com.corrodinggames.rts.game.units.custom,c,AnimationCurve,Unit parameter animation curve (KeyframePoint[] curveType name value-over-time)
class,com.corrodinggames.rts.game.units.custom,d,CurveType,Animation curve type enum (10 values a-j: linear ease-in ease-out etc)
class,com.corrodinggames.rts.game.units.custom,e,ParameterAnimator,Unit parameter animator (AnimationCurve interpolation speed flags current/max values)
class,com.corrodinggames.rts.game.units.custom,f,UnitParameter,Unit parameter definition (name int/float values LogicBoolean AnimationCurve mod support)
class,com.corrodinggames.rts.gameFramework.utility,z,PaintStyleEntry,Cached paint style entry (color Paint.Style UniquePaint configuration)
class,com.corrodinggames.rts.gameFramework.utility,aa,TextDrawEntry,Text drawing batch entry (Paint RectF bounds flags text string)
class,com.corrodinggames.rts.gameFramework.utility,ac,KeyValue,Key-value pair (String key value toString equals for config parsing)
class,com.corrodinggames.rts.gameFramework.m,i,FileShader,"File-based GLSL shader (extends Shader loads from ""assets/shaders/*.frag"" filename)"
class,com.corrodinggames.rts.gameFramework.m,q,ObjectPool,Thread-safe typed object pool (CustomArrayList Class type Rect Paint RectF Matrix recycling)
class,com.corrodinggames.rts.gameFramework.m,f,Sprite,Displayable sprite (Texture TextureManagerInterface Paint PorterDuff blend mode)
class,com.corrodinggames.rts.gameFramework.m,n,NullRenderer,No-op/null renderer (implements Renderer all methods empty stubs disabled graphics fallback)
class,com.corrodinggames.rts.gameFramework.f,aa,LineGraphStyle,Stats graph line style (bn type String name ag[] paints capped 0-10 UniquePaint)
class,com.corrodinggames.rts.gameFramework.f,ad,IntArray,Mutable int array wrapper (int position int[] data int mark)
class,com.corrodinggames.rts.gameFramework.f,s,LineBuffer,Line vertex buffer (extends m float[] vertices Paint RectF bounds batch rendering)
class,com.corrodinggames.rts.gameFramework.f,x,BridgeUnit,Bridge-building unit (extends MovableUnit ar.R ResourceComponent)
class,com.corrodinggames.rts.gameFramework.b,c,DefaultBlendMode,Default/no-op blend mode (implements BlendMode empty)
class,com.corrodinggames.rts.gameFramework.b,d,SpriteShader,Standard sprite vertex shader (GLSL100 uProjection aTextureCoordinate aColor varyings)
class,com.corrodinggames.rts.gameFramework.b,q,GLUniform,Abstract GL uniform base (int location=-1 String name int program glUniformMatrix4fv)
class,com.corrodinggames.rts.gameFramework.b,r,DrawRegion,Draw rectangle region (RectF a copy between regions)
class,com.corrodinggames.rts.gameFramework.b,t,GLTextureGenerator,OpenGL texture ID generator (implements u GLES20.glGenTextures)
class,com.corrodinggames.rts.gameFramework.b,u,TextureIdProvider,GL texture ID provider interface (single method a() returns int)
class,com.corrodinggames.rts.gameFramework.b,m,ShaderBinder,Shader bind callback interface (bind program int to ShaderSource)
class,com.corrodinggames.rts.gameFramework.b,p,BatchEntry,Sprite batch draw entry (int index boolean flag GLObject texture GLRenderer parent)
class,com.corrodinggames.rts.gameFramework.b,w,IntStack,Push-only int stack (int[] data int size auto-grow)
class,com.corrodinggames.rts.appFramework,h,UIRunnable,UI thread runnable (String action InGameActivity parent Handler.post)
class,com.corrodinggames.rts.gameFramework.b,z,ShaderLayout,Standard shader attribute/uniform layout (aPosition aTextureCoordinate aColor uProjection u_texture)
class,com.corrodinggames.rts.gameFramework.b,ai,TextureConfig,Texture configuration (implements Cloneable Bitmap.Config boolean hashCode/equals cache key)
class,com.corrodinggames.rts.gameFramework.b,ak,ShaderHandles,Compiled shader attribute handles holder (o a/b attributes s c uniform)
class,com.corrodinggames.rts.gameFramework.b,al,DrawCallBuffer,DrawCall vertex buffer (FloatBuffer ShortBuffer VBO int[] handles aj parent)
class,com.corrodinggames.rts.gameFramework.m,b,GLTextureRegion,GL texture sub-region (d type Texture Rect RectF OpenGLRenderer parent GL10)
class,com.corrodinggames.rts.gameFramework.f,au,Waypoint,Abstract waypoint marker base (implements Comparable long timestamp timeout position label)
class,com.corrodinggames.rts.gameFramework.f,ar,BuildWaypoint,Build command waypoint (extends Waypoint UnitTypeHandle int count)
class,com.corrodinggames.rts.gameFramework.f,as,AttackWaypoint,Attack-move waypoint marker (extends Waypoint boolean flag)
class,com.corrodinggames.rts.gameFramework.f,at,UpgradeWaypoint,Upgrade completed waypoint (extends BuildWaypoint gui.log.upgradeCompleted)
class,com.corrodinggames.rts.gameFramework.f,i,CameraMode,Camera control mode enum (3 values: free follow locked)
class,com.corrodinggames.rts.appFramework,i,ContextMenuActivity,Android context menu handling (ContextMenu MenuItem AdapterView GameWorld)
class,com.corrodinggames.rts.appFramework,j,ButtonActivity,Android button-based Activity (Button ContextMenu MenuItem)
class,com.corrodinggames.rts.gameFramework.b,o,AttributeLocation,"GL vertex attribute location (extends GLUniform GLES20.glGetAttribLocation ""loadHandle: Failed to find"")"
class,com.corrodinggames.rts.gameFramework.f,q,MinimapMarker,Minimap icon/marker (boolean int position float value Minimap parent)
class,com.corrodinggames.rts.gameFramework.f,r,MinimapMode,Minimap display mode enum (4 values a-d)
class,com.corrodinggames.rts.gameFramework.f,t,MinimapTile,Minimap tile state data (int a-d position boolean flag Minimap parent)
class,com.corrodinggames.rts.gameFramework.f,al,UnitRenderer,Abstract unit renderer dispatcher (static subclasses UnitInstance UnitType DrawCallBuffer inner classes)
class,com.corrodinggames.rts.gameFramework.f,j,ScreenUtils,Screen/world coordinate conversion utility (static Point MapLayer OpenGL projection)
class,com.corrodinggames.rts.gameFramework.f,l,ScoreEntry,Two-line score/stat display entry (Paint a/e String b/f int c/g float d/h)
class,com.corrodinggames.rts.gameFramework.f,n,Notification,Game notification message (String title message long timestamp int elapsed/expired)
class,com.corrodinggames.rts.gameFramework.f,p,MinimapConfig,Minimap display configuration (int size float zoom/scale MinimapMode mode Minimap parent)
class,com.corrodinggames.rts.gameFramework.f,u,MinimapUnit,Minimap unit tracker reference (UnitInstance a Minimap parent)
class,com.corrodinggames.rts.gameFramework.m,k,BitmapDrawer,Bitmap rendering utility (GLObject TextureAtlas LightingColorFilter PorterDuff Rect)
class,com.corrodinggames.rts.gameFramework.m,m,DrawCommand,Abstract draw command base (abstract a(TextureManagerInterface) rendering pipeline)
class,com.corrodinggames.rts.gameFramework.m,g,TextureFrame,Texture sub-region/frame (Texture a int position float coords int frame for sprite animation)
class,com.corrodinggames.rts.gameFramework.m,v,CustomColorFilter,Custom Android color filter (extends ColorFilter w filter params)
class,com.corrodinggames.rts.gameFramework.f,ah,ThemeColorEntry,Theme named color entry (Texture float alpha int params ThemeColors parent)
class,com.corrodinggames.rts.gameFramework.f,ai,ThemeFontEntry,Theme font metrics entry (String fontName Paint text measurement ThemeColors parent)
class,com.corrodinggames.rts.game,g,GameSettings,Game configuration settings (singleton int settings booleans TagFilter Texture serializable)
class,com.corrodinggames.rts.game,j,ResourceLoader,Game resource loader (Texture Shader UniquePaint TextureManagerInterface ResourceDomainEnum)
class,com.corrodinggames.rts.game,k,ScreenshotSaver,Screenshot capture and save (implements Runnable Bitmap CompressFormat FileOutputStream)
class,com.corrodinggames.rts.game,l,Projectile,"v19.113g 运行时铁证修正: 核弹弹丸存档 ""Saving unit:l (id491)"" + 坐标1600/1000 + #Enum:m:nuke — 弹丸实体 (旧误名 MapBorder)"
class,com.corrodinggames.rts.game.units,a,UnitFlag,Unit state/flags enum (7 values a-g)
class,com.corrodinggames.rts.game.units,b,PathResult,Pathfinding result enum (4 values a-d)
class,com.corrodinggames.rts.game.units,c,AbstractUnitBase,Abstract unit base class (extends ? constructor boolean)
class,com.corrodinggames.rts.game.units,s,Position,Simple int coordinate pair (int a=x b=y)
class,com.corrodinggames.rts.appFramework,k,ReplayComparator,Replay file date comparator (implements Comparator Pattern date parsing SimpleDateFormat)
class,com.corrodinggames.rts.appFramework,l,MultiTouchHandler,Multi-touch input handler (reflection Method MotionEvent hidden Android multi-touch APIs)
class,com.corrodinggames.rts.appFramework,m,TouchState,Multi-touch state tracker (10-pointer float[] position velocity acceleration int[] IDs)
class,com.corrodinggames.rts.appFramework,n,DialogHelper,Android dialog helper (AlertDialog EditText Handler UI callbacks)
class,com.corrodinggames.rts.game.units.custom,i,CollisionShape,Unit collision shape container (CustomArrayList copies from h)
class,com.corrodinggames.rts.game.units.custom,k,WeaponMount,Weapon/turret mount point (ae attachment j type UnitInstance VariableScope)
class,com.corrodinggames.rts.game.units.custom,m,DirectionConfig,Unit direction/facing config (useMainTurret direction_units direction_strideX INI parsed)
class,com.corrodinggames.rts.game.units.custom,n,DirectionType,Unit direction facing type enum (9 values a-i valueOf parser)
class,com.corrodinggames.rts.game.units.custom,o,AnimationReference,"Animation reference (String name UnitParameter validates exists ""Failed to find animation"")"
class,com.corrodinggames.rts.game.units.custom,p,EffectConfig,Effect definition (String name float value booleans LogicBoolean condition LocalizedString)
class,com.corrodinggames.rts.game.units.custom,r,Modifier,Unit parameter modifier (LogicBoolean condition String name s type g value)
class,com.corrodinggames.rts.game.units.custom,s,ModifierType,Modifier type enum (3 values a-c: add multiply set)
class,com.corrodinggames.rts.game.units.custom,t,ModifierApplier,Abstract modifier applier (abstract a(l) applies modifier to UnitTypeLoader)
class,com.corrodinggames.rts.game.units.custom,u,UnitActionDef,Unit action definition (CustomArrayList action lists String names GameAction AbstractBuildAction)
class,com.corrodinggames.rts.game.units.custom,v,ActionBinding,Action key binding (String a/b/c UnitTypeHandle d boolean e)
class,com.corrodinggames.rts.game.units,aa,ResourceRate,Resource production rate (float a/b/c int d=1 a()=(b+c)/60 per-second from per-minute)
class,com.corrodinggames.rts.game.units,ab,UnitState,Unit state enum (8 values a-h: idle moving attacking building dead etc)
class,com.corrodinggames.rts.game.units,ag,PathState,Pathfinding state enum (3 values a-c: idle computing done)
class,com.corrodinggames.rts.game.units,an,PlayerUnitIndicator,v19.113m: 每玩家发现标记+迷雾指示器 (旧名BuildTask错译); boolean a=discovered/int b=typeValue/GameHUD c=indicator
class,com.corrodinggames.rts.game.units,z,WaypointTarget,Waypoint target data (UnitInstance a/b from/to boolean c Position d)
class,com.corrodinggames.rts.a.a,a,TestGameLogic,"Developer unit test (extends l ""Testing GameLogic"" spawn combat test)"
class,com.corrodinggames.rts.a.a,b,TestNetworking,"Network test (extends l ""networkSocks"" 10000-iteration connection test)"
class,com.corrodinggames.rts.a.a,c,TestLogicBoolean,"LogicBoolean scripting test (extends TestCase ""Logic boolean tests"" parse test)"
class,com.corrodinggames.rts.a.a,l,TestCase,Abstract test case base class (empty extends all tests inherit)
class,com.corrodinggames.rts.a.a,n,TestRunner,"Main test runner (runs all tests assertTrue/False assertEquals int/float ""Running unit tests"")"
class,com.corrodinggames.rts.a.a,d,TestMath,Math function test (extends TestCase fast_atan2 cos sin tan distance NaN/Max edge cases)
class,com.corrodinggames.rts.a.a,e,TestFilesystem,"File/INI/regex test (extends TestCase ""separator regex test"" PathStorage AssetStream)"
class,com.corrodinggames.rts.a.a,f,TestPerformance,"Performance benchmark test (extends TestCase ""Misc Performance test"" applyDigitGroupingStyle)"
class,com.corrodinggames.rts.java.audio,a,AudioEngine,Core audio engine (OpenAL/SoundPool abstraction)
class,com.corrodinggames.rts.appFramework,a,AppContext,Android application context wrapper (Singleton
class,com.corrodinggames.rts.game.a,o,AIStrategyNode,Phase 4: ai_extras export + EffectConfig base
class,com.corrodinggames.rts.game.a,h,AIUnitGroupBase,Phase 4: ai_extras export + EffectConfig base
class,com.corrodinggames.rts.game.a,n,TransporterGroup,Phase 4: ai_extras export + EffectConfig base
class,com.corrodinggames.rts.game.a,l,RallyGroup,Phase 4: ai_extras export + EffectConfig base
class,com.corrodinggames.rts.game.a,m,PlainZone,Phase 4: ai_extras export + EffectConfig base
class,com.corrodinggames.rts.game.a,d,UnitBuildStrategy,Phase 4: ai_extras export + EffectConfig base
class,com.corrodinggames.rts.game.a,c,BuildPreferenceCache,Phase 4: ai_extras export + EffectConfig base
class,com.corrodinggames.rts.game.a,f,AIUnitActionUtils,Phase 4: ai_extras export + EffectConfig base
class,com.corrodinggames.rts.game.a,j,BaseZoneType,Phase 4: ai_extras export + EffectConfig base
class,com.corrodinggames.rts.game.a,k,BaseZoneStage,Phase 4: ai_extras export + EffectConfig base
class,com.corrodinggames.rts.gameFramework,c,CommandController,Phase 4: ai_extras export + EffectConfig base
class,com.corrodinggames.rts.gameFramework.m,p,EffectConfig,Phase 4: ai_extras export + EffectConfig base
class,com.corrodinggames.rts.game.units.custom.a.a,a,CustomActionBase,Phase 4.2: Abstract base for custom unit actions
class,com.corrodinggames.rts.game.units.custom.b,a,AnimationCurveBase,Phase 4.2: Abstract base for animation curves
class,com.corrodinggames.rts.game.units.custom.c,b,ConditionEffectBase,Phase 4.2: Base for condition/effect config
class,com.corrodinggames.rts.game.units.custom.d,a,CommandSlotBase,Phase 4.2: Abstract base for command/action slots
class,com.corrodinggames.rts.game.units.custom.e.a,a,ResourceConfigBase,Phase 4.2: Base for resource configuration
class,com.corrodinggames.rts.gameFramework.f.a,a,UIElementBase,Phase 4.2: Abstract base for UI elements
class,com.corrodinggames.rts.game.units.d.a,a,AbstractCommandSlot,Phase 4.2: Abstract base for command action slots
class,com.corrodinggames.rts.a.a,i,UDPPacketBase,Phase 4.2: Base class for UDP packets
class,com.corrodinggames.rts.a,c,NetworkSessionBase,Phase 4.2: Network session base
class,com.corrodinggames.rts.gameFramework.b.a.a,a,GLResourceBase,Phase 4.2: Base for GL resources
class,com.corrodinggames.rts.gameFramework.b,a,GLBatchBase,Phase 4.2: Base for GL batch operations
class,com.corrodinggames.rts.java.audio.a,a,AudioSourceBase,Phase 4.2: Base for audio sources
class,org.a.a.c,a,FloatIterator,joda-primitives 库 (org.joda.* ProGuard 混淆): 字节码接口层级+方法签名完全吻合 (FloatList: subList/listIterator/get->Float; 3原始类型 Float/Int/Short). real_pkg: org.joda.primitives.iterator
class,com.corrodinggames.rts.game.units.d.a,b,BuildActionSlot,Phase 4.3: Build action slot base
class,com.corrodinggames.rts.game.units.d.a,c,FactoryBuildSlot,Phase 4.3: Factory build queue slot
class,com.corrodinggames.rts.gameFramework.f.a,h,ChatPanel,Phase 4.3: Chat/log panel UI element
class,com.corrodinggames.rts.gameFramework.f.a,j,LeaderboardPanel,Phase 4.3: Leaderboard UI element
class,com.corrodinggames.rts.gameFramework.f.a,k,ActionPanel,Phase 4.3: Action button panel
class,com.corrodinggames.rts.gameFramework.f.a,l,UnitInfoPanel,Phase 4.3: Unit info/stats panel
class,com.corrodinggames.rts.gameFramework.f.a,n,MinimapPanel,Phase 4.3: Minimap UI element
class,com.corrodinggames.rts.gameFramework.k,c,PathNode,Phase 4.3: Pathfinding node
class,com.corrodinggames.rts.gameFramework.f,b,HUDOverlay,Phase 4.3: HUD overlay base
class,com.corrodinggames.rts.gameFramework.b.a.a,b,GLTexture,Phase 4.3: OpenGL texture resource
class,com.corrodinggames.rts.java.audio.a,b,AudioClip,Phase 4.3: Audio clip/sound resource
class,org.a.a.c,b,IntIterator,joda-primitives 库 (org.joda.* ProGuard 混淆): 字节码接口层级+方法签名完全吻合 (FloatList: subList/listIterator/get->Float; 3原始类型 Float/Int/Short). real_pkg: org.joda.primitives.iterator
class,org.a.a.c,c,PrimitiveIterator,joda-primitives 库 (org.joda.* ProGuard 混淆): 字节码接口层级+方法签名完全吻合 (FloatList: subList/listIterator/get->Float; 3原始类型 Float/Int/Short). real_pkg: org.joda.primitives
class,com.corrodinggames.rts.gameFramework.k,j,AStarSearch,Phase 4.4: A* search algorithm
class,com.corrodinggames.rts.gameFramework.m,u,RenderBatch,Phase 4.4: Render batch/draw call
class,com.corrodinggames.rts.gameFramework.j,s,PacketSerializer,Phase 4.4: Packet serialization helper
class,com.corrodinggames.rts.game.units.custom,w,CustomUnitAnimator,Phase 4.4: Custom unit animation controller
class,com.corrodinggames.rts.java.audio.a,r,AudioTrack,Phase 4.4: Audio track/playback handle
class,com.corrodinggames.rts.java.audio.backend,a,AudioSource,Phase C: 音频源基类
class,com.corrodinggames.rts.java.audio.backend,b,AudioClip,Phase C: 音频片段资源
class,com.corrodinggames.rts.java.audio.backend,c,AudioBuffer,Phase C: 音频缓冲区
class,com.corrodinggames.rts.java.audio.backend,d,AudioDecoder,Phase C: 音频解码器
class,com.corrodinggames.rts.java.audio.backend,e,AudioManager,Phase C: 音频系统管理器
class,com.corrodinggames.rts.java.audio.backend,f,SoundEffect,Phase C: 音效播放器
class,com.corrodinggames.rts.java.audio.backend,g,MusicPlayer,Phase C: 音乐流播放器
class,com.corrodinggames.rts.java.audio.backend,h,AudioMixer,Phase C: 音频混音引擎
class,com.corrodinggames.rts.java.audio.backend,i,AudioListener,Phase C: 3D音频监听器
class,com.corrodinggames.rts.java.audio.backend,j,AudioEmitter,Phase C: 3D音频发射器
class,com.corrodinggames.rts.java.audio.backend,k,AudioFilter,Phase C: 音频DSP过滤器
class,com.corrodinggames.rts.java.audio.backend,l,AudioCodec,Phase C: 音频编解码器
class,com.corrodinggames.rts.java.audio.backend,m,AudioDevice,Phase C: 音频硬件设备
class,com.corrodinggames.rts.java.audio.backend,n,AudioContext,Phase C: OpenAL上下文
class,com.corrodinggames.rts.java.audio.backend,o,AudioCapture,Phase C: 麦克风采集
class,com.corrodinggames.rts.java.audio.backend,p,AudioStream,Phase C: 流式音频源
class,com.corrodinggames.rts.java.audio.backend,q,AudioSynthesizer,Phase C: 过程化音频合成
class,com.corrodinggames.rts.java.audio.backend,r,AudioTrack,Phase C: 音频轨道句柄
class,com.corrodinggames.rts.java.audio.backend,s,AudioUtils,Phase C: 音频工具函数
class,com.corrodinggames.rts.game.units.custom.actions.base,b,ActionCondition,Phase C: 动作条件求值器
class,com.corrodinggames.rts.game.units.custom.actions.base,c,ActionEffect,Phase C: 动作效果应用器
class,com.corrodinggames.rts.game.units.custom.actions.base,d,ActionValidator,Phase C: 动作参数验证器
class,com.corrodinggames.rts.game.units.custom.actions.base,e,ActionCost,Phase C: 动作资源消耗
class,com.corrodinggames.rts.game.units.custom.actions.base,f,ActionTarget,Phase C: 动作目标选择器
class,com.corrodinggames.rts.game.units.custom.actions.base,g,ActionCooldown,Phase C: 动作冷却计时器
class,com.corrodinggames.rts.game.units.custom.actions.base,h,ActionSequence,Phase C: 动作链序列器
class,com.corrodinggames.rts.game.units.custom.actions.base,i,ActionModifier,Phase C: 动作属性修改器
class,com.corrodinggames.rts.game.units.custom.actions.base,j,ActionTrigger,Phase C: 动作自动触发器
class,com.corrodinggames.rts.game.units.custom.actions.base,k,ActionSound,Phase C: 动作音效
class,com.corrodinggames.rts.game.units.custom.actions.base,l,ActionParticle,Phase C: 动作粒子效果
class,com.corrodinggames.rts.game.units.custom.actions.base,m,ActionAnimation,Phase C: 动作动画播放器
class,com.corrodinggames.rts.game.units.custom.actions.base,n,ActionProjectile,Phase C: 动作弹体生成器
class,com.corrodinggames.rts.game.units.custom.actions.base,o,ActionTransform,Phase C: 动作单位变形
class,com.corrodinggames.rts.game.units.custom.animation,b,b,v19.107修正: 撤回Phase C幻觉名: 03落盘b.java未改名
class,com.corrodinggames.rts.game.units.custom.animation,c,AnimationCurve,"v19.107修正: T2指纹: static g a(l,String)+a(l,ab)+b(j,float) 全对应"
class,com.corrodinggames.rts.game.units.custom.animation,d,AnimationResourceCurve,v19.107修正: T2指纹: 字段j/k/l/m/n+float j 与02 d完全一致
class,com.corrodinggames.rts.game.units.custom.animation,e,e,v19.107修正: 撤回Phase C幻觉名: 03落盘e.java未改名(frameWidth等字段)
class,com.corrodinggames.rts.game.units.custom.animation,f,AnimationActivationCurve,v19.107修正: T2指纹: enum f{a..f} 与02 enum f完全一致
class,com.corrodinggames.rts.game.units.custom.animation,g,AnimationVisibilityCurve,"v19.107修正: T2指纹: 构造器(String)+a(l)+a(j,float,float) 对应02 g"
class,com.corrodinggames.rts.game.units.custom.animation,h,AnimationMovementCurve,"v19.107修正: T2指纹: static final a=new h()+a(j,float,boolean,boolean) 对应02 h"
class,com.corrodinggames.rts.game.units.custom.animation,i,i,v19.107修正: 撤回Phase C幻觉名: i实为移动参数类(frictionValue/maxSpeedValue字段)
class,com.corrodinggames.rts.game.units.custom.animation,j,j,v19.107修正: 撤回Phase C幻觉名: 03落盘j.java未改名
class,com.corrodinggames.rts.game.units.custom.animation,k,k,v19.107修正: 撤回Phase C幻觉名: 03落盘k.java未改名
class,com.corrodinggames.rts.game.units.custom.animation,l,l,v19.107修正: 撤回Phase C幻觉名: 03落盘l.java未改名
class,com.corrodinggames.rts.game.units.custom.animation,m,AnimationTurretCurve,"v19.107修正: T2指纹: static a(j,short)+a(j,n)+a(j,n,y)+a(j,m,boolean) 全对应02 m"
class,com.corrodinggames.rts.game.units.custom.animation,n,UnitTrait,v19.107修正: T2指纹: 字段f/g=0.0f/h/j/k 与02 n完全一致
class,com.corrodinggames.rts.gameFramework.ui.panels,b,HUDOverlay,Phase C: HUD状态覆盖层
class,com.corrodinggames.rts.gameFramework.ui.panels,c,BuildMenuPanel,Phase C: 建造菜单面板
class,com.corrodinggames.rts.gameFramework.ui.panels,d,DiplomacyPanel,Phase C: 外交/队伍面板
class,com.corrodinggames.rts.gameFramework.ui.panels,e,SettingsPanel,Phase C: 设置配置面板
class,com.corrodinggames.rts.gameFramework.ui.panels,f,SaveLoadPanel,Phase C: 存档读档面板
class,com.corrodinggames.rts.gameFramework.ui.panels,g,MapInfoPanel,Phase C: 地图信息面板
class,com.corrodinggames.rts.gameFramework.ui.panels,i,ReplayPanel,Phase C: 回放控制面板
class,com.corrodinggames.rts.gameFramework.ui.panels,m,StatsPanel,Phase C: 游戏统计面板
class,com.corrodinggames.rts.gameFramework.ui.panels,o,ChatInputPanel,Phase C: 聊天输入覆盖层
class,com.corrodinggames.rts.java.input,a,InputManager,Phase C: 输入设备管理器
class,com.corrodinggames.rts.java.input,c,KeyboardInput,Phase C: 键盘输入处理器
class,com.corrodinggames.rts.java.input,d,MouseInput,Phase C: 鼠标输入处理器
class,com.corrodinggames.rts.java.input,e,TouchInput,Phase C: 触摸输入处理器
class,com.corrodinggames.rts.java.input,f,GamepadInput,Phase C: 手柄输入处理器
class,com.corrodinggames.rts.java.input,g,InputMapper,Phase C: 输入绑定映射器
class,com.corrodinggames.rts.java.input,h,GestureDetector,Phase C: 触摸手势识别器
class,com.corrodinggames.rts.java.input,i,InputEvent,Phase C: 输入事件数据对象
class,com.corrodinggames.rts.java.input,j,InputState,Phase C: 当前输入状态快照
class,com.corrodinggames.rts.java.input,k,InputConfig,Phase C: 输入配置加载器
class,com.corrodinggames.rts.java.input,l,InputAxis,Phase C: 模拟输入轴处理器
class,com.corrodinggames.rts.java,h,DesktopWindow,Phase C: 桌面窗口处理器
class,com.corrodinggames.rts.java,k,ApacheHttpClientPool,"main-deobf-anchored: Main.class 用法/字节码锚定 (2026-08-16): 原 GameConfig 有误; extends j.r, Apache HttpClient create/close"
class,com.corrodinggames.rts.java,l,DesktopMusicPlayer,"main-deobf-anchored: Main.class 用法/字节码锚定 (2026-08-16): 原 ResourceLoader 有误; OpenALAudio 构造, extends aq 音乐基类"
class,com.corrodinggames.rts.java,m,CrashHandler,Phase C: 崩溃异常处理器
class,com.corrodinggames.rts.java,o,OpenALSoundEngine,main-deobf-anchored: Main.class 用法/字节码锚定 (2026-08-16): 原 UpdateChecker 有误; implements a.h(SoundFactory)
class,com.corrodinggames.rts.java,p,LicenseValidator,Phase C: 许可证验证器
class,com.corrodinggames.rts.java,q,PerformanceMonitor,Phase C: 性能监控器
class,com.corrodinggames.rts.java,r,ScreenshotCapture,Phase C: 截图捕获工具
class,com.corrodinggames.rts.java,v,ModDownloader,"B2 映射勘误 (02b java/v.java 方法体 1:1 = 03 java/ModDownloader.java: a(int,int,boolean)→super/a(int,int)→false/a()→0/b→0.0F/c→l.j+SlickToAndroidKeycodes.a; 原 DesktopInputProvider 误标)"
class,com.corrodinggames.rts.game.units.commands.slots,d,ActionSlotBase,Phase C: 动作槽位基类
class,com.corrodinggames.rts.game.units.commands.slots,e,ProduceSlot,Phase C: 生产队列槽位
class,com.corrodinggames.rts.game.units.commands.slots,f,UpgradeSlot,Phase C: 升级动作槽位
class,com.corrodinggames.rts.game.units.commands.slots,g,RepairSlot,Phase C: 维修动作槽位
class,com.corrodinggames.rts.game.units.commands.slots,h,SellSlot,Phase C: 出售动作槽位
class,com.corrodinggames.rts.game.units.commands.slots,i,TransportSlot,Phase C: 运输动作槽位
class,com.corrodinggames.rts.platform,a,PlatformBridge,Phase C: 平台桥接抽象层
class,com.corrodinggames.rts.platform,b,AndroidPlatform,Phase C: Android平台实现
class,com.corrodinggames.rts.platform,c,DesktopPlatform,Phase C: 桌面平台实现
class,com.corrodinggames.rts.platform.net,g,NetPacket,Phase C: 网络数据包
class,com.corrodinggames.rts.platform.net,h,NetConnection,Phase C: 网络连接
class,com.corrodinggames.rts.platform.net,i,NetListener,Phase C: 网络事件监听器
class,com.corrodinggames.rts.platform.net,j,NetConfig,Phase C: 网络配置
class,com.corrodinggames.rts.game.units.custom,x,CustomPhysics,Phase C: 自定义单位物理
class,com.corrodinggames.rts.game.units.custom,y,CustomSounds,v19.107: 仅限FQN引用(custom.y音效类); 短名y在import units.y的文件中是MobileUnit层(03宿主UnitType.java)
class,com.corrodinggames.rts.game.units.custom,z,CustomVisuals,Phase C: 自定义单位视觉
class,com.corrodinggames.rts.game.units.custom.actions,f,ActionRegistry,Phase C: 动作注册表
class,com.corrodinggames.rts.game.units.custom.actions,g,ActionFactory,Phase C: 动作工厂
class,com.corrodinggames.rts.game.units.custom.conditions,f,ConditionEvaluator,Phase C: 条件求值器
class,com.corrodinggames.rts.game.units.custom.effects,f,EffectRenderer,Phase C: 效果渲染器
class,com.corrodinggames.rts.game.units.custom.effects.config,f,EffectConfigLoader,Phase C: 效果配置加载器
class,com.corrodinggames.rts.game.units.custom.resources,c,ResourceStorage,Phase C: 资源存储器
class,com.corrodinggames.rts.game.units.custom.resources,d,ResourceFlow,Phase C: 资源流动控制器
class,com.corrodinggames.rts.game.units.custom.config,f,UnitConfigLoader,Phase C: 单位配置加载器
class,com.corrodinggames.rts.game.units.custom.b,c,AnimationCurve,Main animation curve (33KB)
class,com.corrodinggames.rts.game.units.custom.b,m,AnimationTurretCurve,Turret animation curve (15KB)
class,com.corrodinggames.rts.game.units.custom.b,h,AnimationMovementCurve,Movement animation curve (11KB)
class,com.corrodinggames.rts.game.units.custom.b,d,AnimationResourceCurve,Resource animation curve (7KB)
class,com.corrodinggames.rts.game.units.custom.b,f,AnimationActivationCurve,Activation animation curve (7KB)
class,com.corrodinggames.rts.game.units.custom.b,g,AnimationVisibilityCurve,Visibility animation curve (6KB)
class,com.corrodinggames.rts.game.units.custom.e,f,EffectManager,Custom unit effects list manager (16KB)
class,com.corrodinggames.rts.game.units.custom.e,d,EffectConfig,Effect configuration definition (7KB)
class,com.corrodinggames.rts.game.units.custom.e,c,EffectRenderer,Effect rendering handler (6KB)
class,com.corrodinggames.rts.game.units.custom.a.a,b,CustomWeaponAction,Weapon-specific custom action (13KB)
class,com.corrodinggames.rts.game.units.custom.a.a,m,CustomSpawnAction,Spawn custom action (10KB)
class,com.corrodinggames.rts.game.units.custom.a.a,j,CustomTransportAction,Transport custom action (8KB)
class,com.corrodinggames.rts.game.units.custom.a.a,h,CustomRepairAction,Repair custom action (7KB)
class,com.corrodinggames.rts.game.units.custom.l,ModUnitRegistry,ModUnitRegistry,v18.3: Mod单位注册表 (734条映射)
class,com.corrodinggames.rts.game.units.am,UnitInstance,UnitInstance,v18.3: 单位实例 (323条映射)
class,com.corrodinggames.rts.game.units.y,BaseUnit,BaseUnit,v18.3: 单位类型基类 (309条映射)
class,com.corrodinggames.rts.game.n,PlayerState,PlayerState,v18.3: 玩家状态 (308条映射)
class,com.corrodinggames.rts.gameFramework.l,GlobalState,GlobalState,v18.3: 全局游戏引擎 (299条映射)
class,com.corrodinggames.rts.game.units.custom.j,CustomUnitType,CustomUnitType,v18.3: 自定义单位类型 (287条映射)
class,com.corrodinggames.rts.gameFramework.j.ad,NetEngine,NetEngine,v18.3: 网络引擎 (219条映射)
class,com.corrodinggames.rts.game.f,MovementController,MovementController,v18.3: 移动/物理控制器 (140条映射)
class,com.corrodinggames.rts.gameFramework.SettingsEngine,SettingsEngine,SettingsEngine,v18.3: 游戏设置引擎 (139条映射)
class,com.corrodinggames.rts.game.units.custom.bn,ModUnitLoader,ModUnitLoader,v18.3: Mod单位加载器 (110条映射)
class,com.corrodinggames.rts.game.a.a,AIStrategy,AIStrategy,v18.3: AI策略抽象基类 (110条映射)
class,com.corrodinggames.rts.game.b.b,TileEntry,TileEntry,v18.3: 地图瓦片条目 (90条映射)
class,com.corrodinggames.rts.game.units.ar,ResourceUnit,ResourceUnit,v18.3: 资源单位 (84条映射)
class,com.corrodinggames.rts.game.a.g,CombatAction,CombatAction,v18.3: 战斗动作 (79条映射)
class,com.corrodinggames.rts.game.a.i,CombatMain,CombatMain,v18.3: 战斗主控 (68条映射)
class,com.corrodinggames.rts.game.units.custom.ba,TraitValueBuilder,TraitValueBuilder,v18.3: 特性值构建器 (60条映射)
class,com.corrodinggames.rts.game.units.h,Factory,Factory,v18.3: 工厂/建造单位 (57条映射)
class,com.corrodinggames.rts.game.units.d.d,BuildSlot,BuildSlot,v18.3: 建造槽位 (54条映射)
class,com.corrodinggames.rts.gameFramework.f,GameRenderer,GameRenderer,v19.112c 疑误标: f=GameUtils (127方法 javap 1:1 铁证); 03 GameRenderer import ConnectionState — 02 真名待查
class,com.corrodinggames.rts.game.units.custom.e.a,LogicBoolean,LogicBoolean,v18.3: 逻辑布尔运算 (51条映射)
class,com.corrodinggames.rts.game.units.d.e,CommandCenter,CommandCenter,v18.3: 指挥中心 (47条映射)
class,com.corrodinggames.rts.game.units.custom.b.n,UnitTrait,UnitTrait,v18.3: 单位特性 (46条映射)
class,com.corrodinggames.rts.game.GameSettings,GameSettings,GameSettings,v18.3: 游戏设置 (37条映射)
class,com.corrodinggames.rts.gameFramework.e,Command,Command,v18.3: 指令基类 (35条映射)
class,com.corrodinggames.rts.gameFramework.w,EffectConfig,EffectConfig,v18.3: 特效配置 (33条映射)
class,com.corrodinggames.rts.game.units.custom.d.b,CustomActionBase,CustomActionBase,v18.3: 自定义动作基类 (31条映射)
class,com.corrodinggames.rts.gameFramework.j.c,PacketDecoder,PacketDecoder,v18.3: 数据包解码器 (42条映射)
class,com.corrodinggames.rts.gameFramework.n.f,GameStateSerializer,GameStateSerializer,v18.3: 游戏状态序列化 (37条映射)
class,com.corrodinggames.rts.game.units.UnitType,UnitType,UnitType,v18.3: 单位类型 (已命名类)
class,com.corrodinggames.rts.game.units.custom,l,ModUnitRegistry,v18.3-verified
class,com.corrodinggames.rts.game.units,am,UnitInstance,v18.3-verified
class,com.corrodinggames.rts.game.units,y,MobileUnit,"v19.101 仲裁: extends AbstractUnitBase的抽象移动单位层(5131行迷雾/移动/路径行为); d.d/w/x坦克士兵extends y; 与as=UnitType接口(类型定义)区分; 原UnitType映射移交as; 03侧UnitType.java(5108行)暂不改名(466文件引用, 待批处理)"
class,com.corrodinggames.rts.game,n,PlayerState,v18.3-verified
class,com.corrodinggames.rts.gameFramework,l,GlobalState,v18.3-verified
class,com.corrodinggames.rts.game.units.custom,j,CustomUnitType,v18.3-verified
class,com.corrodinggames.rts.gameFramework.j,ad,NetEngine,v18.3-verified
class,com.corrodinggames.rts.game,f,MovementController,v18.3-verified
class,com.corrodinggames.rts.gameFramework,SettingsEngine,SettingsEngine,v18.3-verified
class,com.corrodinggames.rts.game.units.custom,bn,ModUnitLoader,v18.3-verified
class,com.corrodinggames.rts.game.a,a,AIStrategy,v18.3-verified
class,com.corrodinggames.rts.game.b,b,MapEngine,v19.99 T0仲裁: 132地图字符串(--- Loading map ---/Could not find map/Error exporting map/.tmx) + 2252行 + 崩溃堆栈加载主方法b.a(2252); 与k=TileEntry重复映射消除; 与03侧MapEngine.java命名统一
class,com.corrodinggames.rts.game.units,ar,UnitRegistry,v19.99 T0仲裁: 137字符串(unit:/AntiNukeLaucher/.name/HTML帮助模板/Attack Range) + Debug.createUnit按键查询 + supplement成员已用UnitRegistry语义; 原ResourceUnit撤销
class,com.corrodinggames.rts.game.a,g,CombatAction,v18.3-verified
class,com.corrodinggames.rts.game,i,GameEngine,v19.98 T0仲裁: 常量池 GameEngine:init() + 16引擎字段(bX=NetworkEngine/cb=ReplayEngine等) + JFR 60%帧热路径; 原GameInputHandler映射撤销
class,com.corrodinggames.rts.game.a,i,CombatMain,v18.3-verified
class,com.corrodinggames.rts.game.units.custom,ba,TraitValueBuilder,v18.3-verified
class,com.corrodinggames.rts.game.units,h,Factory,v18.3-verified
class,com.corrodinggames.rts.game.units.d,d,BuildSlot,v18.3-verified
class,com.corrodinggames.rts.gameFramework,f,GameUtils,"v19.110 修正: 127 strictfp 方法 javap 1:1 (i(float,float)=fast_atan2查表/j=sin/k=cos), GameRenderer 另属他类"
class,com.corrodinggames.rts.game.units.custom.e,a,LogicBoolean,v18.3-verified
class,com.corrodinggames.rts.game.units.d,e,CommandCenter,v18.3-verified
class,com.corrodinggames.rts.game.units.custom.b,n,UnitTrait,v18.3-verified
class,com.corrodinggames.rts.game,GameSettings,GameSettings,v18.3-verified
class,com.corrodinggames.rts.gameFramework,e,Command,v18.3-verified
class,com.corrodinggames.rts.gameFramework,w,EffectConfig,v18.3-verified
class,com.corrodinggames.rts.game.units.custom.d,b,CustomActionBase,v18.3-verified
class,com.corrodinggames.rts.gameFramework.j,c,PacketDecoder,v18.3-verified
class,com.corrodinggames.rts.gameFramework.n,f,AIWaveSystem,"aicore 身份固化 (Agent C v19.78-81, 03 树已应用 aicore/AIWaveSystem.java; 原 v18.3 GameStateSerializer 为旧误标, 03 无此文件). real_pkg: com.corrodinggames.rts.gameFramework.aicore"
class,com.corrodinggames.rts.game.units,UnitType,UnitType,v18.3-verified
class,com.corrodinggames.rts.gameFramework.rendering,e,BitmapTexture,v18.3: bytecode-verified class name
class,com.corrodinggames.rts.gameFramework.rendering,y,BitmapFont,v18.3: bytecode-verified class name
class,com.corrodinggames.rts.gameFramework.effects,d,SoundEffect,v18.3: bytecode-verified class name
class,com.corrodinggames.rts.gameFramework.effects,e,ShaderEffect,v18.3: bytecode-verified class name
class,com.corrodinggames.rts.gameFramework.effects,f,EffectInstance,v18.3: bytecode-verified class name
class,com.corrodinggames.rts.gameFramework.effects,h,RenderLayer,v18.3: bytecode-verified class name
class,com.corrodinggames.rts.gameFramework.effects,a,EffectBase,v18.3: bytecode-verified class name
class,com.corrodinggames.rts.gameFramework.ui,a,UIContextMenu,v18.3: bytecode-verified class name
class,com.corrodinggames.rts.gameFramework.ui,b,UIPanel,v18.3: bytecode-verified class name
class,com.corrodinggames.rts.gameFramework.ui,d,UILabel,v18.3: bytecode-verified class name
class,com.corrodinggames.rts.gameFramework.ui,f,UIScrollBar,v18.3: bytecode-verified class name
class,com.corrodinggames.rts.gameFramework.ui,j,UITextField,v18.3: bytecode-verified class name
class,com.corrodinggames.rts.gameFramework.ui,k,UICheckBox,v18.3: bytecode-verified class name
class,com.corrodinggames.rts.gameFramework.platform,b,PlatformInput,v18.3: bytecode-verified class name
class,com.corrodinggames.rts.gameFramework.platform,e,PlatformAudio,v18.3: bytecode-verified class name
class,com.corrodinggames.rts.gameFramework.modinfo,b,ModMetadata,v18.3: bytecode-verified class name
class,com.corrodinggames.rts.gameFramework.network,k,PacketHandler,v18.3: bytecode-verified class name
class,com.corrodinggames.rts.gameFramework.opengl,l,GLFrameBuffer,v18.3: bytecode-verified class name
class,com.corrodinggames.rts.gameFramework.rendering,l,SpriteHandle,v18.3: real_pkg:com.corrodinggames.rts.gameFramework.m.l
class,com.corrodinggames.rts.gameFramework.opengl,b,GLTexture,v18.3: real_pkg:com.corrodinggames.rts.gameFramework.k.b
class,com.corrodinggames.rts.gameFramework.ui,c,UIComponent,v18.3: real_pkg:com.corrodinggames.rts.gameFramework.f.c
class,com.corrodinggames.rts.game.units.custom.resources,b,ResourceCost,v18.3: real_pkg:com.corrodinggames.rts.game.units.custom.b.b
class,com.corrodinggames.rts.game.units.custom.resources,a,ResourceType,v18.3: real_pkg:com.corrodinggames.rts.game.units.custom.b.a
class,com.corrodinggames.rts.game.units.actions,a,ActionBase,v18.3: real_pkg:com.corrodinggames.rts.game.units.a.a
class,com.corrodinggames.rts.game.units.actions,c,ActionConfig,v18.3: real_pkg:com.corrodinggames.rts.game.units.a.c
class,com.corrodinggames.rts.game.units.actions,b,ActionFilter,v18.3: real_pkg:com.corrodinggames.rts.game.units.a.b
class,com.corrodinggames.rts.game.units.actions,d,ActionTarget,v18.3: real_pkg:com.corrodinggames.rts.game.units.a.d
class,com.corrodinggames.rts.game.units.actions,e,ActionCategory,v18.3: real_pkg:com.corrodinggames.rts.game.units.a.e
class,com.corrodinggames.rts.game.units.actions,f,ActionType,v18.3: real_pkg:com.corrodinggames.rts.game.units.a.f
class,com.corrodinggames.rts.game.units.buildings,a,BuildingBase,v18.3: real_pkg:com.corrodinggames.rts.game.units.b.a
class,com.corrodinggames.rts.game.units.buildings,d,BuildingSlot,v18.3: real_pkg:com.corrodinggames.rts.game.units.b.d
class,com.corrodinggames.rts.game.units.commands,d,CommandSlot,v18.3: real_pkg:com.corrodinggames.rts.game.units.d.d
class,com.corrodinggames.rts.game.units.commands,r,CommandQueue,v18.3: real_pkg:com.corrodinggames.rts.game.units.d.r
class,com.corrodinggames.rts.game.units.weapons,c,WeaponConfig,v18.3: real_pkg:com.corrodinggames.rts.game.units.e.c
class,com.corrodinggames.rts.game.units.custom,h,UnitConfig,"v19.109 javap铁证: final g[] a + 构造器h(g[]) + a()=a.length==0 与03 UnitConfig全对应 (原误标TagFilter) | v19.112 双译名裁决: TeamTagSet(v19.107)与UnitConfig(v19.109)同指custom.h, javap铁证g[]=TeamTag[] → 废除TeamTagSet统一UnitConfig; 03 TagFilter.tagName/tagValue/custom.l O/P/aS/cH/eP/ev/ew/custom.j.ed/custom.bn.O/P 全改正"
class,com.corrodinggames.rts.gameFramework.utility,y,PathfindingUtils,"v19.110 修正: a(int,int)/b(int,int) boolean + Paint 方法 javap 铁证 (原DataBuffer误标)"
class,com.corrodinggames.rts.java.b,a,CommonGuiEngine,main-deobf-anchored: Main.class 用法/字节码锚定 (2026-08-16): 类内自证 (异常消息); 03 树 TextureProxy 有误
class,com.corrodinggames.rts.java.d,a,SlickLibRocket,main-deobf-anchored: Main.class 用法/字节码锚定 (2026-08-16): 类内自证 (异常消息); 03 树 filesystem.a 有误
class,com.corrodinggames.rts.a,a,DebugServer,main-deobf-anchored: Main.class 用法/字节码锚定 (2026-08-16): ServerSocket 调试服务器 + 脚本队列 (-debug/-debugscript)
class,com.corrodinggames.rts.gameFramework.utility,aj,MainThreadTaskQueue,"main-deobf-anchored: Main.class 用法/字节码锚定 (2026-08-16): ConcurrentLinkedQueue<Runnable>, a(Runnable) 入队 a() 全执行"
class,com.corrodinggames.rts.gameFramework.utility,l,BufferedLineReader,"main-deobf-anchored: Main.class 用法/字节码锚定 (2026-08-16): Reader 包装, a() 读一行"
class,org.a.a.a,c,PrimitiveCollection,joda-primitives 库 (org.joda.* ProGuard 混淆): 字节码接口层级+方法签名完全吻合 (FloatList: subList/listIterator/get->Float; 3原始类型 Float/Int/Short). real_pkg: org.joda.primitives
class,org.a.a.a,a,FloatCollection,joda-primitives 库 (org.joda.* ProGuard 混淆): 字节码接口层级+方法签名完全吻合 (FloatList: subList/listIterator/get->Float; 3原始类型 Float/Int/Short). real_pkg: org.joda.primitives.collection
class,org.a.a.a,b,IntCollection,joda-primitives 库 (org.joda.* ProGuard 混淆): 字节码接口层级+方法签名完全吻合 (FloatList: subList/listIterator/get->Float; 3原始类型 Float/Int/Short). real_pkg: org.joda.primitives.collection
class,org.a.a.a,d,ShortCollection,joda-primitives 库 (org.joda.* ProGuard 混淆): 字节码接口层级+方法签名完全吻合 (FloatList: subList/listIterator/get->Float; 3原始类型 Float/Int/Short). real_pkg: org.joda.primitives.collection
class,org.a.a.b,a,FloatIterable,joda-primitives 库 (org.joda.* ProGuard 混淆): 字节码接口层级+方法签名完全吻合 (FloatList: subList/listIterator/get->Float; 3原始类型 Float/Int/Short). real_pkg: org.joda.primitives.collection
class,org.a.a.b,b,IntIterable,joda-primitives 库 (org.joda.* ProGuard 混淆): 字节码接口层级+方法签名完全吻合 (FloatList: subList/listIterator/get->Float; 3原始类型 Float/Int/Short). real_pkg: org.joda.primitives.collection
class,org.a.a.b,c,ShortIterable,joda-primitives 库 (org.joda.* ProGuard 混淆): 字节码接口层级+方法签名完全吻合 (FloatList: subList/listIterator/get->Float; 3原始类型 Float/Int/Short). real_pkg: org.joda.primitives.collection
class,org.a.a.c,d,ShortIterator,joda-primitives 库 (org.joda.* ProGuard 混淆): 字节码接口层级+方法签名完全吻合 (FloatList: subList/listIterator/get->Float; 3原始类型 Float/Int/Short). real_pkg: org.joda.primitives.iterator
class,org.a.a.d,c,PrimitiveList,joda-primitives 库 (org.joda.* ProGuard 混淆): 字节码接口层级+方法签名完全吻合 (FloatList: subList/listIterator/get->Float; 3原始类型 Float/Int/Short). real_pkg: org.joda.primitives
class,org.a.a.d,a,FloatList,joda-primitives 库 (org.joda.* ProGuard 混淆): 字节码接口层级+方法签名完全吻合 (FloatList: subList/listIterator/get->Float; 3原始类型 Float/Int/Short). real_pkg: org.joda.primitives.list
class,org.a.a.d,b,IntList,joda-primitives 库 (org.joda.* ProGuard 混淆): 字节码接口层级+方法签名完全吻合 (FloatList: subList/listIterator/get->Float; 3原始类型 Float/Int/Short). real_pkg: org.joda.primitives.list
class,org.a.a.d,d,ShortList,joda-primitives 库 (org.joda.* ProGuard 混淆): 字节码接口层级+方法签名完全吻合 (FloatList: subList/listIterator/get->Float; 3原始类型 Float/Int/Short). real_pkg: org.joda.primitives.list
class,org.a.a.e,c,PrimitiveListIterator,joda-primitives 库 (org.joda.* ProGuard 混淆): 字节码接口层级+方法签名完全吻合 (FloatList: subList/listIterator/get->Float; 3原始类型 Float/Int/Short). real_pkg: org.joda.primitives
class,org.a.a.e,a,FloatListIterator,joda-primitives 库 (org.joda.* ProGuard 混淆): 字节码接口层级+方法签名完全吻合 (FloatList: subList/listIterator/get->Float; 3原始类型 Float/Int/Short). real_pkg: org.joda.primitives.iterator
class,org.a.a.e,b,IntListIterator,joda-primitives 库 (org.joda.* ProGuard 混淆): 字节码接口层级+方法签名完全吻合 (FloatList: subList/listIterator/get->Float; 3原始类型 Float/Int/Short). real_pkg: org.joda.primitives.iterator
class,org.a.a.e,d,ShortListIterator,joda-primitives 库 (org.joda.* ProGuard 混淆): 字节码接口层级+方法签名完全吻合 (FloatList: subList/listIterator/get->Float; 3原始类型 Float/Int/Short). real_pkg: org.joda.primitives.iterator
class,com.corrodinggames.rts.gameFramework.n,a,AITask,"aicore 身份固化 (Agent C v19.78-81, 03 树已应用; 此前直接写 identity-index.json 重建丢失, 2026-08-16 回填). real_pkg: com.corrodinggames.rts.gameFramework.aicore"
class,com.corrodinggames.rts.gameFramework.n,b,AITaskQueue,"aicore 身份固化 (Agent C v19.78-81, 03 树已应用; 此前直接写 identity-index.json 重建丢失, 2026-08-16 回填). real_pkg: com.corrodinggames.rts.gameFramework.aicore"
class,com.corrodinggames.rts.gameFramework.n,c,MissionParser,"aicore 身份固化 (Agent C v19.78-81, 03 树已应用; 此前直接写 identity-index.json 重建丢失, 2026-08-16 回填). real_pkg: com.corrodinggames.rts.gameFramework.aicore"
class,com.corrodinggames.rts.gameFramework.n,d,MissionExecutor,"aicore 身份固化 (Agent C v19.78-81, 03 树已应用; 此前直接写 identity-index.json 重建丢失, 2026-08-16 回填). real_pkg: com.corrodinggames.rts.gameFramework.aicore"
class,com.corrodinggames.rts.gameFramework.n,e,MissionEvent,"aicore 身份固化 (Agent C v19.78-81, 03 树已应用; 此前直接写 identity-index.json 重建丢失, 2026-08-16 回填). real_pkg: com.corrodinggames.rts.gameFramework.aicore"
class,com.corrodinggames.rts.gameFramework.n,h,AIDifficulty,"aicore 身份固化 (Agent C v19.78-81, 03 树已应用; 此前直接写 identity-index.json 重建丢失, 2026-08-16 回填). real_pkg: com.corrodinggames.rts.gameFramework.aicore"
class,com.corrodinggames.rts.gameFramework.n,i,AISpawnList,"aicore 身份固化 (Agent C v19.78-81, 03 树已应用; 此前直接写 identity-index.json 重建丢失, 2026-08-16 回填). real_pkg: com.corrodinggames.rts.gameFramework.aicore"
class,com.corrodinggames.rts.gameFramework.n,j,SpawnEntry,"aicore 身份固化 (Agent C v19.78-81, 03 树已应用; 此前直接写 identity-index.json 重建丢失, 2026-08-16 回填). real_pkg: com.corrodinggames.rts.gameFramework.aicore"
class,com.corrodinggames.rts.gameFramework.n,k,SpawnWeight,"aicore 身份固化 (Agent C v19.78-81, 03 树已应用; 此前直接写 identity-index.json 重建丢失, 2026-08-16 回填). real_pkg: com.corrodinggames.rts.gameFramework.aicore"
class,com.corrodinggames.rts.gameFramework.n,l,TargetFilter,"aicore 身份固化 (Agent C v19.78-81, 03 树已应用; 此前直接写 identity-index.json 重建丢失, 2026-08-16 回填). real_pkg: com.corrodinggames.rts.gameFramework.aicore"
class,com.corrodinggames.rts.gameFramework.n,m,TaskStatus,"aicore 身份固化 (Agent C v19.78-81, 03 树已应用; 此前直接写 identity-index.json 重建丢失, 2026-08-16 回填). real_pkg: com.corrodinggames.rts.gameFramework.aicore"
class,com.corrodinggames.rts.gameFramework.n,e$1,MissionEvent$1,"aicore 身份固化 (Agent C v19.78-81, 03 树已应用; 此前直接写 identity-index.json 重建丢失, 2026-08-16 回填) (03 位置 ai/). real_pkg: com.corrodinggames.rts.gameFramework.ai"
class,com.corrodinggames.rts.gameFramework.n,e$2,MissionEvent$2,"aicore 身份固化 (Agent C v19.78-81, 03 树已应用; 此前直接写 identity-index.json 重建丢失, 2026-08-16 回填) (03 位置 ai/). real_pkg: com.corrodinggames.rts.gameFramework.ai"
class,com.corrodinggames.rts.gameFramework.n,e$3,MissionEvent$3,"aicore 身份固化 (Agent C v19.78-81, 03 树已应用; 此前直接写 identity-index.json 重建丢失, 2026-08-16 回填) (03 位置 ai/). real_pkg: com.corrodinggames.rts.gameFramework.ai"
class,com.corrodinggames.rts.gameFramework.n,e$4,MissionEvent$4,"aicore 身份固化 (Agent C v19.78-81, 03 树已应用; 此前直接写 identity-index.json 重建丢失, 2026-08-16 回填) (03 位置 ai/). real_pkg: com.corrodinggames.rts.gameFramework.ai"
class,com.corrodinggames.rts.gameFramework.n,e$5,MissionEvent$5,"aicore 身份固化 (Agent C v19.78-81, 03 树已应用; 此前直接写 identity-index.json 重建丢失, 2026-08-16 回填) (03 位置 ai/). real_pkg: com.corrodinggames.rts.gameFramework.ai"
class,com.corrodinggames.rts.gameFramework.n,e$6,MissionEvent$6,"aicore 身份固化 (Agent C v19.78-81, 03 树已应用; 此前直接写 identity-index.json 重建丢失, 2026-08-16 回填) (03 位置 ai/). real_pkg: com.corrodinggames.rts.gameFramework.ai"
class,com.corrodinggames.rts.gameFramework.n,e$7,MissionEvent$7,"aicore 身份固化 (Agent C v19.78-81, 03 树已应用; 此前直接写 identity-index.json 重建丢失, 2026-08-16 回填) (03 位置 ai/). real_pkg: com.corrodinggames.rts.gameFramework.ai"
class,com.corrodinggames.rts.gameFramework.n,e$8,MissionEvent$8,"aicore 身份固化 (Agent C v19.78-81, 03 树已应用; 此前直接写 identity-index.json 重建丢失, 2026-08-16 回填) (03 位置 ai/). real_pkg: com.corrodinggames.rts.gameFramework.ai"
class,com.corrodinggames.rts.gameFramework.n,e$9,MissionEvent$9,"aicore 身份固化 (Agent C v19.78-81, 03 树已应用; 此前直接写 identity-index.json 重建丢失, 2026-08-16 回填) (03 位置 ai/). real_pkg: com.corrodinggames.rts.gameFramework.ai"
class,com.corrodinggames.rts.gameFramework.n,e$10,MissionEvent$10,"aicore 身份固化 (Agent C v19.78-81, 03 树已应用; 此前直接写 identity-index.json 重建丢失, 2026-08-16 回填) (03 位置 ai/). real_pkg: com.corrodinggames.rts.gameFramework.ai"
class,com.corrodinggames.rts.gameFramework.n,e$11,MissionEvent$11,"aicore 身份固化 (Agent C v19.78-81, 03 树已应用; 此前直接写 identity-index.json 重建丢失, 2026-08-16 回填) (03 位置 ai/). real_pkg: com.corrodinggames.rts.gameFramework.ai"
class,com.corrodinggames.rts.game.units.custom,bh,ProjectileTemplate,"L2 字节码自证 (2026-08-16): 常量池字符串 ""ProjectileTemplate:readInLinkCustom: Could not find projectile with name:"" ×2; 成员 areaDamage/areaExpandTime/alwaysVisibleInFog 等自定义抛射体参数键; extends game.g(config)"
class,com.corrodinggames.rts.gameFramework.utility,ab,IniFile,"L2 字节码自证 (2026-08-16): 常量池字符串 ""IniFile:"" + INI 错误消息 (is not in a [section]/expected format: x,y,[height]); supplement 成员 keyList/valueList/currentSectionName; INI-PARSING.md 确认为 INI 解析器"
class,a.a,h$1,ReliableSocket$1,Rule D (v19.87): $N 内部类继承外类名 (外类 network.reliableudp.ReliableSocket 已映射; 02↔03 方法指纹一致或 jar-only). real_pkg: network.reliableudp
class,com.corrodinggames.librocket,a$1,LibRocketContext$1,Rule D (v19.87): $N 内部类继承外类名 (外类 com.corrodinggames.librocket.LibRocketContext 已映射; 02↔03 方法指纹一致或 jar-only). real_pkg: com.corrodinggames.librocket
class,com.corrodinggames.librocket,a$2,LibRocketContext$2,Rule D (v19.87): $N 内部类继承外类名 (外类 com.corrodinggames.librocket.LibRocketContext 已映射; 02↔03 方法指纹一致或 jar-only). real_pkg: com.corrodinggames.librocket
class,com.corrodinggames.librocket,a$2$1,LibRocketContext$2$1,Rule D (v19.87): $N 内部类继承外类名 (外类 com.corrodinggames.librocket.LibRocketContext 已映射; 02↔03 方法指纹一致或 jar-only). real_pkg: com.corrodinggames.librocket
class,com.corrodinggames.librocket,a$2$2,LibRocketContext$2$2,Rule D (v19.87): $N 内部类继承外类名 (外类 com.corrodinggames.librocket.LibRocketContext 已映射; 02↔03 方法指纹一致或 jar-only). real_pkg: com.corrodinggames.librocket
class,com.corrodinggames.rts.a,a$1,DebugServer$1,Rule D (v19.87): $N 内部类继承外类名 (外类 com.corrodinggames.rts.platform.DebugServer 已映射; 02↔03 方法指纹一致或 jar-only). real_pkg: com.corrodinggames.rts.platform
class,com.corrodinggames.rts.a,a$2,DebugServer$2,Rule D (v19.87): $N 内部类继承外类名 (外类 com.corrodinggames.rts.platform.DebugServer 已映射; 02↔03 方法指纹一致或 jar-only). real_pkg: com.corrodinggames.rts.platform
class,com.corrodinggames.rts.appFramework,c$1,AndroidUIHelper$1,Rule D (v19.87): $N 内部类继承外类名 (外类 com.corrodinggames.rts.appFramework.AndroidUIHelper 已映射; 02↔03 方法指纹一致或 jar-only). real_pkg: com.corrodinggames.rts.appFramework
class,com.corrodinggames.rts.appFramework,c$2,AndroidUIHelper$2,Rule D (v19.87): $N 内部类继承外类名 (外类 com.corrodinggames.rts.appFramework.AndroidUIHelper 已映射; 02↔03 方法指纹一致或 jar-only). real_pkg: com.corrodinggames.rts.appFramework
class,com.corrodinggames.rts.appFramework,c$2$1,AndroidUIHelper$2$1,Rule D (v19.87): $N 内部类继承外类名 (外类 com.corrodinggames.rts.appFramework.AndroidUIHelper 已映射; 02↔03 方法指纹一致或 jar-only). real_pkg: com.corrodinggames.rts.appFramework
class,com.corrodinggames.rts.appFramework,g$1,InGameActivity$1,Rule D (v19.87): $N 内部类继承外类名 (外类 com.corrodinggames.rts.appFramework.InGameActivity 已映射; 02↔03 方法指纹一致或 jar-only). real_pkg: com.corrodinggames.rts.appFramework
class,com.corrodinggames.rts.appFramework,g$10,InGameActivity$10,Rule D (v19.87): $N 内部类继承外类名 (外类 com.corrodinggames.rts.appFramework.InGameActivity 已映射; 02↔03 方法指纹一致或 jar-only). real_pkg: com.corrodinggames.rts.appFramework
class,com.corrodinggames.rts.appFramework,g$11,InGameActivity$11,Rule D (v19.87): $N 内部类继承外类名 (外类 com.corrodinggames.rts.appFramework.InGameActivity 已映射; 02↔03 方法指纹一致或 jar-only). real_pkg: com.corrodinggames.rts.appFramework
class,com.corrodinggames.rts.appFramework,g$12,InGameActivity$12,Rule D (v19.87): $N 内部类继承外类名 (外类 com.corrodinggames.rts.appFramework.InGameActivity 已映射; 02↔03 方法指纹一致或 jar-only). real_pkg: com.corrodinggames.rts.appFramework
class,com.corrodinggames.rts.appFramework,g$13,InGameActivity$13,Rule D (v19.87): $N 内部类继承外类名 (外类 com.corrodinggames.rts.appFramework.InGameActivity 已映射; 02↔03 方法指纹一致或 jar-only). real_pkg: com.corrodinggames.rts.appFramework
class,com.corrodinggames.rts.appFramework,g$14,InGameActivity$14,Rule D (v19.87): $N 内部类继承外类名 (外类 com.corrodinggames.rts.appFramework.InGameActivity 已映射; 02↔03 方法指纹一致或 jar-only). real_pkg: com.corrodinggames.rts.appFramework
class,com.corrodinggames.rts.appFramework,g$15,InGameActivity$15,Rule D (v19.87): $N 内部类继承外类名 (外类 com.corrodinggames.rts.appFramework.InGameActivity 已映射; 02↔03 方法指纹一致或 jar-only). real_pkg: com.corrodinggames.rts.appFramework
class,com.corrodinggames.rts.appFramework,g$16,InGameActivity$16,Rule D (v19.87): $N 内部类继承外类名 (外类 com.corrodinggames.rts.appFramework.InGameActivity 已映射; 02↔03 方法指纹一致或 jar-only). real_pkg: com.corrodinggames.rts.appFramework
class,com.corrodinggames.rts.appFramework,g$2,InGameActivity$2,Rule D (v19.87): $N 内部类继承外类名 (外类 com.corrodinggames.rts.appFramework.InGameActivity 已映射; 02↔03 方法指纹一致或 jar-only). real_pkg: com.corrodinggames.rts.appFramework
class,com.corrodinggames.rts.appFramework,g$3,InGameActivity$3,Rule D (v19.87): $N 内部类继承外类名 (外类 com.corrodinggames.rts.appFramework.InGameActivity 已映射; 02↔03 方法指纹一致或 jar-only). real_pkg: com.corrodinggames.rts.appFramework
class,com.corrodinggames.rts.appFramework,g$4,InGameActivity$4,Rule D (v19.87): $N 内部类继承外类名 (外类 com.corrodinggames.rts.appFramework.InGameActivity 已映射; 02↔03 方法指纹一致或 jar-only). real_pkg: com.corrodinggames.rts.appFramework
class,com.corrodinggames.rts.appFramework,g$4$1,InGameActivity$4$1,Rule D (v19.87): $N 内部类继承外类名 (外类 com.corrodinggames.rts.appFramework.InGameActivity 已映射; 02↔03 方法指纹一致或 jar-only). real_pkg: com.corrodinggames.rts.appFramework
class,com.corrodinggames.rts.appFramework,g$5,InGameActivity$5,Rule D (v19.87): $N 内部类继承外类名 (外类 com.corrodinggames.rts.appFramework.InGameActivity 已映射; 02↔03 方法指纹一致或 jar-only). real_pkg: com.corrodinggames.rts.appFramework
class,com.corrodinggames.rts.appFramework,g$6,InGameActivity$6,Rule D (v19.87): $N 内部类继承外类名 (外类 com.corrodinggames.rts.appFramework.InGameActivity 已映射; 02↔03 方法指纹一致或 jar-only). real_pkg: com.corrodinggames.rts.appFramework
class,com.corrodinggames.rts.appFramework,g$6$1,InGameActivity$6$1,Rule D (v19.87): $N 内部类继承外类名 (外类 com.corrodinggames.rts.appFramework.InGameActivity 已映射; 02↔03 方法指纹一致或 jar-only). real_pkg: com.corrodinggames.rts.appFramework
class,com.corrodinggames.rts.appFramework,g$7,InGameActivity$7,Rule D (v19.87): $N 内部类继承外类名 (外类 com.corrodinggames.rts.appFramework.InGameActivity 已映射; 02↔03 方法指纹一致或 jar-only). real_pkg: com.corrodinggames.rts.appFramework
class,com.corrodinggames.rts.appFramework,g$8,InGameActivity$8,Rule D (v19.87): $N 内部类继承外类名 (外类 com.corrodinggames.rts.appFramework.InGameActivity 已映射; 02↔03 方法指纹一致或 jar-only). real_pkg: com.corrodinggames.rts.appFramework
class,com.corrodinggames.rts.appFramework,g$9,InGameActivity$9,Rule D (v19.87): $N 内部类继承外类名 (外类 com.corrodinggames.rts.appFramework.InGameActivity 已映射; 02↔03 方法指纹一致或 jar-only). real_pkg: com.corrodinggames.rts.appFramework
class,com.corrodinggames.rts.appFramework,n$1,DialogHelper$1,Rule D (v19.87): $N 内部类继承外类名 (外类 com.corrodinggames.rts.appFramework.DialogHelper 已映射; 02↔03 方法指纹一致或 jar-only). real_pkg: com.corrodinggames.rts.appFramework
class,com.corrodinggames.rts.appFramework,n$2,DialogHelper$2,Rule D (v19.87): $N 内部类继承外类名 (外类 com.corrodinggames.rts.appFramework.DialogHelper 已映射; 02↔03 方法指纹一致或 jar-only). real_pkg: com.corrodinggames.rts.appFramework
class,com.corrodinggames.rts.appFramework,n$3,DialogHelper$3,Rule D (v19.87): $N 内部类继承外类名 (外类 com.corrodinggames.rts.appFramework.DialogHelper 已映射; 02↔03 方法指纹一致或 jar-only). real_pkg: com.corrodinggames.rts.appFramework
class,com.corrodinggames.rts.appFramework,n$4,DialogHelper$4,Rule D (v19.87): $N 内部类继承外类名 (外类 com.corrodinggames.rts.appFramework.DialogHelper 已映射; 02↔03 方法指纹一致或 jar-only). real_pkg: com.corrodinggames.rts.appFramework
class,com.corrodinggames.rts.appFramework,n$5,DialogHelper$5,Rule D (v19.87): $N 内部类继承外类名 (外类 com.corrodinggames.rts.appFramework.DialogHelper 已映射; 02↔03 方法指纹一致或 jar-only). real_pkg: com.corrodinggames.rts.appFramework
class,com.corrodinggames.rts.game.a,a$1,AIStrategy$1,Rule D (v19.87): $N 内部类继承外类名 (外类 com.corrodinggames.rts.game.ai.AIStrategy 已映射; 02↔03 方法指纹一致或 jar-only). real_pkg: com.corrodinggames.rts.game.ai
class,com.corrodinggames.rts.game.a,a$10,AIStrategy$10,Rule D (v19.87): $N 内部类继承外类名 (外类 com.corrodinggames.rts.game.ai.AIStrategy 已映射; 02↔03 方法指纹一致或 jar-only). real_pkg: com.corrodinggames.rts.game.ai
class,com.corrodinggames.rts.game.a,a$11,AIStrategy$11,Rule D (v19.87): $N 内部类继承外类名 (外类 com.corrodinggames.rts.game.ai.AIStrategy 已映射; 02↔03 方法指纹一致或 jar-only). real_pkg: com.corrodinggames.rts.game.ai
class,com.corrodinggames.rts.game.a,a$12,AIStrategy$12,Rule D (v19.87): $N 内部类继承外类名 (外类 com.corrodinggames.rts.game.ai.AIStrategy 已映射; 02↔03 方法指纹一致或 jar-only). real_pkg: com.corrodinggames.rts.game.ai
class,com.corrodinggames.rts.game.a,a$13,AIStrategy$13,Rule D (v19.87): $N 内部类继承外类名 (外类 com.corrodinggames.rts.game.ai.AIStrategy 已映射; 02↔03 方法指纹一致或 jar-only). real_pkg: com.corrodinggames.rts.game.ai
class,com.corrodinggames.rts.game.a,a$2,AIStrategy$2,Rule D (v19.87): $N 内部类继承外类名 (外类 com.corrodinggames.rts.game.ai.AIStrategy 已映射; 02↔03 方法指纹一致或 jar-only). real_pkg: com.corrodinggames.rts.game.ai
class,com.corrodinggames.rts.game.a,a$3,AIStrategy$3,Rule D (v19.87): $N 内部类继承外类名 (外类 com.corrodinggames.rts.game.ai.AIStrategy 已映射; 02↔03 方法指纹一致或 jar-only). real_pkg: com.corrodinggames.rts.game.ai
class,com.corrodinggames.rts.game.a,a$4,AIStrategy$4,Rule D (v19.87): $N 内部类继承外类名 (外类 com.corrodinggames.rts.game.ai.AIStrategy 已映射; 02↔03 方法指纹一致或 jar-only). real_pkg: com.corrodinggames.rts.game.ai
class,com.corrodinggames.rts.game.a,a$5,AIStrategy$5,Rule D (v19.87): $N 内部类继承外类名 (外类 com.corrodinggames.rts.game.ai.AIStrategy 已映射; 02↔03 方法指纹一致或 jar-only). real_pkg: com.corrodinggames.rts.game.ai
class,com.corrodinggames.rts.game.a,a$6,AIStrategy$6,Rule D (v19.87): $N 内部类继承外类名 (外类 com.corrodinggames.rts.game.ai.AIStrategy 已映射; 02↔03 方法指纹一致或 jar-only). real_pkg: com.corrodinggames.rts.game.ai
class,com.corrodinggames.rts.game.a,a$7,AIStrategy$7,Rule D (v19.87): $N 内部类继承外类名 (外类 com.corrodinggames.rts.game.ai.AIStrategy 已映射; 02↔03 方法指纹一致或 jar-only). real_pkg: com.corrodinggames.rts.game.ai
class,com.corrodinggames.rts.game.a,a$8,AIStrategy$8,Rule D (v19.87): $N 内部类继承外类名 (外类 com.corrodinggames.rts.game.ai.AIStrategy 已映射; 02↔03 方法指纹一致或 jar-only). real_pkg: com.corrodinggames.rts.game.ai
class,com.corrodinggames.rts.game.a,a$9,AIStrategy$9,Rule D (v19.87): $N 内部类继承外类名 (外类 com.corrodinggames.rts.game.ai.AIStrategy 已映射; 02↔03 方法指纹一致或 jar-only). real_pkg: com.corrodinggames.rts.game.ai
class,com.corrodinggames.rts.game.a.a,b$1,AIStrategyResult$1,Rule D (v19.87): $N 内部类继承外类名 (外类 com.corrodinggames.rts.game.ai.strategies.AIStrategyResult 已映射; 02↔03 方法指纹一致或 jar-only). real_pkg: com.corrodinggames.rts.game.ai.strategies
class,com.corrodinggames.rts.game.a.a,b$2,AIStrategyResult$2,Rule D (v19.87): $N 内部类继承外类名 (外类 com.corrodinggames.rts.game.ai.strategies.AIStrategyResult 已映射; 02↔03 方法指纹一致或 jar-only). real_pkg: com.corrodinggames.rts.game.ai.strategies
class,com.corrodinggames.rts.game.b,b$1,MapEngine$1,Rule D (v19.87): $N 内部类继承外类名 (外类 com.corrodinggames.rts.game.map.MapEngine 已映射; 02↔03 方法指纹一致或 jar-only). real_pkg: com.corrodinggames.rts.game.map
class,com.corrodinggames.rts.game.b,b$2,MapEngine$2,Rule D (v19.87): $N 内部类继承外类名 (外类 com.corrodinggames.rts.game.map.MapEngine 已映射; 02↔03 方法指纹一致或 jar-only). real_pkg: com.corrodinggames.rts.game.map
class,com.corrodinggames.rts.game,i$a,GameEngine$a,Rule D (v19.87): $N 内部类继承外类名 (外类 com.corrodinggames.rts.game.GameEngine 已映射; 02↔03 方法指纹一致或 jar-only). real_pkg: com.corrodinggames.rts.game
class,com.corrodinggames.rts.game.units,ar$1,UnitRegistry$1,Rule D (v19.87): $N 内部类继承外类名 (外类 com.corrodinggames.rts.game.units.UnitRegistry 已映射; 02↔03 方法指纹一致或 jar-only). real_pkg: com.corrodinggames.rts.game.units
class,com.corrodinggames.rts.game.units,ar$10,UnitRegistry$10,Rule D (v19.87): $N 内部类继承外类名 (外类 com.corrodinggames.rts.game.units.UnitRegistry 已映射; 02↔03 方法指纹一致或 jar-only). real_pkg: com.corrodinggames.rts.game.units
class,com.corrodinggames.rts.game.units,ar$11,UnitRegistry$11,Rule D (v19.87): $N 内部类继承外类名 (外类 com.corrodinggames.rts.game.units.UnitRegistry 已映射; 02↔03 方法指纹一致或 jar-only). real_pkg: com.corrodinggames.rts.game.units
class,com.corrodinggames.rts.game.units,ar$12,UnitRegistry$12,Rule D (v19.87): $N 内部类继承外类名 (外类 com.corrodinggames.rts.game.units.UnitRegistry 已映射; 02↔03 方法指纹一致或 jar-only). real_pkg: com.corrodinggames.rts.game.units
class,com.corrodinggames.rts.game.units,ar$13,UnitRegistry$13,Rule D (v19.87): $N 内部类继承外类名 (外类 com.corrodinggames.rts.game.units.UnitRegistry 已映射; 02↔03 方法指纹一致或 jar-only). real_pkg: com.corrodinggames.rts.game.units
class,com.corrodinggames.rts.game.units,ar$14,UnitRegistry$14,Rule D (v19.87): $N 内部类继承外类名 (外类 com.corrodinggames.rts.game.units.UnitRegistry 已映射; 02↔03 方法指纹一致或 jar-only). real_pkg: com.corrodinggames.rts.game.units
class,com.corrodinggames.rts.game.units,ar$15,UnitRegistry$15,Rule D (v19.87): $N 内部类继承外类名 (外类 com.corrodinggames.rts.game.units.UnitRegistry 已映射; 02↔03 方法指纹一致或 jar-only). real_pkg: com.corrodinggames.rts.game.units
class,com.corrodinggames.rts.game.units,ar$16,UnitRegistry$16,Rule D (v19.87): $N 内部类继承外类名 (外类 com.corrodinggames.rts.game.units.UnitRegistry 已映射; 02↔03 方法指纹一致或 jar-only). real_pkg: com.corrodinggames.rts.game.units
class,com.corrodinggames.rts.game.units,ar$17,UnitRegistry$17,Rule D (v19.87): $N 内部类继承外类名 (外类 com.corrodinggames.rts.game.units.UnitRegistry 已映射; 02↔03 方法指纹一致或 jar-only). real_pkg: com.corrodinggames.rts.game.units
class,com.corrodinggames.rts.game.units,ar$18,UnitRegistry$18,Rule D (v19.87): $N 内部类继承外类名 (外类 com.corrodinggames.rts.game.units.UnitRegistry 已映射; 02↔03 方法指纹一致或 jar-only). real_pkg: com.corrodinggames.rts.game.units
class,com.corrodinggames.rts.game.units,ar$19,UnitRegistry$19,Rule D (v19.87): $N 内部类继承外类名 (外类 com.corrodinggames.rts.game.units.UnitRegistry 已映射; 02↔03 方法指纹一致或 jar-only). real_pkg: com.corrodinggames.rts.game.units
class,com.corrodinggames.rts.game.units,ar$2,UnitRegistry$2,Rule D (v19.87): $N 内部类继承外类名 (外类 com.corrodinggames.rts.game.units.UnitRegistry 已映射; 02↔03 方法指纹一致或 jar-only). real_pkg: com.corrodinggames.rts.game.units
class,com.corrodinggames.rts.game.units,ar$20,UnitRegistry$20,Rule D (v19.87): $N 内部类继承外类名 (外类 com.corrodinggames.rts.game.units.UnitRegistry 已映射; 02↔03 方法指纹一致或 jar-only). real_pkg: com.corrodinggames.rts.game.units
class,com.corrodinggames.rts.game.units,ar$21,UnitRegistry$21,Rule D (v19.87): $N 内部类继承外类名 (外类 com.corrodinggames.rts.game.units.UnitRegistry 已映射; 02↔03 方法指纹一致或 jar-only). real_pkg: com.corrodinggames.rts.game.units
class,com.corrodinggames.rts.game.units,ar$22,UnitRegistry$22,Rule D (v19.87): $N 内部类继承外类名 (外类 com.corrodinggames.rts.game.units.UnitRegistry 已映射; 02↔03 方法指纹一致或 jar-only). real_pkg: com.corrodinggames.rts.game.units
class,com.corrodinggames.rts.game.units,ar$23,UnitRegistry$23,Rule D (v19.87): $N 内部类继承外类名 (外类 com.corrodinggames.rts.game.units.UnitRegistry 已映射; 02↔03 方法指纹一致或 jar-only). real_pkg: com.corrodinggames.rts.game.units
class,com.corrodinggames.rts.game.units,ar$24,UnitRegistry$24,Rule D (v19.87): $N 内部类继承外类名 (外类 com.corrodinggames.rts.game.units.UnitRegistry 已映射; 02↔03 方法指纹一致或 jar-only). real_pkg: com.corrodinggames.rts.game.units
class,com.corrodinggames.rts.game.units,ar$25,UnitRegistry$25,Rule D (v19.87): $N 内部类继承外类名 (外类 com.corrodinggames.rts.game.units.UnitRegistry 已映射; 02↔03 方法指纹一致或 jar-only). real_pkg: com.corrodinggames.rts.game.units
class,com.corrodinggames.rts.game.units,ar$26,UnitRegistry$26,Rule D (v19.87): $N 内部类继承外类名 (外类 com.corrodinggames.rts.game.units.UnitRegistry 已映射; 02↔03 方法指纹一致或 jar-only). real_pkg: com.corrodinggames.rts.game.units
class,com.corrodinggames.rts.game.units,ar$27,UnitRegistry$27,Rule D (v19.87): $N 内部类继承外类名 (外类 com.corrodinggames.rts.game.units.UnitRegistry 已映射; 02↔03 方法指纹一致或 jar-only). real_pkg: com.corrodinggames.rts.game.units
class,com.corrodinggames.rts.game.units,ar$28,UnitRegistry$28,Rule D (v19.87): $N 内部类继承外类名 (外类 com.corrodinggames.rts.game.units.UnitRegistry 已映射; 02↔03 方法指纹一致或 jar-only). real_pkg: com.corrodinggames.rts.game.units
class,com.corrodinggames.rts.game.units,ar$29,UnitRegistry$29,Rule D (v19.87): $N 内部类继承外类名 (外类 com.corrodinggames.rts.game.units.UnitRegistry 已映射; 02↔03 方法指纹一致或 jar-only). real_pkg: com.corrodinggames.rts.game.units
class,com.corrodinggames.rts.game.units,ar$3,UnitRegistry$3,Rule D (v19.87): $N 内部类继承外类名 (外类 com.corrodinggames.rts.game.units.UnitRegistry 已映射; 02↔03 方法指纹一致或 jar-only). real_pkg: com.corrodinggames.rts.game.units
class,com.corrodinggames.rts.game.units,ar$30,UnitRegistry$30,Rule D (v19.87): $N 内部类继承外类名 (外类 com.corrodinggames.rts.game.units.UnitRegistry 已映射; 02↔03 方法指纹一致或 jar-only). real_pkg: com.corrodinggames.rts.game.units
class,com.corrodinggames.rts.game.units,ar$31,UnitRegistry$31,Rule D (v19.87): $N 内部类继承外类名 (外类 com.corrodinggames.rts.game.units.UnitRegistry 已映射; 02↔03 方法指纹一致或 jar-only). real_pkg: com.corrodinggames.rts.game.units
class,com.corrodinggames.rts.game.units,ar$32,UnitRegistry$32,Rule D (v19.87): $N 内部类继承外类名 (外类 com.corrodinggames.rts.game.units.UnitRegistry 已映射; 02↔03 方法指纹一致或 jar-only). real_pkg: com.corrodinggames.rts.game.units
class,com.corrodinggames.rts.game.units,ar$33,UnitRegistry$33,Rule D (v19.87): $N 内部类继承外类名 (外类 com.corrodinggames.rts.game.units.UnitRegistry 已映射; 02↔03 方法指纹一致或 jar-only). real_pkg: com.corrodinggames.rts.game.units
class,com.corrodinggames.rts.game.units,ar$34,UnitRegistry$34,Rule D (v19.87): $N 内部类继承外类名 (外类 com.corrodinggames.rts.game.units.UnitRegistry 已映射; 02↔03 方法指纹一致或 jar-only). real_pkg: com.corrodinggames.rts.game.units
class,com.corrodinggames.rts.game.units,ar$35,UnitRegistry$35,Rule D (v19.87): $N 内部类继承外类名 (外类 com.corrodinggames.rts.game.units.UnitRegistry 已映射; 02↔03 方法指纹一致或 jar-only). real_pkg: com.corrodinggames.rts.game.units
class,com.corrodinggames.rts.game.units,ar$36,UnitRegistry$36,Rule D (v19.87): $N 内部类继承外类名 (外类 com.corrodinggames.rts.game.units.UnitRegistry 已映射; 02↔03 方法指纹一致或 jar-only). real_pkg: com.corrodinggames.rts.game.units
class,com.corrodinggames.rts.game.units,ar$37,UnitRegistry$37,Rule D (v19.87): $N 内部类继承外类名 (外类 com.corrodinggames.rts.game.units.UnitRegistry 已映射; 02↔03 方法指纹一致或 jar-only). real_pkg: com.corrodinggames.rts.game.units
class,com.corrodinggames.rts.game.units,ar$38,UnitRegistry$38,Rule D (v19.87): $N 内部类继承外类名 (外类 com.corrodinggames.rts.game.units.UnitRegistry 已映射; 02↔03 方法指纹一致或 jar-only). real_pkg: com.corrodinggames.rts.game.units
class,com.corrodinggames.rts.game.units,ar$39,UnitRegistry$39,Rule D (v19.87): $N 内部类继承外类名 (外类 com.corrodinggames.rts.game.units.UnitRegistry 已映射; 02↔03 方法指纹一致或 jar-only). real_pkg: com.corrodinggames.rts.game.units
class,com.corrodinggames.rts.game.units,ar$4,UnitRegistry$4,Rule D (v19.87): $N 内部类继承外类名 (外类 com.corrodinggames.rts.game.units.UnitRegistry 已映射; 02↔03 方法指纹一致或 jar-only). real_pkg: com.corrodinggames.rts.game.units
class,com.corrodinggames.rts.game.units,ar$40,UnitRegistry$40,Rule D (v19.87): $N 内部类继承外类名 (外类 com.corrodinggames.rts.game.units.UnitRegistry 已映射; 02↔03 方法指纹一致或 jar-only). real_pkg: com.corrodinggames.rts.game.units
class,com.corrodinggames.rts.game.units,ar$41,UnitRegistry$41,Rule D (v19.87): $N 内部类继承外类名 (外类 com.corrodinggames.rts.game.units.UnitRegistry 已映射; 02↔03 方法指纹一致或 jar-only). real_pkg: com.corrodinggames.rts.game.units
class,com.corrodinggames.rts.game.units,ar$42,UnitRegistry$42,Rule D (v19.87): $N 内部类继承外类名 (外类 com.corrodinggames.rts.game.units.UnitRegistry 已映射; 02↔03 方法指纹一致或 jar-only). real_pkg: com.corrodinggames.rts.game.units
class,com.corrodinggames.rts.game.units,ar$43,UnitRegistry$43,Rule D (v19.87): $N 内部类继承外类名 (外类 com.corrodinggames.rts.game.units.UnitRegistry 已映射; 02↔03 方法指纹一致或 jar-only). real_pkg: com.corrodinggames.rts.game.units
class,com.corrodinggames.rts.game.units,ar$44,UnitRegistry$44,Rule D (v19.87): $N 内部类继承外类名 (外类 com.corrodinggames.rts.game.units.UnitRegistry 已映射; 02↔03 方法指纹一致或 jar-only). real_pkg: com.corrodinggames.rts.game.units
class,com.corrodinggames.rts.game.units,ar$45,UnitRegistry$45,Rule D (v19.87): $N 内部类继承外类名 (外类 com.corrodinggames.rts.game.units.UnitRegistry 已映射; 02↔03 方法指纹一致或 jar-only). real_pkg: com.corrodinggames.rts.game.units
class,com.corrodinggames.rts.game.units,ar$46,UnitRegistry$46,Rule D (v19.87): $N 内部类继承外类名 (外类 com.corrodinggames.rts.game.units.UnitRegistry 已映射; 02↔03 方法指纹一致或 jar-only). real_pkg: com.corrodinggames.rts.game.units
class,com.corrodinggames.rts.game.units,ar$47,UnitRegistry$47,Rule D (v19.87): $N 内部类继承外类名 (外类 com.corrodinggames.rts.game.units.UnitRegistry 已映射; 02↔03 方法指纹一致或 jar-only). real_pkg: com.corrodinggames.rts.game.units
class,com.corrodinggames.rts.game.units,ar$48,UnitRegistry$48,Rule D (v19.87): $N 内部类继承外类名 (外类 com.corrodinggames.rts.game.units.UnitRegistry 已映射; 02↔03 方法指纹一致或 jar-only). real_pkg: com.corrodinggames.rts.game.units
class,com.corrodinggames.rts.game.units,ar$49,UnitRegistry$49,Rule D (v19.87): $N 内部类继承外类名 (外类 com.corrodinggames.rts.game.units.UnitRegistry 已映射; 02↔03 方法指纹一致或 jar-only). real_pkg: com.corrodinggames.rts.game.units
class,com.corrodinggames.rts.game.units,ar$5,UnitRegistry$5,Rule D (v19.87): $N 内部类继承外类名 (外类 com.corrodinggames.rts.game.units.UnitRegistry 已映射; 02↔03 方法指纹一致或 jar-only). real_pkg: com.corrodinggames.rts.game.units
class,com.corrodinggames.rts.game.units,ar$50,UnitRegistry$50,Rule D (v19.87): $N 内部类继承外类名 (外类 com.corrodinggames.rts.game.units.UnitRegistry 已映射; 02↔03 方法指纹一致或 jar-only). real_pkg: com.corrodinggames.rts.game.units
class,com.corrodinggames.rts.game.units,ar$51,UnitRegistry$51,Rule D (v19.87): $N 内部类继承外类名 (外类 com.corrodinggames.rts.game.units.UnitRegistry 已映射; 02↔03 方法指纹一致或 jar-only). real_pkg: com.corrodinggames.rts.game.units
class,com.corrodinggames.rts.game.units,ar$52,UnitRegistry$52,Rule D (v19.87): $N 内部类继承外类名 (外类 com.corrodinggames.rts.game.units.UnitRegistry 已映射; 02↔03 方法指纹一致或 jar-only). real_pkg: com.corrodinggames.rts.game.units
class,com.corrodinggames.rts.game.units,ar$53,UnitRegistry$53,Rule D (v19.87): $N 内部类继承外类名 (外类 com.corrodinggames.rts.game.units.UnitRegistry 已映射; 02↔03 方法指纹一致或 jar-only). real_pkg: com.corrodinggames.rts.game.units
class,com.corrodinggames.rts.game.units,ar$6,UnitRegistry$6,Rule D (v19.87): $N 内部类继承外类名 (外类 com.corrodinggames.rts.game.units.UnitRegistry 已映射; 02↔03 方法指纹一致或 jar-only). real_pkg: com.corrodinggames.rts.game.units
class,com.corrodinggames.rts.game.units,ar$7,UnitRegistry$7,Rule D (v19.87): $N 内部类继承外类名 (外类 com.corrodinggames.rts.game.units.UnitRegistry 已映射; 02↔03 方法指纹一致或 jar-only). real_pkg: com.corrodinggames.rts.game.units
class,com.corrodinggames.rts.game.units,ar$8,UnitRegistry$8,Rule D (v19.87): $N 内部类继承外类名 (外类 com.corrodinggames.rts.game.units.UnitRegistry 已映射; 02↔03 方法指纹一致或 jar-only). real_pkg: com.corrodinggames.rts.game.units
class,com.corrodinggames.rts.game.units,ar$9,UnitRegistry$9,Rule D (v19.87): $N 内部类继承外类名 (外类 com.corrodinggames.rts.game.units.UnitRegistry 已映射; 02↔03 方法指纹一致或 jar-only). real_pkg: com.corrodinggames.rts.game.units
class,com.corrodinggames.rts.game.units.b,c$1,AttackBehavior$1,Rule D (v19.87): $N 内部类继承外类名 (外类 com.corrodinggames.rts.game.units.buildings.AttackBehavior 已映射; 02↔03 方法指纹一致或 jar-only). real_pkg: com.corrodinggames.rts.game.units.buildings
class,com.corrodinggames.rts.game.units.b,c$2,AttackBehavior$2,Rule D (v19.87): $N 内部类继承外类名 (外类 com.corrodinggames.rts.game.units.buildings.AttackBehavior 已映射; 02↔03 方法指纹一致或 jar-only). real_pkg: com.corrodinggames.rts.game.units.buildings
class,com.corrodinggames.rts.game.units.b,d$1,MoveBehavior$1,Rule D (v19.87): $N 内部类继承外类名 (外类 com.corrodinggames.rts.game.units.buildings.MoveBehavior 已映射; 02↔03 方法指纹一致或 jar-only). real_pkg: com.corrodinggames.rts.game.units.buildings
class,com.corrodinggames.rts.game.units.b,d$2,MoveBehavior$2,Rule D (v19.87): $N 内部类继承外类名 (外类 com.corrodinggames.rts.game.units.buildings.MoveBehavior 已映射; 02↔03 方法指纹一致或 jar-only). real_pkg: com.corrodinggames.rts.game.units.buildings
class,com.corrodinggames.rts.game.units.custom.e,f$1,EffectManager$1,Rule D (v19.87): $N 内部类继承外类名 (外类 com.corrodinggames.rts.game.units.custom.effects.EffectManager 已映射; 02↔03 方法指纹一致或 jar-only). real_pkg: com.corrodinggames.rts.game.units.custom.effects
class,com.corrodinggames.rts.game.units.d.a,a$1,AbstractCommandSlot$1,Rule D (v19.87): $N 内部类继承外类名 (外类 com.corrodinggames.rts.game.units.commands.slots.AbstractCommandSlot 已映射; 02↔03 方法指纹一致或 jar-only). real_pkg: com.corrodinggames.rts.game.units.commands.slots
class,com.corrodinggames.rts.game.units.d.a,b$1,BuildActionSlot$1,Rule D (v19.87): $N 内部类继承外类名 (外类 com.corrodinggames.rts.game.units.commands.slots.BuildActionSlot 已映射; 02↔03 方法指纹一致或 jar-only). real_pkg: com.corrodinggames.rts.game.units.commands.slots
class,com.corrodinggames.rts.game.units.d.a,b$2,BuildActionSlot$2,Rule D (v19.87): $N 内部类继承外类名 (外类 com.corrodinggames.rts.game.units.commands.slots.BuildActionSlot 已映射; 02↔03 方法指纹一致或 jar-only). real_pkg: com.corrodinggames.rts.game.units.commands.slots
class,com.corrodinggames.rts.game.units.d.a,b$3,BuildActionSlot$3,Rule D (v19.87): $N 内部类继承外类名 (外类 com.corrodinggames.rts.game.units.commands.slots.BuildActionSlot 已映射; 02↔03 方法指纹一致或 jar-only). real_pkg: com.corrodinggames.rts.game.units.commands.slots
class,com.corrodinggames.rts.game.units.d.a,b$4,BuildActionSlot$4,Rule D (v19.87): $N 内部类继承外类名 (外类 com.corrodinggames.rts.game.units.commands.slots.BuildActionSlot 已映射; 02↔03 方法指纹一致或 jar-only). real_pkg: com.corrodinggames.rts.game.units.commands.slots
class,com.corrodinggames.rts.game.units.d,c$1,ExperimentalHoverUnit$1,Rule D (v19.87): $N 内部类继承外类名 (外类 com.corrodinggames.rts.game.units.commands.ExperimentalHoverUnit 已映射; 02↔03 方法指纹一致或 jar-only). real_pkg: com.corrodinggames.rts.game.units.commands
class,com.corrodinggames.rts.game.units.d,c$2,ExperimentalHoverUnit$2,Rule D (v19.87): $N 内部类继承外类名 (外类 com.corrodinggames.rts.game.units.commands.ExperimentalHoverUnit 已映射; 02↔03 方法指纹一致或 jar-only). real_pkg: com.corrodinggames.rts.game.units.commands
class,com.corrodinggames.rts.game.units.d,f$1,ExperimentalWaterUnit$1,Rule D (v19.87): $N 内部类继承外类名 (外类 com.corrodinggames.rts.game.units.commands.ExperimentalWaterUnit 已映射; 02↔03 方法指纹一致或 jar-only). real_pkg: com.corrodinggames.rts.game.units.commands
class,com.corrodinggames.rts.game.units.d,g$1,ExperimentalLandFactory$1,Rule D (v19.87): $N 内部类继承外类名 (外类 com.corrodinggames.rts.game.units.commands.ExperimentalLandFactory 已映射; 02↔03 方法指纹一致或 jar-only). real_pkg: com.corrodinggames.rts.game.units.commands
class,com.corrodinggames.rts.game.units.d,g$2,ExperimentalLandFactory$2,Rule D (v19.87): $N 内部类继承外类名 (外类 com.corrodinggames.rts.game.units.commands.ExperimentalLandFactory 已映射; 02↔03 方法指纹一致或 jar-only). real_pkg: com.corrodinggames.rts.game.units.commands
class,com.corrodinggames.rts.game.units.d,h$1,PowerGeneratorUnit$1,Rule D (v19.87): $N 内部类继承外类名 (外类 com.corrodinggames.rts.game.units.commands.PowerGeneratorUnit 已映射; 02↔03 方法指纹一致或 jar-only). real_pkg: com.corrodinggames.rts.game.units.commands
class,com.corrodinggames.rts.game.units.d,h$2,PowerGeneratorUnit$2,Rule D (v19.87): $N 内部类继承外类名 (外类 com.corrodinggames.rts.game.units.commands.PowerGeneratorUnit 已映射; 02↔03 方法指纹一致或 jar-only). real_pkg: com.corrodinggames.rts.game.units.commands
class,com.corrodinggames.rts.game.units.d,p$1,ExperimentalSubUnit$1,Rule D (v19.87): $N 内部类继承外类名 (外类 com.corrodinggames.rts.game.units.commands.ExperimentalSubUnit 已映射; 02↔03 方法指纹一致或 jar-only). real_pkg: com.corrodinggames.rts.game.units.commands
class,com.corrodinggames.rts.game.units.d,q$1,UnitActionHelper$1,Rule D (v19.87): $N 内部类继承外类名 (外类 com.corrodinggames.rts.game.units.commands.UnitActionHelper 已映射; 02↔03 方法指纹一致或 jar-only). real_pkg: com.corrodinggames.rts.game.units.commands
class,com.corrodinggames.rts.game.units.d,q$2,UnitActionHelper$2,Rule D (v19.87): $N 内部类继承外类名 (外类 com.corrodinggames.rts.game.units.commands.UnitActionHelper 已映射; 02↔03 方法指纹一致或 jar-only). real_pkg: com.corrodinggames.rts.game.units.commands
class,com.corrodinggames.rts.game.units.d,v$1,FabricatorUnit$1,Rule D (v19.87): $N 内部类继承外类名 (外类 com.corrodinggames.rts.game.units.commands.FabricatorUnit 已映射; 02↔03 方法指纹一致或 jar-only). real_pkg: com.corrodinggames.rts.game.units.commands
class,com.corrodinggames.rts.game.units.e,i$1,SpecialBuilding$1,Rule D (v19.87): $N 内部类继承外类名 (外类 com.corrodinggames.rts.game.units.projectiles.SpecialBuilding 已映射; 02↔03 方法指纹一致或 jar-only). real_pkg: com.corrodinggames.rts.game.units.projectiles
class,com.corrodinggames.rts.game.units.e,i$2,SpecialBuilding$2,Rule D (v19.87): $N 内部类继承外类名 (外类 com.corrodinggames.rts.game.units.projectiles.SpecialBuilding 已映射; 02↔03 方法指纹一致或 jar-only). real_pkg: com.corrodinggames.rts.game.units.projectiles
class,com.corrodinggames.rts.game.units.g,b$1,ComponentType$1,Rule D (v19.87): $N 内部类继承外类名 (外类 com.corrodinggames.rts.game.units.weapons.ComponentType 已映射; 02↔03 方法指纹一致或 jar-only). real_pkg: com.corrodinggames.rts.game.units.weapons
class,com.corrodinggames.rts.game.units.g,b$2,ComponentType$2,Rule D (v19.87): $N 内部类继承外类名 (外类 com.corrodinggames.rts.game.units.weapons.ComponentType 已映射; 02↔03 方法指纹一致或 jar-only). real_pkg: com.corrodinggames.rts.game.units.weapons
class,com.corrodinggames.rts.game.units,h$1,Factory$1,Rule D (v19.87): $N 内部类继承外类名 (外类 com.corrodinggames.rts.game.units.Factory 已映射; 02↔03 方法指纹一致或 jar-only). real_pkg: com.corrodinggames.rts.game.units
class,com.corrodinggames.rts.game.units,h$10,Factory$10,Rule D (v19.87): $N 内部类继承外类名 (外类 com.corrodinggames.rts.game.units.Factory 已映射; 02↔03 方法指纹一致或 jar-only). real_pkg: com.corrodinggames.rts.game.units
class,com.corrodinggames.rts.game.units,h$11,Factory$11,Rule D (v19.87): $N 内部类继承外类名 (外类 com.corrodinggames.rts.game.units.Factory 已映射; 02↔03 方法指纹一致或 jar-only). real_pkg: com.corrodinggames.rts.game.units
class,com.corrodinggames.rts.game.units,h$12,Factory$12,Rule D (v19.87): $N 内部类继承外类名 (外类 com.corrodinggames.rts.game.units.Factory 已映射; 02↔03 方法指纹一致或 jar-only). real_pkg: com.corrodinggames.rts.game.units
class,com.corrodinggames.rts.game.units,h$13,Factory$13,Rule D (v19.87): $N 内部类继承外类名 (外类 com.corrodinggames.rts.game.units.Factory 已映射; 02↔03 方法指纹一致或 jar-only). real_pkg: com.corrodinggames.rts.game.units
class,com.corrodinggames.rts.game.units,h$14,Factory$14,Rule D (v19.87): $N 内部类继承外类名 (外类 com.corrodinggames.rts.game.units.Factory 已映射; 02↔03 方法指纹一致或 jar-only). real_pkg: com.corrodinggames.rts.game.units
class,com.corrodinggames.rts.game.units,h$15,Factory$15,Rule D (v19.87): $N 内部类继承外类名 (外类 com.corrodinggames.rts.game.units.Factory 已映射; 02↔03 方法指纹一致或 jar-only). real_pkg: com.corrodinggames.rts.game.units
class,com.corrodinggames.rts.game.units,h$16,Factory$16,Rule D (v19.87): $N 内部类继承外类名 (外类 com.corrodinggames.rts.game.units.Factory 已映射; 02↔03 方法指纹一致或 jar-only). real_pkg: com.corrodinggames.rts.game.units
class,com.corrodinggames.rts.game.units,h$17,Factory$17,Rule D (v19.87): $N 内部类继承外类名 (外类 com.corrodinggames.rts.game.units.Factory 已映射; 02↔03 方法指纹一致或 jar-only). real_pkg: com.corrodinggames.rts.game.units
class,com.corrodinggames.rts.game.units,h$18,Factory$18,Rule D (v19.87): $N 内部类继承外类名 (外类 com.corrodinggames.rts.game.units.Factory 已映射; 02↔03 方法指纹一致或 jar-only). real_pkg: com.corrodinggames.rts.game.units
class,com.corrodinggames.rts.game.units,h$19,Factory$19,Rule D (v19.87): $N 内部类继承外类名 (外类 com.corrodinggames.rts.game.units.Factory 已映射; 02↔03 方法指纹一致或 jar-only). real_pkg: com.corrodinggames.rts.game.units
class,com.corrodinggames.rts.game.units,h$2,Factory$2,Rule D (v19.87): $N 内部类继承外类名 (外类 com.corrodinggames.rts.game.units.Factory 已映射; 02↔03 方法指纹一致或 jar-only). real_pkg: com.corrodinggames.rts.game.units
class,com.corrodinggames.rts.game.units,h$2$1,Factory$2$1,Rule D (v19.87): $N 内部类继承外类名 (外类 com.corrodinggames.rts.game.units.Factory 已映射; 02↔03 方法指纹一致或 jar-only). real_pkg: com.corrodinggames.rts.game.units
class,com.corrodinggames.rts.game.units,h$20,Factory$20,Rule D (v19.87): $N 内部类继承外类名 (外类 com.corrodinggames.rts.game.units.Factory 已映射; 02↔03 方法指纹一致或 jar-only). real_pkg: com.corrodinggames.rts.game.units
class,com.corrodinggames.rts.game.units,h$21,Factory$21,Rule D (v19.87): $N 内部类继承外类名 (外类 com.corrodinggames.rts.game.units.Factory 已映射; 02↔03 方法指纹一致或 jar-only). real_pkg: com.corrodinggames.rts.game.units
class,com.corrodinggames.rts.game.units,h$22,Factory$22,Rule D (v19.87): $N 内部类继承外类名 (外类 com.corrodinggames.rts.game.units.Factory 已映射; 02↔03 方法指纹一致或 jar-only). real_pkg: com.corrodinggames.rts.game.units
class,com.corrodinggames.rts.game.units,h$23,Factory$23,Rule D (v19.87): $N 内部类继承外类名 (外类 com.corrodinggames.rts.game.units.Factory 已映射; 02↔03 方法指纹一致或 jar-only). real_pkg: com.corrodinggames.rts.game.units
class,com.corrodinggames.rts.game.units,h$3,Factory$3,Rule D (v19.87): $N 内部类继承外类名 (外类 com.corrodinggames.rts.game.units.Factory 已映射; 02↔03 方法指纹一致或 jar-only). real_pkg: com.corrodinggames.rts.game.units
class,com.corrodinggames.rts.game.units,h$3$1,Factory$3$1,Rule D (v19.87): $N 内部类继承外类名 (外类 com.corrodinggames.rts.game.units.Factory 已映射; 02↔03 方法指纹一致或 jar-only). real_pkg: com.corrodinggames.rts.game.units
class,com.corrodinggames.rts.game.units,h$3$2,Factory$3$2,Rule D (v19.87): $N 内部类继承外类名 (外类 com.corrodinggames.rts.game.units.Factory 已映射; 02↔03 方法指纹一致或 jar-only). real_pkg: com.corrodinggames.rts.game.units
class,com.corrodinggames.rts.game.units,h$3$3,Factory$3$3,Rule D (v19.87): $N 内部类继承外类名 (外类 com.corrodinggames.rts.game.units.Factory 已映射; 02↔03 方法指纹一致或 jar-only). real_pkg: com.corrodinggames.rts.game.units
class,com.corrodinggames.rts.game.units,h$4,Factory$4,Rule D (v19.87): $N 内部类继承外类名 (外类 com.corrodinggames.rts.game.units.Factory 已映射; 02↔03 方法指纹一致或 jar-only). real_pkg: com.corrodinggames.rts.game.units
class,com.corrodinggames.rts.game.units,h$5,Factory$5,Rule D (v19.87): $N 内部类继承外类名 (外类 com.corrodinggames.rts.game.units.Factory 已映射; 02↔03 方法指纹一致或 jar-only). real_pkg: com.corrodinggames.rts.game.units
class,com.corrodinggames.rts.game.units,h$6,Factory$6,Rule D (v19.87): $N 内部类继承外类名 (外类 com.corrodinggames.rts.game.units.Factory 已映射; 02↔03 方法指纹一致或 jar-only). real_pkg: com.corrodinggames.rts.game.units
class,com.corrodinggames.rts.game.units,h$7,Factory$7,Rule D (v19.87): $N 内部类继承外类名 (外类 com.corrodinggames.rts.game.units.Factory 已映射; 02↔03 方法指纹一致或 jar-only). real_pkg: com.corrodinggames.rts.game.units
class,com.corrodinggames.rts.game.units,h$8,Factory$8,Rule D (v19.87): $N 内部类继承外类名 (外类 com.corrodinggames.rts.game.units.Factory 已映射; 02↔03 方法指纹一致或 jar-only). real_pkg: com.corrodinggames.rts.game.units
class,com.corrodinggames.rts.game.units,h$9,Factory$9,Rule D (v19.87): $N 内部类继承外类名 (外类 com.corrodinggames.rts.game.units.Factory 已映射; 02↔03 方法指纹一致或 jar-only). real_pkg: com.corrodinggames.rts.game.units
class,com.corrodinggames.rts.game.units,h$9$1,Factory$9$1,Rule D (v19.87): $N 内部类继承外类名 (外类 com.corrodinggames.rts.game.units.Factory 已映射; 02↔03 方法指纹一致或 jar-only). real_pkg: com.corrodinggames.rts.game.units
class,com.corrodinggames.rts.game.units.h,e$1,FactoryAction5$1,Rule D (v19.87): $N 内部类继承外类名 (外类 com.corrodinggames.rts.game.units.debug.FactoryAction5 已映射; 02↔03 方法指纹一致或 jar-only). real_pkg: com.corrodinggames.rts.game.units.debug
class,com.corrodinggames.rts.game.units.h,e$2,FactoryAction5$2,Rule D (v19.87): $N 内部类继承外类名 (外类 com.corrodinggames.rts.game.units.debug.FactoryAction5 已映射; 02↔03 方法指纹一致或 jar-only). real_pkg: com.corrodinggames.rts.game.units.debug
class,com.corrodinggames.rts.game.units,n$1,UnitCategory$1,Rule D (v19.87): $N 内部类继承外类名 (外类 com.corrodinggames.rts.game.units.UnitCategory 已映射; 02↔03 方法指纹一致或 jar-only). real_pkg: com.corrodinggames.rts.game.units
class,com.corrodinggames.rts.game.units,n$2,UnitCategory$2,Rule D (v19.87): $N 内部类继承外类名 (外类 com.corrodinggames.rts.game.units.UnitCategory 已映射; 02↔03 方法指纹一致或 jar-only). real_pkg: com.corrodinggames.rts.game.units
class,com.corrodinggames.rts.game.units,n$3,UnitCategory$3,Rule D (v19.87): $N 内部类继承外类名 (外类 com.corrodinggames.rts.game.units.UnitCategory 已映射; 02↔03 方法指纹一致或 jar-only). real_pkg: com.corrodinggames.rts.game.units
class,com.corrodinggames.rts.game.units,n$4,UnitCategory$4,Rule D (v19.87): $N 内部类继承外类名 (外类 com.corrodinggames.rts.game.units.UnitCategory 已映射; 02↔03 方法指纹一致或 jar-only). real_pkg: com.corrodinggames.rts.game.units
class,com.corrodinggames.rts.game.units,n$5,UnitCategory$5,Rule D (v19.87): $N 内部类继承外类名 (外类 com.corrodinggames.rts.game.units.UnitCategory 已映射; 02↔03 方法指纹一致或 jar-only). real_pkg: com.corrodinggames.rts.game.units
class,com.corrodinggames.rts.game.units,n$6,UnitCategory$6,Rule D (v19.87): $N 内部类继承外类名 (外类 com.corrodinggames.rts.game.units.UnitCategory 已映射; 02↔03 方法指纹一致或 jar-only). real_pkg: com.corrodinggames.rts.game.units
class,com.corrodinggames.rts.game.units,o$1,UnitBehaviorEnum$1,Rule D (v19.87): $N 内部类继承外类名 (外类 com.corrodinggames.rts.game.units.UnitBehaviorEnum 已映射; 02↔03 方法指纹一致或 jar-only). real_pkg: com.corrodinggames.rts.game.units
class,com.corrodinggames.rts.game.units,o$2,UnitBehaviorEnum$2,Rule D (v19.87): $N 内部类继承外类名 (外类 com.corrodinggames.rts.game.units.UnitBehaviorEnum 已映射; 02↔03 方法指纹一致或 jar-only). real_pkg: com.corrodinggames.rts.game.units
class,com.corrodinggames.rts.game.units,o$3,UnitBehaviorEnum$3,Rule D (v19.87): $N 内部类继承外类名 (外类 com.corrodinggames.rts.game.units.UnitBehaviorEnum 已映射; 02↔03 方法指纹一致或 jar-only). real_pkg: com.corrodinggames.rts.game.units
class,com.corrodinggames.rts.game.units,o$4,UnitBehaviorEnum$4,Rule D (v19.87): $N 内部类继承外类名 (外类 com.corrodinggames.rts.game.units.UnitBehaviorEnum 已映射; 02↔03 方法指纹一致或 jar-only). real_pkg: com.corrodinggames.rts.game.units
class,com.corrodinggames.rts.game.units,o$5,UnitBehaviorEnum$5,Rule D (v19.87): $N 内部类继承外类名 (外类 com.corrodinggames.rts.game.units.UnitBehaviorEnum 已映射; 02↔03 方法指纹一致或 jar-only). real_pkg: com.corrodinggames.rts.game.units
class,com.corrodinggames.rts.game.units,r$1,UnitActionEnum$1,Rule D (v19.87): $N 内部类继承外类名 (外类 com.corrodinggames.rts.game.units.UnitActionEnum 已映射; 02↔03 方法指纹一致或 jar-only). real_pkg: com.corrodinggames.rts.game.units
class,com.corrodinggames.rts.game.units,r$2,UnitActionEnum$2,Rule D (v19.87): $N 内部类继承外类名 (外类 com.corrodinggames.rts.game.units.UnitActionEnum 已映射; 02↔03 方法指纹一致或 jar-only). real_pkg: com.corrodinggames.rts.game.units
class,com.corrodinggames.rts.game.units,r$3,UnitActionEnum$3,Rule D (v19.87): $N 内部类继承外类名 (外类 com.corrodinggames.rts.game.units.UnitActionEnum 已映射; 02↔03 方法指纹一致或 jar-only). real_pkg: com.corrodinggames.rts.game.units
class,com.corrodinggames.rts.game.units,r$4,UnitActionEnum$4,Rule D (v19.87): $N 内部类继承外类名 (外类 com.corrodinggames.rts.game.units.UnitActionEnum 已映射; 02↔03 方法指纹一致或 jar-only). real_pkg: com.corrodinggames.rts.game.units
class,com.corrodinggames.rts.game.units,y$1,UnitType$1,Rule D (v19.87): $N 内部类继承外类名 (外类 com.corrodinggames.rts.game.units.UnitType 已映射; 02↔03 方法指纹一致或 jar-only). real_pkg: com.corrodinggames.rts.game.units
class,com.corrodinggames.rts.gameFramework,am$1,GameRenderer$1,Rule D (v19.87): $N 内部类继承外类名 (外类 com.corrodinggames.rts.gameFramework.GameRenderer 已映射; 02↔03 方法指纹一致或 jar-only). real_pkg: com.corrodinggames.rts.gameFramework
class,com.corrodinggames.rts.gameFramework,am$2,GameRenderer$2,Rule D (v19.87): $N 内部类继承外类名 (外类 com.corrodinggames.rts.gameFramework.GameRenderer 已映射; 02↔03 方法指纹一致或 jar-only). real_pkg: com.corrodinggames.rts.gameFramework
class,com.corrodinggames.rts.gameFramework,ap$1,MusicPlayer$1,Rule D (v19.87): $N 内部类继承外类名 (外类 com.corrodinggames.rts.gameFramework.MusicPlayer 已映射; 02↔03 方法指纹一致或 jar-only). real_pkg: com.corrodinggames.rts.gameFramework
class,com.corrodinggames.rts.gameFramework,ap$2,MusicPlayer$2,Rule D (v19.87): $N 内部类继承外类名 (外类 com.corrodinggames.rts.gameFramework.MusicPlayer 已映射; 02↔03 方法指纹一致或 jar-only). real_pkg: com.corrodinggames.rts.gameFramework
class,com.corrodinggames.rts.gameFramework,at$1,MusicFolder$1,Rule D (v19.87): $N 内部类继承外类名 (外类 com.corrodinggames.rts.gameFramework.MusicFolder 已映射; 02↔03 方法指纹一致或 jar-only). real_pkg: com.corrodinggames.rts.gameFramework
class,com.corrodinggames.rts.gameFramework,at$2,MusicFolder$2,Rule D (v19.87): $N 内部类继承外类名 (外类 com.corrodinggames.rts.gameFramework.MusicFolder 已映射; 02↔03 方法指纹一致或 jar-only). real_pkg: com.corrodinggames.rts.gameFramework
class,com.corrodinggames.rts.gameFramework,at$3,MusicFolder$3,Rule D (v19.87): $N 内部类继承外类名 (外类 com.corrodinggames.rts.gameFramework.MusicFolder 已映射; 02↔03 方法指纹一致或 jar-only). real_pkg: com.corrodinggames.rts.gameFramework
class,com.corrodinggames.rts.gameFramework,f$a,GameRenderer$a,Rule D (v19.87): $N 内部类继承外类名 (外类 com.corrodinggames.rts.gameFramework.GameRenderer 已映射; 02↔03 方法指纹一致或 jar-only). real_pkg: com.corrodinggames.rts.gameFramework
class,com.corrodinggames.rts.gameFramework.f,f$1,RateGameDialog$1,Rule D (v19.87): $N 内部类继承外类名 (外类 com.corrodinggames.rts.gameFramework.ui.RateGameDialog 已映射; 02↔03 方法指纹一致或 jar-only). real_pkg: com.corrodinggames.rts.gameFramework.ui
class,com.corrodinggames.rts.gameFramework.f,f$2,RateGameDialog$2,Rule D (v19.87): $N 内部类继承外类名 (外类 com.corrodinggames.rts.gameFramework.ui.RateGameDialog 已映射; 02↔03 方法指纹一致或 jar-only). real_pkg: com.corrodinggames.rts.gameFramework.ui
class,com.corrodinggames.rts.gameFramework.f,o$1,Minimap$1,Rule D (v19.87): $N 内部类继承外类名 (外类 com.corrodinggames.rts.gameFramework.ui.Minimap 已映射; 02↔03 方法指纹一致或 jar-only). real_pkg: com.corrodinggames.rts.gameFramework.ui
class,com.corrodinggames.rts.gameFramework.j,ad$1,NetEngine$1,Rule D (v19.87): $N 内部类继承外类名 (外类 com.corrodinggames.rts.gameFramework.network.NetEngine 已映射; 02↔03 方法指纹一致或 jar-only). real_pkg: com.corrodinggames.rts.gameFramework.network
class,com.corrodinggames.rts.gameFramework.j,ad$2,NetEngine$2,Rule D (v19.87): $N 内部类继承外类名 (外类 com.corrodinggames.rts.gameFramework.network.NetEngine 已映射; 02↔03 方法指纹一致或 jar-only). real_pkg: com.corrodinggames.rts.gameFramework.network
class,com.corrodinggames.rts.gameFramework.j,ad$3,NetEngine$3,Rule D (v19.87): $N 内部类继承外类名 (外类 com.corrodinggames.rts.gameFramework.network.NetEngine 已映射; 02↔03 方法指纹一致或 jar-only). real_pkg: com.corrodinggames.rts.gameFramework.network
class,com.corrodinggames.rts.gameFramework.j,ad$4,NetEngine$4,Rule D (v19.87): $N 内部类继承外类名 (外类 com.corrodinggames.rts.gameFramework.network.NetEngine 已映射; 02↔03 方法指纹一致或 jar-only). real_pkg: com.corrodinggames.rts.gameFramework.network
class,com.corrodinggames.rts.gameFramework.j,ad$5,NetEngine$5,Rule D (v19.87): $N 内部类继承外类名 (外类 com.corrodinggames.rts.gameFramework.network.NetEngine 已映射; 02↔03 方法指纹一致或 jar-only). real_pkg: com.corrodinggames.rts.gameFramework.network
class,com.corrodinggames.rts.gameFramework.j,ad$5$1,NetEngine$5$1,Rule D (v19.87): $N 内部类继承外类名 (外类 com.corrodinggames.rts.gameFramework.network.NetEngine 已映射; 02↔03 方法指纹一致或 jar-only). real_pkg: com.corrodinggames.rts.gameFramework.network
class,com.corrodinggames.rts.gameFramework.j,ad$6,NetEngine$6,Rule D (v19.87): $N 内部类继承外类名 (外类 com.corrodinggames.rts.gameFramework.network.NetEngine 已映射; 02↔03 方法指纹一致或 jar-only). real_pkg: com.corrodinggames.rts.gameFramework.network
class,com.corrodinggames.rts.gameFramework.j,ad$7,NetEngine$7,Rule D (v19.87): $N 内部类继承外类名 (外类 com.corrodinggames.rts.gameFramework.network.NetEngine 已映射; 02↔03 方法指纹一致或 jar-only). real_pkg: com.corrodinggames.rts.gameFramework.network
class,com.corrodinggames.rts.gameFramework.j,ad$8,NetEngine$8,Rule D (v19.87): $N 内部类继承外类名 (外类 com.corrodinggames.rts.gameFramework.network.NetEngine 已映射; 02↔03 方法指纹一致或 jar-only). real_pkg: com.corrodinggames.rts.gameFramework.network
class,com.corrodinggames.rts.gameFramework.j,af$1,UDPBroadcastListener$1,Rule D (v19.87): $N 内部类继承外类名 (外类 com.corrodinggames.rts.gameFramework.network.UDPBroadcastListener 已映射; 02↔03 方法指纹一致或 jar-only). real_pkg: com.corrodinggames.rts.gameFramework.network
class,com.corrodinggames.rts.gameFramework.j,ai$1,GameModeEnum$1,Rule D (v19.87): $N 内部类继承外类名 (外类 com.corrodinggames.rts.gameFramework.network.GameModeEnum 已映射; 02↔03 方法指纹一致或 jar-only). real_pkg: com.corrodinggames.rts.gameFramework.network
class,com.corrodinggames.rts.gameFramework.j,ai$2,GameModeEnum$2,Rule D (v19.87): $N 内部类继承外类名 (外类 com.corrodinggames.rts.gameFramework.network.GameModeEnum 已映射; 02↔03 方法指纹一致或 jar-only). real_pkg: com.corrodinggames.rts.gameFramework.network
class,com.corrodinggames.rts.gameFramework.j,ai$3,GameModeEnum$3,Rule D (v19.87): $N 内部类继承外类名 (外类 com.corrodinggames.rts.gameFramework.network.GameModeEnum 已映射; 02↔03 方法指纹一致或 jar-only). real_pkg: com.corrodinggames.rts.gameFramework.network
class,com.corrodinggames.rts.gameFramework.j,ao$1,ServerListener$1,Rule D (v19.87): $N 内部类继承外类名 (外类 com.corrodinggames.rts.gameFramework.network.ServerListener 已映射; 02↔03 方法指纹一致或 jar-only). real_pkg: com.corrodinggames.rts.gameFramework.network
class,com.corrodinggames.rts.gameFramework.j,n$1,WebAPIClient$1,Rule D (v19.87): $N 内部类继承外类名 (外类 com.corrodinggames.rts.gameFramework.network.WebAPIClient 已映射; 02↔03 方法指纹一致或 jar-only). real_pkg: com.corrodinggames.rts.gameFramework.network
class,com.corrodinggames.rts.gameFramework.j,q$1,ServerListLoader$1,Rule D (v19.87): $N 内部类继承外类名 (外类 com.corrodinggames.rts.gameFramework.network.ServerListLoader 已映射; 02↔03 方法指纹一致或 jar-only). real_pkg: com.corrodinggames.rts.gameFramework.network
class,com.corrodinggames.rts.gameFramework,l$1,GlobalState$1,Rule D (v19.87): $N 内部类继承外类名 (外类 com.corrodinggames.rts.gameFramework.GlobalState 已映射; 02↔03 方法指纹一致或 jar-only). real_pkg: com.corrodinggames.rts.gameFramework
class,com.corrodinggames.rts.gameFramework,l$2,GlobalState$2,Rule D (v19.87): $N 内部类继承外类名 (外类 com.corrodinggames.rts.gameFramework.GlobalState 已映射; 02↔03 方法指纹一致或 jar-only). real_pkg: com.corrodinggames.rts.gameFramework
class,com.corrodinggames.rts.gameFramework,l$2$1,GlobalState$2$1,Rule D (v19.87): $N 内部类继承外类名 (外类 com.corrodinggames.rts.gameFramework.GlobalState 已映射; 02↔03 方法指纹一致或 jar-only). real_pkg: com.corrodinggames.rts.gameFramework
class,com.corrodinggames.rts.gameFramework,l$2$2,GlobalState$2$2,Rule D (v19.87): $N 内部类继承外类名 (外类 com.corrodinggames.rts.gameFramework.GlobalState 已映射; 02↔03 方法指纹一致或 jar-only). real_pkg: com.corrodinggames.rts.gameFramework
class,com.corrodinggames.rts.gameFramework,l$3,GlobalState$3,Rule D (v19.87): $N 内部类继承外类名 (外类 com.corrodinggames.rts.gameFramework.GlobalState 已映射; 02↔03 方法指纹一致或 jar-only). real_pkg: com.corrodinggames.rts.gameFramework
class,com.corrodinggames.rts.gameFramework,l$4,GlobalState$4,Rule D (v19.87): $N 内部类继承外类名 (外类 com.corrodinggames.rts.gameFramework.GlobalState 已映射; 02↔03 方法指纹一致或 jar-only). real_pkg: com.corrodinggames.rts.gameFramework
class,com.corrodinggames.rts.gameFramework.utility,a$1,ANRError$1,Rule D (v19.87): $N 内部类继承外类名 (外类 com.corrodinggames.rts.gameFramework.utility.ANRError 已映射; 02↔03 方法指纹一致或 jar-only). real_pkg: com.corrodinggames.rts.gameFramework.utility
class,com.corrodinggames.rts.gameFramework.utility,d$1,ANRWatchdog$1,Rule D (v19.87): $N 内部类继承外类名 (外类 com.corrodinggames.rts.gameFramework.utility.ANRWatchdog 已映射; 02↔03 方法指纹一致或 jar-only). real_pkg: com.corrodinggames.rts.gameFramework.utility
class,com.corrodinggames.rts.gameFramework.utility,d$2,ANRWatchdog$2,Rule D (v19.87): $N 内部类继承外类名 (外类 com.corrodinggames.rts.gameFramework.utility.ANRWatchdog 已映射; 02↔03 方法指纹一致或 jar-only). real_pkg: com.corrodinggames.rts.gameFramework.utility
class,com.corrodinggames.rts.gameFramework.utility,d$3,ANRWatchdog$3,Rule D (v19.87): $N 内部类继承外类名 (外类 com.corrodinggames.rts.gameFramework.utility.ANRWatchdog 已映射; 02↔03 方法指纹一致或 jar-only). real_pkg: com.corrodinggames.rts.gameFramework.utility
class,com.corrodinggames.rts.java.c,b$1,SteamManager$1,Rule D (v19.87): $N 内部类继承外类名 (外类 com.corrodinggames.rts.java.input.SteamManager 已映射; 02↔03 方法指纹一致或 jar-only). real_pkg: com.corrodinggames.rts.java.input
class,com.corrodinggames.rts.java,i$1,DesktopPlatform$1,Rule D (v19.87): $N 内部类继承外类名 (外类 com.corrodinggames.rts.java.DesktopPlatform 已映射; 02↔03 方法指纹一致或 jar-only). real_pkg: com.corrodinggames.rts.java
class,com.corrodinggames.rts.java,i$2,DesktopPlatform$2,Rule D (v19.87): $N 内部类继承外类名 (外类 com.corrodinggames.rts.java.DesktopPlatform 已映射; 02↔03 方法指纹一致或 jar-only). real_pkg: com.corrodinggames.rts.java
class,com.corrodinggames.rts.java,u$1,DesktopGameContainer$1,Rule D (v19.87): $N 内部类继承外类名 (外类 com.corrodinggames.rts.java.DesktopGameContainer 已映射; 02↔03 方法指纹一致或 jar-only). real_pkg: com.corrodinggames.rts.java
class,a.a,b$1,ReliableServerSocket$1,"Rule D (v19.87): $N 归属以 jar 类名为准 (外类 network.reliableudp.ReliableServerSocket); 03 该位置文件指纹不一致, 疑错位, 待 R5 审计. real_pkg: network.reliableudp"
class,com.corrodinggames.rts.game.a.a,a$1,AIStrategy$1,"Rule D (v19.87): $N 归属以 jar 类名为准 (外类 com.corrodinggames.rts.game.ai.strategies.AIStrategy); 03 该位置文件指纹不一致, 疑错位, 待 R5 审计. real_pkg: com.corrodinggames.rts.game.ai.strategies"
class,com.corrodinggames.rts.game.units.custom,l$1,ModUnitRegistry$1,"Rule D (v19.87): $N 归属以 jar 类名为准 (外类 com.corrodinggames.rts.game.units.custom.ModUnitRegistry); 03 该位置文件指纹不一致, 疑错位, 待 R5 审计. real_pkg: com.corrodinggames.rts.game.units.custom"
class,com.corrodinggames.rts.game.units.g,a$1,UnitComponent$1,"Rule D (v19.87): $N 归属以 jar 类名为准 (外类 com.corrodinggames.rts.game.units.weapons.UnitComponent); 03 该位置文件指纹不一致, 疑错位, 待 R5 审计. real_pkg: com.corrodinggames.rts.game.units.weapons"
class,com.corrodinggames.rts.game.units,p$1,UnitQueryFilter$1,"Rule D (v19.87): $N 归属以 jar 类名为准 (外类 com.corrodinggames.rts.game.units.UnitQueryFilter); 03 该位置文件指纹不一致, 疑错位, 待 R5 审计. real_pkg: com.corrodinggames.rts.game.units"
class,com.corrodinggames.rts.gameFramework.b,ah$1,GLTexture$1,"Rule D (v19.87): $N 归属以 jar 类名为准 (外类 com.corrodinggames.rts.gameFramework.opengl.GLTexture); 03 该位置文件指纹不一致, 疑错位, 待 R5 审计. real_pkg: com.corrodinggames.rts.gameFramework.opengl"
class,com.corrodinggames.rts.gameFramework,br$1,ExtraManager$1,"Rule D (v19.87): $N 归属以 jar 类名为准 (外类 com.corrodinggames.rts.gameFramework.ExtraManager); 03 该位置文件指纹不一致, 疑错位, 待 R5 审计. real_pkg: com.corrodinggames.rts.gameFramework"
class,com.corrodinggames.rts.gameFramework,bs$1,GamePhase$1,"Rule D (v19.87): $N 归属以 jar 类名为准 (外类 com.corrodinggames.rts.gameFramework.GamePhase); 03 该位置文件指纹不一致, 疑错位, 待 R5 审计. real_pkg: com.corrodinggames.rts.gameFramework"
class,com.corrodinggames.rts.gameFramework,bs$2,GamePhase$2,"Rule D (v19.87): $N 归属以 jar 类名为准 (外类 com.corrodinggames.rts.gameFramework.GamePhase); 03 该位置文件指纹不一致, 疑错位, 待 R5 审计. real_pkg: com.corrodinggames.rts.gameFramework"
class,com.corrodinggames.rts.gameFramework,bs$3,GamePhase$3,"Rule D (v19.87): $N 归属以 jar 类名为准 (外类 com.corrodinggames.rts.gameFramework.GamePhase); 03 该位置文件指纹不一致, 疑错位, 待 R5 审计. real_pkg: com.corrodinggames.rts.gameFramework"
class,com.corrodinggames.rts.gameFramework,bs$4,GamePhase$4,"Rule D (v19.87): $N 归属以 jar 类名为准 (外类 com.corrodinggames.rts.gameFramework.GamePhase); 03 该位置文件指纹不一致, 疑错位, 待 R5 审计. real_pkg: com.corrodinggames.rts.gameFramework"
class,com.corrodinggames.rts.gameFramework.f,al$1,UnitRenderer$1,"Rule D (v19.87): $N 归属以 jar 类名为准 (外类 com.corrodinggames.rts.gameFramework.ui.UnitRenderer); 03 该位置文件指纹不一致, 疑错位, 待 R5 审计. real_pkg: com.corrodinggames.rts.gameFramework.ui"
class,com.corrodinggames.rts.gameFramework.f,al$2,UnitRenderer$2,"Rule D (v19.87): $N 归属以 jar 类名为准 (外类 com.corrodinggames.rts.gameFramework.ui.UnitRenderer); 03 该位置文件指纹不一致, 疑错位, 待 R5 审计. real_pkg: com.corrodinggames.rts.gameFramework.ui"
class,com.corrodinggames.rts.gameFramework.f,al$3,UnitRenderer$3,"Rule D (v19.87): $N 归属以 jar 类名为准 (外类 com.corrodinggames.rts.gameFramework.ui.UnitRenderer); 03 该位置文件指纹不一致, 疑错位, 待 R5 审计. real_pkg: com.corrodinggames.rts.gameFramework.ui"
class,com.corrodinggames.rts.gameFramework.f,al$4,UnitRenderer$4,"Rule D (v19.87): $N 归属以 jar 类名为准 (外类 com.corrodinggames.rts.gameFramework.ui.UnitRenderer); 03 该位置文件指纹不一致, 疑错位, 待 R5 审计. real_pkg: com.corrodinggames.rts.gameFramework.ui"
class,com.corrodinggames.rts.gameFramework.f,al$5,UnitRenderer$5,"Rule D (v19.87): $N 归属以 jar 类名为准 (外类 com.corrodinggames.rts.gameFramework.ui.UnitRenderer); 03 该位置文件指纹不一致, 疑错位, 待 R5 审计. real_pkg: com.corrodinggames.rts.gameFramework.ui"
class,com.corrodinggames.rts.gameFramework.f,al$6,UnitRenderer$6,"Rule D (v19.87): $N 归属以 jar 类名为准 (外类 com.corrodinggames.rts.gameFramework.ui.UnitRenderer); 03 该位置文件指纹不一致, 疑错位, 待 R5 审计. real_pkg: com.corrodinggames.rts.gameFramework.ui"
class,com.corrodinggames.rts.gameFramework.g,a$1,DataFieldCollector$1,"Rule D (v19.87): $N 归属以 jar 类名为准 (外类 com.corrodinggames.rts.gameFramework.audio.DataFieldCollector); 03 该位置文件指纹不一致, 疑错位, 待 R5 审计. real_pkg: com.corrodinggames.rts.gameFramework.audio"
class,com.corrodinggames.rts.gameFramework.j,c$1,PacketDecoder$1,"Rule D (v19.87): $N 归属以 jar 类名为准 (外类 com.corrodinggames.rts.gameFramework.network.PacketDecoder); 03 该位置文件指纹不一致, 疑错位, 待 R5 审计. real_pkg: com.corrodinggames.rts.gameFramework.network"
class,com.corrodinggames.rts.gameFramework.k,a$1,UnitList$1,"Rule D (v19.87): $N 归属以 jar 类名为准 (外类 com.corrodinggames.rts.gameFramework.pathfinding.UnitList); 03 该位置文件指纹不一致, 疑错位, 待 R5 审计. real_pkg: com.corrodinggames.rts.gameFramework.pathfinding"
class,com.corrodinggames.rts.gameFramework.m,o$1,DrawContext$1,"Rule D (v19.87): $N 归属以 jar 类名为准 (外类 com.corrodinggames.rts.gameFramework.rendering.DrawContext); 03 该位置文件指纹不一致, 疑错位, 待 R5 审计. real_pkg: com.corrodinggames.rts.gameFramework.rendering"
class,com.corrodinggames.rts.gameFramework.m,p$1,EffectConfig$1,"Rule D (v19.87): $N 归属以 jar 类名为准 (外类 com.corrodinggames.rts.gameFramework.rendering.EffectConfig); 03 该位置文件指纹不一致, 疑错位, 待 R5 审计. real_pkg: com.corrodinggames.rts.gameFramework.rendering"
class,com.corrodinggames.rts.gameFramework.m,p$10,EffectConfig$10,"Rule D (v19.87): $N 归属以 jar 类名为准 (外类 com.corrodinggames.rts.gameFramework.rendering.EffectConfig); 03 该位置文件指纹不一致, 疑错位, 待 R5 审计. real_pkg: com.corrodinggames.rts.gameFramework.rendering"
class,com.corrodinggames.rts.gameFramework.m,p$11,EffectConfig$11,"Rule D (v19.87): $N 归属以 jar 类名为准 (外类 com.corrodinggames.rts.gameFramework.rendering.EffectConfig); 03 该位置文件指纹不一致, 疑错位, 待 R5 审计. real_pkg: com.corrodinggames.rts.gameFramework.rendering"
class,com.corrodinggames.rts.gameFramework.m,p$12,EffectConfig$12,"Rule D (v19.87): $N 归属以 jar 类名为准 (外类 com.corrodinggames.rts.gameFramework.rendering.EffectConfig); 03 该位置文件指纹不一致, 疑错位, 待 R5 审计. real_pkg: com.corrodinggames.rts.gameFramework.rendering"
class,com.corrodinggames.rts.gameFramework.m,p$13,EffectConfig$13,"Rule D (v19.87): $N 归属以 jar 类名为准 (外类 com.corrodinggames.rts.gameFramework.rendering.EffectConfig); 03 该位置文件指纹不一致, 疑错位, 待 R5 审计. real_pkg: com.corrodinggames.rts.gameFramework.rendering"
class,com.corrodinggames.rts.gameFramework.m,p$14,EffectConfig$14,"Rule D (v19.87): $N 归属以 jar 类名为准 (外类 com.corrodinggames.rts.gameFramework.rendering.EffectConfig); 03 该位置文件指纹不一致, 疑错位, 待 R5 审计. real_pkg: com.corrodinggames.rts.gameFramework.rendering"
class,com.corrodinggames.rts.gameFramework.m,p$15,EffectConfig$15,"Rule D (v19.87): $N 归属以 jar 类名为准 (外类 com.corrodinggames.rts.gameFramework.rendering.EffectConfig); 03 该位置文件指纹不一致, 疑错位, 待 R5 审计. real_pkg: com.corrodinggames.rts.gameFramework.rendering"
class,com.corrodinggames.rts.gameFramework.m,p$16,EffectConfig$16,"Rule D (v19.87): $N 归属以 jar 类名为准 (外类 com.corrodinggames.rts.gameFramework.rendering.EffectConfig); 03 该位置文件指纹不一致, 疑错位, 待 R5 审计. real_pkg: com.corrodinggames.rts.gameFramework.rendering"
class,com.corrodinggames.rts.gameFramework.m,p$17,EffectConfig$17,"Rule D (v19.87): $N 归属以 jar 类名为准 (外类 com.corrodinggames.rts.gameFramework.rendering.EffectConfig); 03 该位置文件指纹不一致, 疑错位, 待 R5 审计. real_pkg: com.corrodinggames.rts.gameFramework.rendering"
class,com.corrodinggames.rts.gameFramework.m,p$18,EffectConfig$18,"Rule D (v19.87): $N 归属以 jar 类名为准 (外类 com.corrodinggames.rts.gameFramework.rendering.EffectConfig); 03 该位置文件指纹不一致, 疑错位, 待 R5 审计. real_pkg: com.corrodinggames.rts.gameFramework.rendering"
class,com.corrodinggames.rts.gameFramework.m,p$19,EffectConfig$19,"Rule D (v19.87): $N 归属以 jar 类名为准 (外类 com.corrodinggames.rts.gameFramework.rendering.EffectConfig); 03 该位置文件指纹不一致, 疑错位, 待 R5 审计. real_pkg: com.corrodinggames.rts.gameFramework.rendering"
class,com.corrodinggames.rts.gameFramework.m,p$2,EffectConfig$2,"Rule D (v19.87): $N 归属以 jar 类名为准 (外类 com.corrodinggames.rts.gameFramework.rendering.EffectConfig); 03 该位置文件指纹不一致, 疑错位, 待 R5 审计. real_pkg: com.corrodinggames.rts.gameFramework.rendering"
class,com.corrodinggames.rts.gameFramework.m,p$20,EffectConfig$20,"Rule D (v19.87): $N 归属以 jar 类名为准 (外类 com.corrodinggames.rts.gameFramework.rendering.EffectConfig); 03 该位置文件指纹不一致, 疑错位, 待 R5 审计. real_pkg: com.corrodinggames.rts.gameFramework.rendering"
class,com.corrodinggames.rts.gameFramework.m,p$21,EffectConfig$21,"Rule D (v19.87): $N 归属以 jar 类名为准 (外类 com.corrodinggames.rts.gameFramework.rendering.EffectConfig); 03 该位置文件指纹不一致, 疑错位, 待 R5 审计. real_pkg: com.corrodinggames.rts.gameFramework.rendering"
class,com.corrodinggames.rts.gameFramework.m,p$22,EffectConfig$22,"Rule D (v19.87): $N 归属以 jar 类名为准 (外类 com.corrodinggames.rts.gameFramework.rendering.EffectConfig); 03 该位置文件指纹不一致, 疑错位, 待 R5 审计. real_pkg: com.corrodinggames.rts.gameFramework.rendering"
class,com.corrodinggames.rts.gameFramework.m,p$23,EffectConfig$23,"Rule D (v19.87): $N 归属以 jar 类名为准 (外类 com.corrodinggames.rts.gameFramework.rendering.EffectConfig); 03 该位置文件指纹不一致, 疑错位, 待 R5 审计. real_pkg: com.corrodinggames.rts.gameFramework.rendering"
class,com.corrodinggames.rts.gameFramework.m,p$24,EffectConfig$24,"Rule D (v19.87): $N 归属以 jar 类名为准 (外类 com.corrodinggames.rts.gameFramework.rendering.EffectConfig); 03 该位置文件指纹不一致, 疑错位, 待 R5 审计. real_pkg: com.corrodinggames.rts.gameFramework.rendering"
class,com.corrodinggames.rts.gameFramework.m,p$25,EffectConfig$25,"Rule D (v19.87): $N 归属以 jar 类名为准 (外类 com.corrodinggames.rts.gameFramework.rendering.EffectConfig); 03 该位置文件指纹不一致, 疑错位, 待 R5 审计. real_pkg: com.corrodinggames.rts.gameFramework.rendering"
class,com.corrodinggames.rts.gameFramework.m,p$26,EffectConfig$26,"Rule D (v19.87): $N 归属以 jar 类名为准 (外类 com.corrodinggames.rts.gameFramework.rendering.EffectConfig); 03 该位置文件指纹不一致, 疑错位, 待 R5 审计. real_pkg: com.corrodinggames.rts.gameFramework.rendering"
class,com.corrodinggames.rts.gameFramework.m,p$27,EffectConfig$27,"Rule D (v19.87): $N 归属以 jar 类名为准 (外类 com.corrodinggames.rts.gameFramework.rendering.EffectConfig); 03 该位置文件指纹不一致, 疑错位, 待 R5 审计. real_pkg: com.corrodinggames.rts.gameFramework.rendering"
class,com.corrodinggames.rts.gameFramework.m,p$28,EffectConfig$28,"Rule D (v19.87): $N 归属以 jar 类名为准 (外类 com.corrodinggames.rts.gameFramework.rendering.EffectConfig); 03 该位置文件指纹不一致, 疑错位, 待 R5 审计. real_pkg: com.corrodinggames.rts.gameFramework.rendering"
class,com.corrodinggames.rts.gameFramework.m,p$29,EffectConfig$29,"Rule D (v19.87): $N 归属以 jar 类名为准 (外类 com.corrodinggames.rts.gameFramework.rendering.EffectConfig); 03 该位置文件指纹不一致, 疑错位, 待 R5 审计. real_pkg: com.corrodinggames.rts.gameFramework.rendering"
class,com.corrodinggames.rts.gameFramework.m,p$3,EffectConfig$3,"Rule D (v19.87): $N 归属以 jar 类名为准 (外类 com.corrodinggames.rts.gameFramework.rendering.EffectConfig); 03 该位置文件指纹不一致, 疑错位, 待 R5 审计. real_pkg: com.corrodinggames.rts.gameFramework.rendering"
class,com.corrodinggames.rts.gameFramework.m,p$30,EffectConfig$30,"Rule D (v19.87): $N 归属以 jar 类名为准 (外类 com.corrodinggames.rts.gameFramework.rendering.EffectConfig); 03 该位置文件指纹不一致, 疑错位, 待 R5 审计. real_pkg: com.corrodinggames.rts.gameFramework.rendering"
class,com.corrodinggames.rts.gameFramework.m,p$31,EffectConfig$31,"Rule D (v19.87): $N 归属以 jar 类名为准 (外类 com.corrodinggames.rts.gameFramework.rendering.EffectConfig); 03 该位置文件指纹不一致, 疑错位, 待 R5 审计. real_pkg: com.corrodinggames.rts.gameFramework.rendering"
class,com.corrodinggames.rts.gameFramework.m,p$32,EffectConfig$32,"Rule D (v19.87): $N 归属以 jar 类名为准 (外类 com.corrodinggames.rts.gameFramework.rendering.EffectConfig); 03 该位置文件指纹不一致, 疑错位, 待 R5 审计. real_pkg: com.corrodinggames.rts.gameFramework.rendering"
class,com.corrodinggames.rts.gameFramework.m,p$33,EffectConfig$33,"Rule D (v19.87): $N 归属以 jar 类名为准 (外类 com.corrodinggames.rts.gameFramework.rendering.EffectConfig); 03 该位置文件指纹不一致, 疑错位, 待 R5 审计. real_pkg: com.corrodinggames.rts.gameFramework.rendering"
class,com.corrodinggames.rts.gameFramework.m,p$34,EffectConfig$34,"Rule D (v19.87): $N 归属以 jar 类名为准 (外类 com.corrodinggames.rts.gameFramework.rendering.EffectConfig); 03 该位置文件指纹不一致, 疑错位, 待 R5 审计. real_pkg: com.corrodinggames.rts.gameFramework.rendering"
class,com.corrodinggames.rts.gameFramework.m,p$35,EffectConfig$35,"Rule D (v19.87): $N 归属以 jar 类名为准 (外类 com.corrodinggames.rts.gameFramework.rendering.EffectConfig); 03 该位置文件指纹不一致, 疑错位, 待 R5 审计. real_pkg: com.corrodinggames.rts.gameFramework.rendering"
class,com.corrodinggames.rts.gameFramework.m,p$36,EffectConfig$36,"Rule D (v19.87): $N 归属以 jar 类名为准 (外类 com.corrodinggames.rts.gameFramework.rendering.EffectConfig); 03 该位置文件指纹不一致, 疑错位, 待 R5 审计. real_pkg: com.corrodinggames.rts.gameFramework.rendering"
class,com.corrodinggames.rts.gameFramework.m,p$37,EffectConfig$37,"Rule D (v19.87): $N 归属以 jar 类名为准 (外类 com.corrodinggames.rts.gameFramework.rendering.EffectConfig); 03 该位置文件指纹不一致, 疑错位, 待 R5 审计. real_pkg: com.corrodinggames.rts.gameFramework.rendering"
class,com.corrodinggames.rts.gameFramework.m,p$38,EffectConfig$38,"Rule D (v19.87): $N 归属以 jar 类名为准 (外类 com.corrodinggames.rts.gameFramework.rendering.EffectConfig); 03 该位置文件指纹不一致, 疑错位, 待 R5 审计. real_pkg: com.corrodinggames.rts.gameFramework.rendering"
class,com.corrodinggames.rts.gameFramework.m,p$39,EffectConfig$39,"Rule D (v19.87): $N 归属以 jar 类名为准 (外类 com.corrodinggames.rts.gameFramework.rendering.EffectConfig); 03 该位置文件指纹不一致, 疑错位, 待 R5 审计. real_pkg: com.corrodinggames.rts.gameFramework.rendering"
class,com.corrodinggames.rts.gameFramework.m,p$4,EffectConfig$4,"Rule D (v19.87): $N 归属以 jar 类名为准 (外类 com.corrodinggames.rts.gameFramework.rendering.EffectConfig); 03 该位置文件指纹不一致, 疑错位, 待 R5 审计. real_pkg: com.corrodinggames.rts.gameFramework.rendering"
class,com.corrodinggames.rts.gameFramework.m,p$40,EffectConfig$40,"Rule D (v19.87): $N 归属以 jar 类名为准 (外类 com.corrodinggames.rts.gameFramework.rendering.EffectConfig); 03 该位置文件指纹不一致, 疑错位, 待 R5 审计. real_pkg: com.corrodinggames.rts.gameFramework.rendering"
class,com.corrodinggames.rts.gameFramework.m,p$41,EffectConfig$41,"Rule D (v19.87): $N 归属以 jar 类名为准 (外类 com.corrodinggames.rts.gameFramework.rendering.EffectConfig); 03 该位置文件指纹不一致, 疑错位, 待 R5 审计. real_pkg: com.corrodinggames.rts.gameFramework.rendering"
class,com.corrodinggames.rts.gameFramework.m,p$42,EffectConfig$42,"Rule D (v19.87): $N 归属以 jar 类名为准 (外类 com.corrodinggames.rts.gameFramework.rendering.EffectConfig); 03 该位置文件指纹不一致, 疑错位, 待 R5 审计. real_pkg: com.corrodinggames.rts.gameFramework.rendering"
class,com.corrodinggames.rts.gameFramework.m,p$43,EffectConfig$43,"Rule D (v19.87): $N 归属以 jar 类名为准 (外类 com.corrodinggames.rts.gameFramework.rendering.EffectConfig); 03 该位置文件指纹不一致, 疑错位, 待 R5 审计. real_pkg: com.corrodinggames.rts.gameFramework.rendering"
class,com.corrodinggames.rts.gameFramework.m,p$44,EffectConfig$44,"Rule D (v19.87): $N 归属以 jar 类名为准 (外类 com.corrodinggames.rts.gameFramework.rendering.EffectConfig); 03 该位置文件指纹不一致, 疑错位, 待 R5 审计. real_pkg: com.corrodinggames.rts.gameFramework.rendering"
class,com.corrodinggames.rts.gameFramework.m,p$45,EffectConfig$45,"Rule D (v19.87): $N 归属以 jar 类名为准 (外类 com.corrodinggames.rts.gameFramework.rendering.EffectConfig); 03 该位置文件指纹不一致, 疑错位, 待 R5 审计. real_pkg: com.corrodinggames.rts.gameFramework.rendering"
class,com.corrodinggames.rts.gameFramework.m,p$46,EffectConfig$46,"Rule D (v19.87): $N 归属以 jar 类名为准 (外类 com.corrodinggames.rts.gameFramework.rendering.EffectConfig); 03 该位置文件指纹不一致, 疑错位, 待 R5 审计. real_pkg: com.corrodinggames.rts.gameFramework.rendering"
class,com.corrodinggames.rts.gameFramework.m,p$47,EffectConfig$47,"Rule D (v19.87): $N 归属以 jar 类名为准 (外类 com.corrodinggames.rts.gameFramework.rendering.EffectConfig); 03 该位置文件指纹不一致, 疑错位, 待 R5 审计. real_pkg: com.corrodinggames.rts.gameFramework.rendering"
class,com.corrodinggames.rts.gameFramework.m,p$48,EffectConfig$48,"Rule D (v19.87): $N 归属以 jar 类名为准 (外类 com.corrodinggames.rts.gameFramework.rendering.EffectConfig); 03 该位置文件指纹不一致, 疑错位, 待 R5 审计. real_pkg: com.corrodinggames.rts.gameFramework.rendering"
class,com.corrodinggames.rts.gameFramework.m,p$49,EffectConfig$49,"Rule D (v19.87): $N 归属以 jar 类名为准 (外类 com.corrodinggames.rts.gameFramework.rendering.EffectConfig); 03 该位置文件指纹不一致, 疑错位, 待 R5 审计. real_pkg: com.corrodinggames.rts.gameFramework.rendering"
class,com.corrodinggames.rts.gameFramework.m,p$5,EffectConfig$5,"Rule D (v19.87): $N 归属以 jar 类名为准 (外类 com.corrodinggames.rts.gameFramework.rendering.EffectConfig); 03 该位置文件指纹不一致, 疑错位, 待 R5 审计. real_pkg: com.corrodinggames.rts.gameFramework.rendering"
class,com.corrodinggames.rts.gameFramework.m,p$50,EffectConfig$50,"Rule D (v19.87): $N 归属以 jar 类名为准 (外类 com.corrodinggames.rts.gameFramework.rendering.EffectConfig); 03 该位置文件指纹不一致, 疑错位, 待 R5 审计. real_pkg: com.corrodinggames.rts.gameFramework.rendering"
class,com.corrodinggames.rts.gameFramework.m,p$51,EffectConfig$51,"Rule D (v19.87): $N 归属以 jar 类名为准 (外类 com.corrodinggames.rts.gameFramework.rendering.EffectConfig); 03 该位置文件指纹不一致, 疑错位, 待 R5 审计. real_pkg: com.corrodinggames.rts.gameFramework.rendering"
class,com.corrodinggames.rts.gameFramework.m,p$52,EffectConfig$52,"Rule D (v19.87): $N 归属以 jar 类名为准 (外类 com.corrodinggames.rts.gameFramework.rendering.EffectConfig); 03 该位置文件指纹不一致, 疑错位, 待 R5 审计. real_pkg: com.corrodinggames.rts.gameFramework.rendering"
class,com.corrodinggames.rts.gameFramework.m,p$53,EffectConfig$53,"Rule D (v19.87): $N 归属以 jar 类名为准 (外类 com.corrodinggames.rts.gameFramework.rendering.EffectConfig); 03 该位置文件指纹不一致, 疑错位, 待 R5 审计. real_pkg: com.corrodinggames.rts.gameFramework.rendering"
class,com.corrodinggames.rts.gameFramework.m,p$54,EffectConfig$54,"Rule D (v19.87): $N 归属以 jar 类名为准 (外类 com.corrodinggames.rts.gameFramework.rendering.EffectConfig); 03 该位置文件指纹不一致, 疑错位, 待 R5 审计. real_pkg: com.corrodinggames.rts.gameFramework.rendering"
class,com.corrodinggames.rts.gameFramework.m,p$55,EffectConfig$55,"Rule D (v19.87): $N 归属以 jar 类名为准 (外类 com.corrodinggames.rts.gameFramework.rendering.EffectConfig); 03 该位置文件指纹不一致, 疑错位, 待 R5 审计. real_pkg: com.corrodinggames.rts.gameFramework.rendering"
class,com.corrodinggames.rts.gameFramework.m,p$56,EffectConfig$56,"Rule D (v19.87): $N 归属以 jar 类名为准 (外类 com.corrodinggames.rts.gameFramework.rendering.EffectConfig); 03 该位置文件指纹不一致, 疑错位, 待 R5 审计. real_pkg: com.corrodinggames.rts.gameFramework.rendering"
class,com.corrodinggames.rts.gameFramework.m,p$57,EffectConfig$57,"Rule D (v19.87): $N 归属以 jar 类名为准 (外类 com.corrodinggames.rts.gameFramework.rendering.EffectConfig); 03 该位置文件指纹不一致, 疑错位, 待 R5 审计. real_pkg: com.corrodinggames.rts.gameFramework.rendering"
class,com.corrodinggames.rts.gameFramework.m,p$58,EffectConfig$58,"Rule D (v19.87): $N 归属以 jar 类名为准 (外类 com.corrodinggames.rts.gameFramework.rendering.EffectConfig); 03 该位置文件指纹不一致, 疑错位, 待 R5 审计. real_pkg: com.corrodinggames.rts.gameFramework.rendering"
class,com.corrodinggames.rts.gameFramework.m,p$59,EffectConfig$59,"Rule D (v19.87): $N 归属以 jar 类名为准 (外类 com.corrodinggames.rts.gameFramework.rendering.EffectConfig); 03 该位置文件指纹不一致, 疑错位, 待 R5 审计. real_pkg: com.corrodinggames.rts.gameFramework.rendering"
class,com.corrodinggames.rts.gameFramework.m,p$6,EffectConfig$6,"Rule D (v19.87): $N 归属以 jar 类名为准 (外类 com.corrodinggames.rts.gameFramework.rendering.EffectConfig); 03 该位置文件指纹不一致, 疑错位, 待 R5 审计. real_pkg: com.corrodinggames.rts.gameFramework.rendering"
class,com.corrodinggames.rts.gameFramework.m,p$60,EffectConfig$60,"Rule D (v19.87): $N 归属以 jar 类名为准 (外类 com.corrodinggames.rts.gameFramework.rendering.EffectConfig); 03 该位置文件指纹不一致, 疑错位, 待 R5 审计. real_pkg: com.corrodinggames.rts.gameFramework.rendering"
class,com.corrodinggames.rts.gameFramework.m,p$61,EffectConfig$61,"Rule D (v19.87): $N 归属以 jar 类名为准 (外类 com.corrodinggames.rts.gameFramework.rendering.EffectConfig); 03 该位置文件指纹不一致, 疑错位, 待 R5 审计. real_pkg: com.corrodinggames.rts.gameFramework.rendering"
class,com.corrodinggames.rts.gameFramework.m,p$62,EffectConfig$62,"Rule D (v19.87): $N 归属以 jar 类名为准 (外类 com.corrodinggames.rts.gameFramework.rendering.EffectConfig); 03 该位置文件指纹不一致, 疑错位, 待 R5 审计. real_pkg: com.corrodinggames.rts.gameFramework.rendering"
class,com.corrodinggames.rts.gameFramework.m,p$63,EffectConfig$63,"Rule D (v19.87): $N 归属以 jar 类名为准 (外类 com.corrodinggames.rts.gameFramework.rendering.EffectConfig); 03 该位置文件指纹不一致, 疑错位, 待 R5 审计. real_pkg: com.corrodinggames.rts.gameFramework.rendering"
class,com.corrodinggames.rts.gameFramework.m,p$64,EffectConfig$64,"Rule D (v19.87): $N 归属以 jar 类名为准 (外类 com.corrodinggames.rts.gameFramework.rendering.EffectConfig); 03 该位置文件指纹不一致, 疑错位, 待 R5 审计. real_pkg: com.corrodinggames.rts.gameFramework.rendering"
class,com.corrodinggames.rts.gameFramework.m,p$65,EffectConfig$65,"Rule D (v19.87): $N 归属以 jar 类名为准 (外类 com.corrodinggames.rts.gameFramework.rendering.EffectConfig); 03 该位置文件指纹不一致, 疑错位, 待 R5 审计. real_pkg: com.corrodinggames.rts.gameFramework.rendering"
class,com.corrodinggames.rts.gameFramework.m,p$66,EffectConfig$66,"Rule D (v19.87): $N 归属以 jar 类名为准 (外类 com.corrodinggames.rts.gameFramework.rendering.EffectConfig); 03 该位置文件指纹不一致, 疑错位, 待 R5 审计. real_pkg: com.corrodinggames.rts.gameFramework.rendering"
class,com.corrodinggames.rts.gameFramework.m,p$67,EffectConfig$67,"Rule D (v19.87): $N 归属以 jar 类名为准 (外类 com.corrodinggames.rts.gameFramework.rendering.EffectConfig); 03 该位置文件指纹不一致, 疑错位, 待 R5 审计. real_pkg: com.corrodinggames.rts.gameFramework.rendering"
class,com.corrodinggames.rts.gameFramework.m,p$68,EffectConfig$68,"Rule D (v19.87): $N 归属以 jar 类名为准 (外类 com.corrodinggames.rts.gameFramework.rendering.EffectConfig); 03 该位置文件指纹不一致, 疑错位, 待 R5 审计. real_pkg: com.corrodinggames.rts.gameFramework.rendering"
class,com.corrodinggames.rts.gameFramework.m,p$69,EffectConfig$69,"Rule D (v19.87): $N 归属以 jar 类名为准 (外类 com.corrodinggames.rts.gameFramework.rendering.EffectConfig); 03 该位置文件指纹不一致, 疑错位, 待 R5 审计. real_pkg: com.corrodinggames.rts.gameFramework.rendering"
class,com.corrodinggames.rts.gameFramework.m,p$7,EffectConfig$7,"Rule D (v19.87): $N 归属以 jar 类名为准 (外类 com.corrodinggames.rts.gameFramework.rendering.EffectConfig); 03 该位置文件指纹不一致, 疑错位, 待 R5 审计. real_pkg: com.corrodinggames.rts.gameFramework.rendering"
class,com.corrodinggames.rts.gameFramework.m,p$70,EffectConfig$70,"Rule D (v19.87): $N 归属以 jar 类名为准 (外类 com.corrodinggames.rts.gameFramework.rendering.EffectConfig); 03 该位置文件指纹不一致, 疑错位, 待 R5 审计. real_pkg: com.corrodinggames.rts.gameFramework.rendering"
class,com.corrodinggames.rts.gameFramework.m,p$71,EffectConfig$71,"Rule D (v19.87): $N 归属以 jar 类名为准 (外类 com.corrodinggames.rts.gameFramework.rendering.EffectConfig); 03 该位置文件指纹不一致, 疑错位, 待 R5 审计. real_pkg: com.corrodinggames.rts.gameFramework.rendering"
class,com.corrodinggames.rts.gameFramework.m,p$72,EffectConfig$72,"Rule D (v19.87): $N 归属以 jar 类名为准 (外类 com.corrodinggames.rts.gameFramework.rendering.EffectConfig); 03 该位置文件指纹不一致, 疑错位, 待 R5 审计. real_pkg: com.corrodinggames.rts.gameFramework.rendering"
class,com.corrodinggames.rts.gameFramework.m,p$8,EffectConfig$8,"Rule D (v19.87): $N 归属以 jar 类名为准 (外类 com.corrodinggames.rts.gameFramework.rendering.EffectConfig); 03 该位置文件指纹不一致, 疑错位, 待 R5 审计. real_pkg: com.corrodinggames.rts.gameFramework.rendering"
class,com.corrodinggames.rts.gameFramework.m,p$9,EffectConfig$9,"Rule D (v19.87): $N 归属以 jar 类名为准 (外类 com.corrodinggames.rts.gameFramework.rendering.EffectConfig); 03 该位置文件指纹不一致, 疑错位, 待 R5 审计. real_pkg: com.corrodinggames.rts.gameFramework.rendering"
class,com.corrodinggames.rts.gameFramework.utility,g$1,RingBuffer$1,"Rule D (v19.87): $N 归属以 jar 类名为准 (外类 com.corrodinggames.rts.gameFramework.utility.RingBuffer); 03 该位置文件指纹不一致, 疑错位, 待 R5 审计. real_pkg: com.corrodinggames.rts.gameFramework.utility"
class,com.corrodinggames.rts.gameFramework.utility,m$1,CustomArrayList$1,"Rule D (v19.87): $N 归属以 jar 类名为准 (外类 com.corrodinggames.rts.gameFramework.utility.CustomArrayList); 03 该位置文件指纹不一致, 疑错位, 待 R5 审计. real_pkg: com.corrodinggames.rts.gameFramework.utility"
class,com.corrodinggames.rts.gameFramework.utility,o$1,DequeList$1,"Rule D (v19.87): $N 归属以 jar 类名为准 (外类 com.corrodinggames.rts.gameFramework.utility.DequeList); 03 该位置文件指纹不一致, 疑错位, 待 R5 审计. real_pkg: com.corrodinggames.rts.gameFramework.utility"
class,com.corrodinggames.rts.gameFramework.utility,s$1,TypedObjectList$1,"Rule D (v19.87): $N 归属以 jar 类名为准 (外类 com.corrodinggames.rts.gameFramework.utility.TypedObjectList); 03 该位置文件指纹不一致, 疑错位, 待 R5 审计. real_pkg: com.corrodinggames.rts.gameFramework.utility"
class,com.corrodinggames.rts.gameFramework.utility,u$1,UnitRegistry$1,"Rule D (v19.87): $N 归属以 jar 类名为准 (外类 com.corrodinggames.rts.gameFramework.utility.UnitRegistry); 03 该位置文件指纹不一致, 疑错位, 待 R5 审计. real_pkg: com.corrodinggames.rts.gameFramework.utility"
class,com.corrodinggames.rts.game.units.custom,ag,ModLoader,Rule E 反向指纹匹配 (v19.88): 202 共串 J=0.99; 03 custom/ModLoader.java (630 编译错误文件); INI-PARSING.md 加载器. real_pkg: com.corrodinggames.rts.game.units.custom
class,com.corrodinggames.rts.gameFramework.utility.a,a,SAFFileManager,Rule E 反向指纹匹配 (v19.88): 27 共串 J=1.0; 03 utility/filesystem/SAFFileManager.java. real_pkg: com.corrodinggames.rts.gameFramework.utility.filesystem
class,com.corrodinggames.rts.gameFramework.utility,ag,NetworkException,"Rule E 反向指纹匹配 (v19.88): 其 $1 与 03 utility/NetworkException$1.java J=1.0 (外类缺失于 03, jar $ 归属证明). real_pkg: com.corrodinggames.rts.gameFramework.utility"
class,com.corrodinggames.rts.gameFramework.utility,ag$1,NetworkException$1,Rule E 反向指纹匹配 (v19.88): 与 03 utility/NetworkException$1.java J=1.0. real_pkg: com.corrodinggames.rts.gameFramework.utility
class,com.corrodinggames.rts.game.units.custom.f,b,ActionFilter,Rule E 反向指纹匹配 (v19.88): 其 $1 与 03 custom/config/ActionFilter$1.java J=1.0; UNIT-ACTIONS.md 有 ActionFilter. real_pkg: com.corrodinggames.rts.game.units.custom.config
class,com.corrodinggames.rts.game.units.custom.f,b$1,ActionFilter$1,Rule E 反向指纹匹配 (v19.88): 与 03 custom/config/ActionFilter$1.java J=1.0 (int parseIndex/currentChar 解析器结构吻合). real_pkg: com.corrodinggames.rts.game.units.custom.config
class,com.corrodinggames.rts.java.c,a,SAFFileManager,Rule E 反向指纹匹配 (v19.88): PKG_MAP java.c->java.input; 其 $1 与 03 java/input/SAFFileManager$1.java J=1.0. real_pkg: com.corrodinggames.rts.java.input
class,com.corrodinggames.rts.java.c,a$1,SAFFileManager$1,Rule E 反向指纹匹配 (v19.88): 与 03 java/input/SAFFileManager$1.java J=1.0. real_pkg: com.corrodinggames.rts.java.input
class,com.corrodinggames.rts.gameFramework.j,aj,ServerInfo,"Rule E 反向指纹匹配 (v19.88): 唯一字符串 ""Active ban"" 与 03 network/ServerInfo.java 一致 + 方法数 2/2 (证据较弱, 待交叉验证). real_pkg: com.corrodinggames.rts.gameFramework.network"
class,com.corrodinggames.rts.gameFramework.b,ae,ae,"Rule E 反向指纹匹配 (v19.88): 包改名恒等 (b->opengl PKG_MAP); 03 opengl/ae.java 存在, 索引一致性补录. real_pkg: com.corrodinggames.rts.gameFramework.opengl"
class,com.corrodinggames.librocket.scripts,Debug$1,DebugUI$1,RENAMED-CASCADE 补录 (v19.88): 外类改名级联 (03 已有文件). real_pkg: com.corrodinggames.librocket.scripts
class,com.corrodinggames.librocket.scripts,Mods$1,ModsUI$1,RENAMED-CASCADE 补录 (v19.88): 外类改名级联 (03 已有文件). real_pkg: com.corrodinggames.librocket.scripts
class,com.corrodinggames.librocket.scripts,Multiplayer$1,MultiplayerUI$1,RENAMED-CASCADE 补录 (v19.88): 外类改名级联 (03 已有文件). real_pkg: com.corrodinggames.librocket.scripts
class,com.corrodinggames.librocket.scripts,Multiplayer$DropdownOption,MultiplayerUI$DropdownOption,RENAMED-CASCADE 补录 (v19.88): 外类改名级联 (03 已有文件). real_pkg: com.corrodinggames.librocket.scripts
class,com.corrodinggames.librocket.scripts,Root$1,MainUIController$1,RENAMED-CASCADE 补录 (v19.88): 外类改名级联 (03 已有文件). real_pkg: com.corrodinggames.librocket.scripts
class,com.corrodinggames.librocket.scripts,Root$10,MainUIController$10,RENAMED-CASCADE 补录 (v19.88): 外类改名级联 (03 已有文件). real_pkg: com.corrodinggames.librocket.scripts
class,com.corrodinggames.librocket.scripts,Root$11,MainUIController$11,RENAMED-CASCADE 补录 (v19.88): 外类改名级联 (03 已有文件). real_pkg: com.corrodinggames.librocket.scripts
class,com.corrodinggames.librocket.scripts,Root$2,MainUIController$2,RENAMED-CASCADE 补录 (v19.88): 外类改名级联 (03 已有文件). real_pkg: com.corrodinggames.librocket.scripts
class,com.corrodinggames.librocket.scripts,Root$3,MainUIController$3,RENAMED-CASCADE 补录 (v19.88): 外类改名级联 (03 已有文件). real_pkg: com.corrodinggames.librocket.scripts
class,com.corrodinggames.librocket.scripts,Root$4,MainUIController$4,RENAMED-CASCADE 补录 (v19.88): 外类改名级联 (03 已有文件). real_pkg: com.corrodinggames.librocket.scripts
class,com.corrodinggames.librocket.scripts,Root$5,MainUIController$5,RENAMED-CASCADE 补录 (v19.88): 外类改名级联 (03 已有文件). real_pkg: com.corrodinggames.librocket.scripts
class,com.corrodinggames.librocket.scripts,Root$6,MainUIController$6,RENAMED-CASCADE 补录 (v19.88): 外类改名级联 (03 已有文件). real_pkg: com.corrodinggames.librocket.scripts
class,com.corrodinggames.librocket.scripts,Root$7,MainUIController$7,RENAMED-CASCADE 补录 (v19.88): 外类改名级联 (03 已有文件). real_pkg: com.corrodinggames.librocket.scripts
class,com.corrodinggames.librocket.scripts,Root$8,MainUIController$8,RENAMED-CASCADE 补录 (v19.88): 外类改名级联 (03 已有文件). real_pkg: com.corrodinggames.librocket.scripts
class,com.corrodinggames.librocket.scripts,Root$9,MainUIController$9,RENAMED-CASCADE 补录 (v19.88): 外类改名级联 (03 已有文件). real_pkg: com.corrodinggames.librocket.scripts
class,com.corrodinggames.librocket.scripts,Root$TableCell,MainUIController$TableCell,RENAMED-CASCADE 补录 (v19.88): 外类改名级联 (03 已有文件). real_pkg: com.corrodinggames.librocket.scripts
class,com.corrodinggames.librocket.scripts,Root$TableData,MainUIController$TableData,RENAMED-CASCADE 补录 (v19.88): 外类改名级联 (03 已有文件). real_pkg: com.corrodinggames.librocket.scripts
class,com.corrodinggames.librocket.scripts,Root$TableRow,MainUIController$TableRow,RENAMED-CASCADE 补录 (v19.88): 外类改名级联 (03 已有文件). real_pkg: com.corrodinggames.librocket.scripts
class,com.corrodinggames.librocket.scripts,ScriptEngine$1,UIScriptEngine$1,RENAMED-CASCADE 补录 (v19.88): 外类改名级联 (03 已有文件). real_pkg: com.corrodinggames.librocket.scripts
class,com.corrodinggames.librocket.scripts,ScriptEngine$Action,UIScriptEngine$Action,RENAMED-CASCADE 补录 (v19.88): 外类改名级联 (03 已有文件). real_pkg: com.corrodinggames.librocket.scripts
class,com.corrodinggames.librocket.scripts,ScriptEngine$RunnableAction,UIScriptEngine$RunnableAction,RENAMED-CASCADE 补录 (v19.88): 外类改名级联 (03 已有文件). real_pkg: com.corrodinggames.librocket.scripts
class,com.corrodinggames.rts.game.units.custom.a.a,d,d,Rule E --all03 (v19.88): 包改名恒等 (com.corrodinggames.rts.game.units.custom.a.a->com.corrodinggames.rts.game.units.custom.actions.base); 2 共串 J=1.0. real_pkg: com.corrodinggames.rts.game.units.custom.actions.base
class,com.corrodinggames.rts.game.units.custom.a.a,e,e,Rule E --all03 (v19.88): 包改名恒等 (com.corrodinggames.rts.game.units.custom.a.a->com.corrodinggames.rts.game.units.custom.actions.base); 5 共串 J=1.0. real_pkg: com.corrodinggames.rts.game.units.custom.actions.base
class,com.corrodinggames.rts.game.units.custom.a.a,f,f,Rule E --all03 (v19.88): 包改名恒等 (com.corrodinggames.rts.game.units.custom.a.a->com.corrodinggames.rts.game.units.custom.actions.base); 2 共串 J=1.0. real_pkg: com.corrodinggames.rts.game.units.custom.actions.base
class,com.corrodinggames.rts.game.units.custom.a.a,g,g,Rule E --all03 (v19.88): 包改名恒等 (com.corrodinggames.rts.game.units.custom.a.a->com.corrodinggames.rts.game.units.custom.actions.base); 4 共串 J=1.0. real_pkg: com.corrodinggames.rts.game.units.custom.actions.base
class,com.corrodinggames.rts.game.units.custom.a.a,o,o,Rule E --all03 (v19.88): 包改名恒等 (com.corrodinggames.rts.game.units.custom.a.a->com.corrodinggames.rts.game.units.custom.actions.base); 2 共串 J=1.0. real_pkg: com.corrodinggames.rts.game.units.custom.actions.base
class,com.corrodinggames.rts.game.units.custom.a,c,c,Rule E --all03 (v19.88): 包改名恒等 (com.corrodinggames.rts.game.units.custom.a->com.corrodinggames.rts.game.units.custom.actions); 3 共串 J=0.6. real_pkg: com.corrodinggames.rts.game.units.custom.actions
class,com.corrodinggames.rts.game.units.custom.a,g,g,Rule E --all03 (v19.88): 包改名恒等 (com.corrodinggames.rts.game.units.custom.a->com.corrodinggames.rts.game.units.custom.actions); 3 共串 J=0.6. real_pkg: com.corrodinggames.rts.game.units.custom.actions
class,com.corrodinggames.rts.game.units.custom.f,a,a,Rule E --all03 (v19.88): 包改名恒等 (com.corrodinggames.rts.game.units.custom.f->com.corrodinggames.rts.game.units.custom.config); 8 共串 J=1.0. real_pkg: com.corrodinggames.rts.game.units.custom.config
class,com.corrodinggames.rts.game.units.custom.f,e,e,Rule E --all03 (v19.88): 包改名恒等 (com.corrodinggames.rts.game.units.custom.f->com.corrodinggames.rts.game.units.custom.config); 3 共串 J=1.0. real_pkg: com.corrodinggames.rts.game.units.custom.config
class,com.corrodinggames.rts.game.units.custom.d,c,c,Rule E --all03 (v19.88): 包改名恒等 (com.corrodinggames.rts.game.units.custom.d->com.corrodinggames.rts.game.units.custom.resources); 5 共串 J=1.0. real_pkg: com.corrodinggames.rts.game.units.custom.resources
class,com.corrodinggames.rts.gameFramework.b.a,b,b,Rule E --all03 (v19.88): 包改名恒等 (com.corrodinggames.rts.gameFramework.b.a->com.corrodinggames.rts.gameFramework.opengl.batch); 4 共串 J=1.0. real_pkg: com.corrodinggames.rts.gameFramework.opengl.batch
class,com.corrodinggames.rts.gameFramework.b.a,e,e,Rule E --all03 (v19.88): 包改名恒等 (com.corrodinggames.rts.gameFramework.b.a->com.corrodinggames.rts.gameFramework.opengl.batch); 2 共串 J=1.0. real_pkg: com.corrodinggames.rts.gameFramework.opengl.batch
class,com.corrodinggames.rts.gameFramework.b.a,f,f,Rule E --all03 (v19.88): 包改名恒等 (com.corrodinggames.rts.gameFramework.b.a->com.corrodinggames.rts.gameFramework.opengl.batch); 3 共串 J=1.0. real_pkg: com.corrodinggames.rts.gameFramework.opengl.batch
class,com.corrodinggames.rts.gameFramework.b,x,x,Rule E --all03 (v19.88): 包改名恒等 (com.corrodinggames.rts.gameFramework.b->com.corrodinggames.rts.gameFramework.opengl); 1 共串 J=1.0. real_pkg: com.corrodinggames.rts.gameFramework.opengl
class,com.corrodinggames.rts.gameFramework.m,t,t,Rule E --all03 (v19.88): 包改名恒等 (com.corrodinggames.rts.gameFramework.m->com.corrodinggames.rts.gameFramework.rendering); 1 共串 J=1.0. real_pkg: com.corrodinggames.rts.gameFramework.rendering
class,com.corrodinggames.rts.gameFramework.utility.a,b,b,Rule E --all03 (v19.88): 包改名恒等 (com.corrodinggames.rts.gameFramework.utility.a->com.corrodinggames.rts.gameFramework.utility.filesystem); 28 共串 J=1.0. real_pkg: com.corrodinggames.rts.gameFramework.utility.filesystem
class,com.corrodinggames.rts.gameFramework.utility.a,c,c,Rule E --all03 (v19.88): 包改名恒等 (com.corrodinggames.rts.gameFramework.utility.a->com.corrodinggames.rts.gameFramework.utility.filesystem); 1 共串 J=1.0. real_pkg: com.corrodinggames.rts.gameFramework.utility.filesystem
class,com.corrodinggames.rts.java.audio.a,d,d,Rule E --all03 (v19.88): 包改名恒等 (com.corrodinggames.rts.java.audio.a->com.corrodinggames.rts.java.audio.backend); 2 共串 J=1.0. real_pkg: com.corrodinggames.rts.java.audio.backend
class,com.corrodinggames.rts.java.d,b,b,Rule E --all03 (v19.88): 包改名恒等 (com.corrodinggames.rts.java.d->com.corrodinggames.rts.java.filesystem); 4 共串 J=1.0. real_pkg: com.corrodinggames.rts.java.filesystem
class,com.corrodinggames.rts.java.c,e,e,Rule E --all03 (v19.88): 包改名恒等 (com.corrodinggames.rts.java.c->com.corrodinggames.rts.java.input); 4 共串 J=1.0. real_pkg: com.corrodinggames.rts.java.input
class,com.corrodinggames.rts.java.c,f,f,Rule E --all03 (v19.88): 包改名恒等 (com.corrodinggames.rts.java.c->com.corrodinggames.rts.java.input); 3 共串 J=1.0. real_pkg: com.corrodinggames.rts.java.input
class,com.corrodinggames.rts.java.c,i,i,Rule E --all03 (v19.88): 包改名恒等 (com.corrodinggames.rts.java.c->com.corrodinggames.rts.java.input); 1 共串 J=1.0. real_pkg: com.corrodinggames.rts.java.input
class,com.corrodinggames.rts.java.c,j,j,Rule E --all03 (v19.88): 包改名恒等 (com.corrodinggames.rts.java.c->com.corrodinggames.rts.java.input); 12 共串 J=0.857. real_pkg: com.corrodinggames.rts.java.input
class,com.corrodinggames.rts.java.c,k,k,Rule E --all03 (v19.88): 包改名恒等 (com.corrodinggames.rts.java.c->com.corrodinggames.rts.java.input); 2 共串 J=1.0. real_pkg: com.corrodinggames.rts.java.input
class,com.corrodinggames.rts.java.c,l,l,Rule E --all03 (v19.88): 包改名恒等 (com.corrodinggames.rts.java.c->com.corrodinggames.rts.java.input); 2 共串 J=1.0. real_pkg: com.corrodinggames.rts.java.input
class,com.corrodinggames.rts.java.c,m,m,Rule E --all03 (v19.88): 包改名恒等 (com.corrodinggames.rts.java.c->com.corrodinggames.rts.java.input); 7 共串 J=1.0. real_pkg: com.corrodinggames.rts.java.input
class,com.corrodinggames.rts.a.a,k,k,Rule E --all03 (v19.88): 包改名恒等 (com.corrodinggames.rts.a.a->com.corrodinggames.rts.platform.net); 5 共串 J=1.0. real_pkg: com.corrodinggames.rts.platform.net
class,com.corrodinggames.rts.a.a,m,m,Rule E --all03 (v19.88): 包改名恒等 (com.corrodinggames.rts.a.a->com.corrodinggames.rts.platform.net); 20 共串 J=1.0. real_pkg: com.corrodinggames.rts.platform.net
class,com.corrodinggames.rts.appFramework,r,ReplayComparator,Rule E --all03 (v19.88): import Comparator+SimpleDateFormat; 日期格式串 d MMM yyyy HH:mm:ss 等 6 共串 J=0.857. real_pkg: com.corrodinggames.rts.appFramework
class,com.corrodinggames.rts.gameFramework.b,aa,aa,Rule F 结构+包改名恒等 (v19.88): b->opengl PKG_MAP; 03 opengl/aa.java 存在. real_pkg: com.corrodinggames.rts.gameFramework.opengl
class,com.corrodinggames.rts.game.units,as,UnitTypeHandle,v19.109 javap修正: interface 抽象方法 C/w/a/d/c 指纹 (原误标UnitType)
class,com.corrodinggames.rts.game.units,y,UnitType,v19.109 javap修正: abstract class extends units.c (原缺失)
class,com.corrodinggames.rts.gameFramework,bg,StatsHandler,"v19.100: GameEngine.bY字段 h(""StatsHandler""); ""stats""子块序列化; bo统计数据类交互"
class,com.corrodinggames.rts.game.b,c,FogMapRenderer,"v19.101 agent辐射: MapEngine(b) 静态字段 al 持有; 含 b.d[][] 地图方块数组、m.e/m.y/m.ag 渲染对象、android.graphics.Rect; 字符串证据 ""map""/""re-drawTile""/""smooth fog fading""/""layerBufferSize""/""se"
class,com.corrodinggames.rts.gameFramework,br,TimeUtils,"v19.101 agent辐射: MapEngine.b.f() 中 br.b(D) 格式化耗时字符串 ""seeThoughFogOfWarTimes: X""; 类结构: 静态 a() 计时、a(long,long)->double 比率、a(double)/b(double)->String 格式化、字符串 ""ms""、构造器带 b"
class,com.corrodinggames.rts.gameFramework.j,as,PacketWriter,v19.101 agent辐射: 字段 ByteArrayOutputStream+DataOutputStream(私有 a/c); 方法族 a(int/float/double/long/String/枚举/单位/PointF/File); b(int)->Packet(au) 完成打包; j.ad.c(float) 138-2
class,com.corrodinggames.rts.gameFramework.j,au,Packet,"v19.101 agent辐射: 字段 a(j.c 解码器), b:int(类型键), c:byte[](数据), d:int, e:boolean; 构造器 au(int); j.ad.a(au)V 中 lookupswitch 按 b 分发 10/20/30/31/35 命令类型"
class,com.corrodinggames.rts.gameFramework.j,k,PacketReader,"v19.101 agent辐射: DataInputStream 读取器, 与 PacketWriter(as) 对称; 方法族 b()int/c()int/d()byte/e()boolean/f()int/g()float/h()double/i()long/j()String/v()short; 构造自 au; b.e() 中"
class,com.corrodinggames.rts.game.units,ao,MovementType,"v19.101 agent辐射: 枚举 8 值, clinit 字符串: NONE/LAND/BUILDING/AIR/WATER/HOVER/OVER_CLIFF/OVER_CLIFF_WATER; 错误信息 ""Unknown movement type"" 提示 possible type; k.k.o 字段类型, PathFin"
class,com.corrodinggames.rts.game.units.custom,as,WeaponConfig,v19.103 仲裁: implements Cloneable + 武器参数 (accuracySpread/bulletCount/cooldownTime 候选证据)
class,com.corrodinggames.rts.gameFramework.k,h,CostGrid,v19.103 仲裁: extends k.c(PathNode) + A*代价地图 (costMultiplier/blockedGrid 候选)
class,com.corrodinggames.rts.game.units.custom,bo,ResourceException,v19.103 仲裁: extends Exception + 资源参数 (resourceTypeRef/amountValue)
class,com.corrodinggames.librocket.scripts,ScriptEngine,ScriptEngine,v19.105 T0: 脚本队列处理器 + methods反射注册表 + processArg脚本表达式解析器 (420行已全读)
class,com.corrodinggames.librocket.scripts,ScriptContext,ScriptContext,v19.105 T0: 脚本上下文基类 (methods HashMap 函数注册表 + libRocket/guiEngine/scriptEngine 引用)
class,com.corrodinggames.librocket.scripts,Root,Root,v19.105 T0: 根脚本上下文 (loadReplay/loadGame/saveGame/hostStart/closePopup 等游戏操作函数集)
class,com.corrodinggames.rts.gameFramework.j,l,InputNetStream,"v19.106 agentI: 明文文本解压输入流(字节数组+GZIP可选)。T0: k.java:288 startBlockAndGetName 创建 l(byArray,bl,bl2), l.a=块名, l.c=当前流; k.java:300 日志 ""InputNetStream:endBlock"""
class,com.corrodinggames.rts.gameFramework.j,am,TeamAssignMode,"v19.106 agentI: 队伍分配模式枚举(4值)。T0: ad.java:4539-4650 b(am) 各分支: a=洗牌分2队, b=3队, c=每玩家独立队伍, d=随机队伍; 03 命名 ConnectionState 不准确"
class,com.corrodinggames.rts.gameFramework.j,ap,DosAttemptEntry,"v19.106 agentI: DOS防护每IP计数条目(ServerListener内部类)。T0: ao.java isIpAllowed 中 ap.a=InetAddress, ++ap.b 计数, >30/10/5 标记c, >300 标记d"
class,com.corrodinggames.rts.gameFramework.j,ar,NetworkUtils,"v19.106 agentI: 网络完整性工具。T0: a()=应用签名MD5(Signature.toByteArray→f.b MD5, 仅Android l.at()), a(int)=n+5; 03-deobfuscated NetworkUtils.java 方法体全同"
class,com.corrodinggames.rts.gameFramework.j,ay,SequencePacket,"v19.106 agentI: 带序号数据包(继承au, 类型175)。T0: 构造 super(175); e.java:67-80 SendWorker 按序号相等(f.l==ay.f)打包176单序号或175双序号(f.b/f.c)"
class,com.corrodinggames.rts.gameFramework.f,aq,WarLogTextEntry,v19.106 agentJ: 文本日志条目(普通/重要)。T0: ap.java a(String)创建 aq; aq.java extends au; 构造仅字符串
class,com.corrodinggames.rts.gameFramework.f,af,TextItemBase,v19.106 agentJ: 按钮富文本条目基类(持有 Paint)。T0: ae.java 布局元素基类; ag/ah/ai extends af
class,com.corrodinggames.rts.gameFramework.f,ak,LayoutRow,v19.106 agentJ: 布局行(utility.m 存储+行高 int b)。T0: ae.java 内行结构
class,com.corrodinggames.rts.gameFramework.f,ao,LagHidingEntry,v19.106 agentJ: 延迟隐藏条目。T0: an.java 内部条目类
class,com.corrodinggames.rts.gameFramework.f,h,YesNoMoreEnum,v19.106 agentJ: 按钮类型枚举 YES/NO/MORE。T0: g.java:1233 k()==a(h.b
class,com.corrodinggames.rts.gameFramework.f,z,MinimapDrawHelper,v19.106 agentJ: 小地图绘制辅助。T0: f/z.java 小地图绘制工具
class,com.corrodinggames.rts.gameFramework.f,a.a,EmptyPanel,v19.106 agentJ: 空面板(布局占位)。T0: f/a/ 子包 a 类; g.java:75 s=f.a.a 放置面板引用
class,com.corrodinggames.rts.gameFramework.f,a.b,Button,v19.106 agentJ: 基础按钮控件。T0: f/a/b.java 按钮控件
class,com.corrodinggames.rts.gameFramework.f,a.c,Position,v19.106 agentJ: 位置坐标(int x
class,com.corrodinggames.rts.gameFramework.f,a.d,Enum,v19.106 agentJ: 枚举。T0: f/a/d.java 控件枚举
class,com.corrodinggames.rts.gameFramework.f,a.e,ImageButton,v19.106 agentJ: 图片按钮(纹理+尺寸)。T0: g.java:176-181 bp..bu=f.a.e 底部栏按钮; 386行 new f.a.e(纹理
class,com.corrodinggames.rts.gameFramework.f,a.f,Panel,v19.106 agentJ: 面板容器。T0: f/a/f.java 面板
class,com.corrodinggames.rts.gameFramework.f,a.g,Panel2,v19.106 agentJ: 面板容器变体。T0: f/a/g.java 面板
class,com.corrodinggames.rts.gameFramework.f,a.h,WidgetBase,v19.106 agentJ: 控件基类(j/k/l 状态枚举)。T0: f/a/h.java 控件状态字段 j
class,com.corrodinggames.rts.gameFramework.f,a.i,Enum2,v19.106 agentJ: 控件枚举{a
class,com.corrodinggames.rts.gameFramework.f,a.j,TextButton,v19.106 agentJ: 文本按钮。T0: f/a/j.java 文本按钮控件
class,com.corrodinggames.rts.gameFramework.f,a.k,HitTest,v19.106 agentJ: 抽象命中测试。T0: f/a/k.java 抽象类
class,com.corrodinggames.rts.gameFramework.f,a.l,WidgetBase2,v19.106 agentJ: 抽象控件基类(277行)。T0: f/a/l.java 抽象控件基类
class,com.corrodinggames.rts.gameFramework.f,a.m,Enum3,v19.106 agentJ: 控件枚举。T0: f/a/m.java 枚举
class,com.corrodinggames.rts.gameFramework.f,a.n,TexturedPanel,v19.106 agentJ: 纹理面板。T0: f/a/n.java 纹理面板
class,com.corrodinggames.rts.gameFramework.d,c,HUDManager,v19.111: FFF→d.e 方法签名序列与 03 HUDManager 吻合 (b(FFF)/c(FFF)/a(FFFF)/a(FFFFI))
class,com.corrodinggames.rts.game.units,au,WeaponAction,"v19.111: 字段序 1:1 (av a/as b/a.c c/int d/float e,f/long g/am h/ab i) + convertUnitIds 字符串双验证"
class,com.corrodinggames.rts.game.units.d,j,BuilderUnit,"v19.112 javap铁证: 14字段 a(int)b(float)c,d(custom.d.b)e(custom.h)f(bool)g(as)h(PointF)i(am)j(a.c)k,l(bool)m(float)n(double) + 构造器 + a(j.as)/a(j.k) 序列化; 03 BuilderUnit 字段漂移待修 (PENDING)"
class,com.corrodinggames.librocket,a,LibRocketContext,"rule-e-fp-v19.114: 02b字符串指纹配对 (重合11, 次佳0)"
class,com.corrodinggames.librocket,b,LibRocketBridge,"rule-e-fp-v19.114: 02b字符串指纹配对 (重合31, 次佳1)"
class,com.corrodinggames.rts.game.b,g,MapLayer,"rule-e-fp-v19.114: 02b字符串指纹配对 (重合22, 次佳5)"
class,com.corrodinggames.rts.game.units,i,ActionAddCredits,"rule-e-fp-v19.114: 02b字符串指纹配对 (重合2, 次佳0)"
class,com.corrodinggames.rts.gameFramework.utility,o,DequeList,"rule-e-fp-v19.114: 02b字符串指纹配对 (重合9, 次佳7)"
class,com.corrodinggames.rts.game.units.custom,ab,ModOriginDescriptor,"string-evidence-v19.114: from mod 消息生成器 (a/b/e 名称字段, f=ModUnitRegistry 引用; 被 l=ModUnitRegistry 使用)"
class,com.corrodinggames.rts.game.units.custom,ay,CustomEffectTemplate,string-evidence-v19.114: defaultEffectTemplate/createWhenOverLiquid/spawnChance/life/imageStrip (被 ModLoader new+列表遍历)
class,com.corrodinggames.rts.game.units.custom,bl,UnitSoundResolver,string-evidence-v19.114: soundOnAttackOrder/soundOnMoveOrder/soundOnNewSelection/soundOnDeath 键解析 (被 ModLoader+CustomEffectTemplate 使用)
class,com.corrodinggames.rts.appFramework,q,ReplayFolderManager,string-evidence-v19.114: Storage:/failed to find replay folder (extends LibRocketBridge)
class,com.corrodinggames.rts.appFramework,s,StorageFolderPicker,string-evidence-v19.114: Select a Rusted Warfare Folder to use/content://com.android.externalstorage (extends LibRocketBridge)
class,com.corrodinggames.rts.game.units.custom,al,WarLogArrayEntry,body-evidence-v19.114: a()=LogicString.arrayToString (WarLogTextEntry 子类)
class,com.corrodinggames.rts.game.units.custom,am,WarLogBooleanEntry,body-evidence-v19.114: a()=read?true:false (WarLogTextEntry 子类)
class,com.corrodinggames.rts.game.units.custom,an,WarLogNumberEntry,body-evidence-v19.114: a()=f.g(readNumber) (WarLogTextEntry 子类)
class,com.corrodinggames.rts.game.units.custom,ao,WarLogStringEntry,body-evidence-v19.114: a()=readString (WarLogTextEntry 子类)
class,com.corrodinggames.rts.game.units.custom,ap,WarLogUnitEntry,body-evidence-v19.114: a()=readUnit+am.f (WarLogTextEntry 子类)
class,com.corrodinggames.rts.game.a,b,IncludeExcludeMode,enum-constants-v19.114: include/exclude
class,com.corrodinggames.rts.game.units,av,UnitOrder,enum-constants-v19.114: move/attack/build/repair/loadInto/unloadAt/reclaim/attackMove/loadUp/patrol/guard/guardAt
class,com.corrodinggames.rts.game.units.custom,ah,ModLoadPhase,enum-constants-v19.114: imageLoad/soundLoad/iniParse/unitParse/iniOpen/actionParse/unitParsePartA/B
class,com.corrodinggames.rts.game.units.custom.a,e,AutoFireMode,enum-constants-v19.114: auto/disabled/upgrade/movementChange/sameAsBuilding/launch/launchAmmo
class,com.corrodinggames.rts.game.units.custom.a,f,UnitBuildMode,enum-constants-v19.114: build/convert/none
class,com.corrodinggames.rts.game.units.custom.e,b,SeparatorType,enum-constants-v19.114: none/space/comma
class,com.corrodinggames.rts.gameFramework.f.a,d,MouseEventType,enum-constants-v19.114: mouseMove/mouseClick/mouseUp/mouseDown
class,com.corrodinggames.rts.gameFramework.f.a,i,WidgetState,enum-constants-v19.114: normal/hovered
class,com.corrodinggames.rts.gameFramework.f.a,m,ScrollDirection,enum-constants-v19.114: none/vertical/horizontal
class,com.corrodinggames.rts.gameFramework.g,c,StatsGrouping,enum-constants-v19.114: player/allyGroup/combinedPlayerAndGroup
class,com.corrodinggames.rts.gameFramework.g,f,StatisticType,enum-constants-v19.114: none/income/armyValue/buildingValue/totalValue/credits
class,com.corrodinggames.rts.gameFramework.j,m,SyncLogLevel,enum-constants-v19.114: expected/warn
class,com.corrodinggames.rts.gameFramework.m,d,ShapeType,enum-constants-v19.114: Normal/Rect
class,com.corrodinggames.rts.game.units.custom,aq,WarLogEntryFactory,body-evidence-v19.114: 工厂方法 a(LogicBoolean) 按 ReturnType 分派创建 an/ao/ap/al/am 5 种条目
class,com.corrodinggames.rts.game.units.custom,ar,WarLogStaticEntry,body-evidence-v19.114: a(unit) 返回固定字符串字段 (extends WarLogTextEntry 家族)
class,com.corrodinggames.rts.game.units.custom,av,LogicWriterOperation,"body-evidence-v19.114: writeToUnit + Operator 字段 + ""Cannot change data on non custom unit"" 错误消息"
class,com.corrodinggames.rts.game.units.f,c,UnitGeoIndex,string-evidence-v19.114: updateUnitGeoIndex: areaList not active
class,com.corrodinggames.rts.gameFramework.n.a,b,TeamTagCondition,string-evidence-v19.114: teamTagDetect requires a team set/tag set (aicore 条件)
class,com.corrodinggames.rts.gameFramework.n.a,c,UnitTypeCondition,string-evidence-v19.114: Cound not find unitType (aicore 条件)
class,com.corrodinggames.rts.game.units.custom,be,RuleGroupValidator,string-evidence-v19.114: anyRuleInGroup: No other rule with this same group name found
class,com.corrodinggames.rts.game.units.custom,bg,PlacementRuleValidator,string-evidence-v19.114: Cannot use aiSuggestionOnly and blocksPlacement at the same time
class,com.corrodinggames.rts.game.units.custom,bi,UnitListParser,string-evidence-v19.114: ProjectileList: Unknown parameter/Too many units/UnitList
class,com.corrodinggames.rts.game.units.custom,bp,TeamRuleValidator,string-evidence-v19.114: Cannot set aggressiveTeam and neutralTeam at same time
class,com.corrodinggames.rts.game.units.custom,aa,ModFileWatcher,string-evidence-v19.114: Failed to watch:
class,com.corrodinggames.rts.game.units.custom,aj,LocalizedTextParser,string-evidence-v19.114: parsing/NOT CLOSED/NO DEFAULT TEXT FOUND
class,com.corrodinggames.rts.game.units.custom,at,UnitDataWriter,string-evidence-v19.114: setUnitDataFromLogic: unsupported operator
class,com.corrodinggames.rts.game.units.custom,g,TagParser,"string-evidence-v19.114: Expected single tag, got:"
class,com.corrodinggames.rts.game.units.custom,bb,LocalizedStringBuilder,string-evidence-v19.114: LocaleString: replaceAll with null strings
class,com.corrodinggames.rts.gameFramework.utility,ah,ZipDecoder,"string-evidence-v19.114: Check zip encoding, utf-8 is recommended/Failed to deco"
class,com.corrodinggames.rts.gameFramework.utility,i,AssetIndex,string-evidence-v19.114: createIndex/assetIndex: getFile is BLOCKED on load
class,com.corrodinggames.rts.appFramework,o,PlayerNameFormatter,string-evidence-v19.114: on team/players including player/vs
class,com.corrodinggames.rts.gameFramework.utility,m,IntList,structure-v19.114: extends AbstractList + int a 字段
class,com.corrodinggames.rts.gameFramework.utility,u,UnitInstanceList,structure-v19.114: extends AbstractList + am[] 字段 (am=UnitInstance)
class,com.corrodinggames.rts.gameFramework.utility,g,ArrayDeque,"structure-v19.114: extends AbstractCollection + ""Sorry, deque too big"""
class,com.corrodinggames.rts.gameFramework.utility,ad,ObjectPool,"structure-v19.114: Object[] 缓冲 + ""The max pool size must be > 0"""
class,com.corrodinggames.rts.game.units.custom,aw,UnitTypeValueEvaluator,"body-evidence-v19.114: abstract double a(UnitType)/void a(UnitType,double) 抽象求值层 (extends at=UnitDataWriter 家族)"
class,com.corrodinggames.rts.game.units.custom,ax,UnitValueEvaluator,body-evidence-v19.114: abstract double a(UnitInstance) 抽象求值层 (extends at 家族)
class,com.corrodinggames.rts.java.audio.a,e,ObjectMap,"key-evidence-v19.114: a(Object,Object)/a(Object) Object 键哈希表 (libgdx 风格, initialCapacity/loadFactor 构造)"
class,com.corrodinggames.rts.java.audio.a,i,LongMap,"key-evidence-v19.114: a(long,Object)/a(long) long 键哈希表"
class,com.corrodinggames.rts.java.audio.a,o,IntMap,"key-evidence-v19.114: a(int,Object)/a(int) int 键哈希表 (Long.numberOfTrailingZeros 位操作)"
class,com.corrodinggames.rts.java.audio.a,h,MapKeyIterator,"structure-v19.114: 迭代器基类 (f extends h implements Iterable,Iterator)"
class,com.corrodinggames.rts.java.audio.a,l,MapValueIterator,structure-v19.114: 迭代器基类 (j extends l)
class,com.corrodinggames.rts.java.audio.a,r,MapEntryIterator,"structure-v19.114: abstract implements Iterable,Iterator (p extends r)"
class,com.corrodinggames.rts.gameFramework.k,c,PathCostLocator,02b k/c.java 抽象类直译 (h extends c / f.a 字段类型) v19.117-PSR
class,com.corrodinggames.rts.gameFramework.k,f,PathCostCalc,o.java L784 f var1=(f)this.D 铁证 v19.117-PSR
class,com.corrodinggames.rts.gameFramework.k,g,TerrainCost,"o.java L785 g var2=new g(g,h) 铁证 v19.117-PSR"
class,com.corrodinggames.rts.gameFramework.k,h,h,03 保留混淆名 (o.java L16 c a=new h(this); h extends c) v19.117-PSR
class,com.corrodinggames.rts.gameFramework.k,k,PathCostCalculator,o.java L257 k var1=this.D 铁证 v19.117-PSR
class,com.corrodinggames.rts.gameFramework.k,l,PathFinder,o.java L20 private final l C 铁证 v19.117-PSR
class,com.corrodinggames.rts.gameFramework.k,m,NodePool,o.java L36-37 final m o/p 铁证 v19.117-PSR
class,com.corrodinggames.rts.gameFramework.k,p,PathNode,o.java L697 p var59=new p() 铁证 v19.117-PSR
class,com.corrodinggames.rts.gameFramework.k,o,PathSolverRunner,o.java 自身 v19.117-PSR
class,com.corrodinggames.librocket,c,ElementWrapper,B2 核对 v19.133f98 补录 (class-discoveries 缺口, jar→03 ok)
class,com.corrodinggames.librocket,d,DocumentWrapper,B2 核对 v19.133f98 补录 (class-discoveries 缺口, jar→03 ok)
class,com.corrodinggames.librocket.scripts,Debug,DebugUI,B2 核对 v19.133f98 补录 (class-discoveries 缺口, jar→03 ok)
class,com.corrodinggames.librocket.scripts,Mods,ModsUI,B2 核对 v19.133f98 补录 (class-discoveries 缺口, jar→03 ok)
class,com.corrodinggames.librocket.scripts,Multiplayer,MultiplayerUI,B2 核对 v19.133f98 补录 (class-discoveries 缺口, jar→03 ok)
class,com.corrodinggames.rts.appFramework,f,AppFramework,B2 核对 v19.133f98 补录 (class-discoveries 缺口, jar→03 ok)
class,com.corrodinggames.rts.game,p,UnitManager,B2 核对 v19.133f98 补录 (class-discoveries 缺口, jar→03 ok)
class,com.corrodinggames.rts.game,s,TeamUnitTracker,B2 核对 v19.133f98 补录 (class-discoveries 缺口, jar→03 ok)
class,com.corrodinggames.rts.game,t,BuildQueue,B2 核对 v19.133f98 补录 (class-discoveries 缺口, jar→03 ok)
class,com.corrodinggames.rts.game.units.d,l,CarrierUnit,B2 核对 v19.133f98 补录 (class-discoveries 缺口, jar→03 ok)
class,com.corrodinggames.rts.game.units.d,t,Structures,B2 核对 v19.133f98 补录 (class-discoveries 缺口, jar→03 ok)
class,com.corrodinggames.rts.game.units.e,c,Building,B2 核对 v19.133f98 补录 (class-discoveries 缺口, jar→03 ok)
class,com.corrodinggames.rts.game.units.f,a,SpatialGridCell,B2 核对 v19.133f98 补录 (class-discoveries 缺口, jar→03 ok)
class,com.corrodinggames.rts.game.units.f,d,RectFilter,B2 核对 v19.133f98 补录 (class-discoveries 缺口, jar→03 ok)
class,com.corrodinggames.rts.game.units.f,f,QueryResult,B2 核对 v19.133f98 补录 (class-discoveries 缺口, jar→03 ok)
class,com.corrodinggames.rts.game.units.f,g,CircleFilter,B2 核对 v19.133f98 补录 (class-discoveries 缺口, jar→03 ok)
class,com.corrodinggames.rts.game.units.f,h,LineFilter,B2 核对 v19.133f98 补录 (class-discoveries 缺口, jar→03 ok)
class,com.corrodinggames.rts.gameFramework,bh,StatsSample,B2 核对 v19.133f98 补录 (class-discoveries 缺口, jar→03 ok)
class,com.corrodinggames.rts.gameFramework,bj,StatsCategory,B2 核对 v19.133f98 补录 (class-discoveries 缺口, jar→03 ok)
class,com.corrodinggames.rts.gameFramework,bl,PeriodicTimer,B2 核对 v19.133f98 补录 (class-discoveries 缺口, jar→03 ok)
class,com.corrodinggames.rts.gameFramework,bn,StatsHistory,B2 核对 v19.133f98 补录 (class-discoveries 缺口, jar→03 ok)
class,com.corrodinggames.rts.gameFramework,bo,StatsRecord,B2 核对 v19.133f98 补录 (class-discoveries 缺口, jar→03 ok)
class,com.corrodinggames.rts.gameFramework,bq,BaseGameObject,B2 核对 v19.133f98 补录 (class-discoveries 缺口, jar→03 ok)
class,com.corrodinggames.rts.gameFramework.g,b,DataField,B2 核对 v19.133f98 补录 (class-discoveries 缺口, jar→03 ok)
class,com.corrodinggames.rts.gameFramework.g,d,DataFieldFloat,B2 核对 v19.133f98 补录 (class-discoveries 缺口, jar→03 ok)
class,com.corrodinggames.rts.gameFramework.g,e,DataFieldLong,B2 核对 v19.133f98 补录 (class-discoveries 缺口, jar→03 ok)
class,com.corrodinggames.rts.gameFramework,n,GameState,B2 核对 v19.133f98 补录 (class-discoveries 缺口, jar→03 ok)
class,com.corrodinggames.rts.gameFramework,br,ExtraManager,B2 核对 v19.133f98 补录 (外层类, br$1 已录)
class,com.corrodinggames.rts.gameFramework.utility,m,CustomArrayList,B2 核对 v19.133f98 补录 (外层类, m$1 已录)
class,com.corrodinggames.rts.game.a,e,CombatAction,B2 核对 v19.133f98 补录 (jar→03 ok)
class,com.corrodinggames.librocket.scripts,Root,MainUIController,B2 核对 v19.133f98 补录 (jar→03 ok, Root$N 已录)
class,com.corrodinggames.rts.gameFramework,o,GlobalStateFactory,"B5: 运行时 VerifyError 修复 (v extends GlobalStateFactory 层级错误, 原版 v extends o)"
class,com.corrodinggames.rts.game.units,h,DebugEditor,"v19.113k 02b f/g 验证: bv 时 ""Creating new debug editor"" new units.h(false) → 调试编辑器定位; v19.113l 22 行动验证: reloadUnits/unitClone/removeUnits/killUnits/finishQueue/nukeAt/freezeAI/changeAlliance/startRecording/startReplayPlayback/hideInterface/freezeAllAI/pauseGame/slowGame/fastForward/search/enableDebug/enableAIDebug/enableTriggerDebug"
