type,obfuscated_package,obfuscated_class,obfuscated_member,meaningful_name,notes,verified
field,com.corrodinggames.rts.game.units,ac,a,animTimer,Animation/lifetime timer (float),verified-exists
field,com.corrodinggames.rts.game.units,ac,b,decorType,Decoration type enum (int),verified-exists
field,com.corrodinggames.rts.game.units,ac,c,scaleValue,Scale/size value (float),verified-exists
field,com.corrodinggames.rts.game.units,ac,d,rotationAngle,Rotation angle (float),verified-exists
field,com.corrodinggames.rts.game.units,ac,e,alphaValue,Alpha/opacity value (float),verified-exists
field,com.corrodinggames.rts.game.units,ac,f,colorTint,Color tint ARGB (int),verified-exists
field,com.corrodinggames.rts.game.units,ac,g,groundOffset,Ground offset Y (float),verified-exists
field,com.corrodinggames.rts.game.units,ae,a,animType,Animation type enum (int),verified-exists
field,com.corrodinggames.rts.game.units,ae,b,scaleValue,Scale multiplier (float),verified-exists
field,com.corrodinggames.rts.game.units,ae,c,fadeInEnabled,Fade-in enabled (boolean),verified-exists
field,com.corrodinggames.rts.game.units,ae,d,fadeOutEnabled,Fade-out enabled (boolean),verified-exists
field,com.corrodinggames.rts.game.units,ah,a,particleType,Particle effect type (int),verified-exists
field,com.corrodinggames.rts.game.units,ah,b,particleValues,Particle parameter values (float[31]),verified-exists
field,com.corrodinggames.rts.game.units,ah,c,particleFlags,Particle behavior flags (boolean[31]),verified-exists
field,com.corrodinggames.rts.game.units,ah,e,isActive,Effect active flag (boolean),verified-exists
field,com.corrodinggames.rts.game.units,ah,f,isLooping,Effect looping flag (boolean),verified-exists
field,com.corrodinggames.rts.game.units,aa,a,productionRate,Production per second (float),verified-exists
field,com.corrodinggames.rts.game.units,aa,b,consumptionRate,Consumption per second (float),verified-exists
field,com.corrodinggames.rts.game.units,aa,c,storageCapacity,Storage capacity (float),verified-exists
field,com.corrodinggames.rts.game.units,aa,d,resourceRef,Resource type reference (e),verified-exists
field,com.corrodinggames.rts.game.units,ad,a,attachType,Attachment type enum (int),verified-exists
field,com.corrodinggames.rts.game.units,ad,b,offsetX,Attachment offset X (float),verified-exists
field,com.corrodinggames.rts.game.units,ad,c,offsetY,Attachment offset Y (float),verified-exists
field,com.corrodinggames.rts.game.units,ad,d,rotationAngle,Attachment rotation (float),unverifiable-rebuilt
field,com.corrodinggames.rts.game.units,ad,e,scaleValue,Attachment scale (float),verified-exists
field,com.corrodinggames.rts.game.units,ap,a,turretAngle,Turret mount offset X (float) | RS-13 冲突裁定：旧名在 03 树出现 0 次，改以 03 现名为准；铁证：02b ap.d lockDelay: / ap.e shootCooldown:；turretOffsetX/turretPivotY/restAngle 在 03 树出现 0 次,name-synced-v19.133f99
field,com.corrodinggames.rts.game.units,ap,b,turretOffsetY,Turret mount offset Y (float),verified-exists
field,com.corrodinggames.rts.game.units,ap,c,turretPivotX,Turret rotation pivot X (float),verified-exists
field,com.corrodinggames.rts.game.units,ap,d,lockDelay,Turret rotation pivot Y (float) | RS-13 冲突裁定：旧名在 03 树出现 0 次，改以 03 现名为准；铁证：02b ap.d lockDelay: / ap.e shootCooldown:；turretOffsetX/turretPivotY/restAngle 在 03 树出现 0 次,name-synced-v19.133f99
field,com.corrodinggames.rts.game.units,ap,e,shootCooldown,Turret rest/default angle (float) | RS-13 冲突裁定：旧名在 03 树出现 0 次，改以 03 现名为准；铁证：02b ap.d lockDelay: / ap.e shootCooldown:；turretOffsetX/turretPivotY/restAngle 在 03 树出现 0 次,name-synced-v19.133f99
field,com.corrodinggames.rts.game.units,ap,f,maxRotationAngle,Maximum rotation arc (float),verified-exists
field,com.corrodinggames.rts.game.units,ap,g,hasLimitedArc,Has limited firing arc (boolean),verified-exists
field,com.corrodinggames.rts.game.units,ap,h,minAngleLimit,Minimum angle limit (float),verified-exists
field,com.corrodinggames.rts.game.units,ap,i,maxAngleLimit,Maximum angle limit (float),verified-exists
field,com.corrodinggames.rts.game.units,ap,j,targetUnit,Current target unit (am),verified-exists
field,com.corrodinggames.rts.game.units,ap,k,currentAngle,Current turret angle (float),verified-exists
field,com.corrodinggames.rts.game.units,ap,l,targetAngle,Target/desired angle (float),verified-exists
field,com.corrodinggames.rts.game.units,ap,m,isTurning,Currently rotating/turning (boolean),verified-exists
field,com.corrodinggames.rts.game.units,f,a,buoyancyForce,"Buoyancy lift force (float,  default 2000)",verified-exists
field,com.corrodinggames.rts.game.units,f,b,waterSurfaceLevel,Water surface Y level (float),verified-exists
field,com.corrodinggames.rts.game.units,f,c,waveAmplitude,Wave oscillation amplitude (float),verified-exists
field,com.corrodinggames.rts.game.units,f,d,maxWaterDepth,"Maximum water depth (float,  default 2000)",verified-exists
field,com.corrodinggames.rts.game.units,f,e,waterDrag,Drag coefficient in water (float),verified-exists
field,com.corrodinggames.rts.game.units,f,f,angularDrag,Angular/rotation drag (float),verified-exists
field,com.corrodinggames.rts.game.units,f,g,floatOnSurface,"Float on water surface (boolean,  default true)",verified-exists
field,com.corrodinggames.rts.game.units,f,h,submersionDepth,"Submersion depth factor (float,  default 1.0)",verified-exists
field,com.corrodinggames.rts.game.units,f,i,canSubmerge,Can fully submerge (boolean),verified-exists
field,com.corrodinggames.rts.game.units,f,j,sonarRange,Sonar detection range (float),verified-exists
method,com.corrodinggames.rts.game.units,am,"a(com.corrodinggames.rts.game.units.am, float, com.corrodinggames.rts.game.f)",getTargetDistance,,verified-exists
method,com.corrodinggames.rts.game.units,am,"c(float, float, float)",isWithinRange,,verified-exists
method,com.corrodinggames.rts.game.units,am,"b(am,float,f)",repairUnit,,verified-exists
method,com.corrodinggames.rts.game.units,am,A(com.corrodinggames.rts.game.units.am),find_A,"""[Phase3-method] returns java.lang.String""",verified-exists
method,com.corrodinggames.rts.game.units,am,A_,setTransport,UnitInstance: set transport unit,body-verified-v1200
method,com.corrodinggames.rts.game.units,am,B(am),setVariableScopeUnit,AbstractUnit: bu = am2 (h type→null),body-verified-v1500
method,com.corrodinggames.rts.game.units,am,B(com.corrodinggames.rts.game.units.am),accept_B,"""[Phase3-method] returns void""",verified-exists
method,com.corrodinggames.rts.game.units,am,J(),canInflictContactDamage,True if unit deals collision damage [sig-backfill: returns boolean],verified-exists
method,com.corrodinggames.rts.game.units,am,N(),getActionCount,Count of available actions [sig-backfill: returns java.util.ArrayList],verified-exists
method,com.corrodinggames.rts.game.units,am,O,onConstructionTick,UnitInstance: update construction progress,body-verified-v1200
method,com.corrodinggames.rts.game.units,am,O(int),drawWaypointOverlays,[v10.3-resolved: semantic match (1 params,verified-exists
method,com.corrodinggames.rts.game.units,am,P,blocksPathfinding,[[MANUAL: single overload - verify with javap]: multi-overload — needs manual disambiguation] True=unit has collision and blocks pathfinding (2 overloads),verified-exists
method,com.corrodinggames.rts.game.units,am,P(int),setTeamById,AbstractUnit: lookup team by id then e(),body-verified-v1500
method,com.corrodinggames.rts.game.units,am,Q,isBeingConstructed,UnitInstance: check if unit is under construction,body-verified-v1200
method,com.corrodinggames.rts.game.units,am,Q(),isAirUnit,v19.104 agentG: custom/j eq<=-1.0f; 原isCloaked错误,verified
method,com.corrodinggames.rts.game.units,am,Q(int),setTeamInternalById,AbstractUnit: lookup team by id then b(),body-verified-v1500
method,com.corrodinggames.rts.game.units,am,V(),getUpgradeLevel,Upgrade/tier level from subclass [sig-backfill: returns int],verified-exists
method,com.corrodinggames.rts.game.units,am,a(android.graphics.RectF),isVisibleInRect,am: method a(android.graphics.RectF) -> isVisibleInRect,body-verified-v1007
method,com.corrodinggames.rts.game.units,am,a(c),findActionByType,AbstractUnit: iterate N() matching action type,body-verified-v1500
method,com.corrodinggames.rts.game.units,am,a_,initFromType,UnitInstance: initialize from UnitType config,body-verified-v1200
method,com.corrodinggames.rts.game.units,am,a_(boolean),getAnimationFrameRectFull,dC sprite rect,body-verified-v1007
method,com.corrodinggames.rts.game.units,am,aj(),onCustomMessage,Receive custom string action data [sig-backfill: returns boolean],verified-exists
method,com.corrodinggames.rts.game.units,am,ak(),isCombatUnit,"Abstract: true for real units [sig-backfill: returns boolean],  false for decorations",verified-exists
method,com.corrodinggames.rts.game.units,am,b,getCurrentHealth,UnitInstance: get current hit points,body-verified-v1200
method,com.corrodinggames.rts.game.units,am,b(am),getDamageMultiplier,AbstractUnit: 1.0f default,body-verified-v1500
method,com.corrodinggames.rts.game.units,am,b(com.corrodinggames.rts.game.n),assignTeam,raw team field set,body-verified-v1007
method,com.corrodinggames.rts.game.units,am,b(n),setTeamInternal,AbstractUnit: bX assignment only,body-verified-v1500
field,com.corrodinggames.rts.game.units,am,bA,lastRepairTick,Last repair tick,verified-exists
field,com.corrodinggames.rts.game.units,am,bB,lastBuildTick,Last build tick,verified-exists
method,com.corrodinggames.rts.game.units,am,bC,onCostChanged,AbstractUnit: empty default - cost HUD update,body-verified-v1500
method,com.corrodinggames.rts.game.units,am,bC(),onFactoryDeploy,Callback when factory finishes deploying unit [sig-backfill: returns void],verified-exists
field,com.corrodinggames.rts.game.units,am,bE,field_bE,"P3.1-inferred: type=com.corrodinggames.rts.gameFramework.utility.u, was=u0",p3-auto-inferred
field,com.corrodinggames.rts.game.units,am,bF,unitTypeCache,Unit type lookup cache (HashMap),verified-exists
method,com.corrodinggames.rts.game.units,am,bF(),getUnitPool,Get global unit registration/object pool [sig-backfill: returns com.corrodinggames.rts.gameFramework.utility.o],verified-exists
field,com.corrodinggames.rts.game.units,am,bG,actionCache,Action availability cache (HashMap),verified-exists
method,com.corrodinggames.rts.game.units,am,bG(),clearUnitPool,Clear/reset global unit registry pool [sig-backfill: returns void],verified-exists
field,com.corrodinggames.rts.game.units,am,bH,weaponCache,Weapon target cache (HashMap),verified-exists
method,com.corrodinggames.rts.game.units,am,bH(),clearAllStaticRegistries,"Clear all static registries [sig-backfill: returns void],  pools",verified-exists
field,com.corrodinggames.rts.game.units,am,bI,minimapIconPaint,Static gray Paint for minimap icons (no weapons),verified-exists
method,com.corrodinggames.rts.game.units,am,bI(),isFactoryBuilding,True if this is a factory-type building [sig-backfill: returns boolean],verified-exists
field,com.corrodinggames.rts.game.units,am,bJ,minimapWeaponIconPaint,Static white Paint for minimap icons (has weapons),verified-exists
method,com.corrodinggames.rts.game.units,am,bJ(),isNeutralTeam,Whether unit belongs to neutral team [sig-backfill: returns boolean],verified-exists
field,com.corrodinggames.rts.game.units,am,bK,minimapIconColorFilter,Static LightingColorFilter for minimap icons,verified-exists
method,com.corrodinggames.rts.game.units,am,bK(),buildTypeInstanceCache,Build type->placeholder instance cache [sig-backfill: returns java.util.HashMap],verified-exists
field,com.corrodinggames.rts.game.units,am,bL,field_bL,"P3.1-inferred: type=boolean, was=flag1",p3-auto-inferred
method,com.corrodinggames.rts.game.units,am,bL(),initAllCaches,"Initialize action cache [sig-backfill: returns void],  weapon cache",verified-exists
field,com.corrodinggames.rts.game.units,am,bM,field_bM,"P3.1-inferred: type=boolean, was=flag2",p3-auto-inferred
method,com.corrodinggames.rts.game.units,am,bM(),computeTypesHash,Compute hash of all registered unit types [sig-backfill: returns int],verified-exists
field,com.corrodinggames.rts.game.units,am,bN,field_bN,"P3.1-inferred: type=boolean, was=flag3",p3-auto-inferred
method,com.corrodinggames.rts.game.units,am,bN(),getBuildDuration,Default build time (3000.0f) [sig-backfill: returns float],verified-exists
field,com.corrodinggames.rts.game.units,am,bO,field_bO,"P3.1-inferred: type=boolean, was=flag4",p3-auto-inferred
method,com.corrodinggames.rts.game.units,am,bO(),hasSpawnedDeathEffect,v19.104 agentG: y.java:4530 if(!bO()) bo()生成特效; 原isAutoAttack错误,verified
field,com.corrodinggames.rts.game.units,am,bP,field_bP,"P3.1-inferred: type=boolean, was=flag5",p3-auto-inferred
method,com.corrodinggames.rts.game.units,am,bP(),canAttackAir,Whether unit can target air units [sig-backfill: returns boolean],verified-exists
field,com.corrodinggames.rts.game.units,am,bQ,repairTarget,Current repair target unit,verified-exists
method,com.corrodinggames.rts.game.units,am,bQ(),getXpKillReward,XP reward for destroying this unit [sig-backfill: returns float],verified-exists
field,com.corrodinggames.rts.game.units,am,bR,transportUnit,Transported unit reference,verified-exists
method,com.corrodinggames.rts.game.units,am,bR(),updateUnitAgeState,Update unitAge based on current state [sig-backfill: returns void],verified-exists
field,com.corrodinggames.rts.game.units,am,bS,attackTimer,Attack cooldown timer,verified-exists
method,com.corrodinggames.rts.game.units,am,bS(),initTurretTargets,Ensure at least one turret target slot [sig-backfill: returns void],verified-exists
field,com.corrodinggames.rts.game.units,am,bT,field_bT,"P3.1-inferred: type=boolean, was=flag6",type-aware-fp-v19.114
method,com.corrodinggames.rts.game.units,am,bT(),isAlive,Check if unit is alive,verified-exists
field,com.corrodinggames.rts.game.units,am,bU,unitAge,Unit age/lifespan counter,verified-exists
method,com.corrodinggames.rts.game.units,am,bU(),shouldDrawHpBar,Whether HP bar should be drawn [sig-backfill: returns boolean],verified-exists
field,com.corrodinggames.rts.game.units,am,bV,isDead,Unit removal flag beyond isDead/isAlive | A17: 语义名 isUnitRemoved→isDead（03 全树 isUnitRemoved 0 次、isDead 实际使用；stock 类型 Evidence）,verified-exists
method,com.corrodinggames.rts.game.units,am,bV(),getBuildProgressForDisplay,"Build progress 0-1 [sig-backfill: returns float],  -1 if complete",verified-exists
field,com.corrodinggames.rts.game.units,am,bW,lastEventTick,Timestamp of last relevant event (game tick),verified-exists
method,com.corrodinggames.rts.game.units,am,bW(),getRepairProgressForDisplay,Repair progress value or -1 [sig-backfill: returns float],verified-exists
field,com.corrodinggames.rts.game.units,am,bX,player,PlayerState reference for alliance checks | A17: 语义名 owningPlayer→player（03 全树 owningPlayer 0 次、player 实际使用；stock 类型 Evidence）,verified-exists
method,com.corrodinggames.rts.game.units,am,bX(),canBeManuallyRepaired,Whether unit accepts manual repair [sig-backfill: returns boolean],verified-exists
field,com.corrodinggames.rts.game.units,am,bY,field_bY,"P3.1-inferred: type=boolean, was=flag7",p3-auto-inferred
method,com.corrodinggames.rts.game.units,am,bY(),getActionCategoryId,Action menu primary category index [sig-backfill: returns int],verified-exists
field,com.corrodinggames.rts.game.units,am,bZ,velX,X-axis velocity component,verified-exists
method,com.corrodinggames.rts.game.units,am,bZ(),getActionSubCategoryId,Action menu sub-category index [sig-backfill: returns int],verified-exists
method,com.corrodinggames.rts.game.units,am,b_,takeDamage,UnitInstance: apply damage to unit,body-verified-v1200
method,com.corrodinggames.rts.game.units,am,bd(),getMaxEnergy,Maximum energy capacity [sig-backfill: returns float],verified-exists
method,com.corrodinggames.rts.game.units,am,bl(),getWeaponMountCount,Number of turret/weapon mount points [sig-backfill: returns int],verified-exists
field,com.corrodinggames.rts.game.units,am,br,moveSpeed,Current movement speed,verified-exists
field,com.corrodinggames.rts.game.units,am,bs,counter8,[Phase3-inferred] type=int,verified-exists
field,com.corrodinggames.rts.game.units,am,bt,am9,[Phase3-inferred] type=com.corrodinggames.rts.game.units.am,verified-exists
method,com.corrodinggames.rts.game.units,am,bt(),onUnitKilled,Called when unit is killed [sig-backfill: returns void],verified-exists
method,com.corrodinggames.rts.game.units,am,bu(),deathChain,8-step death sequence,verified-exists
method,com.corrodinggames.rts.game.units,am,bv,onUnitRemoved,AbstractUnit: bu()+e()+bt() removal chain,body-verified-v1500
field,com.corrodinggames.rts.game.units,am,bw,scriptScope,LogicBoolean variable scope,verified-exists
method,com.corrodinggames.rts.game.units,am,bw(),computeUnitHash,Hash based on busy state and max HP [sig-backfill: returns int],verified-exists
field,com.corrodinggames.rts.game.units,am,bx,resourceCosts,Resource cost component,verified-exists
field,com.corrodinggames.rts.game.units,am,by,resourceProduction,Resource production component,verified-exists
field,com.corrodinggames.rts.game.units,am,bz,lastAttackedTick,Last time attacked (tick),verified-exists
method,com.corrodinggames.rts.game.units,am,c(),getDebugInfoString,am: method c() -> getDebugInfoString,body-verified-v1007
method,com.corrodinggames.rts.game.units,am,c(am),getRepairRate,AbstractUnit: 0.2f default repair speed,body-verified-v1500
method,com.corrodinggames.rts.game.units,am,c(boolean),onGridUpdated,AbstractUnit: empty default - grid change callback,body-verified-v1500
method,com.corrodinggames.rts.game.units,am,c(float),isRenderable,AbstractUnit: default true (visibility check),body-verified-v1500
field,com.corrodinggames.rts.game.units,am,cA,maxEnergy,Maximum energy capacity,verified-exists
method,com.corrodinggames.rts.game.units,am,cA(),getDefaultStatModifiers,Empty no-op stat modifiers [sig-backfill: returns com.corrodinggames.rts.game.units.custom.e.f],verified-exists
field,com.corrodinggames.rts.game.units,am,cB,currentSensorRange,Effective sensor/vision range after modifiers,verified-exists
method,com.corrodinggames.rts.game.units,am,cB(),toShortDebugString,Short debug: type(id:ID) [sig-backfill: returns java.lang.String],verified-exists
field,com.corrodinggames.rts.game.units,am,cC,field_cC,"P3.1-inferred: type=float, was=value10",p3-auto-inferred
method,com.corrodinggames.rts.game.units,am,cC(),toFullDebugString,Full debug with HP/death/deleted [sig-backfill: returns java.lang.String],verified-exists
method,com.corrodinggames.rts.game.units,am,cD(),getFireCooldownMultiplier,Rate of fire/cooldown multiplier [sig-backfill: returns float],verified-exists
field,com.corrodinggames.rts.game.units,am,cE,buildStageIndex,Build stage or texture variant index,verified-exists
method,com.corrodinggames.rts.game.units,am,cE(),getAnimatedScreenBounds,Screen bounds with animation scale [sig-backfill: returns android.graphics.RectF],verified-exists
field,com.corrodinggames.rts.game.units,am,cF,weaponAmmo,Current weapon ammo,verified-exists
method,com.corrodinggames.rts.game.units,am,cF(),getStaticScreenBounds,Screen bounds without animation [sig-backfill: returns android.graphics.RectF],verified-exists
field,com.corrodinggames.rts.game.units,am,cG,hasWeapon,Has weapon equipped flag,verified-exists
method,com.corrodinggames.rts.game.units,am,cG(),isDamageImmune,Whether immune to all damage [sig-backfill: returns boolean],verified-exists
method,com.corrodinggames.rts.game.units,am,cH,isOnScreenSimple,AbstractUnit: final - cJ() && !(eq>2),body-verified-v1500
field,com.corrodinggames.rts.game.units,am,cI,isFactory,Is factory unit flag,verified-exists
method,com.corrodinggames.rts.game.units,am,cI(),isLeftOfMap,Whether X is beyond map left edge [sig-backfill: returns boolean],verified-exists
field,com.corrodinggames.rts.game.units,am,cJ,productionProgress,Production progress 0-1,verified-exists
method,com.corrodinggames.rts.game.units,am,cJ(),isAboveMap,Whether Y is beyond map top edge [sig-backfill: returns boolean],verified-exists
method,com.corrodinggames.rts.game.units,am,cK(),isOffMapCorner,Whether unit is off-map corner [sig-backfill: returns boolean],verified-exists
field,com.corrodinggames.rts.game.units,am,cL,turretTargets,Array of turret target objects,verified-exists
method,com.corrodinggames.rts.game.units,am,cL(),getResourceCostValue,Resource cost to build this unit [sig-backfill: returns int],verified-exists
field,com.corrodinggames.rts.game.units,am,cM,hasTarget,Has attack target flag,type-aware-fp-v19.114
method,com.corrodinggames.rts.game.units,am,cM(),getResourceProduction,Resource production efficiency [sig-backfill: returns com.corrodinggames.rts.game.units.custom.d.b],verified-exists
field,com.corrodinggames.rts.game.units,am,cN,parentUnit,Parent/carrier/container unit reference,verified-exists
method,com.corrodinggames.rts.game.units,am,cN(),getCustomResourceOverride,Custom resource definition override [sig-backfill: returns com.corrodinggames.rts.game.units.custom.d.b],verified-exists
field,com.corrodinggames.rts.game.units,am,cO,buildUnitType,Unit type being built,verified-exists
method,com.corrodinggames.rts.game.units,am,cO(),isCloaked,Whether unit is currently cloaked [sig-backfill: returns boolean],verified-exists
field,com.corrodinggames.rts.game.units,am,cP,collisionData,Collision filter data,verified-exists
method,com.corrodinggames.rts.game.units,am,cP(),onCloakStateChanged,Called when cloak state toggles [sig-backfill: returns void],verified-exists
field,com.corrodinggames.rts.game.units,am,cQ,experience,Experience/level points,verified-exists
method,com.corrodinggames.rts.game.units,am,cQ(),getMaxFactoryQueueLength,Max factory queue length [sig-backfill: returns int],verified-exists
field,com.corrodinggames.rts.game.units,am,cR,isVeteran,Is veteran unit flag,verified-exists
method,com.corrodinggames.rts.game.units,am,cR(),getCustomEffectHandler,Custom effect handler [sig-backfill: returns com.corrodinggames.rts.game.units.custom.h],verified-exists
field,com.corrodinggames.rts.game.units,am,cS,killCount,Unit kill count,verified-exists
method,com.corrodinggames.rts.game.units,am,cS(),getSightRadius,Vision/detection radius [sig-backfill: returns int],verified-exists
field,com.corrodinggames.rts.game.units,am,cT,deathCount,Unit death count,verified-exists
method,com.corrodinggames.rts.game.units,am,cT(),isCapturable,Whether capturable by enemy [sig-backfill: returns boolean],verified-exists
field,com.corrodinggames.rts.game.units,am,cU,assistCount,Unit assist count,verified-exists
method,com.corrodinggames.rts.game.units,am,cU(),isNotCapturable,Whether not capturable (inverse of cT) [sig-backfill: returns boolean],verified-exists
field,com.corrodinggames.rts.game.units,am,cV,attackDamage,Current attack damage,verified-exists
method,com.corrodinggames.rts.game.units,am,cV(),isAutoRepairActive,Whether auto-repair enabled [sig-backfill: returns boolean],verified-exists
field,com.corrodinggames.rts.game.units,am,cW,hpBarPaint,HP bar paint (green),verified-exists
method,com.corrodinggames.rts.game.units,am,cW(),isAutoReclaimActive,Whether auto-reclaim enabled [sig-backfill: returns boolean],verified-exists
field,com.corrodinggames.rts.game.units,am,cX,hpBgPaint,HP bar background paint (red),verified-exists
method,com.corrodinggames.rts.game.units,am,cX(),updateMinimapIndicator,Create/update minimap indicator [sig-backfill: returns void],verified-exists
field,com.corrodinggames.rts.game.units,am,cY,shieldBarPaint,Shield bar paint (blue),verified-exists
method,com.corrodinggames.rts.game.units,am,cY(),getEffectsRenderOffset,Effect rendering offset [sig-backfill: returns android.graphics.PointF],verified-exists
field,com.corrodinggames.rts.game.units,am,cZ,buildBarPaint,Build progress bar paint (yellow),verified-exists
method,com.corrodinggames.rts.game.units,am,cZ(),getMapOriginX,v19.104 agentG: bL.p被减除 (1966行); 原getMinimapScaleX错误,verified
method,com.corrodinggames.rts.game.units,am,c_,isDestroyed,UnitInstance: check if unit is dead/destroyed,body-verified-v1200
method,com.corrodinggames.rts.game.units,am,c_(),isOnRadar,Whether unit shows on radar/minimap [sig-backfill: returns boolean],verified-exists
field,com.corrodinggames.rts.game.units,am,ca,velY,Y-axis velocity component,verified-exists
method,com.corrodinggames.rts.game.units,am,ca(),onProjectileImpact,Called after projectile hits this unit [sig-backfill: returns void],verified-exists
method,com.corrodinggames.rts.game.units,am,cb(),onBuildingComplete,Called when building/manufacturing complete [sig-backfill: returns void],verified-exists
field,com.corrodinggames.rts.game.units,am,cc,targetX,Target X coordinate,verified-exists
method,com.corrodinggames.rts.game.units,am,cc(),getRenderBounds,Static axis-aligned bounding rect [sig-backfill: returns android.graphics.Rect],verified-exists
field,com.corrodinggames.rts.game.units,am,cd,targetY,Target Y coordinate,verified-exists
method,com.corrodinggames.rts.game.units,am,cd(),getHitboxRect,"AbstractUnit: returns Rect dw field [FIXED: was findTarget - cd returns Rect,  not unit search]",verified-exists
field,com.corrodinggames.rts.game.units,am,ce,dirX,X direction component,verified-exists
method,com.corrodinggames.rts.game.units,am,ce(),getTargetBounds,Target bounding rect via targetX() [sig-backfill: returns android.graphics.Rect],verified-exists
field,com.corrodinggames.rts.game.units,am,cf,dirY,Y direction component,verified-exists
method,com.corrodinggames.rts.game.units,am,cf(),canMove,Check if unit can move,verified-exists
field,com.corrodinggames.rts.game.units,am,cg,facingAngle,Unit rotation angle in degrees,verified-exists
method,com.corrodinggames.rts.game.units,am,cg(),isTargetableForAI,Whether AI can target this unit [sig-backfill: returns boolean],verified-exists
field,com.corrodinggames.rts.game.units,am,ch,turnRate,Turn rate per tick,verified-exists
method,com.corrodinggames.rts.game.units,am,ch(),checkAndRemoveIfDead,AbstractUnit: void - checks !bV && cu<=0 then bv() [FIXED: was canAttack - ch is death check],body-verified-v1300-fixed
method,com.corrodinggames.rts.game.units,am,ci,cullUnit,AbstractUnit: bu()+a()+bt() server-side culling,body-verified-v1500
method,com.corrodinggames.rts.game.units,am,ci(),canBuild,Check if unit can build,verified-exists
method,com.corrodinggames.rts.game.units,am,cj,setHealthZero,AbstractUnit: cu=-1 instant death,body-verified-v1500
method,com.corrodinggames.rts.game.units,am,cj(),getAttackRange,Get attack range,verified-exists
method,com.corrodinggames.rts.game.units,am,ck,hasProductionCapacity,AbstractUnit: bI() && s.c(cm()) factory check,body-verified-v1500
method,com.corrodinggames.rts.game.units,am,ck(),getMoveSpeed,Get current move speed,verified-exists
field,com.corrodinggames.rts.game.units,am,cl,extentY,Collision extent half-height,verified-exists
method,com.corrodinggames.rts.game.units,am,cl(),isIdle,Check if unit is idle,verified-exists
field,com.corrodinggames.rts.game.units,am,cm,buildProgress,Construction completion fraction (0.0-1.0),verified-exists
method,com.corrodinggames.rts.game.units,am,cm(),getDefaultActionType,Default action type category [sig-backfill: returns com.corrodinggames.rts.game.units.a.c],verified-exists
field,com.corrodinggames.rts.game.units,am,cn,sizeScale,Size scale multiplier,verified-exists
method,com.corrodinggames.rts.game.units,am,cn(),getActionCooldownTime,Action cooldown time (-1=none) [sig-backfill: returns float],verified-exists
field,com.corrodinggames.rts.game.units,am,co,isRepairing,Is repairing flag,verified-exists
method,com.corrodinggames.rts.game.units,am,co(),isActionAvailable,Whether action is ready [sig-backfill: returns boolean],verified-exists
field,com.corrodinggames.rts.game.units,am,cq,isConstructing,Is constructing flag,verified-exists
method,com.corrodinggames.rts.game.units,am,cq(),countUsableActions,Count enabled+available actions [sig-backfill: returns int],verified-exists
field,com.corrodinggames.rts.game.units,am,cr,isTransporting,Is transporting units flag,verified-exists
method,com.corrodinggames.rts.game.units,am,cr(),canFireAtAirTargets,Whether can target and shoot air units [sig-backfill: returns boolean],verified-exists
method,com.corrodinggames.rts.game.units,am,cs(),getTargetAcquisitionRange,Auto-acquire target range [sig-backfill: returns float],verified-exists
field,com.corrodinggames.rts.game.units,am,ct,isAttackMoving,Is attack-moving flag,verified-exists
method,com.corrodinggames.rts.game.units,am,ct(),checkIsLargeUnit,Check if this is a large unit [sig-backfill: returns boolean],verified-exists
field,com.corrodinggames.rts.game.units,am,cu,hp,"Paired resource value (HP for trees,  charge for factories)",verified-exists
method,com.corrodinggames.rts.game.units,am,cu(),isRepairable,Whether other units can repair this [sig-backfill: returns boolean],verified-exists
field,com.corrodinggames.rts.game.units,am,cv,maxHp,Maximum paired resource value,verified-exists
method,com.corrodinggames.rts.game.units,am,cv(),isReclaimable,Whether reclaimable for resources [sig-backfill: returns boolean],verified-exists
field,com.corrodinggames.rts.game.units,am,cw,field_cw,"P3.1-inferred: type=float, was=value12",p3-auto-inferred
method,com.corrodinggames.rts.game.units,am,cw(),getMaxUnitGroupSize,Max units per control group [sig-backfill: returns int],verified-exists
method,com.corrodinggames.rts.game.units,am,cx,getMoveSpeedMult,AbstractUnit: 1.0f default,body-verified-v1500
method,com.corrodinggames.rts.game.units,am,cy,getShieldRegenBase,AbstractUnit: 0.0f default,body-verified-v1500
method,com.corrodinggames.rts.game.units,am,cy(),getSpeedMultiplier,Movement speed multiplier [sig-backfill: returns float],verified-exists
field,com.corrodinggames.rts.game.units,am,cz,field_cz,"P3.1-inferred: type=float, was=value14",p3-auto-inferred
method,com.corrodinggames.rts.game.units,am,cz(),getShieldStatModifiers,Shield/energy stat modifiers [sig-backfill: returns com.corrodinggames.rts.game.units.custom.e.f],verified-exists
method,com.corrodinggames.rts.game.units,am,d(am),canBeTargetedBy,AbstractUnit: default true,body-verified-v1500
method,com.corrodinggames.rts.game.units,am,d(boolean),getRenderAngle,AbstractUnit: cg + 90 with flag,body-verified-v1500
method,com.corrodinggames.rts.game.units,am,d(com.corrodinggames.rts.game.n),isVisibleToTeam,fog grid check,body-verified-v1007
field,com.corrodinggames.rts.game.units,am,dA,animatedScreenBounds,Static RectF for animated screen bounds calculation,verified-exists
field,com.corrodinggames.rts.game.units,am,dB,rectF15,[Phase3-inferred] type=android.graphics.RectF,verified-exists
field,com.corrodinggames.rts.game.units,am,dC,textureSrcRect,Static Rect for sprite atlas source rect,verified-exists
field,com.corrodinggames.rts.game.units,am,dD,movementTargetPoint,Static PointF for computed waypoint target position,verified-exists
field,com.corrodinggames.rts.game.units,am,dE,interpolationTargetPoint,Static PointF for interpolated position,verified-exists
field,com.corrodinggames.rts.game.units,am,dG,effectsOffsetPoint,Static PointF for effects render offset,verified-exists
field,com.corrodinggames.rts.game.units,am,dI,customUnitData,Custom mod data container for this unit,verified-exists
method,com.corrodinggames.rts.game.units,am,d_,getPosition,UnitInstance: get world position,body-verified-v1200
field,com.corrodinggames.rts.game.units,am,da,selectionPaint,Selection circle paint,verified-exists
method,com.corrodinggames.rts.game.units,am,da(),getMapOriginY,v19.104 agentG: bL.q被减除; 原getMinimapScaleY错误,verified
field,com.corrodinggames.rts.game.units,am,db,waypointPaint,Waypoint line paint,verified-exists
method,com.corrodinggames.rts.game.units,am,db(),getMinimapDrawRadius,Minimap draw radius [sig-backfill: returns float],verified-exists
field,com.corrodinggames.rts.game.units,am,dc,rangePaint,Attack range circle paint,verified-exists
method,com.corrodinggames.rts.game.units,am,dc(),onUnitDeployed,Called after deploy from factory/transport [sig-backfill: returns void],verified-exists
field,com.corrodinggames.rts.game.units,am,dd,repairRangePaint,Repair range circle paint,verified-exists
method,com.corrodinggames.rts.game.units,am,dd(),updateMapVisibility,Update fog-of-war visibility for this unit [sig-backfill: returns boolean],verified-exists
field,com.corrodinggames.rts.game.units,am,de,resourcePaint,Resource bar paint,verified-exists
method,com.corrodinggames.rts.game.units,am,de(),getStatusEffects,Active status effects handler [sig-backfill: returns com.corrodinggames.rts.game.units.custom.h],verified-exists
field,com.corrodinggames.rts.game.units,am,df,energyBarPaint,Energy bar paint,verified-exists
method,com.corrodinggames.rts.game.units,am,df(),getStatsCollection,Stat modifiers collection [sig-backfill: returns com.corrodinggames.rts.game.units.custom.e.f],verified-exists
field,com.corrodinggames.rts.game.units,am,dg,boundsGrayPaint,Static gray Paint for debug/selection ring,verified-exists
method,com.corrodinggames.rts.game.units,am,dg(),getCustomUnitData,Custom mod data container [sig-backfill: returns com.corrodinggames.rts.game.units.custom.c.c],verified-exists
field,com.corrodinggames.rts.game.units,am,dh,boundsGrayThickPaint,Static thicker gray Paint for selection rings,verified-exists
method,com.corrodinggames.rts.game.units,am,dh(),getCustomStatusHandler,Custom status handler or default [sig-backfill: returns com.corrodinggames.rts.game.units.custom.h],verified-exists
field,com.corrodinggames.rts.game.units,am,di,boundsRedPaint,Static red Paint for enemy/debug rendering,verified-exists
method,com.corrodinggames.rts.game.units,am,di(),onStatusEffectApplied,Called when status effect applied [sig-backfill: returns void],verified-exists
field,com.corrodinggames.rts.game.units,am,dj,boundsStrokePaint,Static generic stroke Paint #1,verified-exists
method,com.corrodinggames.rts.game.units,am,dj(),onStatusEffectRemoved,Called when status effect removed [sig-backfill: returns void],verified-exists
field,com.corrodinggames.rts.game.units,am,dk,boundsStrokePaint2,Static generic stroke Paint #2,verified-exists
method,com.corrodinggames.rts.game.units,am,dk(),hasActiveStatusEffect,Whether unit has active status effect [sig-backfill: returns boolean],verified-exists
method,com.corrodinggames.rts.game.units,am,dl(),isSpawnPointA,Whether marked as spawn point A [sig-backfill: returns boolean],verified-exists
field,com.corrodinggames.rts.game.units,am,dm,factorySlotIndex,Factory unit spawn slot index (default -1),verified-exists
method,com.corrodinggames.rts.game.units,am,dm(),hasSpawnedDeathEffectAlias,v19.104 agentG: return this.bO() (2031行); 原isSpawnPoint_alias错误,verified
field,com.corrodinggames.rts.game.units,am,dn,decorSubType,Decor variant sub-type index (default -99),verified-exists
method,com.corrodinggames.rts.game.units,am,dn(),getCollisionShapeData,Custom collision shape data [sig-backfill: returns com.corrodinggames.rts.game.units.custom.b.n],verified-exists
field,com.corrodinggames.rts.game.units,am,do,smokeParticleTimer,Smoke particle emission timer (HP<33%),verified-exists
method,com.corrodinggames.rts.game.units,am,do(),getCollisionRadius,Collision radius value [sig-backfill: returns float],verified-exists
field,com.corrodinggames.rts.game.units,am,dp,damageTimerTotal,Total accumulated time at low HP,verified-exists
method,com.corrodinggames.rts.game.units,am,dp(),shouldDrawSelectionRing,Whether to draw selection ring [sig-backfill: returns boolean],verified-exists
field,com.corrodinggames.rts.game.units,am,dq,fireParticleTimer,Fire particle emission timer (HP<33%),verified-exists
method,com.corrodinggames.rts.game.units,am,dq(),getCustomResourceHolder,Custom resource holder on unit [sig-backfill: returns com.corrodinggames.rts.game.units.custom.d.b],verified-exists
field,com.corrodinggames.rts.game.units,am,dr,hpBarRect,Static RectF for HP bar fill rectangle,verified-exists
method,com.corrodinggames.rts.game.units,am,dr(),getActiveBuildOrTarget,"Build target if building [sig-backfill: returns com.corrodinggames.rts.game.units.am],  else attack targetfield",verified-exists
field,com.corrodinggames.rts.game.units,am,ds,waypointLinePaint,Static Paint for waypoint/direction lines,verified-exists
field,com.corrodinggames.rts.game.units,am,dt,paint16,[Phase3-inferred] type=android.graphics.Paint,verified-exists
field,com.corrodinggames.rts.game.units,am,du,renderSourceRect,Static RectF for texture rendering source bounds,verified-exists
field,com.corrodinggames.rts.game.units,am,dv,renderDestRect,Static Rect for texture rendering destination,verified-exists
field,com.corrodinggames.rts.game.units,am,dw,renderBoundsCache,Static Rect for cached rendering bounds,verified-exists
field,com.corrodinggames.rts.game.units,am,dx,actionsCache,Static ArrayList for available GameAction objects,verified-exists
field,com.corrodinggames.rts.game.units,am,dy,arrayList17,[Phase3-inferred] type=java.util.ArrayList,verified-exists
field,com.corrodinggames.rts.game.units,am,dz,unitTypeHandle,UnitTypeHandle reference for type lookup,verified-exists
method,com.corrodinggames.rts.game.units,am,e(n),setTeam,AbstractUnit: full team switch with registry updates,body-verified-v1500
method,com.corrodinggames.rts.game.units,am,f(com.corrodinggames.rts.game.n),setTeamWithFallback,am: method f(com.corrodinggames.rts.game.n) -> setTeamWithFallback,body-verified-v1007
method,com.corrodinggames.rts.game.units,am,f(n),setTeamRespectNeutral,AbstractUnit: p() ? b(n.i) : b(n),body-verified-v1500
method,com.corrodinggames.rts.game.units,am,f_,getVelocity,UnitInstance: get movement velocity,body-verified-v1200
method,com.corrodinggames.rts.game.units,am,f_(),syncAliveFromRemoved,Set isAlive from isUnitRemoved flag [sig-backfill: returns void],verified-exists
method,com.corrodinggames.rts.game.units,am,g,getDamageTaken,AbstractUnit: 0.0f default (used in y(am) damaged check),body-verified-v1500
method,com.corrodinggames.rts.game.units,am,g(com.corrodinggames.rts.game.n),updateTeamVisibility,am: method g(com.corrodinggames.rts.game.n) -> updateTeamVisibility,body-verified-v1007
method,com.corrodinggames.rts.game.units,am,g_,setVelocity,UnitInstance: set movement velocity,body-verified-v1200
method,com.corrodinggames.rts.game.units,am,h(float),setFacingAngle,am: method h(float) -> setFacingAngle,body-verified-v1007
method,com.corrodinggames.rts.game.units,am,h_,getRotation,UnitInstance: get facing angle,body-verified-v1200
method,com.corrodinggames.rts.game.units,am,i,isEnabled,real-class-inferred: com.corrodinggames.rts.game.units.am,real-class-v1200
method,com.corrodinggames.rts.game.units,am,i_,setRotation,UnitInstance: set facing angle,body-verified-v1200
method,com.corrodinggames.rts.game.units,am,j_,getOwner,UnitInstance: get owning player,body-verified-v1200
method,com.corrodinggames.rts.game.units,am,k_,setOwner,UnitInstance: set owning player,body-verified-v1200
method,com.corrodinggames.rts.game.units,am,l_,getTeam,UnitInstance: get team/alliance,body-verified-v1200
method,com.corrodinggames.rts.game.units,am,m,getPointF,real-class-inferred: com.corrodinggames.rts.game.units.am,real-class-v1200
method,com.corrodinggames.rts.game.units,am,m(float),getPredictedPosition,"AbstractUnit: eo+cc*t,  ep+cd*t linear prediction",verified-exists
method,com.corrodinggames.rts.game.units,am,m_,isSelected,UnitInstance: check if currently selected,body-verified-v1200
method,com.corrodinggames.rts.game.units,am,n_,setSelected,UnitInstance: toggle selection state,body-verified-v1200
method,com.corrodinggames.rts.game.units,am,o(float),setHealth,AbstractUnit: cu = f2,body-verified-v1500
method,com.corrodinggames.rts.game.units,am,o_,getUnitType,UnitInstance: get UnitType reference,body-verified-v1200
method,com.corrodinggames.rts.game.units,am,p_,getFactory,UnitInstance: get producing factory,body-verified-v1200
method,com.corrodinggames.rts.game.units,am,q(float),getRecentAttacker,AbstractUnit: by - f2*1000 < bs → bt,body-verified-v1500
method,com.corrodinggames.rts.game.units,am,q_,setFactory,UnitInstance: set producing factory,body-verified-v1200
method,com.corrodinggames.rts.game.units,am,r(float),setBuildProgress,am: method r(float) -> setBuildProgress,body-verified-v1007
method,com.corrodinggames.rts.game.units,am,r_,getBuildProgress,UnitInstance: get construction progress (0-1),body-verified-v1200
method,com.corrodinggames.rts.game.units,am,s_,isMoving,UnitInstance: check if unit is moving,body-verified-v1200
method,com.corrodinggames.rts.game.units,am,s_(),isOnScreen,Abstract: unit visible on current screen [sig-backfill: returns boolean],verified-exists
method,com.corrodinggames.rts.game.units,am,t,isWaterBound,AbstractUnit: default false,body-verified-v1500
method,com.corrodinggames.rts.game.units,am,t_,isAttacking,UnitInstance: check if unit is attacking,body-verified-v1200
method,com.corrodinggames.rts.game.units,am,u,isStructure,AbstractUnit: default false,body-verified-v1500
method,com.corrodinggames.rts.game.units,am,u_,getTarget,UnitInstance: get current attack/move target,body-verified-v1200
method,com.corrodinggames.rts.game.units,am,v_,setTarget,UnitInstance: set attack/move target,body-verified-v1200
method,com.corrodinggames.rts.game.units,am,w_,getActionQueue,UnitInstance: get queued actions,body-verified-v1200
method,com.corrodinggames.rts.game.units,am,x,getHealthFraction,AbstractUnit: cu<cv ? cu/cv : -1,body-verified-v1500
method,com.corrodinggames.rts.game.units,am,x(),getHealthPercent,bN-based health fraction,body-verified-v1007
method,com.corrodinggames.rts.game.units,am,x_,addAction,UnitInstance: add action to queue,body-verified-v1200
method,com.corrodinggames.rts.game.units,am,y,getBaseRange,AbstractUnit: 85 default base range/sensor,body-verified-v1500
method,com.corrodinggames.rts.game.units,am,y(am),isDamaged,AbstractUnit: am2.g() > 0 damage check,body-verified-v1500
method,com.corrodinggames.rts.game.units,am,y_,clearActions,UnitInstance: clear action queue,body-verified-v1200
method,com.corrodinggames.rts.game.units,am,z(am),getRepairSpeed,AbstractUnit: g()>0 ? g() : c(am)*5.1,body-verified-v1500
method,com.corrodinggames.rts.game.units,am,z_,getTransport,UnitInstance: get transport unit carrying this unit,body-verified-v1200
method,com.corrodinggames.rts.game.units,ar,A(),isDebugOnly,Whether unit is debug-only (no translation errors) [sig-backfill: returns boolean],verified-exists
method,com.corrodinggames.rts.game.units,ar,B(),getFactoryProductionInfo,Factory production info object (null for non-factory) [sig-backfill: returns com.corrodinggames.rts.game.units.custom.d.b],verified-exists
method,com.corrodinggames.rts.game.units,ar,a(),createUnitInstance,as interface factory; d/d.java:227 as2.a(),body-verified-v1007
field,com.corrodinggames.rts.game.units,ar,ae,allUnitTypes,Static list of all registered UnitRegistry enum values,verified-exists
field,com.corrodinggames.rts.game.units,ar,ag,isRenderingScaled,Set during rendering when scale factor < 1.0,verified-exists
field,com.corrodinggames.rts.game.units,ar,ai,enumValues,Enum constant values array for values() method,verified-exists
method,com.corrodinggames.rts.game.units,ar,b(),initUnitType,calls d.g.K() etc.,body-verified-v1007
method,com.corrodinggames.rts.game.units,ar,c(),getBuildTime,ar: method c() -> getBuildTime,body-verified-v1007
method,com.corrodinggames.rts.game.units,ar,d(),getSellAction,returns units.a.z,body-verified-v1007
method,com.corrodinggames.rts.game.units,ar,e(),getDisplayName,Localized display name with caching [sig-backfill: returns java.lang.String],verified-exists
method,com.corrodinggames.rts.game.units,ar,f(),getDescription,Localized description with caching [sig-backfill: returns java.lang.String],verified-exists
method,com.corrodinggames.rts.game.units,ar,g(),getMaxTechLevel,Maximum available tech level (returns 1) [sig-backfill: returns int],verified-exists
method,com.corrodinggames.rts.game.units,ar,h(),initTechLevels,Initialize tech level 1-3 action lists [sig-backfill: returns void],verified-exists
method,com.corrodinggames.rts.game.units,ar,i(),getUnitTypeName,Java enum constant name string [sig-backfill: returns java.lang.String],verified-exists
method,com.corrodinggames.rts.game.units,ar,j(),canBeBuilt,Whether unit can be built/selected [sig-backfill: returns boolean],verified-exists
method,com.corrodinggames.rts.game.units,ar,k(),canGuard,Whether unit has guard capability [sig-backfill: returns boolean],verified-exists
method,com.corrodinggames.rts.game.units,ar,l(),canPatrol,Whether unit supports patrol [sig-backfill: returns boolean],verified-exists
method,com.corrodinggames.rts.game.units,ar,m(),canStop,Whether unit supports stop command [sig-backfill: returns boolean],verified-exists
method,com.corrodinggames.rts.game.units,ar,n(),canHoldPosition,Whether unit supports hold position [sig-backfill: returns boolean],verified-exists
method,com.corrodinggames.rts.game.units,ar,o(),getSharedUnit,Returns shared unit instance from UnitInstance pool [sig-backfill: returns com.corrodinggames.rts.game.units.ao],verified-exists
method,com.corrodinggames.rts.game.units,ar,p(),hasCustomActions,Whether unit has custom actions [sig-backfill: returns boolean],verified-exists
method,com.corrodinggames.rts.game.units,ar,q(),getCustomUnitConfig,Custom unit config (null by default) [sig-backfill: returns com.corrodinggames.rts.game.units.custom.be],verified-exists
method,com.corrodinggames.rts.game.units,ar,r(),outputUnitImages,Export unit images to output directory [sig-backfill: returns void],verified-exists
method,com.corrodinggames.rts.game.units,ar,s(),printHelpForUnits,Generate HTML help for all non-bug units [sig-backfill: returns void],verified-exists
method,com.corrodinggames.rts.game.units,ar,t(),preloadUnitNames,Preload translations for all enum values [sig-backfill: returns void],verified-exists
method,com.corrodinggames.rts.game.units,ar,u(),getBuilderProvider,Cached builder/provider for action cost lookup [sig-backfill: returns com.corrodinggames.rts.game.units.custom.d.b],verified-exists
method,com.corrodinggames.rts.game.units,ar,v(),getUnitTypeId,Internal unit type ID string [sig-backfill: returns java.lang.String],verified-exists
method,com.corrodinggames.rts.game.units,ar,w(),isTransport,Whether unit type is a transport [sig-backfill: returns boolean],verified-exists
method,com.corrodinggames.rts.game.units,ar,x(),getExtraData,Extra data object (null by default) [sig-backfill: returns com.corrodinggames.rts.game.units.custom.h],verified-exists
method,com.corrodinggames.rts.game.units,ar,y(),hasTeamColor,Whether unit uses team coloring [sig-backfill: returns boolean],verified-exists
method,com.corrodinggames.rts.game.units,ar,z(),getResourceType,Resource type for resource units (null default) [sig-backfill: returns com.corrodinggames.rts.gameFramework.m.e],verified-exists
method,com.corrodinggames.rts.game.units,as,B,getStreamingCost,[V] B()->d.b returns cj; INI 'streamingCost' (ag.java:1475),verified-exists
method,com.corrodinggames.rts.game.units,as,C,availableInDemo,[V] C()->boolean returns ce; INI 'availableInDemo' (ag.java:1470),verified-exists
method,com.corrodinggames.rts.game.units,as,D,getBuildSpeed,[V] D()->float returns ck; INI 'buildSpeed' (ag.java:1484),verified-exists
method,com.corrodinggames.rts.game.units,as,a,createUnitInstance,"""[V] a()->am; ar: a(false); l: l.a(false""",verified-exists
method,com.corrodinggames.rts.game.units,as,b(int),getCreditCostForTechLevel,[V] b(int)->int returns c() ignoring level,verified-exists
method,com.corrodinggames.rts.game.units,as,c,getCreditCost,[V] c()->int returns ch.a() (ResourceCost.a=credits),verified-exists
method,com.corrodinggames.rts.game.units,as,d,getUnitType,[V] d()->a.z; dynamic UnitType wrapper super('s_'+v()) (ar.java aa field),verified-exists
method,com.corrodinggames.rts.game.units,as,e,getLocalizedName,[V] e()->String; translation 'units.'+name+'.name' (ar.java),verified-exists
method,com.corrodinggames.rts.game.units,as,f,getLocalizedDescription,[V] f()->String; translation 'units.'+name+'.description' (ar.java),verified-exists
method,com.corrodinggames.rts.game.units,as,g,getTechLevel,[V] g()->int returns cl; INI 'techLevel' (ag.java:1485),verified-exists
method,com.corrodinggames.rts.game.units,as,h,buildTechTree,[V] h()->void; ar populates af[3] tech-level slots,verified-exists
method,com.corrodinggames.rts.game.units,as,i,getUnitId,[V] i()->String; ar: enum name; MapEngine as2.i() for GID,verified-exists
method,com.corrodinggames.rts.game.units,as,j,isBuilding,[V] j()->boolean returns aH; INI 'isBuilding' (ag.java:1708),verified-exists
method,com.corrodinggames.rts.game.units,as,k,ignoreInUnitCapCalculation,[V] k()->boolean returns aI; INI 'ignoreInUnitCapCalculation' (ag.java:1709),verified-exists
method,com.corrodinggames.rts.game.units,as,l,isBuilder,[V] l()->boolean returns fp; error '[core]isBuilder' (ag.java:1879),verified-exists
method,com.corrodinggames.rts.game.units,as,m,useAsBuilder,[V] m()->boolean returns fq; '[ai]useAsBuilder' (ag.java:1878),verified-exists
method,com.corrodinggames.rts.game.units,as,n,useAsHarvester,[V] n()->boolean returns fr; INI 'useAsHarvester' (ag.java:1887),verified-exists
method,com.corrodinggames.rts.game.units,as,o,getMovementType,[V] o()->ao returns fg; INI 'movementType' (ag.java:1865); ao enum,verified-exists
method,com.corrodinggames.rts.game.units,as,p,placeOnlyOnResPool,[V] p()->boolean returns aJ; INI 'placeOnlyOnResPool' (ag.java:1710),verified-exists
method,com.corrodinggames.rts.game.units,as,q,getPlacementRuleGroup,"""[V] q()->be returns ff; be.a(l""",verified-exists
method,com.corrodinggames.rts.game.units,as,u,getBaseCost,[V] u()->d.b returns ch; INI 'price' (ag.java:1473),verified-exists
method,com.corrodinggames.rts.game.units,as,v,getUnitTypeName,[V] v()->String returns M; INI 'name' (ag.java:1205),verified-exists
method,com.corrodinggames.rts.game.units,as,w,isLocked,[V] w()->boolean returns cf/cg; INI 'isLocked'/'isLockedIfGameModeNoNuke' (ag.java:1471-1472),verified-exists
method,com.corrodinggames.rts.game.units,as,x,getUnitConfig,[V] x()->h returns O; INI 'tags' parsed (ag.java:1223),verified-exists
method,com.corrodinggames.rts.game.units,as,y,usesCreditResources,[V] y()->boolean returns gr; set by a(d.b) when credit cost (l.java:934),verified-exists
method,com.corrodinggames.rts.game.units,as,z,getImageTexture,[V] z()->m.e; body image Texture,verified-exists
method,com.corrodinggames.rts.game.units,h,"a(com.corrodinggames.rts.game.units.a.s,boolean)",a_2p,,verified-exists
field,com.corrodinggames.rts.game.units,h,A,actionEnableAIDebug,Debug: enable AI debug (static s),verified-exists
method,com.corrodinggames.rts.game.units,h,A(),getResourceProductionRate,Returns resource production rate float [sig-backfill: returns float],verified-exists
field,com.corrodinggames.rts.game.units,h,B,actionEnableTriggerDebug,Debug: enable trigger debug (static s),verified-exists
method,com.corrodinggames.rts.game.units,h,B(),getBuildPowerOutput,Returns build power output float [sig-backfill: returns float],verified-exists
field,com.corrodinggames.rts.game.units,h,C,actionClearSaveHistory,Debug: clear save history (static s),verified-exists
method,com.corrodinggames.rts.game.units,h,C(),getRepairRate,Returns repair rate float [sig-backfill: returns float],verified-exists
field,com.corrodinggames.rts.game.units,h,D,buildQueue,Build queue,verified-exists
method,com.corrodinggames.rts.game.units,h,D(),getReclaimRate,Returns reclaim rate float [sig-backfill: returns float],verified-exists
method,com.corrodinggames.rts.game.units,h,E(),hasActiveProduction,Whether factory has active production [sig-backfill: returns boolean],verified-exists
method,com.corrodinggames.rts.game.units,h,F(),isQueuePaused,Whether production queue is paused [sig-backfill: returns boolean],verified-exists
method,com.corrodinggames.rts.game.units,h,G(),getQueueProgress,Returns current queue item progress float [sig-backfill: returns float],verified-exists
method,com.corrodinggames.rts.game.units,h,H(),getMaxQueueCapacity,Returns max queue items capacity [sig-backfill: returns float],verified-exists
method,com.corrodinggames.rts.game.units,h,I(),canAcceptOrders,Whether factory can accept new build orders [sig-backfill: returns boolean],verified-exists
method,com.corrodinggames.rts.game.units,h,J(),isUpgrading,Whether factory is currently upgrading [sig-backfill: returns boolean],verified-exists
field,com.corrodinggames.rts.game.units,h,K,buildFilter,Build availability filter,verified-exists
method,com.corrodinggames.rts.game.units,h,K(),processUpgradeComplete,Handle upgrade completion [sig-backfill: returns void],verified-exists
method,com.corrodinggames.rts.game.units,h,L(),getLinkedFactory,Returns linked/paired factory reference [sig-backfill: returns com.corrodinggames.rts.game.units.h],verified-exists
method,com.corrodinggames.rts.game.units,h,M(),processBuildComplete,Handle build completion and unit spawning [sig-backfill: returns void],verified-exists
method,com.corrodinggames.rts.game.units,h,N(),getBuildableActions,Returns list of buildable action types [sig-backfill: returns java.util.ArrayList],verified-exists
method,com.corrodinggames.rts.game.units,h,O(),updateProductionQueue,Update production queue processing [sig-backfill: returns void],verified-exists
method,com.corrodinggames.rts.game.units,h,P(),isProductionComplete,Whether current production item is done [sig-backfill: returns boolean],verified-exists
method,com.corrodinggames.rts.game.units,h,b_,get_b_,"""[Phase3-method] returns boolean""",verified-exists
method,com.corrodinggames.rts.game.units,h,e,onUnitDeath,"DebugCheatUnit: void - dead texture,  bT=false",verified-exists
method,com.corrodinggames.rts.game.units,h,e(),processBuildQueue,Process build queue,verified-exists
method,com.corrodinggames.rts.game.units,h,e_,getPointF,real-class-inferred: com.corrodinggames.rts.game.units.h,real-class-v1200
method,com.corrodinggames.rts.game.units,h,f(),startBuild,Start building unit,verified-exists
method,com.corrodinggames.rts.game.units,h,g(),cancelBuild,Cancel current build,verified-exists
field,com.corrodinggames.rts.game.units,h,h,actionReloadUnits,Debug: reload all units (static s),verified-exists
field,com.corrodinggames.rts.game.units,h,i,actionReloadActive,Debug: reload active units (static s),verified-exists
field,com.corrodinggames.rts.game.units,h,j,actionCloneUnit,Debug: clone unit (static s),verified-exists
method,com.corrodinggames.rts.game.units,h,k,getIconTexture,DebugCheatUnit: returns null (no icon for debug unit) [FIXED: was incorrectly isBuildable],body-verified-v1300-fixed
method,com.corrodinggames.rts.game.units,h,k(),isBuildable,Check if unit type is buildable,verified-exists
method,com.corrodinggames.rts.game.units,h,l(),getQueueLength,Get build queue length,verified-exists
method,com.corrodinggames.rts.game.units,h,m(),clearBuildQueue,Clear entire build queue,verified-exists
field,com.corrodinggames.rts.game.units,h,n,actionNukeAt,Debug: nuke at position (static s),verified-exists
field,com.corrodinggames.rts.game.units,h,o,actionFreezeAI,Debug: freeze AI (static s),verified-exists
field,com.corrodinggames.rts.game.units,h,p,actionChangeAlliance,Debug: change alliance (static s),verified-exists
field,com.corrodinggames.rts.game.units,h,q,rallyPoint,Rally point position,verified-exists
method,com.corrodinggames.rts.game.units,h,r,getas,real-class-inferred: com.corrodinggames.rts.game.units.h,real-class-v1200
field,com.corrodinggames.rts.game.units,h,s,idleTimer,Idle time counter,verified-exists
field,com.corrodinggames.rts.game.units,h,t,totalProduced,Total units produced count,verified-exists
field,com.corrodinggames.rts.game.units,h,x,actionFastForward,Debug: fast forward (static s),verified-exists
method,com.corrodinggames.rts.game.units,h$3,"a(am,boolean)",isEnabled,,verified-exists
method,com.corrodinggames.rts.game.units,h$3,"c(am,boolean)",execute,,verified-exists
method,com.corrodinggames.rts.game.units,h$3,a(),getHelpText,Phase3-inferred: returns 'Start playback of last a replay',verified-exists
method,com.corrodinggames.rts.game.units,h$3,b(),getName,Phase3-inferred: returns 'Start Playback',verified-exists
method,com.corrodinggames.rts.game.units,h$3,d(),getDynamicLabel,Phase3-inferred: 'Start Playback'/'Stop Playback' depending on replay state,verified-exists
method,com.corrodinggames.rts.game.units,h$9,"c(am,boolean)",execute,,verified-exists
method,com.corrodinggames.rts.game.units,h$9,a(),getHelpText,Phase3-inferred: returns 'Search for units',verified-exists
method,com.corrodinggames.rts.game.units,h$9,b(),getDynamicName,"""Phase3-inferred: 'Search: <filter>' when unit search active""",verified-exists
method,com.corrodinggames.rts.game.units,h$9,j(),getIcon,Phase3-inferred: j() returns m.e icon texture (h.g),verified-exists
method,com.corrodinggames.rts.game.units,n,"a(int,int)",jumpToNextCategory,,verified-exists
method,com.corrodinggames.rts.game.units,n,a(),getName,n: method a() -> getName,body-verified-v1007
field,com.corrodinggames.rts.game.units,n,b,categoryWater,Water unit category (enum n),verified-exists
method,com.corrodinggames.rts.game.units,n,b(),isAvailable,n: method b() -> isAvailable,body-verified-v1007
field,com.corrodinggames.rts.game.units,n,c,categoryAir,Air unit category (enum n),verified-exists
field,com.corrodinggames.rts.game.units,n,d,categoryHover,Hover unit category (enum n),verified-exists
field,com.corrodinggames.rts.game.units,n,e,categoryAmphibious,Amphibious unit category (enum n),verified-exists
field,com.corrodinggames.rts.game.units,n,f,categoryBuilding,Building category (enum n),verified-exists
field,com.corrodinggames.rts.game.units,n,g,$VALUES,enum values array,body-verified-v1007
method,com.corrodinggames.rts.game.units,o,"a(int,int)",jumpToNextBehavior,,verified-exists
method,com.corrodinggames.rts.game.units,o,a(),getName,o: method a() -> getName,body-verified-v1007
field,com.corrodinggames.rts.game.units,o,b,behaviorMoving,Moving behavior (enum o),verified-exists
method,com.corrodinggames.rts.game.units,o,b(),isAvailable,o: method b() -> isAvailable,body-verified-v1007
field,com.corrodinggames.rts.game.units,o,c,behaviorAttacking,Attacking behavior (enum o),verified-exists
field,com.corrodinggames.rts.game.units,o,d,behaviorBuilding,Building behavior (enum o),verified-exists
field,com.corrodinggames.rts.game.units,o,e,behaviorRepairing,Repairing behavior (enum o),verified-exists
field,com.corrodinggames.rts.game.units,o,f,$VALUES,enum values array,body-verified-v1007
field,com.corrodinggames.rts.game.units,r,a,actionTargetType,"P3.3-deep-curated: class-context, was=r1",p3-deep-curated
method,com.corrodinggames.rts.game.units,r,a(),getRidgeTexturePath,r$1 returns 'ridges/Sand Nothing - Flat.tsx',body-verified-v1007
field,com.corrodinggames.rts.game.units,r,b,actionCooldown,"P3.3-deep-curated: class-context, was=r2",p3-deep-curated
method,com.corrodinggames.rts.game.units,r,b(),getTerrainTexturePath,r$1 returns 'terrain/Long Grass.tsx',body-verified-v1007
field,com.corrodinggames.rts.game.units,r,c,actionRange,"P3.3-deep-curated: class-context, was=r3",p3-deep-curated
field,com.corrodinggames.rts.game.units,r,d,actionDamage,"P3.3-deep-curated: class-context, was=r4",p3-deep-curated
field,com.corrodinggames.rts.game.units,r,e,actionEffectType,"P3.3-deep-curated: class-context, was=r5",p3-deep-curated
method,com.corrodinggames.rts.game.units,x,A(),getTurnRate,Body rotation speed 4.8 deg/sec [sig-backfill: returns float],verified-exists
method,com.corrodinggames.rts.game.units,x,B(),getAngularAcceleration,Angular acceleration 0.35f for smooth turning [sig-backfill: returns float],verified-exists
method,com.corrodinggames.rts.game.units,x,C(),getAcceleration,Forward acceleration 0.04f toward max speed [sig-backfill: returns float],verified-exists
method,com.corrodinggames.rts.game.units,x,D(),getDeceleration,Braking deceleration 0.1f (faster than accel) [sig-backfill: returns float],verified-exists
method,com.corrodinggames.rts.game.units,x,E(),canBodyRotateToAim,True=mobile units rotate body to face target [sig-backfill: returns boolean],verified-exists
method,com.corrodinggames.rts.game.units,x,F(),isOnElevatedGround,Whether unit sits on elevated terrain [sig-backfill: returns boolean],verified-exists
method,com.corrodinggames.rts.game.units,x,G(),getShadowOffsetX,Shadow/label render X offset 1.0f [sig-backfill: returns float],verified-exists
method,com.corrodinggames.rts.game.units,x,H(),getShadowOffsetY,Shadow/label render Y offset 1.0f [sig-backfill: returns float],verified-exists
method,com.corrodinggames.rts.game.units,x,I(),isOperational,Whether active for movement and AI (abstract) [sig-backfill: returns boolean],verified-exists
method,com.corrodinggames.rts.game.units,x,J(),isMeleeRammingUnit,True=melee/ramming unit deals collision damage [sig-backfill: returns boolean],verified-exists
method,com.corrodinggames.rts.game.units,x,P(),isAIControllable,True=AI can manage this unit [sig-backfill: returns boolean],verified-exists
method,com.corrodinggames.rts.game.units,x,Q(),isDisabled,Whether disabled/stunned/unusable [sig-backfill: returns boolean],verified-exists
method,com.corrodinggames.rts.game.units,x,c,getWeaponRangeForLevel,[[MANUAL: single overload - verify with javap]: multi-overload — needs manual disambiguation] Weapon attack range 99.0f baseline (2 overloads),verified-exists
method,com.corrodinggames.rts.game.units,x,d(),getMovingTexture,[v10.3-resolved: semantic match (0 params,verified-exists
method,com.corrodinggames.rts.game.units,x,e(),hasDeathSound,[v10.3-resolved: semantic match (0 params,verified-exists
method,com.corrodinggames.rts.game.units,x,f_(),resetInactiveFlag,Reset bT flag to false (unit ready/active) [sig-backfill: returns void],verified-exists
method,com.corrodinggames.rts.game.units,x,g(int),getWeaponCooldownForLevel,Weapon fire cooldown 10.0f [sig-backfill: returns float],verified-exists
method,com.corrodinggames.rts.game.units,x,h(),getMovementType,"v19.103 agentF纠正: x是空中单位基类 (i()=true飞机判定), 非base mobile",verified
method,com.corrodinggames.rts.game.units,x,i(),isAvailableInEditor,True=appears in game editor/menus [sig-backfill: returns boolean],verified-exists
method,com.corrodinggames.rts.game.units,x,k(),getTextureOverlay,Secondary overlay texture (null=no overlay) [sig-backfill: returns com.corrodinggames.rts.gameFramework.m.e],verified-exists
method,com.corrodinggames.rts.game.units,x,l(),isGroundUnit,Whether ground-based unit [sig-backfill: returns boolean],verified-exists
method,com.corrodinggames.rts.game.units,x,m(),getBuildTime,Construction build time 30.0f [sig-backfill: returns float],verified-exists
method,com.corrodinggames.rts.game.units,x,u(),isCrossableByUnits,True=other units can pass through [sig-backfill: returns boolean],verified-exists
method,com.corrodinggames.rts.game.units,x,v(),getBaseTexture,Unit idle/base texture (null=default) [sig-backfill: returns com.corrodinggames.rts.gameFramework.m.e],verified-exists
method,com.corrodinggames.rts.game.units,x,z(),getMaxSpeed,"Maximum movement speed (abstract [sig-backfill: returns float],  0.0 default)",verified-exists
method,com.corrodinggames.rts.game.units,y,"d(float,float)",createWaypoint,,verified-exists
method,com.corrodinggames.rts.game.units,y,"e(float,float)",createWaypointOffset,,verified-exists
method,com.corrodinggames.rts.game.units,y,"a(am,float,int)",attackWithTurret,,verified-exists
method,com.corrodinggames.rts.game.units,y,"b(am,boolean)",canAttackOrRepair,BaseUnit: final - a(am,verified-exists
method,com.corrodinggames.rts.game.units,y,A(),getTurnSpeed,[v10.3-resolved: semantic match (0 params | returns float)] Turn speed (float) (2 overloads),verified-exists
method,com.corrodinggames.rts.game.units,y,A(int),getTurretMinRange,BaseUnit: -1 default,body-verified-v1500
method,com.corrodinggames.rts.game.units,y,B(),getAngularAccel,[v10.3-resolved: semantic match (0 params | returns float)] Angular acceleration (2 overloads),verified-exists
method,com.corrodinggames.rts.game.units,y,B(int),getTurretBaseAngle,BaseUnit: turret reference angle offset,body-verified-v1500
method,com.corrodinggames.rts.game.units,y,C(),getAcceleration,[v10.3-resolved: semantic match (0 params | returns float)] Forward acceleration (2 overloads),verified-exists
method,com.corrodinggames.rts.game.units,y,C(int),getTurretFacingAngle,BaseUnit: ci && bb() ? cg+180 : cg,body-verified-v1500
method,com.corrodinggames.rts.game.units,y,D,getai,real-class-inferred: com.corrodinggames.rts.game.units.y,real-class-v1200
method,com.corrodinggames.rts.game.units,y,D(),getDeceleration,[v10.3-resolved: semantic match (0 params | returns float)] Braking deceleration (2 overloads),verified-exists
method,com.corrodinggames.rts.game.units,y,D(int),getBarrelEndPoint,BaseUnit: bf.a(E(n2)) PointF calc,body-verified-v1500
method,com.corrodinggames.rts.game.units,y,E,getPointF,real-class-inferred: com.corrodinggames.rts.game.units.y,real-class-v1200
method,com.corrodinggames.rts.game.units,y,E(),isTurretLockedToBody,[v10.3-resolved: semantic match (0 params,verified-exists
method,com.corrodinggames.rts.game.units,y,E(int),getMuzzlePoint,BaseUnit: forward point + g(n2) barrel length,body-verified-v1500
method,com.corrodinggames.rts.game.units,y,F(),isAboveGround,[v10.3-resolved: semantic match (0 params,verified-exists
method,com.corrodinggames.rts.game.units,y,G(),getMuzzleOffsetX,[v10.3-resolved: semantic match (0 params,verified-exists
method,com.corrodinggames.rts.game.units,y,G(int),getTurretWorldPos,BaseUnit: H/I/J recoil offsets included,body-verified-v1500
method,com.corrodinggames.rts.game.units,y,H(),getMuzzleOffsetY,[v10.3-resolved: semantic match (0 params,verified-exists
method,com.corrodinggames.rts.game.units,y,H(int),getRecoilDistance,BaseUnit: 0 default recoil phase 1,body-verified-v1500
method,com.corrodinggames.rts.game.units,y,I(),isUsableInternal,[v10.3-resolved: semantic match (0 params,verified-exists
method,com.corrodinggames.rts.game.units,y,I(int),getRecoilOutDistance,BaseUnit: 4 default recoil phase 2,body-verified-v1500
method,com.corrodinggames.rts.game.units,y,J(int),getRecoilReturnDistance,BaseUnit: 6 default recoil phase 3,body-verified-v1500
method,com.corrodinggames.rts.game.units,y,K(int),getTurretAimOffset,"BaseUnit: bj + (h, i) aim adjustment",verified-exists
field,com.corrodinggames.rts.game.units,y,L,debugUnitTypes,Debug unit types flag (static boolean),verified-exists
method,com.corrodinggames.rts.game.units,y,L(int),getTurretSpread,BaseUnit: 0.6f spread coefficient,body-verified-v1500
field,com.corrodinggames.rts.game.units,y,M,unitIconTexture,Unit icon texture (m.e),verified-exists
method,com.corrodinggames.rts.game.units,y,M(int),resetMountOffsets,Reset turret h/i offsets; -1 resets all [sig-backfill: returns void],verified-exists
field,com.corrodinggames.rts.game.units,y,N,unitIconAltTexture,Unit alternate icon texture (m.e),verified-exists
method,com.corrodinggames.rts.game.units,y,N(int),drawPlacementGrid,Render build footprint on minimap preview [sig-backfill: returns void],verified-exists
field,com.corrodinggames.rts.game.units,y,O,emptyWeaponActions,Shared empty WeaponAction[] array constant,verified-exists
field,com.corrodinggames.rts.game.units,y,P,currentBehavior,Current AI behavior (attack/move/build/patrol),verified-exists
field,com.corrodinggames.rts.game.units,y,Q,teamColorIndexCache,Cached team color index (int  -9999=unset),verified-exists
field,com.corrodinggames.rts.game.units,y,R,targetUnit,Targeted/followed UnitInstance reference,verified-exists
method,com.corrodinggames.rts.game.units,y,R(),getDefaultPaint,Default paint with anti-alias check [sig-backfill: returns android.graphics.Paint],verified-exists
field,com.corrodinggames.rts.game.units,y,S,sizeX,Unit collision box width in world units,verified-exists
method,com.corrodinggames.rts.game.units,y,S(),loadTextures,Loads unitIconTexture and unitIconAltTexture [sig-backfill: returns void],verified-exists
field,com.corrodinggames.rts.game.units,y,T,sizeY,Unit collision box height in world units,verified-exists
method,com.corrodinggames.rts.game.units,y,T(),getOptionalTexture,Optional extra texture (null default) [sig-backfill: returns com.corrodinggames.rts.gameFramework.m.e],verified-exists
field,com.corrodinggames.rts.game.units,y,U,radius,Unit circular collision radius,verified-exists
method,com.corrodinggames.rts.game.units,y,U(),logUnitTypeDebug,Dump debug info for this unit type [sig-backfill: returns void],verified-exists
field,com.corrodinggames.rts.game.units,y,V,waypointElapsedTime,v19.102 复核: 3257行路径点入队时清零 + 330行k2.g()读float; 原maxHp错误,verified
method,com.corrodinggames.rts.game.units,y,V(),getUnitClassId,Unit classification ID [sig-backfill: returns int],verified-exists
field,com.corrodinggames.rts.game.units,y,W,pathStallTimer,v19.102 复核: 2736行W+=f2累积 + >200/600/80/40阈值触发重寻路aH(); 原speed错误,verified
method,com.corrodinggames.rts.game.units,y,W(),removeFromEngine,Remove from engine unit list (local player) [sig-backfill: returns void],verified-exists
field,com.corrodinggames.rts.game.units,y,X,pathStallTimerX,v19.102 复核: 401行k2.g()读 + 与W同类停滞计时; 原turnSpeed错误,verified
method,com.corrodinggames.rts.game.units,y,X(),getBuilderTarget,Target unit being built/reclaimed [sig-backfill: returns com.corrodinggames.rts.game.units.am],verified-exists
field,com.corrodinggames.rts.game.units,y,Y,idleWaitTimer,v19.102 复核: 3258行清零 + 原地等待计时; 原turretTurnSpeed错误,verified
method,com.corrodinggames.rts.game.units,y,Y(),isReclaimWaypoint,Active waypoint is reclaim command [sig-backfill: returns boolean],verified-exists
field,com.corrodinggames.rts.game.units,y,Z,unitInstance,Attached UnitInstance self-reference,verified-exists
method,com.corrodinggames.rts.game.units,y,Z(),hasTargetUnit,Deprecated: returns targetUnit != null [sig-backfill: returns boolean],verified-exists
method,com.corrodinggames.rts.game.units,y,a,do_a,"""[Phase3-method] returns void""",verified-exists
method,com.corrodinggames.rts.game.units,y,a(String),logUnitMessage,BaseUnit: (Unit log:type id): msg format,body-verified-v1500
method,com.corrodinggames.rts.game.units,y,a(ab),playHitEffect,BaseUnit: damage type->sound/particle/smoke,body-verified-v1500
method,com.corrodinggames.rts.game.units,y,a(am),canAttackTarget,"BaseUnit: default false,  overridden by subclasses",verified-exists
method,com.corrodinggames.rts.game.units,y,a(float),tickMovement,BaseUnit: move/turn/collision per-frame update,body-verified-v1500
method,com.corrodinggames.rts.game.units,y,a(int),onFactorySlotAssigned,BaseUnit: empty - build slot notification hook,body-verified-v1500
method,com.corrodinggames.rts.game.units,y,a(y),setFactoryLink,BaseUnit: ad reference + ag counter,body-verified-v1500
field,com.corrodinggames.rts.game.units,y,aA,field_aA,"P3.1-inferred: type=float, was=value2",p3-auto-inferred
method,com.corrodinggames.rts.game.units,y,aA(),clearNonBuildWaypoints,Remove non-build/deliver waypoints [sig-backfill: returns void],verified-exists
field,com.corrodinggames.rts.game.units,y,aB,linkedUnitGroup,Unit group this unit belongs to,verified-exists
method,com.corrodinggames.rts.game.units,y,aB(),resetFactoryLink,Clear factory ref + experimental flags [sig-backfill: returns void],verified-exists
field,com.corrodinggames.rts.game.units,y,aC,linkedBaseZone,Linked base zone action reference,verified-exists
method,com.corrodinggames.rts.game.units,y,aC(),processLinkedFactories,Apply shield/order constraints to factories [sig-backfill: returns void],verified-exists
field,com.corrodinggames.rts.game.units,y,aD,pathToZone,Current path leads to linked zone flag,verified-exists
method,com.corrodinggames.rts.game.units,y,aD(),unlinkAllFactories,Unlink all factories from shield unit [sig-backfill: returns void],verified-exists
field,com.corrodinggames.rts.game.units,y,aE,defaultNonAliasPaint,Static non-anti-aliased texture proxy,verified-exists
method,com.corrodinggames.rts.game.units,y,aE(),getFirstPathNode,First pathfinding node [sig-backfill: returns com.corrodinggames.rts.game.units.af],verified-exists
field,com.corrodinggames.rts.game.units,y,aF,defaultAliasPaint,Static anti-aliased texture proxy,verified-exists
method,com.corrodinggames.rts.game.units,y,aF(),getSecondPathNode,Second pathfinding node [sig-backfill: returns com.corrodinggames.rts.game.units.af],verified-exists
field,com.corrodinggames.rts.game.units,y,aG,zeroPoint,Static zero-initialized PointF constant,verified-exists
method,com.corrodinggames.rts.game.units,y,aG(),hasAdvancedPathing,Has 2+ path nodes + speed [sig-backfill: returns boolean],verified-exists
field,com.corrodinggames.rts.game.units,y,aH,spatialGridHelper,Static reusable SpatialGrid cell for queries,verified-exists
method,com.corrodinggames.rts.game.units,y,aH(),resetPathData,Reset path count/flags/speed/turnSpeed [sig-backfill: returns void],verified-exists
field,com.corrodinggames.rts.game.units,y,aI,targetCount,Number of valid targets in targetArray,verified-exists
method,com.corrodinggames.rts.game.units,y,aI(),resetPathDataFull,Full reset incl path node arrays [sig-backfill: returns void],verified-exists
field,com.corrodinggames.rts.game.units,y,aJ,targetArray,Array of nearby target UnitInstances (size 10),verified-exists
method,com.corrodinggames.rts.game.units,y,aJ(),advancePathNode,Advances to next path node [sig-backfill: returns void],verified-exists
field,com.corrodinggames.rts.game.units,y,aK,targetDistanceArray,Distances for targets in targetArray,type-aware-fp-v19.114
method,com.corrodinggames.rts.game.units,y,aK(),isOnWalkableTile,Current tile walkable check [sig-backfill: returns boolean],verified-exists
field,com.corrodinggames.rts.game.units,y,aL,pathRetryCounter,Path retry/validation counter (default -9999),type-aware-fp-v19.114
method,com.corrodinggames.rts.game.units,y,aL(),computePathHash,Hash of path node coordinates [sig-backfill: returns long],verified-exists
field,com.corrodinggames.rts.game.units,y,aM,unitTypeRegistry,Static unit type registry for lookup,verified-exists
method,com.corrodinggames.rts.game.units,y,aM(),getBuildProgressCap,Partial-build progress cap [sig-backfill: returns float],verified-exists
field,com.corrodinggames.rts.game.units,y,aN,hasTurretTarget,Turret acquired and tracking target flag,verified-exists
method,com.corrodinggames.rts.game.units,y,aN(),composeRenderPaint,Paint with team color + health + status effects [sig-backfill: returns android.graphics.Paint],verified-exists
field,com.corrodinggames.rts.game.units,y,aO,isBuildingOrReclaiming,Actively building/reclaiming target flag,verified-exists
method,com.corrodinggames.rts.game.units,y,aO(),shouldAntiAlias,Anti-aliased rendering check [sig-backfill: returns boolean],verified-exists
method,com.corrodinggames.rts.game.units,y,aP(),getMuzzleOffset,Muzzle flash offset point [sig-backfill: returns android.graphics.PointF],verified-exists
field,com.corrodinggames.rts.game.units,y,aQ,spatialQueryHelper1,Static reusable spatial query filter #1,verified-exists
method,com.corrodinggames.rts.game.units,y,aQ(),renderAlternateIcon,Renders alternate icon for builder/delivery [sig-backfill: returns boolean],verified-exists
field,com.corrodinggames.rts.game.units,y,aR,spatialQueryHelper2,Static reusable spatial query filter #2,verified-exists
method,com.corrodinggames.rts.game.units,y,aR(),isUsable,Unit usable by AI (custom allows or standard type) [sig-backfill: returns boolean],verified-exists
field,com.corrodinggames.rts.game.units,y,aT,formationHelper2,Static reusable unit formation helper #2,verified-exists
method,com.corrodinggames.rts.game.units,y,aT(),getGroupSizeLimit,Max units per control group (-1=unlimited) [sig-backfill: returns int],verified-exists
method,com.corrodinggames.rts.game.units,y,aU(),getBuildRange,Build/repair range (from resource2Cost) [sig-backfill: returns float],verified-exists
field,com.corrodinggames.rts.game.units,y,aV,pathfindCache,Static cache of recent pathfind requests,verified-exists
method,com.corrodinggames.rts.game.units,y,aV(),isBuildingPlacer,Building placement helper unit flag [sig-backfill: returns boolean],verified-exists
field,com.corrodinggames.rts.game.units,y,aW,reusablePathNode,Static reusable single PathNode instance,verified-exists
method,com.corrodinggames.rts.game.units,y,aW(),clampTurretAngles,Clamp turret extension angles to max [sig-backfill: returns void],verified-exists
field,com.corrodinggames.rts.game.units,y,aX,buildProgressFilter,Color filter for build-progress green overlay,verified-exists
method,com.corrodinggames.rts.game.units,y,aX(),getTurretMountData,Turret mount info per turret [sig-backfill: returns java.util.ArrayList],verified-exists
field,com.corrodinggames.rts.game.units,y,aY,validSelectionFilter,Color filter for valid selection highlight,verified-exists
method,com.corrodinggames.rts.game.units,y,aY(),isAtFinalPathNode,Reached final path node flag [sig-backfill: returns boolean],verified-exists
field,com.corrodinggames.rts.game.units,y,aZ,invalidSelectionFilter,Color filter for invalid selection highlight,verified-exists
method,com.corrodinggames.rts.game.units,y,aZ(),getSlopeFactor,Slope-based speed scaling [sig-backfill: returns float],verified-exists
method,com.corrodinggames.rts.game.units,y,a_(com.corrodinggames.rts.game.units.am),getBuildRate,Build rate for target (speed*size) [sig-backfill: returns float],verified-exists
field,com.corrodinggames.rts.game.units,y,aa,globalUnitIndex,Global unit type index (int),verified-exists
method,com.corrodinggames.rts.game.units,y,aa(),hasActiveTurretAttachment,Any turret has active attachment [sig-backfill: returns boolean],verified-exists
field,com.corrodinggames.rts.game.units,y,ab,resource1Cost,Primary resource cost (metal/type1),verified-exists
method,com.corrodinggames.rts.game.units,y,ab(),getCurrentTargetUnit,Current unit instance or waypoint target [sig-backfill: returns com.corrodinggames.rts.game.units.am],verified-exists
field,com.corrodinggames.rts.game.units,y,ac,buildTimeFrames,Build time in game frames,verified-exists
method,com.corrodinggames.rts.game.units,y,ac(),hasMultipleTurrets,Turret count > 1 [sig-backfill: returns boolean],verified-exists
field,com.corrodinggames.rts.game.units,y,ad,upgradeTarget,Upgrade target unit type (y),verified-exists
method,com.corrodinggames.rts.game.units,y,ad(),canBeAutoTargeted,Auto-targetable (false if no resource cost) [sig-backfill: returns boolean],verified-exists
field,com.corrodinggames.rts.game.units,y,ae,hasWeapons,Has weapon actions flag (boolean),verified-exists
method,com.corrodinggames.rts.game.units,y,ae(),isAlwaysTargetable,Always targetable override [sig-backfill: returns boolean],verified-exists
field,com.corrodinggames.rts.game.units,y,af,hasShield,Has shield capability flag (boolean),verified-exists
method,com.corrodinggames.rts.game.units,y,af(),isAlwaysSelectable,Always selectable override [sig-backfill: returns boolean],verified-exists
field,com.corrodinggames.rts.game.units,y,ag,shieldCapacity,Shield HP capacity (int),verified-exists
method,com.corrodinggames.rts.game.units,y,ag(),isAlwaysRenderable,Always renderable override [sig-backfill: returns boolean],verified-exists
method,com.corrodinggames.rts.game.units,y,ah(),isAlwaysAttackable,Always attackable override [sig-backfill: returns boolean],verified-exists
field,com.corrodinggames.rts.game.units,y,ai,weaponRangeMax,Maximum weapon range (float),verified-exists
method,com.corrodinggames.rts.game.units,y,ai(),hasVisibleTextures,Any turret icon is visible/rendered [sig-backfill: returns boolean],verified-exists
field,com.corrodinggames.rts.game.units,y,aj,isExperimentalUnit,Is experimental/T3 unit flag (boolean),verified-exists
method,com.corrodinggames.rts.game.units,y,aj(),isOffensiveCapable,Offensive capability from buildTimeFrames [sig-backfill: returns boolean],verified-exists
field,com.corrodinggames.rts.game.units,y,ak,energyCost,Energy build cost (float),verified-exists
method,com.corrodinggames.rts.game.units,y,ak(),isDefensiveCapable,Defensive capability from buildTimeFrames [sig-backfill: returns boolean],verified-exists
field,com.corrodinggames.rts.game.units,y,al,metalCost,Metal build cost (float),verified-exists
method,com.corrodinggames.rts.game.units,y,al(),hasExtraAction,Has extra action buttons [sig-backfill: returns boolean],verified-exists
field,com.corrodinggames.rts.game.units,y,am,productionTime,Production time seconds (float),verified-exists
method,com.corrodinggames.rts.game.units,y,am(),getBuildRangeExtension,Extra build placement range extension [sig-backfill: returns float],verified-exists
field,com.corrodinggames.rts.game.units,y,an,maxAmmo,Maximum weapon ammo (int),verified-exists
method,com.corrodinggames.rts.game.units,y,an(),isRusherBehavior,AI rusher/aggressive behavior check [sig-backfill: returns boolean],verified-exists
field,com.corrodinggames.rts.game.units,y,ao,weaponReloadTime,Weapon reload time seconds (float),type-aware-fp-v19.114
method,com.corrodinggames.rts.game.units,y,ao(),insertWaypointFront,Insert waypoint at front of queue [sig-backfill: returns com.corrodinggames.rts.game.units.au],verified-exists
field,com.corrodinggames.rts.game.units,y,ap,isFactory,Unit type is factory/builder flag,verified-exists
method,com.corrodinggames.rts.game.units,y,ap(),addWaypoint,Add empty waypoint at end [sig-backfill: returns com.corrodinggames.rts.game.units.au],verified-exists
field,com.corrodinggames.rts.game.units,y,aq,maxEnergyCapacity,Max energy capacity (float  -999=unset),verified-exists
method,com.corrodinggames.rts.game.units,y,aq(),hasNoWaypoints,First waypoint is null/empty [sig-backfill: returns boolean],verified-exists
field,com.corrodinggames.rts.game.units,y,ar,isStealthUnit,Is stealth/cloaked unit flag (boolean),verified-exists
method,com.corrodinggames.rts.game.units,y,ar(),getFirstWaypoint,First waypoint in queue [sig-backfill: returns com.corrodinggames.rts.game.units.au],verified-exists
field,com.corrodinggames.rts.game.units,y,as,factorySearchPending,Factory searching for build target flag,verified-exists
method,com.corrodinggames.rts.game.units,y,as(),getSecondWaypoint,Second waypoint in queue [sig-backfill: returns com.corrodinggames.rts.game.units.au],verified-exists
field,com.corrodinggames.rts.game.units,y,at,emptyPathNodes,Shared empty PathNode[] array default,verified-exists
method,com.corrodinggames.rts.game.units,y,at(),getLastWaypoint,Last waypoint in queue [sig-backfill: returns com.corrodinggames.rts.game.units.au],verified-exists
field,com.corrodinggames.rts.game.units,y,au,pathCost,Path cost/result from pathfinding system,type-aware-fp-v19.114
method,com.corrodinggames.rts.game.units,y,au(),removeFirstWaypoint,Remove first waypoint + decrement count [sig-backfill: returns void],verified-exists
field,com.corrodinggames.rts.game.units,y,av,pathNodes,Working array of path nodes for navigation,verified-exists
method,com.corrodinggames.rts.game.units,y,av(),getWaypointCount,Active waypoint count [sig-backfill: returns int],verified-exists
field,com.corrodinggames.rts.game.units,y,aw,activePathCount,Number of active path nodes in av array,verified-exists
method,com.corrodinggames.rts.game.units,y,aw(),isMoveWaypoint,First waypoint is move command [sig-backfill: returns boolean],verified-exists
field,com.corrodinggames.rts.game.units,y,ax,needsTransformUpdate,Model transform recalculation needed flag,verified-exists
method,com.corrodinggames.rts.game.units,y,ax(),clearLinkedZoneAndWaypoint,Clear base zone + complete waypoint [sig-backfill: returns void],verified-exists
field,com.corrodinggames.rts.game.units,y,ay,hasMovedThisFrame,Unit changed position this frame flag,verified-exists
method,com.corrodinggames.rts.game.units,y,ay(),completeWaypoint,Complete current waypoint + shift queue [sig-backfill: returns void],verified-exists
field,com.corrodinggames.rts.game.units,y,az,movementLockTimer,Timer preventing steering (decrements per frame),verified-exists
method,com.corrodinggames.rts.game.units,y,az(),resetAllWaypoints,Full reset: waypoints/factory/path data [sig-backfill: returns void],verified-exists
method,com.corrodinggames.rts.game.units,y,b(boolean),getEngagementRange,BaseUnit: m()+target/mode bonuses (190/250/150/180),body-verified-v1500
method,com.corrodinggames.rts.game.units,y,b(int),getWeaponReloadTime,BaseUnit: abstract - ap.e = b(n2)+t(n2) cooldown cap,body-verified-v1500
method,com.corrodinggames.rts.game.units,y,b(l),consumePathResult,"BaseUnit: consume aU result,  fill av nodes",verified-exists
method,com.corrodinggames.rts.game.units,y,bA(),hasExtraAbility,Has special abilities [sig-backfill: returns boolean],verified-exists
method,com.corrodinggames.rts.game.units,y,bB(),getExtraAbilityCooldown,Ability cooldown in frames [sig-backfill: returns int],verified-exists
method,com.corrodinggames.rts.game.units,y,bC(),recalculateResourceDisplay,Update resource cost HUD indicator [sig-backfill: returns void],verified-exists
method,com.corrodinggames.rts.game.units,y,bD(),getCustomResourceOverride,Custom resource type override [sig-backfill: returns com.corrodinggames.rts.game.units.custom.d.b],verified-exists
method,com.corrodinggames.rts.game.units,y,bE(),getActiveResourceModifier,Resource modifier by build/reclaim activity [sig-backfill: returns com.corrodinggames.rts.game.units.custom.d.b],verified-exists
method,com.corrodinggames.rts.game.units,y,b_(),canFaceTarget,Can rotate toward target [sig-backfill: returns boolean],verified-exists
field,com.corrodinggames.rts.game.units,y,ba,waypointFilter,Color filter for waypoint rendering overlay,verified-exists
method,com.corrodinggames.rts.game.units,y,ba(),getPathSlopeFactor,Path cost slope adjustment [sig-backfill: returns float],verified-exists
field,com.corrodinggames.rts.game.units,y,bb,paintWithValidFilter,Paint with validSelectionFilter applied,verified-exists
method,com.corrodinggames.rts.game.units,y,bb(),isNearMaxSpeed,Speed fraction > 0.95 [sig-backfill: returns boolean],verified-exists
field,com.corrodinggames.rts.game.units,y,bc,paintWithInvalidFilter,Paint with invalidSelectionFilter applied,verified-exists
method,com.corrodinggames.rts.game.units,y,bc(),getSpeedFraction,Fraction of max speed (default 0.6) [sig-backfill: returns float],verified-exists
field,com.corrodinggames.rts.game.units,y,bd,paintWithWaypointFilter,Paint with waypointFilter applied,verified-exists
method,com.corrodinggames.rts.game.units,y,bd(),getBaseSensorRange,Base sensor/vision range [sig-backfill: returns float],verified-exists
field,com.corrodinggames.rts.game.units,y,be,reusableMuzzleOffset,Static reusable PointF for muzzle offset,verified-exists
method,com.corrodinggames.rts.game.units,y,be(),getUnitCategory,Unit category enum [sig-backfill: returns com.corrodinggames.rts.game.units.b],verified-exists
field,com.corrodinggames.rts.game.units,y,bf,reusableDecelPair,Static reusable float pair for deceleration,verified-exists
method,com.corrodinggames.rts.game.units,y,bf(),canAutoRepair,Can auto-repair [sig-backfill: returns boolean],verified-exists
field,com.corrodinggames.rts.game.units,y,bg,reusableTurretTarget,Static reusable PointF for turret targeting,verified-exists
method,com.corrodinggames.rts.game.units,y,bg(),canShowHealthBar,Shows health bar [sig-backfill: returns boolean],verified-exists
field,com.corrodinggames.rts.game.units,y,bh,reusablePosition1,Static reusable PointF for position calcs,verified-exists
method,com.corrodinggames.rts.game.units,y,bh(),getPathingDirectionFlags,Pathfinding direction flags [sig-backfill: returns int],verified-exists
field,com.corrodinggames.rts.game.units,y,bi,reusablePair2,Static reusable float pair #2,verified-exists
method,com.corrodinggames.rts.game.units,y,bi(),isHoverVehicle,Hovercraft flag [sig-backfill: returns boolean],verified-exists
field,com.corrodinggames.rts.game.units,y,bj,reusableRenderOffset,Static reusable PointF for render offset,verified-exists
method,com.corrodinggames.rts.game.units,y,bj(),hasReverseMovement,Can move backward [sig-backfill: returns boolean],verified-exists
field,com.corrodinggames.rts.game.units,y,bk,reusableTilePoint,Static reusable integer Point for tile coords,verified-exists
method,com.corrodinggames.rts.game.units,y,bk(),hasCustomMovement,Custom movement logic [sig-backfill: returns boolean],verified-exists
field,com.corrodinggames.rts.game.units,y,bl,reusableTilePoint2,Static reusable integer Point for tile #2,verified-exists
method,com.corrodinggames.rts.game.units,y,bl(),getTurretCount,Number of turret mounts [sig-backfill: returns int],verified-exists
field,com.corrodinggames.rts.game.units,y,bm,reusablePoint4,Static reusable PointF #4,verified-exists
method,com.corrodinggames.rts.game.units,y,bm(),shouldSyncTurretRotation,Sync turret rotation to body [sig-backfill: returns boolean],verified-exists
field,com.corrodinggames.rts.game.units,y,bn,reusableBuildResult,Static reusable building placement result,verified-exists
method,com.corrodinggames.rts.game.units,y,bn(),getCurrentBarrelEnd,3D barrel end position for projectile [sig-backfill: returns com.corrodinggames.rts.gameFramework.utility.ai],verified-exists
field,com.corrodinggames.rts.game.units,y,bo,reusableAcConstants,Static reusable ac type constants,verified-exists
method,com.corrodinggames.rts.game.units,y,bo(),spawnDeathParticles,Spawn explosion/debris particles on death [sig-backfill: returns void],verified-exists
field,com.corrodinggames.rts.game.units,y,bp,componentUpdaters,List of ComponentUpdater objects for custom behavior,verified-exists
method,com.corrodinggames.rts.game.units,y,bp(),getDeathParticleCount,Death particle count by unit type [sig-backfill: returns int],verified-exists
field,com.corrodinggames.rts.game.units,y,bq,globalUpdaters,Static global list of ComponentUpdaters,verified-exists
method,com.corrodinggames.rts.game.units,y,bq(),spawnGroundCrater,Create ground crater decal [sig-backfill: returns void],verified-exists
method,com.corrodinggames.rts.game.units,y,br(),cleanupNearbyUnits,Clean up dead linked units + decors [sig-backfill: returns void],verified-exists
method,com.corrodinggames.rts.game.units,y,bs(),findNearbyFactory,Find nearby factory of same type+team [sig-backfill: returns com.corrodinggames.rts.game.units.y],verified-exists
method,com.corrodinggames.rts.game.units,y,bt(),onUnitDeathStarted,Death lifecycle: clear target/waypoints/path [sig-backfill: returns void],verified-exists
method,com.corrodinggames.rts.game.units,y,bu(),onUnitDetached,Death lifecycle: detach from parent [sig-backfill: returns void],verified-exists
method,com.corrodinggames.rts.game.units,y,bv(),onUnitCleanedUp,Death finalization hook [sig-backfill: returns void],verified-exists
method,com.corrodinggames.rts.game.units,y,bw(),computeUnitHash,Hash: movement stats + paint + color + accel [sig-backfill: returns int],verified-exists
method,com.corrodinggames.rts.game.units,y,bx(),detachFromParent,Detach from parent attachment [sig-backfill: returns void],verified-exists
method,com.corrodinggames.rts.game.units,y,by(),getDefaultCost,Default empty resource cost profile [sig-backfill: returns com.corrodinggames.rts.game.units.custom.d.b],verified-exists
method,com.corrodinggames.rts.game.units,y,bz(),getDefaultTextureStore,Static default texture store [sig-backfill: returns com.corrodinggames.rts.gameFramework.utility.m],verified-exists
method,com.corrodinggames.rts.game.units,y,c(boolean),updateCollisionGrid,"BaseUnit: l2.bL.a(eo, ep",verified-exists
method,com.corrodinggames.rts.game.units,y,c(int),getTurretTurnRate,BaseUnit: abstract - per-turret angular rate,body-verified-v1500
method,com.corrodinggames.rts.game.units,y,c(n),isPlacementAllowed,"BaseUnit: b(bl, n2)==null placement validity",verified-exists
field,com.corrodinggames.rts.game.units,y,c_,techLevel,UnitType: technology tier level,body-verified-v1200
method,com.corrodinggames.rts.game.units,y,d(au),cloneWaypoint,BaseUnit: au3.c(au2) copy waypoint,body-verified-v1500
field,com.corrodinggames.rts.game.units,y,d_,buildCost,UnitType: resource cost to build,body-verified-v1200
method,com.corrodinggames.rts.game.units,y,e(int),getTurretRange,BaseUnit: ap2.f < e(n2) reload full check,body-verified-v1500
field,com.corrodinggames.rts.game.units,y,e_,buildTime,UnitType: construction time,body-verified-v1200
method,com.corrodinggames.rts.game.units,y,f(int),getReloadProgressRate,BaseUnit: 4.0f reload fallback rate,body-verified-v1500
field,com.corrodinggames.rts.game.units,y,f_,unitRadius,UnitType: collision/selection radius,body-verified-v1200
method,com.corrodinggames.rts.game.units,y,g(float),updateAllUnitCollisions,BaseUnit: static - all unit collision batch + explosion radius query,body-verified-v1500
method,com.corrodinggames.rts.game.units,y,g(int),getBarrelLength,BaseUnit: E(int) muzzle distance,body-verified-v1500
field,com.corrodinggames.rts.game.units,y,g_,isBuilder,UnitType: can construct buildings,body-verified-v1200
method,com.corrodinggames.rts.game.units,y,h(am),isInWeaponRange,BaseUnit: dist^2 < o(am)^2 range check,body-verified-v1500
method,com.corrodinggames.rts.game.units,y,h(com.corrodinggames.rts.game.units.am),isTargetInRange,y: method h(com.corrodinggames.rts.game.units.am) -> isTargetInRange,body-verified-v1007
method,com.corrodinggames.rts.game.units,y,h(int),getSensorRange,"BaseUnit: default 0,  indexed by team",verified-exists
method,com.corrodinggames.rts.game.units,y,i(am),canEngageWithAnyTurret,"BaseUnit: iterate turrets r(n2)+a(n2, am",verified-exists
method,com.corrodinggames.rts.game.units,y,i(int),getAttackRange,"BaseUnit: default 0,  indexed by team",verified-exists
field,com.corrodinggames.rts.game.units,y,i_,maxHealth,UnitType: maximum hit points,body-verified-v1200
method,com.corrodinggames.rts.game.units,y,j(am),canForceEngage,"BaseUnit: iterate turrets r(n2)+a(n2, am",verified-exists
method,com.corrodinggames.rts.game.units,y,j(int),damageAllTurrets,BaseUnit: iterate turrets a(n2) damage,body-verified-v1500
field,com.corrodinggames.rts.game.units,y,j_,sightRange,UnitType: fog of war sight range,body-verified-v1200
method,com.corrodinggames.rts.game.units,y,k,getau,real-class-inferred: com.corrodinggames.rts.game.units.y,real-class-v1200
method,com.corrodinggames.rts.game.units,y,k(am),canTargetUnitByType,BaseUnit: af/ae/ag/ah flags + target i()/Q()/cH() check,body-verified-v1500
method,com.corrodinggames.rts.game.units,y,k(float),updateUnitLogic,BaseUnit: main dispatcher by av.a waypoint type (12 types),body-verified-v1500
method,com.corrodinggames.rts.game.units,y,k(int),getWaypoint,BaseUnit: g[n2] indexed access,body-verified-v1500
field,com.corrodinggames.rts.game.units,y,k_,moveSpeed,UnitType: base movement speed,body-verified-v1200
method,com.corrodinggames.rts.game.units,y,l(int),ensurePathNodeCapacity,BaseUnit: array expand + too large exception,body-verified-v1500
field,com.corrodinggames.rts.game.units,y,l_,turnSpeed,UnitType: turning speed,body-verified-v1200
method,com.corrodinggames.rts.game.units,y,m(int),ensureWaypointCapacity,BaseUnit: array expand for waypoints,body-verified-v1500
field,com.corrodinggames.rts.game.units,y,m_,mass,UnitType: mass for physics,body-verified-v1200
method,com.corrodinggames.rts.game.units,y,n(am),addAttackWaypoint,BaseUnit: au.a(am) attack waypoint,body-verified-v1500
method,com.corrodinggames.rts.game.units,y,n(com.corrodinggames.rts.game.units.am),createWaypointForUnit,y: method n(com.corrodinggames.rts.game.units.am) -> createWaypointForUnit,body-verified-v1007
method,com.corrodinggames.rts.game.units,y,n(int),removeWaypointAt,BaseUnit: delete index + shift array forward,body-verified-v1500
field,com.corrodinggames.rts.game.units,y,n_,isAirUnit,UnitType: flying/air unit,body-verified-v1200
method,com.corrodinggames.rts.game.units,y,o(com.corrodinggames.rts.game.units.am),getAttackRangeIncludingTarget,y: method o(com.corrodinggames.rts.game.units.am) -> getAttackRangeIncludingTarget,body-verified-v1007
field,com.corrodinggames.rts.game.units,y,o_,isWaterUnit,UnitType: water/naval unit,body-verified-v1200
method,com.corrodinggames.rts.game.units,y,p(com.corrodinggames.rts.game.units.am),getBuildRangeIncludingTarget,y: method p(com.corrodinggames.rts.game.units.am) -> getBuildRangeIncludingTarget,body-verified-v1007
field,com.corrodinggames.rts.game.units,y,p_,canAttack,UnitType: has attack capability,body-verified-v1200
method,com.corrodinggames.rts.game.units,y,q(am),getApproachGridCells,BaseUnit: (p-41)/(1.414*tile) grid cell count,body-verified-v1500
field,com.corrodinggames.rts.game.units,y,q_,weaponCount,UnitType: number of weapons/turrets,body-verified-v1200
method,com.corrodinggames.rts.game.units,y,r(am),isInContactRange,BaseUnit: dist^2 < (cj+am2.cj)^2 contact check,body-verified-v1500
method,com.corrodinggames.rts.game.units,y,r(com.corrodinggames.rts.game.units.am),isCollidingWith,y: method r(com.corrodinggames.rts.game.units.am) -> isCollidingWith,body-verified-v1007
method,com.corrodinggames.rts.game.units,y,r(int),isTurretMountAvailable,BaseUnit: default true (turret usability),body-verified-v1500
method,com.corrodinggames.rts.game.units,y,s(),getDefaultFactoryQueue,[v10.3-resolved: semantic match (0 params,verified-exists
method,com.corrodinggames.rts.game.units,y,s(int),isTurretChargeable,BaseUnit: default false (turret charge/sustain fire),body-verified-v1500
method,com.corrodinggames.rts.game.units,y,s_(),isOnScreen,Bounding rect intersects visible screen rect [sig-backfill: returns boolean],verified-exists
method,com.corrodinggames.rts.game.units,y,t(int),getReloadRandomDelay,BaseUnit: cooldown random jitter,body-verified-v1500
method,com.corrodinggames.rts.game.units,y,u(int),isTurretAimedAtTarget,BaseUnit: v(n2) mirror turret g aim flag,body-verified-v1500
method,com.corrodinggames.rts.game.units,y,w(int),getTurretAngularAccel,BaseUnit: -1 default,body-verified-v1500
method,com.corrodinggames.rts.game.units,y,x(int),getTurretTurnArc,BaseUnit: 5.0f turn angle threshold,body-verified-v1500
method,com.corrodinggames.rts.game.units,y,y(int),getTurretAngularDecel,BaseUnit: same as accel,body-verified-v1500
method,com.corrodinggames.rts.game.units,y,z(),getMaxSpeed,caller confirmed gameFramework/ab.java:121,body-verified-v1007
method,com.corrodinggames.rts.game.units,y,z(int),getTurretMaxRange,BaseUnit: 99999 default,body-verified-v1500
field,com.corrodinggames.rts.game.units.e,h,a,parentBuilding,Parent building reference (Building),unverifiable-rebuilt
field,com.corrodinggames.rts.game.units.e,h,m,outputResource,Output resource type (static e),verified-exists
field,com.corrodinggames.rts.game.units.e,h,n,inputResources,Input resource type array (static e[10]),verified-exists
field,com.corrodinggames.rts.game.units.e,c,a,buildPosition,Build placement position (PointF),verified-exists
field,com.corrodinggames.rts.game.units.e,c,b,buildRotation,Build placement rotation (float),verified-exists
field,com.corrodinggames.rts.game.units.e,c,c,isConstructed,Fully constructed flag (boolean),verified-exists
field,com.corrodinggames.rts.game.units.e,c,d,buildResourceType,Build resource type (static e),verified-exists
field,com.corrodinggames.rts.game.units.e,c,e,repairResourceType,Repair resource type (static e),verified-exists
field,com.corrodinggames.rts.game.units.e,b,a,buildQueueList,Build queue entries (m),verified-exists
field,com.corrodinggames.rts.game.units.e,b,b,defaultBuildUnit,Default unit type to build (static e),verified-exists
field,com.corrodinggames.rts.game.units.e,b,c,productionProgress,Current production progress (float),verified-exists
field,com.corrodinggames.rts.game.units.e,b,d,costResources,Cost resource type array (static e[10]),verified-exists
field,com.corrodinggames.rts.game.units.e,b,e,productionResource,Production resource type (static e),verified-exists
field,com.corrodinggames.rts.game.units.e,b,f,consumptionResource,Consumption resource type (static e),verified-exists
field,com.corrodinggames.rts.game.units.e,b,g,outputResource,Output resource type (static e),verified-exists
field,com.corrodinggames.rts.game.units.e,b,h,storageResources,Storage resource type array (static e[10]),verified-exists
field,com.corrodinggames.rts.game.units.e,i,a,detonateAction,Detonate/self-destruct action (s),verified-exists
field,com.corrodinggames.rts.game.units.e,i,b,upgradeAction,Upgrade/transform action (s),verified-exists
field,com.corrodinggames.rts.game.units.g,b,a,componentA,Component type A (enum b),verified-exists
field,com.corrodinggames.rts.game.units.g,b,b,componentB,Component type B (enum b),verified-exists
field,com.corrodinggames.rts.game.units,ar,aa,defaultActionSet,com.corrodinggames.rts.game.units.a.z 类型; d() 返回 this.aa; 每个单位类型的默认动作集(as 接口 as2.d() 调用链),verified
field,com.corrodinggames.rts.game.units,ar,ab,translationCacheStamp,"int=-1; e()/f() 中 ""if(this.ab != h.a.c || this.ac == null)"" 语言版本缓存校验(控制流)",verified
field,com.corrodinggames.rts.game.units,ar,ac,cachedDisplayName,"String; e() 中 ""units.""+this.name()+"".name"" 翻译缓存(字符串证据)",verified
field,com.corrodinggames.rts.game.units,ar,ad,cachedDescription,"String; f() 中 "".description"" 翻译缓存,缺省 """"(字符串证据)",verified
field,com.corrodinggames.rts.game.units,ar,af,techLevelActionLists,at[]; h() 中 new at[3] 按科技等级 1..3 填充动作列表(控制流+Tech level 异常),verified
field,com.corrodinggames.rts.game.units,ar,ah,builderProviderCache,"custom.d.b; u() 中 ""if(this.ah==null || this.ah.a()!=n2) this.ah=b.a(n2)"" 建造者信息缓存(控制流)",verified
method,com.corrodinggames.rts.game.units,ar,"a(ArrayList,int)",fillActionListForTechLevel,"void; h()(initTechLevels)中 this.a(at2.a,i) 填充指定等级动作表(控制流)",verified
method,com.corrodinggames.rts.game.units,ar,a(String),getUnitTypeByName,"static as; 先查 custom.l.m(string) 再 equalsIgnoreCase 遍历枚举, 最后 custom.l.n(string)(Debug.createUnit 调用链, 控制流)",verified
method,com.corrodinggames.rts.game.units,ar,"a(String,String,String)",buildStatLine,"private static String; ""string+"": ""+string2+string3+""\n"""" 行构造(字符串证据)",verified
method,com.corrodinggames.rts.game.units,ar,"a(String,boolean)",getUnitTypeByNameEx,static as; bl=false 跳过自定义查找(custom.l.m 调用控制流),verified
method,com.corrodinggames.rts.game.units,ar,"a(String,float)",formatStatLine,"private static String; 浮点转整数字符串后拼接, 被 s()(printHelpForUnits)调用(""Price"" 等行)",verified
method,com.corrodinggames.rts.game.units,ar,"a(String,float,String)",formatStatLineWithNote,"private static String; 带后缀统计行, ""(total:"" 后缀证据",verified
method,com.corrodinggames.rts.game.units,ar,a(am),getUnitActionValue,"int; as 接口方法,默认返回 0 子类覆盖(无字符串,证据弱)",verified-exists
method,com.corrodinggames.rts.game.units,ar,"a(as,float,float,float,float,n,float,float,boolean,boolean,int,am)",renderUnitPreview,static void; 创建单位摆位渲染(ag=isRenderingScaled 写入、l2.bO 缩放、dH/cE/cu/cB 交换); 供 r()(outputUnitImages)渲染 PNG(控制流),verified
method,com.corrodinggames.rts.game.units,ar,"a(as,float,float,float,float,n,float,float,boolean,boolean,int,boolean,am)",renderUnitPreviewFull,"static void; 完整 13 参版本, bl4 控制 ct(禁止旋转?)标志(控制流)",verified
method,com.corrodinggames.rts.game.units,ar,a(boolean),createUnitInstanceForSpawn,"abstract am; a()(createUnitInstance)调 this.a(false), true 分支为生成路径(控制流)",verified
method,com.corrodinggames.rts.game.units,ar,a(int),getActionsForTechLevel,"ArrayList; ""Tech level:""+n2+"" greater than maxTechLevel"" 越界异常, 返回 af[n2-1].a(字符串证据)",verified
method,com.corrodinggames.rts.game.units,ar,a(y),getUpgradeCost,"private static int; y2.cm() 动作的 s2.c() 成本; 被 ""T2 Upgrade Price""/""T3 Upgrade Price"" 行使用(字符串证据)",verified
method,com.corrodinggames.rts.game.units,ar,"ar(String,int)",enumConstructorPrivate,"private 构造器; 枚举常量初始化(String name,int ordinal)(控制流)",verified
method,com.corrodinggames.rts.game.units,ar,"ar(String,int,ar$1)",enumConstructorSynthetic,synthetic 构造器; 枚举常量实例化入口(字节码 synthetic 标志),verified
method,com.corrodinggames.rts.game.units,ar,b(int),getCumulativeBuildTime,"int; n2>=2 加 c(2), n2>=3 再加 c(2); 累计建造时间(控制流)",verified
method,com.corrodinggames.rts.game.units,ar,c(int),getBuildTimeForTechLevel,"int; 默认返回 0, 子类覆盖(ar$X); 被 b(int) 调用(控制流)",verified
method,com.corrodinggames.rts.game.units,ar,d(int),getBuilderInfoForTechLevel,b; 调 this.b(n2) 后 custom.d.b.a(n3) 生成建造者信息(控制流),verified
method,com.corrodinggames.rts.game.units,ar,valueOf(String),valueOf,"标准枚举方法; Enum.valueOf(ar.class,string)(控制流)",verified
method,com.corrodinggames.rts.game.units,ar,values(),values,"标准枚举方法; 返回 ai.clone()(ai=enumValues 已映射,控制流)",verified
method,com.corrodinggames.rts.game.units,ar,"a(as,float,float,float,float,n)",isValidHere,"static boolean; ""isValidHere: Failed to get unit from type:"" 日志; 摆位后 am2.bI()/y.c(n2) 判定可行(字符串证据); 注: supplement 已有该条目但签名被 CSV 截断为 a(as,float,float,float)",verified
field,com.corrodinggames.rts.game.units,au,a,waypointType,"T0: d()返回a; k()中按a值分发处理函数(av.a/h/j->移动, av.c->建造, av.d/g->建造/回收, av.k/n->攻击等); e()重置为av.a; 序列化as2.a(this.a)写枚举",verified
field,com.corrodinggames.rts.game.units,au,b,buildUnitType,"T0: a()返回b; f(f2,au,ad)中 as2=au2.b==null 时日志""activeBuildingType==null, removing waypoint""; a(au,boolean)日志""Skipping build waypoint with no buildType""; 序列化as2.a(this.b)",verified
field,com.corrodinggames.rts.game.units,au,c,specialAction,"T0: 序列化末尾 com.corrodinggames.rts.game.units.a.c.a(as2,this.c); 反序列化 k2.b()>=82 时 a.c.a(k2); a(float,f2,au,ad)中 ""Failed to find action:""+au2.c.a()",verified
field,com.corrodinggames.rts.game.units,au,d,buildSlotIndex,"T0: b()返回d; a(float,float,as,int)中 this.d=(int)((byte)n2) (byte格子索引); a(au,boolean)中 this.a(au2.b, au2.d, false) 作为action匹配参数; 序列化as2.c(this.d)",verified
field,com.corrodinggames.rts.game.units,au,e,x,"T0: g()中 有单位返回h.eo 否则返回this.e; c()日志""convertUnitIds: x:""+this.e; a(float,float)设置; 序列化as2.a(this.e)",verified
field,com.corrodinggames.rts.game.units,au,f,y,"T0: h()中 有单位返回h.ep 否则返回this.f; c()日志""y:""+this.f; 序列化as2.a(this.f)",verified
field,com.corrodinggames.rts.game.units,au,g,unitEntityId,"T0: k()中 this.g=this.h.eh; this.h=null (实体id快照); c()中 g!=-1L 时 w.a(this.g,true) 转换,失败日志""convertUnitIds failed""; 序列化 g!=-1L 写g否则写h",verified
field,com.corrodinggames.rts.game.units,au,h,targetUnit,T0: i()返回h; X()/Y()/d()/e()/g()/h()/i()等大量使用; f()类型集合判定; c()中转换目标,verified
field,com.corrodinggames.rts.game.units,au,i,cachedPathEntry,"T0: a(float,f2,f3,n2,bl,bl2)中 ab2=au2.i; if(ab2!=null && ab2.g!=null) 遍历复用路径节点(d3.g+180<l2.bx时间戳校验)并取this.aU=d2.a; k()和aD()中置null/调用c(); 类型为gameFramework.ab",verified
field,com.corrodinggames.rts.game.units,au,j,unusedFlagJ,"evidence_weak: 仅出现在序列化as2.a(this.j)、反序列化k2.b()>=65时this.j=k2.e()、c(au)复制中,未发现读取点; 保守命名flagJ",verified
field,com.corrodinggames.rts.game.units,au,k,approachRangeLimit,"T0: i(f2,au,ad)中 au2.k==0.0f 直接放弃waypoint(ay()); au2.k>=0.0f && au2.k<(sqrt(f5)-f7) 时判定已到攻击距离并开火; a(float,f2,au,ad,bl)中 ((au)object).k=200.0f (巡逻搜敌半径); 序列化v46版本门控两个float",verified
field,com.corrodinggames.rts.game.units,au,l,waypointTimeLimit,"evidence_weak: k(f2)中 au2.l>0.0f && au2.l<this.V 时放弃waypoint (V为已用时间, l为剩余时间限制); 序列化v46版本门控",verified
field,com.corrodinggames.rts.game.units,au,m,chainToNextWaypoint,"evidence_weak: k(f2)中 au2.m && this.f>1 时检查后续waypoint类型(k(1)); f(f2,au,ad)中 au4.m=true (攻击时); a(float,f2,au,ad,bl)中 ((au)object).m=false; 序列化v58版本门控; 保守命名chainFlag",verified
field,com.corrodinggames.rts.game.units,au,n,bypassBuildChecks,"T0: a(au,boolean)中 if(!au2.n) 才做locked/available检查(否则跳过); a(au,as,n,float,f3)中 if(!au2.n) 同样跳过; 序列化v79版本门控",verified
method,com.corrodinggames.rts.game.units,au,a(au),isNearSameSpot,T0: 比较 e/f 差绝对值>3.0f 则不等; 返回两坐标近似判定,verified
method,com.corrodinggames.rts.game.units,au,b(au),isEquivalentWaypoint,"T0: 依次比较 a,b,e,f(>1.0f),d,h 全部相等才true (语义等价判定)",verified
method,com.corrodinggames.rts.game.units,au,a(),getBuildUnitType,"T0: return this.b; play2回放日志 ""Build Type: {j.a().i()}"" (j.a()返回构建单位类型, i()取名称)",verified
method,com.corrodinggames.rts.game.units,au,b(),getBuildSlotIndex,"T0: return this.d; d为byte格子索引(见a(float,float,as,int))",verified
method,com.corrodinggames.rts.game.units,au,a(as),serialize,"T0: 按序写 a(枚举),b,e,f,g/h(long或单位),d,k,l,m,j,n,末尾a.c.a(as2,this.c); 与反序列化a(k)完全对称",verified
method,com.corrodinggames.rts.game.units,au,a(k),deserialize,"T0: 版本门控读取: v40->d, v46->k/l, v58->m, v65->j, v79->n, v82->c; 对应序列化顺序 (v19.97破解序列化格式)",verified
method,com.corrodinggames.rts.game.units,au,c(),resolveUnitReference,"T0: g!=-1L时 w.a(this.g,true) 解析实体id为单位; 失败日志""convertUnitIds failed""+""convertUnitIds: type:""+a.toString(); 完成后g=-1L",verified
method,com.corrodinggames.rts.game.units,au,d(),getWaypointType,"T0: return this.a; play2回放日志 ""updateGameFrame: Waypoint: {j.d().name()}"" (d()返回av枚举, name()=类型名)",verified
method,com.corrodinggames.rts.game.units,au,e(),resetToDefault,"T0: 重置 a=av.a,b=null,d=1,e=f=2.0f,g=-1L,h/i=null,k=l=-1.0f,m=j=n=false,c=null",verified
method,com.corrodinggames.rts.game.units,au,f(),isUnitTargetWaypoint,"T0: 判定 a 属于 {av.b,av.d,av.g,av.e,av.i,av.k,av.m,av.n} (带单位目标的waypoint类型集合)",verified
method,com.corrodinggames.rts.game.units,au,g(),getTargetX,"T0: f()且h!=null时返回h.eo, 否则返回this.e (静态坐标x)",verified
method,com.corrodinggames.rts.game.units,au,h(),getTargetY,"T0: f()且h!=null时返回h.ep, 否则返回this.f (静态坐标y)",verified
method,com.corrodinggames.rts.game.units,au,i(),getTargetUnit,"T0: return this.h; y.java中 b(f2,au,ad) 等大量使用 i() 取单位引用",verified
method,com.corrodinggames.rts.game.units,au,"a(float,float)",setMoveWaypoint,"T0: e()后置 a=av.a, e=f2, f=f3 (纯移动坐标waypoint); av.a在k()中走移动分支a(f2,au,ad,bl)",verified
method,com.corrodinggames.rts.game.units,au,"b(float,float)",setAttackMoveWaypoint,"T0: e()后置 a=av.h, e=f2, f=f3; av.h在k()中与av.a同为移动分支(攻击移动:到达后遇敌开火)",verified
method,com.corrodinggames.rts.game.units,au,a(am),setAttackWaypoint,"T0: e()后置 a=av.b, h=am2; k()中av.b走g(f2,au,ad)攻击处理(bX敌我检查+目标有效); y.aw()检查 a==av.b",verified
method,com.corrodinggames.rts.game.units,au,"a(float,float,as,int)",setBuildWaypoint,"T0: e()后置 a=av.c, 坐标+构建单位类型b+格子索引d; k()中av.c走f(f2,au,ad)建造处理(activeBuildingType==null检查)",verified
method,com.corrodinggames.rts.game.units,au,b(am),setConstructUnitWaypoint,"T0: e()后置 a=av.d, h=am2; av.d在k()中走i(f2,au,ad)建造进度处理(cm/cn/cu/cv); bE()中 au2.a==av.d && am2.cm<1.0f 判定施工中; 命名保守(av.d与av.g均为建造类)",verified
method,com.corrodinggames.rts.game.units,au,c(am),setAttackUnitWaypoint,"T0: e()后置 a=av.k, h=am2; av.k在k()中走c(f2,au,ad)攻击单位处理(bl2=av.k分支, 目标检查cg())",verified
method,com.corrodinggames.rts.game.units,au,d(am),setRepairUnitWaypoint,"T0: e()后置 a=av.m, h=am2; av.m在k()中走d(f2,au,ad)维修处理(调用custom.af.i修复动作); 命名基于处理逻辑推断",verified
method,com.corrodinggames.rts.game.units,au,e(am),setUnitTargetWaypoint,"evidence_weak: e()后置 a=av.n, h=am2; av.n与av.k同走c(f2,au,ad)攻击类处理但有攻速差异分支(cK?30/50:80/100); av值语义不明, 保守命名setUnitTargetWaypoint",verified
method,com.corrodinggames.rts.game.units,au,"c(float,float)",setPatrolWaypoint,"T0: e()后置 a=av.j, e=f2, f=f3; av.j在a(f2,au,ad,bl)中走巡逻逻辑(av()==1检查, d.r.a找敌, t=true, k=200.0f搜敌半径)",verified
method,com.corrodinggames.rts.game.units,au,f(am),setReclaimUnitWaypoint,"T0: e()后置 a=av.g, h=am2; y.Y()已映射isReclaimWaypoint且检查a==av.g, 确认av.g=回收; k()中av.g走i()回收处理",verified
method,com.corrodinggames.rts.game.units,au,g(am),setGuardUnitWaypoint,"T0: e()后置 a=av.e, h=am2; av.e在k()中走h(f2,au,ad)护卫处理(接近目标并攻击,e(this,false)解除)",verified
method,com.corrodinggames.rts.game.units,au,h(am),setFollowUnitWaypoint,"T0: e()后置 a=av.i, h=am2; av.i在k()中走e(f2,au,ad)跟随处理(bQ=目标+d(au2.h,false)判定)",verified
method,com.corrodinggames.rts.game.units,au,c(au),copyFrom,"T0: 复制 a,b,e,f,h,i,d,j,c 全部字段 (不复制g/k/l/m/n)",verified
method,com.corrodinggames.rts.game.units,au,j(),getTypeOrdinal,T0: return a==null?0:a.ordinal(); 序列化辅助值,verified
method,com.corrodinggames.rts.game.units,au,k(),snapshotUnitId,T0: h!=null时 g=h.eh 然后 h=null; i=null (网络/回放序列化前转为实体id),verified
method,com.corrodinggames.rts.game.units,au,l(),getUnitOrDummy,T0: f()时返回i()真实单位; 否则返回静态临时单位 n.i.t 并设置eo/ep/cg(仅坐标占位),verified
field,com.corrodinggames.rts.game.units,y,a,blockedFrameCount,"T0: a(float,f2,l,f3,f4)中 移动被挡时 b+=f2, a=0; 每帧b>0时++a, a>=3时b=0 (3帧未脱困重置阻塞计时)",verified
field,com.corrodinggames.rts.game.units,y,b,blockedTimer,"T0: 同上b+=f2记录被挡时长; a(float,f2,af,ad,au)中 b>1.0f 触发避让逻辑; d(float,f2,au,ad)中 b>0.0f 时增大接近半径",verified
field,com.corrodinggames.rts.game.units,y,c,obstacleTurnTimer,"T0: a(float,f2,af,ad,au)中 bl2时置90.0f, c==0.0f为正常直行分支否则旋转避让; aB()/ay()重置0.0f; 序列化写入",verified
field,com.corrodinggames.rts.game.units,y,d,stuckMoveTimer,"T0: a(float,f2,af,ad,au)中 n2>300或b>1.0f时 d+=f2, d>300.0f触发bl2避让; 到达后置0",verified
field,com.corrodinggames.rts.game.units,y,e,waitMoveTimer,"T0: a(float,f2,af,ad,au)中无waypoint时 e+=f2 累计等待, 超过阈值(f5<f6*f6判定)触发转向; 序列化写入",verified
field,com.corrodinggames.rts.game.units,y,f,waypointCount,"T0: ar()/as()/at()用f索引g[]; av()返回f; m(n2)抛""Waypoint index:""+n2+"" too large""上限30; 序列化as2.a(this.f)",verified
field,com.corrodinggames.rts.game.units,y,g,waypointQueue,"T0: 声明au[] g=O(O为空数组常量); ar()返回g[0]; 反序列化循环m(n5)+new au(); ao()/ap()队列位移操作; 上限30(""Waypoint index""异常)",verified
field,com.corrodinggames.rts.game.units,y,h,unitTargetLocked,T0: X()中 this.h && ar()类型为av.d/av.g && au2.h!=null 时返回目标单位; k()末尾 this.h=ad2.a (ad2.a=到达攻击目标标志); b(au)置false,verified
field,com.corrodinggames.rts.game.units,y,i,lastTargetSearchFrame,"T0: i(f2,au,ad)中 this.i<l2.by-100 时重新检查目标(bl3=false), 检查后 this.i=l2.by (游戏帧缓存)",verified
field,com.corrodinggames.rts.game.units,y,j,isFacingMoveTarget,"T0: k(f2)开头置false; a(l2,f2,au,ad)中 else if(this.j) 直接以l/m为目标推进(已面向目标跳过转向); a(f2,am,ad,bl)等处理完转向后置true",verified
field,com.corrodinggames.rts.game.units,y,k,waypointActive,T0: k(f2)中 boolean bl=this.k; this.k=false; 后按当前waypoint处理重新置true; 无waypoint时this.k=false; 序列化as2.a(this.k),verified
field,com.corrodinggames.rts.game.units,y,l,moveTargetX,T0: 大量 this.k=true; this.l=f3; this.m=f4 模式(c/d/e/f/h/i方法中均为目标坐标); 序列化as2.a(this.l),verified
field,com.corrodinggames.rts.game.units,y,m,moveTargetY,T0: 同上与l成对出现; 序列化as2.a(this.m),verified
field,com.corrodinggames.rts.game.units,y,n,moveTargetTiles,"T0: c(f2,au,ad)置2; f(f2,au,ad)中 n=(int)((f6-41.0f)/(l2.bL.n*1.414f)) (距离换算格子数); a(f2,am,ad,bl)中 n=this.q(am2) (q(am2)返回格数)",verified
field,com.corrodinggames.rts.game.units,y,o,pathTargetX,"T0: a(float,f2,f3,n2,bl,bl2)中 this.o=f2; this.p=f3 (寻路目标); a(l2,f2,au,ad)中 fabs(o-l)>f3 比较当前moveTarget; 序列化n3>=1版本门控",verified
field,com.corrodinggames.rts.game.units,y,p,pathTargetY,T0: 同上与o成对; 序列化n3>=1,verified
field,com.corrodinggames.rts.game.units,y,q,pathRetryCount,"T0: b(l2)中 aw==1时 ++q; f(f2,au,ad)中 q>3 放弃waypoint(ay()); aH()置0 (byte)",verified
field,com.corrodinggames.rts.game.units,y,r,waypointArriveRadius,"T0: k(f2)置150; f(f2,au,ad)/e()置18; a(l2,f2,au,ad)中 f3=this.r; fabs(o-l)>f3||fabs(p-m)>f3 判定未到达(限速30/重新寻路); i(f2,au,ad)置r=this.n",verified
field,com.corrodinggames.rts.game.units,y,s,currentMoveSpeed,"T0: a(l2,f2,au,ad)中 s==0.0f 判定停住需重新寻路; 寻路后置500; 减速时>30则压到30; 序列化as2.a(this.s)",verified
field,com.corrodinggames.rts.game.units,y,t,forceMoveFlag,"T0: a(f2,au,ad,bl)中av.j巡逻时置true并aB(); a(l2,f2,au,ad)中作为强制参数传入 a(l,m,n,bl3,this.t); k(f2)中置false",verified
field,com.corrodinggames.rts.game.units,y,u,pathTruncatedFlag,"T0: a(float,f2,f3,n2,bl,bl2)中路径点超60单位被截断时置true; aH()置false; a(l2,f2,au,ad)中 u&&s<450 时重新寻路",verified
field,com.corrodinggames.rts.game.units,y,v,pathNodeCount,"T0: a(float,f2,f3,n2,bl,bl2)和b(l2)中 v=this.aw (总路径节点数快照); a(float,f2,af,ad,au)中 y2.v>2 && y2.v-y2.aw<=2 路径跟随判定; 序列化as2.a(this.v)",verified
field,com.corrodinggames.rts.game.units,y,w,detourState,"T0: c(f2,au,ad)中 w=0/1 状态机(目标被挡时w=1, 距离>122500或302500强制绕路); a(f2,am,ad,bl)中 w==1&&f5>202500 维持绕路; 序列化n3>=9版本门控",verified
method,com.corrodinggames.rts.game.units,y,a(k),readStateFromStream,"T0: 反序列化读入: b,c,cL[0].e,f,waypoint循环(30上限),P(单位类型a类),R(目标),S/U/V,k/l/m/s,ad,ae/af/aj/ak/al/am/an/ac,av路径节点,aw,v,版本门控n3>=1..12读o/p/d/e/u/ai/n/W/aq/ar/as/ah/ab/w/X/az/aA; 读后bV分支解析waypoint单位引用并S()",verified
method,com.corrodinggames.rts.game.units,y,a(as),writeStateToStream,"T0: 序列化写出: b,c,cL[0].e,f,waypoint循环, P,R(过滤bV),S/U/V,""pathing_active:""标签+ck/l/m/s,ad,ae/af/aj/ak/al/am/an/ac,""activePathCount:""标签+aw,av循环, v,版本计数c(12), o/p/d/e/u/ai/n/W/aq/ar/as/ah/ab/w/X/az/aA, units.g.c.a, super.a; 与a(k)完全对称",verified
method,com.corrodinggames.rts.game.units,y,"c(float,float)",turnTowards,"T0: 计算当前朝向cg与目标角度f3的差值并限幅调用i(f3)转向; 返回值=还需转动的角度(0=已完成); 使用j(25)动画状态与ci标志; 与a(float,f3,bl,bl2)转向辅助联动",verified
method,com.corrodinggames.rts.game.units,y,bI,shouldUpdateFog,f(float) 251/523: if(y.bI()) 才调用 y.g(n) 或 y.cX(); 每帧迷雾循环中的单位可见性检查 (类映射 UnitType 存疑: y 含每帧实例方法),verified
field,com.corrodinggames.rts.game.units,am,er,allUnits,"静态 TypedObjectList(s); f(float) 164-170: am.er 主单位列表, a()->w[] 后逐个 instanceof y 处理",verified
method,com.corrodinggames.rts.game.units,w,I(),isGroundMovable,"T0: y.java:596/658/777/806/4776 地面移动/转向/堆叠分组逻辑均要求 I()=true; w 覆盖 true, d.d(建筑)/g(工厂)/x(空中基类, h()=ao.d) 覆盖 false; y.java:319-324 反序列化时 !I() 状态降级 P=a.b; x 空中单位 I()=false 说明非通用可移动标志",verified
method,com.corrodinggames.rts.game.units,w,i(),isAirUnit,"T0: b/d.java:141 i()=eq>=4.0f(升空高度判定), b/f.java:126 恒 true(纯飞机), x.java:191 恒 true 且 h()=ao.d(AIR); am.bR() 中 i()=true -> 碰撞组 3; k(am) 目标判定: am2.i() 空中目标走 af(); 地面/建筑类(ai/al/e/w/d.d)均 false",verified
method,com.corrodinggames.rts.game.units,w,Q(),isSubmergedUnit,"T0: b/c.java:74 Q()=eq<-1.0f(沉入水下判定, 潜艇); am.bR() 中 Q()=true -> 碰撞组 2; k(am) 目标判定: am2.Q() 水下目标走 ae(); 其余类默认 false; w 默认 false",verified
field,com.corrodinggames.rts.game.units.e,j,dK,elevationSpeed,"T0: a(float) 中 dK 递增(+=0.002f/0.03f*f2)并驱动 eq 变化(eq-=dK*f2), f.b(dK,0.2f) 钳制; 结构上为 eq(海拔偏移)的变化速率; 名称保守",verified
field,com.corrodinggames.rts.game.units.e,j,dL,landIconTexture,"T0: dt() 中 l.bO.a(R$drawable.unit_icon_land) 加载; null 时抛 ""IMAGE_ICON is null""",verified
field,com.corrodinggames.rts.game.units.e,j,dM,expIconTexture,"T0: dt() 中 l.bO.a(R$drawable.unit_icon_land_exp) 加载; null 时抛 ""IMAGE_ICON_EXP is null""",verified
field,com.corrodinggames.rts.game.units.e,j,dN,landIconFrames,T0: dt() 中 n.a(dL) 将陆地图标切片为 10 帧动画纹理(n.a 创建 m.h 包装帧),verified
field,com.corrodinggames.rts.game.units.e,j,dO,expIconFrames,T0: dt() 中 n.a(dM) 将扩展图标切片为 10 帧动画纹理,verified
method,com.corrodinggames.rts.game.units.e,j,v(),getIcon,"T0: bX.k==-1 时返回 null(无动画类型); dd() 为真取 dO[帧] 否则 dN[帧], 帧索引 bX.R(); 与 d.d 的 v() 结构一致(supplement 已映射 d.d.v=BuildingPlaceholder 图标)",verified
method,com.corrodinggames.rts.game.units.e,j,dt(),initIconCache,"T0: static 初始化; 加载 unit_icon_land/unit_icon_land_exp 并 n.a() 切帧; ""IMAGE_ICON is null""/""IMAGE_ICON_EXP is null"" 校验; 与 d.d.dt() 结构一致",verified
method,com.corrodinggames.rts.game.units.e,j,a(float),updateElevationAnim,"T0: 处理 eq/dK 升降物理: bV(已移除)时下沉至目标 0 或 -10(cK()=isOverLiquid 水上时), 存活(bT()=cm>=1)且非 bV 时 eq 回升至 0; instanceof h(Factory) 排除回升分支; 命名保守",verified
method,com.corrodinggames.rts.game.units.e,j,h(),getMovementType,"T0: 返回 ao.b; javap ao clinit 字符串序列 NONE/LAND/BUILDING/AIR/WATER/HOVER/OVER_CLIFF/OVER_CLIFF_WATER 对应 a..h, 故 ao.b=LAND; 工厂链为陆地移动类型",verified
field,com.corrodinggames.rts.game.units,am,a,staticAllUnitsDeque,private static DequeList o a; bF()=getAllUnits() 返回它; 构造注册/destroy移除; deobf UnitInstance 确认 DequeList 类型,verified
field,com.corrodinggames.rts.game.units,am,bv,linkedUnit,B() 设置链接单位; 序列化 ext>=12 writeOutUnitOrPlaceholder; 自定义脚本 j5.bv=j6 链接引用,verified
field,com.corrodinggames.rts.game.units,am,bC,customTimer,"f.java:512 f5.I=f.b(am2,0,1,am2.bC); ++am2.bC 帧递增; custom/bh.java:348 自定义修改器可累加; 序列化 ext>=17; 具体语义待定",verified
field,com.corrodinggames.rts.game.units,am,ci,turnFlipped,y.java:2765 转向逻辑 if(this.ci && !this.bj()) 翻转转向方向,verified
field,com.corrodinggames.rts.game.units,am,cj,collisionRadius,范围/碰撞判定 a(RectF)/c(3f)/t(am) 均使用; do() 返回; y.java:893 碰撞重叠 n8>(n6=am3.s(this)),verified
field,com.corrodinggames.rts.game.units,am,ck,drawRadius,e(float) 绘制选择圆/特效半径; 序列化 ext>=14,verified
field,com.corrodinggames.rts.game.units,am,cs,isReclaiming,"aN() 调色: cs=绿色(回收色); 序列化 ext>=16; 注意 supplement 已有 cp=isReclaiming 存疑, 实际 cs 更像回收调色",verified
field,com.corrodinggames.rts.game.units,am,cx,shieldEnergy,"a(am,float,f) 伤害流程: 先扣 cx 护盾再扣血; cA 为护盾上限; 序列化 ext>=13",verified
field,com.corrodinggames.rts.game.units,am,cy,shieldDrainBuffer,护盾击破时 cx 剩余量累加进 cy; 序列化 ext>=18,verified
field,com.corrodinggames.rts.game.units,am,cD,hpRegenDecay,a(float) 帧更新 cC-=cv*cD*0.005 且 cD 随时间增长 -> 治疗/重生成分衰减器,verified
field,com.corrodinggames.rts.game.units,am,cH,unusedIntField,"int cH=-9999 仅声明未见赋值/使用, 疑似废弃字段",verified
method,com.corrodinggames.rts.game.units,am,a(com.corrodinggames.rts.gameFramework.m.e),createShadowTexture,"静态; 生成全黑副本并命名 ""shadow:""+e2.a() 字符串, e3.n=true; b/a.java 阴影调用",verified
method,com.corrodinggames.rts.game.units,am,"a(com.corrodinggames.rts.gameFramework.m.e, int, int)",createShadowTextureFromRegion,"同上重载 a(n2,n3): 区域拷贝并涂黑, ""shadow:"" 命名",verified
method,com.corrodinggames.rts.game.units,am,a(),destroyUnit,deobf UnitInstance.java:1343 已命名 destroyUnit; 从 bE/a 列表移除并触发死亡逻辑,verified
method,com.corrodinggames.rts.game.units,am,s(com.corrodinggames.rts.game.units.am),getCollisionPushWeight,y.java:893 碰撞重叠质量权重 n8>(n6=am3.s(this)) 作为除数的碰撞推挤权重,verified
method,com.corrodinggames.rts.game.units,am,"a(android.graphics.Paint, boolean)",applyPaintStyle,静态; !av()&&bl2 时 alpha=0 -> 隐形单位调色处理,verified
method,com.corrodinggames.rts.game.units,am,"a(float, boolean)",drawUnitWithStatusBars,绘制单位 sprite + 血条/能量条等状态条,verified
method,com.corrodinggames.rts.game.units,am,p(float),renderFrameUpdate,渲染帧更新; 路径点/选择环等覆盖绘制,verified
method,com.corrodinggames.rts.game.units,am,O(),drawWaypoints,deobf UnitInstance.java:905 命名为 drawWaypointOverlays(); 注意 supplement 已把 O(int) 误映射为 drawWaypointOverlays,verified
method,com.corrodinggames.rts.game.units,am,v(),getUnitTexture,deobf UnitInstance.java:1062 public Texture v(); 返回单位纹理 m.e,verified
method,com.corrodinggames.rts.game.units,am,"b(com.corrodinggames.rts.game.units.am, float, com.corrodinggames.rts.game.units.f)",applyHealing,"治疗: 护盾+血量恢复, f.ak/al/am 乘数修饰",verified
method,com.corrodinggames.rts.game.units,am,"a(com.corrodinggames.rts.game.units.am, float, com.corrodinggames.rts.game.units.f)",applyDamage,伤害: 先护盾后血量; 设置 bs=最后受击tick(此.bs=l2.by) 与 bt=攻击者,verified
method,com.corrodinggames.rts.game.units,am,e(),spawnDeathEffect,"l2.bR=HUDManager.b(eo,ep,eq) 生成死亡爆裂特效(HUDManager 参数 V=35 淡出); 返回 false",verified
method,com.corrodinggames.rts.game.units,am,t(com.corrodinggames.rts.game.units.am),isInCollisionRangeOf,dist<(cj+am2.cj)^2 碰撞判定 (1345 行),verified
method,com.corrodinggames.rts.game.units,am,h(),getMovementType,custom/j.java: return this.x.fh (ao=MovementTypeEnum),verified
method,com.corrodinggames.rts.game.units,am,i(),isSubmergedUnit,custom/j.java: x.fh==ao.d && eq>=4.0f 水下判定; 注意 supplement 裸 i=isEnabled 为错误映射,verified
method,com.corrodinggames.rts.game.units,am,u(com.corrodinggames.rts.game.units.am),getAttackRangeVs,this.y()+am2.r().a(this) 攻击距离 (1536 行),verified
method,com.corrodinggames.rts.game.units,am,v(com.corrodinggames.rts.game.units.am),getAttackRangeVs2,"与 u(am) 完全相同公式 (1540 行), 疑为重复实现",verified
method,com.corrodinggames.rts.game.units,am,r(),getUnitTypeHandle,abstract; deobf UnitInstance: public abstract UnitTypeHandle r(),verified
method,com.corrodinggames.rts.game.units,am,"g(com.corrodinggames.rts.game.units.am, boolean)",canTargetUnitWithFlag,基类 false; h() 委托此方法,verified
method,com.corrodinggames.rts.game.units,am,"h(com.corrodinggames.rts.game.units.am, boolean)",canTargetUnitWithFlagAlias,"直接委托 g(am,boolean) (1825 行)",verified
method,com.corrodinggames.rts.game.units,am,w(com.corrodinggames.rts.game.units.am),isTargetAcquisitionAllowed,基类 false 默认,verified
method,com.corrodinggames.rts.game.units,am,x(com.corrodinggames.rts.game.units.am),canTargetUnitAdvanced,基类 false 默认,verified
method,com.corrodinggames.rts.game.units,am,c(com.corrodinggames.rts.game.units.y),hasReachedMaxUnitsOfType,cQ()=数量上限(Integer.MAX_VALUE 默认无限); d(y) 计数 >= 上限则 true (1833 行),verified
method,com.corrodinggames.rts.game.units,am,d(com.corrodinggames.rts.game.units.y),countUnitsWithAttackOrder,遍历 bE: 指派给 this 且 au.d()==av.g 的 y 单位计数 (1839 行),verified
method,com.corrodinggames.rts.game.units,am,e(com.corrodinggames.rts.game.units.y),countUnitsWithOtherOrder,同 d(y) 但 au.d()==av.d (1854 行),verified
method,com.corrodinggames.rts.game.units,am,l(),isBuilderUnit,"custom/l.java: return this.fp; [core]isBuilder INI 键 (custom/ag.java:1878+报错字符串 ""isBuilder:""); 但 warship/artillery/turret/heli 也返回 true, 内建单位语义存疑",verified
method,com.corrodinggames.rts.game.units,am,"f(float, float)",setPosition,eo=f2; ep=f3; this.c(true) 网格更新 (2118 行),verified
field,com.corrodinggames.rts.game.units,an,a,discovered,"该玩家已发现此单位 (g(n) 可见时置true, 死亡后清)",bytecode-verified
field,com.corrodinggames.rts.game.units,an,b,typeValue,发现时的 V() 类型值快照,bytecode-verified
field,com.corrodinggames.rts.game.units,an,c,indicator,迷雾中不可见时的 GameHUD 位置指示器 (旧类型误标 UnitFlag),bytecode-verified
field,com.corrodinggames.rts.game.units,am,dF,playerIndicators,每玩家指示器状态数组 (BuildTask[] 旧误名),bytecode-verified
method,com.corrodinggames.rts.game.units,am,g(PlayerState),setDiscoveredBy,v19.113m 参数类型修正: 旧签名 UnitCategory (03误标). 02b am.java:2032 g(n) n=PlayerState + MapEngine调用点cast双证,bytecode-verified
method,com.corrodinggames.rts.game.units,am,d(PlayerState),isVisibleTo,v19.113m: 旧名isVisibleToTeam(UnitCategory). 02b am.java:1175 d(n) 迷雾检查 (N数组>=5),bytecode-verified
method,com.corrodinggames.rts.game.units,am,g(),getResourceProductionRate,"v19.113m: 旧名setDiscoveredBy()错译. 02b am g()=0.0F/e(建筑)=0.02F, 调用点 f/a.java:2231 资源生产展示",bytecode-verified
method,com.corrodinggames.rts.game.units,ar,a(12参),placeUnitClone,"v19.113m: 单位克隆放置 (var12=克隆源, 复制cE/cu/cB/bw). am.c()原型修改→不进er列表 (列表大小不变运行验证). 唯一调用方 f/a:1660+f/g:4303 均传 var8=var9=false",bytecode-verified
method,com.corrodinggames.rts.game.units,y,m(am),onUnitCommandTarget,v19.113n: 02b y.java:3688 空钩子 (命令目标处理),bytecode-verified
field,com.corrodinggames.rts.game.units,am,bd,energyCurrent,v19.113q 函数语义铁证: mod函数Energy/MaxEnergy读取该成员 (当前能量),func-semantics-verified
field,com.corrodinggames.rts.game.units,am,eh,unitId,v19.113q 函数语义铁证: mod函数UnitId读取该成员 (单位ID (存档 eh=492 铁证互证)),func-semantics-verified
method,com.corrodinggames.rts.game.units,am,bd,getEnergy,v19.113q 函数语义铁证: mod函数Energy/MaxEnergy精确绑定 (javap Field/Method分离) — 能量读取方法,func-semantics-verified
method,com.corrodinggames.rts.game.units,am,by,includesQueued,v19.113q 函数语义铁证: mod函数AmmoIncludingQueued/EnergyIncludingQueued精确绑定 (javap Field/Method分离) — 队列包含检查,func-semantics-verified
field,com.corrodinggames.rts.game.units,am,eq,height,v19.113q 函数语义铁证: mod函数Height/HeightValue精确绑定 (javap Field/Method分离) — 高度 (float),func-semantics-verified
method,com.corrodinggames.rts.game.units,am,bi,isMovingFast,v19.113q 函数语义铁证: mod函数Speed精确绑定 (javap Field/Method分离) — 速度检查方法 (atTopSpeed 阈值 0.1f),func-semantics-verified
method,com.corrodinggames.rts.game.units,e,m,getMaxMoveDistance,"type-aware-fp-v19.114: 02b字面量指纹配对 (arity=0, BuildingBase)",type-aware-fp-v19.114
method,com.corrodinggames.rts.game.units,h$3$1,run(),stopPlaybackRunnable,"证据串自报名(ldc 绑定, A 级)；描述符 ()V",logstring-selfname-v109
method,com.corrodinggames.rts.game.units,h$3$3,run(),stopPlaybackRunnable,"证据串自报名(ldc 绑定, A 级)；描述符 ()V",logstring-selfname-v109
method,com.corrodinggames.rts.game.units,al,b(...),n,位置无关配对导出（02↔反向源唯一性配对）；见 RENAME-DAMAGE/STATUS §〇.2,pair-derived-v19.133f99
method,com.corrodinggames.rts.game.units.e,i$1,b(...),getLabel,位置无关配对导出（02↔反向源唯一性配对）；见 RENAME-DAMAGE/STATUS §〇.2,pair-derived-v19.133f99
method,com.corrodinggames.rts.game.units,h$1,a(...),getDescription,位置无关配对导出（02↔反向源唯一性配对）；见 RENAME-DAMAGE/STATUS §〇.2,pair-derived-v19.133f99
method,com.corrodinggames.rts.game.units,h$1,c(...),getResourceCost,位置无关配对导出（02↔反向源唯一性配对）；见 RENAME-DAMAGE/STATUS §〇.2,pair-derived-v19.133f99
method,com.corrodinggames.rts.game.units,h$1,b(...),getLabel,位置无关配对导出（02↔反向源唯一性配对）；见 RENAME-DAMAGE/STATUS §〇.2,pair-derived-v19.133f99
method,com.corrodinggames.rts.game.units,h$12,a(...),getDescription,位置无关配对导出（02↔反向源唯一性配对）；见 RENAME-DAMAGE/STATUS §〇.2,pair-derived-v19.133f99
method,com.corrodinggames.rts.game.units,h$12,c(...),getResourceCost,位置无关配对导出（02↔反向源唯一性配对）；见 RENAME-DAMAGE/STATUS §〇.2,pair-derived-v19.133f99
method,com.corrodinggames.rts.game.units,h$12,b(...),getLabel,位置无关配对导出（02↔反向源唯一性配对）；见 RENAME-DAMAGE/STATUS §〇.2,pair-derived-v19.133f99
method,com.corrodinggames.rts.game.units,h$13,b(...),getLabel,位置无关配对导出（02↔反向源唯一性配对）；见 RENAME-DAMAGE/STATUS §〇.2,pair-derived-v19.133f99
method,com.corrodinggames.rts.game.units,h$14,b(...),getLabel,位置无关配对导出（02↔反向源唯一性配对）；见 RENAME-DAMAGE/STATUS §〇.2,pair-derived-v19.133f99
method,com.corrodinggames.rts.game.units,h$17,c(...),getResourceCost,位置无关配对导出（02↔反向源唯一性配对）；见 RENAME-DAMAGE/STATUS §〇.2,pair-derived-v19.133f99
method,com.corrodinggames.rts.game.units,h$17,b(...),getLabel,位置无关配对导出（02↔反向源唯一性配对）；见 RENAME-DAMAGE/STATUS §〇.2,pair-derived-v19.133f99
method,com.corrodinggames.rts.game.units,h$17,a(...),getDescription,位置无关配对导出（02↔反向源唯一性配对）；见 RENAME-DAMAGE/STATUS §〇.2,pair-derived-v19.133f99
method,com.corrodinggames.rts.game.units,h$18,c(...),getResourceCost,位置无关配对导出（02↔反向源唯一性配对）；见 RENAME-DAMAGE/STATUS §〇.2,pair-derived-v19.133f99
method,com.corrodinggames.rts.game.units,h$18,b(...),getLabel,位置无关配对导出（02↔反向源唯一性配对）；见 RENAME-DAMAGE/STATUS §〇.2,pair-derived-v19.133f99
method,com.corrodinggames.rts.game.units,h$18,a(...),getDescription,位置无关配对导出（02↔反向源唯一性配对）；见 RENAME-DAMAGE/STATUS §〇.2,pair-derived-v19.133f99
method,com.corrodinggames.rts.game.units,h$19,c(...),getResourceCost,位置无关配对导出（02↔反向源唯一性配对）；见 RENAME-DAMAGE/STATUS §〇.2,pair-derived-v19.133f99
method,com.corrodinggames.rts.game.units,h$19,b(...),getLabel,位置无关配对导出（02↔反向源唯一性配对）；见 RENAME-DAMAGE/STATUS §〇.2,pair-derived-v19.133f99
method,com.corrodinggames.rts.game.units,h$19,a(...),getDescription,位置无关配对导出（02↔反向源唯一性配对）；见 RENAME-DAMAGE/STATUS §〇.2,pair-derived-v19.133f99
method,com.corrodinggames.rts.game.units,h$2,a(...),getDescription,位置无关配对导出（02↔反向源唯一性配对）；见 RENAME-DAMAGE/STATUS §〇.2,pair-derived-v19.133f99
method,com.corrodinggames.rts.game.units,h$20,c(...),getResourceCost,位置无关配对导出（02↔反向源唯一性配对）；见 RENAME-DAMAGE/STATUS §〇.2,pair-derived-v19.133f99
method,com.corrodinggames.rts.game.units,h$20,b(...),getLabel,位置无关配对导出（02↔反向源唯一性配对）；见 RENAME-DAMAGE/STATUS §〇.2,pair-derived-v19.133f99
method,com.corrodinggames.rts.game.units,h$20,a(...),getDescription,位置无关配对导出（02↔反向源唯一性配对）；见 RENAME-DAMAGE/STATUS §〇.2,pair-derived-v19.133f99
method,com.corrodinggames.rts.game.units,h$21,c(...),getResourceCost,位置无关配对导出（02↔反向源唯一性配对）；见 RENAME-DAMAGE/STATUS §〇.2,pair-derived-v19.133f99
method,com.corrodinggames.rts.game.units,h$21,b(...),getLabel,位置无关配对导出（02↔反向源唯一性配对）；见 RENAME-DAMAGE/STATUS §〇.2,pair-derived-v19.133f99
method,com.corrodinggames.rts.game.units,h$21,a(...),getDescription,位置无关配对导出（02↔反向源唯一性配对）；见 RENAME-DAMAGE/STATUS §〇.2,pair-derived-v19.133f99
method,com.corrodinggames.rts.game.units,h$22,a(...),getDescription,位置无关配对导出（02↔反向源唯一性配对）；见 RENAME-DAMAGE/STATUS §〇.2,pair-derived-v19.133f99
method,com.corrodinggames.rts.game.units,h$23,a(...),getDescription,位置无关配对导出（02↔反向源唯一性配对）；见 RENAME-DAMAGE/STATUS §〇.2,pair-derived-v19.133f99
method,com.corrodinggames.rts.game.units,h$5,a(...),getDescription,位置无关配对导出（02↔反向源唯一性配对）；见 RENAME-DAMAGE/STATUS §〇.2,pair-derived-v19.133f99
method,com.corrodinggames.rts.game.units,q,b(...),getLabel,位置无关配对导出（02↔反向源唯一性配对）；见 RENAME-DAMAGE/STATUS §〇.2,pair-derived-v19.133f99
field,com.corrodinggames.rts.game.units,ag,a,attack,枚举常量 INI 名（RS-27 第 47 轮，由 <clinit> 的 ldc 序列提取）,derived-bytecode-v19.133f99
field,com.corrodinggames.rts.game.units,ag,b,move,枚举常量 INI 名（RS-27 第 47 轮，由 <clinit> 的 ldc 序列提取）,derived-bytecode-v19.133f99
field,com.corrodinggames.rts.game.units,ag,c,newSelection,枚举常量 INI 名（RS-27 第 47 轮，由 <clinit> 的 ldc 序列提取）,derived-bytecode-v19.133f99
