type,obfuscated_package,obfuscated_class,obfuscated_member,meaningful_name,notes,verified
field,com.corrodinggames.rts.game,g,A,dedicatedServerMode,Dedicated server mode flag (boolean),verified-exists
field,com.corrodinggames.rts.game,g,B,defaultCommand,Default command template (e=Command),verified-exists
field,com.corrodinggames.rts.game,g,C,secondaryCommand,Secondary command template (e),verified-exists
field,com.corrodinggames.rts.game,g,D,buildSpeedMultiplier,Build speed multiplier (float),verified-exists
field,com.corrodinggames.rts.game,g,E,unitSpeedMultiplier,Unit movement speed multiplier (float),verified-exists
field,com.corrodinggames.rts.game,g,F,attackDamageMultiplier,Attack damage multiplier (float),verified-exists
field,com.corrodinggames.rts.game,g,G,repairSpeedMultiplier,Repair speed multiplier (float),verified-exists
field,com.corrodinggames.rts.game,g,H,reclaimSpeedMultiplier,Reclaim speed multiplier (float),verified-exists
field,com.corrodinggames.rts.game,g,I,enableTriggerDebug,Enable trigger debug flag (boolean),verified-exists
field,com.corrodinggames.rts.game,g,J,enableAIDebug,Enable AI debug overlay flag (boolean),verified-exists
field,com.corrodinggames.rts.game,g,K,gameDurationLimit,Game duration limit minutes (float  -1=unlimited),verified-exists
field,com.corrodinggames.rts.game,g,a,defaultInstance,Default settings instance (static GameSettings),verified-exists
field,com.corrodinggames.rts.game,g,b,startingCredits,Starting credits amount (int),verified-exists
field,com.corrodinggames.rts.game,g,c,fogOfWarMode,Fog of war mode (int: 0=off 1=basic 2=los),verified-exists
field,com.corrodinggames.rts.game,g,d,teamsLocked,Teams locked flag (boolean),verified-exists
field,com.corrodinggames.rts.game,g,e,allowSpectators,Allow spectators flag (boolean),verified-exists
field,com.corrodinggames.rts.game,g,f,allowCheats,Allow cheats/debug mode flag (boolean),verified-exists
field,com.corrodinggames.rts.game,g,g,randomStartPositions,Random start positions flag (boolean),verified-exists
field,com.corrodinggames.rts.game,g,h,sharedResources,Team shared resources flag (boolean),verified-exists
field,com.corrodinggames.rts.game,g,i,defaultIncomeRate,"Default income rate (int,  default 35)",verified-exists
field,com.corrodinggames.rts.game,g,j,nukeCooldownTime,Nuke cooldown time seconds (float  -1=disabled),verified-exists
field,com.corrodinggames.rts.game,g,k,nukesEnabled,"Nukes enabled flag (boolean,  default false)",verified-exists
field,com.corrodinggames.rts.game,g,l,aiEnabled,AI players enabled flag (boolean),verified-exists
field,com.corrodinggames.rts.game,g,m,tournamentMode,Tournament/competitive mode flag (boolean),verified-exists
field,com.corrodinggames.rts.game,g,n,fogRevealAll,Reveal all fog flag (boolean),verified-exists
field,com.corrodinggames.rts.game,g,o,gameSpeed,"Game speed multiplier (float,  default 1.0)",verified-exists
field,com.corrodinggames.rts.game,g,p,freeForAllMode,Free-for-all mode flag (boolean),verified-exists
field,com.corrodinggames.rts.game,g,q,allowMidGameJoin,Allow mid-game join flag (boolean),verified-exists
field,com.corrodinggames.rts.game,g,r,unlockAllTech,Unlock all technology flag (boolean),verified-exists
field,com.corrodinggames.rts.game,g,s,noSupplyLimit,No supply/population limit flag (boolean),verified-exists
field,com.corrodinggames.rts.game,g,t,disableT2Upgrades,Disable T2 upgrades flag (boolean),verified-exists
field,com.corrodinggames.rts.game,g,u,startingCreditsFloat,Starting credits (float precision),verified-exists
field,com.corrodinggames.rts.game,g,v,incomeMultiplier,Income rate multiplier (float),verified-exists
field,com.corrodinggames.rts.game,g,w,nukeDamageRadius,"Nuke damage radius (float,  default 5.0)",verified-exists
field,com.corrodinggames.rts.game,g,x,mapWidthSetting,Map width setting (short  -1=auto),verified-exists
field,com.corrodinggames.rts.game,g,y,mapHeightSetting,Map height setting (short),verified-exists
field,com.corrodinggames.rts.game,g,z,playerCount,Player count setting (short  -1=auto),verified-exists
field,com.corrodinggames.rts.game,h,a,tagName,Tag name string,verified-exists
field,com.corrodinggames.rts.game,h,b,tagValue,Tag value string,verified-exists
field,com.corrodinggames.rts.game,h,c,matchType,Match type enum (int),verified-exists
field,com.corrodinggames.rts.game,h,d,inclusiveFilter,Include matching flag (boolean),verified-exists
field,com.corrodinggames.rts.game,h,e,excludeFilter,Exclude matching flag (boolean),verified-exists
field,com.corrodinggames.rts.game,h,f,fallback,Next filter in chain (TagFilter),verified-exists
field,com.corrodinggames.rts.game,h,g,isActive,Filter active flag (boolean),verified-exists
field,com.corrodinggames.rts.game,p,a,teamTag,Team tag reference (g),verified-exists
field,com.corrodinggames.rts.game,p,b,totalUnitCount,Total unit count (int),verified-exists
field,com.corrodinggames.rts.game,p,c,activeUnitCount,Active unit count (int),verified-exists
field,com.corrodinggames.rts.game,p,d,maxAllowedUnits,Max allowed units (int),verified-exists
field,com.corrodinggames.rts.game,p,e,priorityLevel,Priority level (short),verified-exists
method,com.corrodinggames.rts.game,f,"b(com.corrodinggames.rts.game.units.am, float, float)",attemptHitUnit,,verified-exists
method,com.corrodinggames.rts.game,f,"a(float,float,h)",retarget,,verified-exists
method,com.corrodinggames.rts.game,f,"b(am,float,float)",canHitUnit,,verified-exists
field,com.corrodinggames.rts.game,f,A,brakingDistance,Braking distance,verified-exists
field,com.corrodinggames.rts.game,f,B,arrivalDistance,Arrival detection distance,verified-exists
field,com.corrodinggames.rts.game,f,C,pushingEnabled,Unit pushing/repulsion enabled flag,verified-exists
field,com.corrodinggames.rts.game,f,D,pushPriority,Pushing priority level,verified-exists
field,com.corrodinggames.rts.game,f,E,isPushing,Currently being pushed by another unit,verified-exists
field,com.corrodinggames.rts.game,f,F,pushForce,Push force magnitude,verified-exists
field,com.corrodinggames.rts.game,f,G,collisionChecked,Collision was checked this frame,verified-exists
field,com.corrodinggames.rts.game,f,H,speedFactor,Terrain/movement speed factor (default 1.0),verified-exists
field,com.corrodinggames.rts.game,f,I,lastPathX,Last path target X position,verified-exists
field,com.corrodinggames.rts.game,f,J,lastPathY,Last path target Y position,verified-exists
field,com.corrodinggames.rts.game,f,K,moveStartX,Movement start X position,verified-exists
field,com.corrodinggames.rts.game,f,L,moveStartY,Movement start Y position,verified-exists
field,com.corrodinggames.rts.game,f,M,useDirectMovement,Direct movement (skip pathfinding),verified-exists
field,com.corrodinggames.rts.game,f,N,pathProgress,Path progress along current segment (0-1),verified-exists
field,com.corrodinggames.rts.game,f,O,nodePositions,Path node positions cache (float[]),verified-exists
field,com.corrodinggames.rts.game,f,P,pathSearchId,Path search ID for async result matching,verified-exists
field,com.corrodinggames.rts.game,f,Q,pathResultId,Received path result ID,verified-exists
field,com.corrodinggames.rts.game,f,R,pathRetryCount,Path retry attempt counter,verified-exists
field,com.corrodinggames.rts.game,f,S,pathCanRetry,Path retry allowed flag (default true),verified-exists
field,com.corrodinggames.rts.game,f,T,needsPathUpdate,Path requires update flag,verified-exists
field,com.corrodinggames.rts.game,f,U,pathAge,Path age since creation (seconds),verified-exists
field,com.corrodinggames.rts.game,f,V,useSmoothPath,Smooth path following enabled,verified-exists
field,com.corrodinggames.rts.game,f,W,lastKnownTargetX,Last known target X (for interpolation),verified-exists
field,com.corrodinggames.rts.game,f,X,lastKnownTargetY,Last known target Y (for interpolation),verified-exists
field,com.corrodinggames.rts.game,f,Y,interpolatedTargetX,Interpolated target X,verified-exists
field,com.corrodinggames.rts.game,f,Z,interpolatedTargetY,Interpolated target Y,verified-exists
method,com.corrodinggames.rts.game,f,a,getag,real-class-inferred: com.corrodinggames.rts.game.f,real-class-v1200
method,com.corrodinggames.rts.game,f,a(am),applyGravity,Projectile: void - update gravity acceleration ah+=ag/bN(),body-verified-v1500
method,com.corrodinggames.rts.game,f,a(as),writeToStream,Projectile: void - full serialize version 7-89,body-verified-v1500
method,com.corrodinggames.rts.game,f,a(com.corrodinggames.rts.game.f),obtainProjectile,"""f.java:169 static; reuses pool bm""",verified-exists
method,com.corrodinggames.rts.game,f,a(f),getTemplate,Projectile: static f - return static prototype bm,body-verified-v1500
method,com.corrodinggames.rts.game,f,a(float),updateProjectile,"Projectile: void - main fly loop: J+=dt,  hit detection",verified-exists
method,com.corrodinggames.rts.game,f,a(k),readFromStream,Projectile: void - full deserialize with version branches,body-verified-v1500
method,com.corrodinggames.rts.game,f,a(l),isVisibleOnScreen,Projectile: boolean - viewport culling check,body-verified-v1500
field,com.corrodinggames.rts.game,f,aA,heightLevel,Height/altitude level (for air/water units),verified-exists
field,com.corrodinggames.rts.game,f,aB,isHovering,Unit is hovering (hovercraft/flight),verified-exists
field,com.corrodinggames.rts.game,f,aC,collisionEnabled,Collision detection enabled,verified-exists
field,com.corrodinggames.rts.game,f,aD,collisionGroupId,Collision group/filter ID,verified-exists
field,com.corrodinggames.rts.game,f,aE,pathResult,A* pathfinding result handle (h),verified-exists
field,com.corrodinggames.rts.game,f,aF,desiredHeading,Desired facing angle (radians),verified-exists
field,com.corrodinggames.rts.game,f,aG,rotateTowardsTarget,Rotate to face attack target,verified-exists
field,com.corrodinggames.rts.game,f,aH,rotateTowardsMovement,Rotate to face movement direction,verified-exists
field,com.corrodinggames.rts.game,f,aI,closeEnoughRadius,"""Arrival ""close enough"" radius (default 40)""",verified-exists
field,com.corrodinggames.rts.game,f,aJ,tooCloseRadius,"""Separation ""too close"" radius (default 60)""",verified-exists
field,com.corrodinggames.rts.game,f,aK,avoidFriendlies,Friendly unit avoidance enabled,verified-exists
field,com.corrodinggames.rts.game,f,aL,pushStrength,Unit pushing strength multiplier (default 2.0),verified-exists
field,com.corrodinggames.rts.game,f,aM,isBeingPushed,Currently being pushed flag,verified-exists
field,com.corrodinggames.rts.game,f,aN,pushDirectionX,Push direction X component,verified-exists
field,com.corrodinggames.rts.game,f,aO,pushDirectionY,Push direction Y component,verified-exists
field,com.corrodinggames.rts.game,f,aP,selectionCircleUI,Selection circle UI element (d.e),verified-exists
field,com.corrodinggames.rts.game,f,aQ,isSelected,Unit is currently selected,verified-exists
field,com.corrodinggames.rts.game,f,aR,isVisible,Unit is visible on screen (default true),verified-exists
field,com.corrodinggames.rts.game,f,aS,needsRedraw,Needs redraw this frame,verified-exists
field,com.corrodinggames.rts.game,f,aT,movementAnimTimer,Movement animation timer,verified-exists
field,com.corrodinggames.rts.game,f,aU,movementAnimActive,Movement animation active,verified-exists
field,com.corrodinggames.rts.game,f,aV,impactPointX,Collision impact point X (package-private),verified-exists
field,com.corrodinggames.rts.game,f,aW,impactPointY,Collision impact point Y (package-private),verified-exists
field,com.corrodinggames.rts.game,f,aX,impactNormalX,Collision impact normal X (package-private),verified-exists
field,com.corrodinggames.rts.game,f,aY,terrainBlocked,Path blocked by terrain,verified-exists
field,com.corrodinggames.rts.game,f,aZ,unitBlocked,Path blocked by other unit,verified-exists
field,com.corrodinggames.rts.game,f,aa,canMoveBackwards,Can move backwards flag,verified-exists
field,com.corrodinggames.rts.game,f,ab,isPathfinding,Currently pathfinding flag,verified-exists
field,com.corrodinggames.rts.game,f,ac,pathRecalculate,Path needs recalculation,verified-exists
field,com.corrodinggames.rts.game,f,ad,pathInvalid,Current path is invalid,verified-exists
field,com.corrodinggames.rts.game,f,ae,smoothPathEnabled,Smooth path corners enabled (default true),verified-exists
field,com.corrodinggames.rts.game,f,af,hasArrivedAtTarget,Has arrived at target destination,verified-exists
field,com.corrodinggames.rts.game,f,ag,minMoveSpeed,Minimum movement speed,verified-exists
field,com.corrodinggames.rts.game,f,ah,maxMoveSpeedOverride,Max speed override value,verified-exists
field,com.corrodinggames.rts.game,f,ai,speedMultiplier,Overall speed multiplier (default 1.0),verified-exists
field,com.corrodinggames.rts.game,f,aj,accelMultiplier,Acceleration multiplier (default 1.0),verified-exists
field,com.corrodinggames.rts.game,f,ak,turnRateMultiplier,Turn rate multiplier (default 1.0),verified-exists
field,com.corrodinggames.rts.game,f,al,brakingMultiplier,Braking distance multiplier (default 1.0),verified-exists
field,com.corrodinggames.rts.game,f,am,terrainSpeedFactor,Terrain speed factor (default 1.0),verified-exists
field,com.corrodinggames.rts.game,f,an,smoothedSpeed,Smoothed/lerped current speed,verified-exists
field,com.corrodinggames.rts.game,f,ao,useFixedSpeed,Use fixed speed (ignore acceleration),verified-exists
field,com.corrodinggames.rts.game,f,ap,movementState,Movement state enum (Idle/Moving/Turning),verified-exists
field,com.corrodinggames.rts.game,f,aq,defaultPathColor,Default path line color (static int ARGB),verified-exists
field,com.corrodinggames.rts.game,f,ar,pathColor,Current path line color (default=aq),verified-exists
field,com.corrodinggames.rts.game,f,as,drawPathLine,Draw path line enabled,verified-exists
field,com.corrodinggames.rts.game,f,at,boolean21,real-class-inferred: com.corrodinggames.rts.game.f,real-class-v1200
field,com.corrodinggames.rts.game,f,au,attachedGameObject,Attached game object (w = GameObject),verified-exists
field,com.corrodinggames.rts.game,f,av,teamColorIndex,Team color index for rendering (-1=none),verified-exists
field,com.corrodinggames.rts.game,f,aw,collisionRadius,Collision radius override,verified-exists
field,com.corrodinggames.rts.game,f,ax,hitboxOffsetX,Collision hitbox offset X,verified-exists
field,com.corrodinggames.rts.game,f,ay,hitboxOffsetY,Collision hitbox offset Y,verified-exists
field,com.corrodinggames.rts.game,f,az,facingAngle,Facing angle degrees,verified-exists
method,com.corrodinggames.rts.game,f,b(float),updateSplashDamage,Projectile: void - area damage: range query + per-unit check,body-verified-v1500
field,com.corrodinggames.rts.game,f,ba,defaultPaint,Default movement paint (static ag),verified-exists
field,com.corrodinggames.rts.game,f,bb,pathPaint,Path line paint (static Paint),verified-exists
field,com.corrodinggames.rts.game,f,bc,paint2,real-class-inferred: com.corrodinggames.rts.game.f,real-class-v1200
field,com.corrodinggames.rts.game,f,bd,targetMarkerPaint,Target marker paint (static Paint),verified-exists
field,com.corrodinggames.rts.game,f,be,collisionAreaPaint,Collision area debug paint (static Paint),verified-exists
field,com.corrodinggames.rts.game,f,bf,rangeCirclePaint,Range circle paint (static Paint),verified-exists
field,com.corrodinggames.rts.game,f,bg,blockingAreaPaint,Blocking area debug paint (static Paint),verified-exists
field,com.corrodinggames.rts.game,f,bh,debugOverlayPaint,Debug overlay paint (static Paint),verified-exists
field,com.corrodinggames.rts.game,f,bi,movementProfiler,Movement performance profiler (static u),verified-exists
field,com.corrodinggames.rts.game,f,bj,activePaint,Currently active paint reference,verified-exists
field,com.corrodinggames.rts.game,f,bk,sharedPaint,Shared paint instance (static ag),verified-exists
field,com.corrodinggames.rts.game,f,bl,globalPathIdCounter,Global path ID counter (static int),verified-exists
field,com.corrodinggames.rts.game,f,bm,templateInstance,Projectile: static f - prototype for cloning,body-verified-v1500
field,com.corrodinggames.rts.game,f,bn,boolean30,real-class-inferred: com.corrodinggames.rts.game.f,real-class-v1200
method,com.corrodinggames.rts.game,f,c,loadSpriteTextures,Projectile: static void - load projectiles/projectiles2/projectiles_large,body-verified-v1500
method,com.corrodinggames.rts.game,f,c(float),drawPathVisuals,Render path lines/waypoints/targets/icons,verified-exists
method,com.corrodinggames.rts.game,f,d(float),onTick,f.java:1640 empty override,body-verified-v1007
method,com.corrodinggames.rts.game,f,e,getLifeRatio,Projectile: float - J/F or 1.0 life/total ratio,body-verified-v1500
method,com.corrodinggames.rts.game,f,e(float),onDraw,f.java:1643 empty override,body-verified-v1007
field,com.corrodinggames.rts.game,f,eo,posX,Projectile: float - world X (inherited az),body-verified-v1500
field,com.corrodinggames.rts.game,f,ep,posY,Projectile: float - world Y (inherited az),body-verified-v1500
field,com.corrodinggames.rts.game,f,eq,posZ,Projectile: float - world Z/elevation (inherited az),body-verified-v1500
method,com.corrodinggames.rts.game,f,f,getColorFilterPaint,Projectile: Paint - LightingColorFilter tint (cached bk/bl),body-verified-v1500
method,com.corrodinggames.rts.game,f,f(float),isTickComplete,f.java:1646 returns false,body-verified-v1007
field,com.corrodinggames.rts.game,f,g,movementType,Movement type enum (Land/Water/Air/Hover),verified-exists
field,com.corrodinggames.rts.game,f,h,float1,real-class-inferred: com.corrodinggames.rts.game.f,real-class-v1200
field,com.corrodinggames.rts.game,f,i,float2,real-class-inferred: com.corrodinggames.rts.game.f,real-class-v1200
field,com.corrodinggames.rts.game,f,j,am1,real-class-inferred: com.corrodinggames.rts.game.f,real-class-v1200
field,com.corrodinggames.rts.game,f,k,pathfinderResult,Pathfinder result handle,verified-exists
field,com.corrodinggames.rts.game,f,l,am2,real-class-inferred: com.corrodinggames.rts.game.f,real-class-v1200
field,com.corrodinggames.rts.game,f,m,hasFixedTarget,Has fixed target,verified-exists
field,com.corrodinggames.rts.game,f,n,targetX,Target X,verified-exists
field,com.corrodinggames.rts.game,f,o,targetY,Target Y,verified-exists
field,com.corrodinggames.rts.game,f,p,pathIndex,Current path node index,verified-exists
field,com.corrodinggames.rts.game,f,q,projectileConfig,"P3.3-deep-curated: class-context, was=f2",p3-deep-curated
field,com.corrodinggames.rts.game,f,r,lastPosition,Last frame position,verified-exists
field,com.corrodinggames.rts.game,f,s,stuckTimer,Stuck detection timer,verified-exists
field,com.corrodinggames.rts.game,f,t,float8,real-class-inferred: com.corrodinggames.rts.game.f,real-class-v1200
field,com.corrodinggames.rts.game,f,u,float9,real-class-inferred: com.corrodinggames.rts.game.f,real-class-v1200
field,com.corrodinggames.rts.game,f,v,float10,real-class-inferred: com.corrodinggames.rts.game.f,real-class-v1200
field,com.corrodinggames.rts.game,f,w,float11,real-class-inferred: com.corrodinggames.rts.game.f,real-class-v1200
field,com.corrodinggames.rts.game,f,x,float12,real-class-inferred: com.corrodinggames.rts.game.f,real-class-v1200
field,com.corrodinggames.rts.game,f,y,acceleration,Movement acceleration,verified-exists
field,com.corrodinggames.rts.game,f,z,turnSpeed,Turn speed,verified-exists
method,com.corrodinggames.rts.game,g,"a(com.corrodinggames.rts.game.units.am, float, boolean)",getDamageMultiplier,,verified-exists
field,com.corrodinggames.rts.game,g,L,ownerUnit,Unit that fired this projectile,verified-exists
field,com.corrodinggames.rts.game,g,M,targetUnit,Target unit reference,verified-exists
field,com.corrodinggames.rts.game,g,N,weaponIndex,Weapon/turret index that fired,verified-exists
field,com.corrodinggames.rts.game,g,O,maxRange,Maximum attack range (float),verified-exists
field,com.corrodinggames.rts.game,g,P,optimalRange,Optimal/ideal attack range,verified-exists
field,com.corrodinggames.rts.game,g,Q,reloadCooldown,Weapon reload cooldown time,verified-exists
field,com.corrodinggames.rts.game,g,R,burstDelay,Burst fire delay between shots,verified-exists
field,com.corrodinggames.rts.game,g,S,chargeTime,Charge-up time before firing,verified-exists
field,com.corrodinggames.rts.game,g,T,burstCount,Burst fire shot count,verified-exists
field,com.corrodinggames.rts.game,g,U,trailSpacing,Trail particle spacing interval,verified-exists
field,com.corrodinggames.rts.game,g,V,trailCount,Trail particle count,verified-exists
field,com.corrodinggames.rts.game,g,W,impactCount,Impact particle count,verified-exists
field,com.corrodinggames.rts.game,g,X,trailColor,Trail particle color (ARGB int),verified-exists
field,com.corrodinggames.rts.game,g,Y,trailTexture,Trail particle texture,verified-exists
field,com.corrodinggames.rts.game,g,Z,muzzleFlashTexture,Muzzle flash texture,verified-exists
method,com.corrodinggames.rts.game,g,a(com.corrodinggames.rts.game.units.am),getUpgradeForUnit,g.java:133 returns h2.g payload of matching entry,body-verified-v1007
field,com.corrodinggames.rts.game,g,aA,altMinRange,Alternate minimum range,verified-exists
field,com.corrodinggames.rts.game,g,aB,altMaxRange,Alternate maximum range,verified-exists
field,com.corrodinggames.rts.game,g,aC,altSplashRadius,Alternate splash radius,verified-exists
field,com.corrodinggames.rts.game,g,aD,altDamage,Alternate damage value,verified-exists
field,com.corrodinggames.rts.game,g,aE,teamColor,Team color tint (default white),verified-exists
field,com.corrodinggames.rts.game,g,aF,spriteScale,Sprite render scale (default 1.0),verified-exists
field,com.corrodinggames.rts.game,g,aG,spriteRotation,Sprite rotation angle,verified-exists
field,com.corrodinggames.rts.game,g,aH,alpha,Render alpha/opacity (default 1.0),verified-exists
field,com.corrodinggames.rts.game,g,aI,renderLayer,Render layer/depth ordering,verified-exists
field,com.corrodinggames.rts.game,g,aJ,renderPriority,Render priority within layer,verified-exists
field,com.corrodinggames.rts.game,g,aK,tintRed,Red tint component,verified-exists
field,com.corrodinggames.rts.game,g,aL,tintGreen,Green tint component,verified-exists
field,com.corrodinggames.rts.game,g,aM,tintBlue,Blue tint component,verified-exists
field,com.corrodinggames.rts.game,g,aN,flashAlpha,Muzzle flash alpha intensity,verified-exists
field,com.corrodinggames.rts.game,g,aO,flashScale,Muzzle flash scale,verified-exists
field,com.corrodinggames.rts.game,g,aP,flashDuration,Muzzle flash duration ticks,verified-exists
field,com.corrodinggames.rts.game,g,aQ,trailAlpha,Trail alpha intensity,verified-exists
field,com.corrodinggames.rts.game,g,aR,trailScale,Trail particle scale,verified-exists
field,com.corrodinggames.rts.game,g,aS,airDamageMultiplier,Damage multiplier vs air,verified-exists
field,com.corrodinggames.rts.game,g,aT,groundDamageMultiplier,Damage multiplier vs ground,verified-exists
field,com.corrodinggames.rts.game,g,aU,submergedDamageMultiplier,Damage multiplier vs submerged,verified-exists
field,com.corrodinggames.rts.game,g,aV,hoverDamageMultiplier,Damage multiplier vs hover,verified-exists
field,com.corrodinggames.rts.game,g,aW,shieldDamageMultiplier,Damage multiplier vs shields,verified-exists
field,com.corrodinggames.rts.game,g,aX,parentWeapon,Parent weapon definition reference,verified-exists
field,com.corrodinggames.rts.game,g,aY,spawnerType,Spawner unit type reference,verified-exists
field,com.corrodinggames.rts.game,g,aZ,onHitUnits,Units spawned on impact,verified-exists
field,com.corrodinggames.rts.game,g,aa,impactSound,Impact sound effect reference,verified-exists
field,com.corrodinggames.rts.game,g,ab,shieldTexture,Shield impact texture,verified-exists
field,com.corrodinggames.rts.game,g,ac,launchSound,Launch/fire sound effect,verified-exists
field,com.corrodinggames.rts.game,g,ad,trailSound,Trail/ambient sound effect,verified-exists
field,com.corrodinggames.rts.game,g,ae,targetLostSound,Target lost sound effect,verified-exists
field,com.corrodinggames.rts.game,g,af,splashDamageRadius,Splash/AOE damage radius,verified-exists
field,com.corrodinggames.rts.game,g,ag,turnRate,Homing turn rate (default 3.0),verified-exists
field,com.corrodinggames.rts.game,g,ah,targetCategory,Valid target category tags,verified-exists
field,com.corrodinggames.rts.game,g,ai,avoidCategory,Avoid/ignore category tags,verified-exists
field,com.corrodinggames.rts.game,g,aj,onHitProjectiles,Sub-projectiles spawned on hit,verified-exists
field,com.corrodinggames.rts.game,g,ak,onDeathProjectiles,Sub-projectiles spawned on death,verified-exists
field,com.corrodinggames.rts.game,g,al,trailProjectiles,Trail sub-projectiles list,verified-exists
field,com.corrodinggames.rts.game,g,am,damageMultiplier,Damage multiplier float,verified-exists
field,com.corrodinggames.rts.game,g,an,acceleration,Acceleration rate (default 5.0),verified-exists
field,com.corrodinggames.rts.game,g,ao,maxTurnAngle,Max turn angle for homing,verified-exists
field,com.corrodinggames.rts.game,g,ap,braking,Braking/deceleration (default 0.5),verified-exists
field,com.corrodinggames.rts.game,g,aq,gravity,Gravity effect on projectile,verified-exists
field,com.corrodinggames.rts.game,g,ar,windResistance,Wind resistance/drag factor,verified-exists
field,com.corrodinggames.rts.game,g,as,waterDrag,Water drag multiplier,verified-exists
field,com.corrodinggames.rts.game,g,at,groundBounce,Ground bounce factor,verified-exists
field,com.corrodinggames.rts.game,g,au,pierceCount,Pierce-through target count,verified-exists
field,com.corrodinggames.rts.game,g,av,splashRadius,Splash damage radius (default 0.1),verified-exists
field,com.corrodinggames.rts.game,g,aw,splashFalloff,Splash damage falloff exponent,verified-exists
field,com.corrodinggames.rts.game,g,ax,weaponRange,Weapon range (default 120.0),verified-exists
field,com.corrodinggames.rts.game,g,ay,splashVisualRadius,Splash visual effect radius,verified-exists
field,com.corrodinggames.rts.game,g,az,splashDamage,Splash damage amount,verified-exists
field,com.corrodinggames.rts.game,g,ba,onDeathUnits,Units spawned on projectile death,verified-exists
field,com.corrodinggames.rts.game,g,bb,customData,Custom mod data container,verified-exists
field,com.corrodinggames.rts.game,g,bc,isModProjectile,Mod-defined projectile flag,verified-exists
field,com.corrodinggames.rts.game,g,bd,projectileId,Projectile type ID string,verified-exists
field,com.corrodinggames.rts.game,g,be,damageModifiers,ArrayList of damage modifier rules,verified-exists
field,com.corrodinggames.rts.game,g,bf,defenseModifiers,ArrayList of defense modifier rules,verified-exists
field,com.corrodinggames.rts.game,g,bg,transformModifiers,ArrayList of transform modifier rules,verified-exists
field,com.corrodinggames.rts.game,g,bh,isInitialized,"Projectile initialized flag; 逆4-v19.133f98: 语义名在 03 存在 — 归属待迁 (relocate-candidate); 逆4d-v19.133f98: 保持-仅异域同名声明 (CustomUnitType 在 com/corrodinggames/rts/game/units/custom), 语义存疑; 逆5b-v19.133f98: 保持-仅异域同名声明 (CustomUnitType 在 com/corrodinggames/rts/game/units/custom), 语义存疑",suspicious-bc-missing
method,com.corrodinggames.rts.game,i,"a(int, int, float)",setScreenSize,,verified-exists
field,com.corrodinggames.rts.game,i,A,uiPaint,UI rendering Paint object,verified-exists
field,com.corrodinggames.rts.game,i,B,textPaint,Text rendering Paint,verified-exists
field,com.corrodinggames.rts.game,i,C,selectionBoxPaint,Selection box Paint,verified-exists
field,com.corrodinggames.rts.game,i,D,minimapPaint,Minimap overlay Paint,verified-exists
field,com.corrodinggames.rts.game,i,G,stepAccumulator,Network replay step frame accumulator,verified-exists
field,com.corrodinggames.rts.game,i,H,targetFps,Target FPS for frame timing,verified-exists
field,com.corrodinggames.rts.game,i,I,deltaTime,Frame delta time storage,verified-exists
field,com.corrodinggames.rts.game,i,J,deltaTimeBackup,Delta time backup (JIT bug detection),verified-exists
field,com.corrodinggames.rts.game,i,K,shaderBase,Base post-processing shader (post_base.frag),verified-exists
field,com.corrodinggames.rts.game,i,L,shaderDisplacement,Displacement shader (post_displacement.frag),verified-exists
field,com.corrodinggames.rts.game,i,N,savedGraphicsLayer,Stack for shader push/pop graphics state,verified-exists
field,com.corrodinggames.rts.game,i,O,waterTexture1,Water texture layer 1,verified-exists
field,com.corrodinggames.rts.game,i,P,waterTexture2,Water texture layer 2,verified-exists
field,com.corrodinggames.rts.game,i,Q,waterTexture3,Water texture layer 3,verified-exists
field,com.corrodinggames.rts.game,i,R,isPaused,Game paused flag,verified-exists
field,com.corrodinggames.rts.game,i,S,isGameOver,Game over flag,verified-exists
field,com.corrodinggames.rts.game,i,T,gameStartTime,Game start timestamp,verified-exists
field,com.corrodinggames.rts.game,i,U,screenshotTexture,Screenshot capture texture,verified-exists
field,com.corrodinggames.rts.game,i,V,screenTransitionState,"P3.3-deep-curated: class-context, was=e5",p3-deep-curated
field,com.corrodinggames.rts.game,i,W,visibleObjects,List of currently visible game objects,verified-exists
field,com.corrodinggames.rts.game,i,X,visibleObjectsDirty,Visible object list needs refresh flag,verified-exists
field,com.corrodinggames.rts.game,i,Z,arrayList2,real-class-inferred: com.corrodinggames.rts.game.i,real-class-v1200
method,com.corrodinggames.rts.game,i,a,isBusy,v19.98 T0: 方法体 bS.u || dH.b() 忙碌检查; 原onScreenStart无GameScreen字符串支撑撤销,verified
method,com.corrodinggames.rts.game,i,aG(),updateVisibleObjects,Refresh visible object list from spatial query [sig-backfill: returns void],verified-exists
field,com.corrodinggames.rts.game,i,aa,arrayList3,real-class-inferred: com.corrodinggames.rts.game.i,real-class-v1200
field,com.corrodinggames.rts.game,i,af,flyoverPrevUnit,Camera flyover: previous unit,verified-exists
field,com.corrodinggames.rts.game,i,ag,flyoverNextUnit,Camera flyover: next unit target,verified-exists
field,com.corrodinggames.rts.game,i,ah,flyoverLerp,Camera flyover: lerp progress 0-1,verified-exists
field,com.corrodinggames.rts.game,i,ai,flyoverTransitioning,Camera flyover: transitioning flag,verified-exists
field,com.corrodinggames.rts.game,i,b,is64BitSystem,main-deobf-anchored: Main.class 用法/字节码锚定 (2026-08-16): 原 boolean1 占位名有误; Main 中 = Sys.is64Bit(),main-deobf-anchored
method,com.corrodinggames.rts.game,i,c(float),drawGameWorld,[v10.3-resolved: semantic match (1 params | returns void)] Cull (4 overloads),verified-exists
method,com.corrodinggames.rts.game,i,d,onScreenPause,GameScreen: called when screen loses focus,body-verified-v1300
method,com.corrodinggames.rts.game,i,d(float),drawUiOverlay,[v10.3-resolved: semantic match (1 params | returns void)] Draw HUD (3 overloads),verified-exists
method,com.corrodinggames.rts.game,i,e,onScreenResume,GameScreen: called when screen regains focus,body-verified-v1300
method,com.corrodinggames.rts.game,i,e(),startGame,Initialize and start a new game/match [sig-backfill: returns void],verified-exists
method,com.corrodinggames.rts.game,i,f,onScreenStop,GameScreen: called when screen is destroyed,body-verified-v1300
method,com.corrodinggames.rts.game,i,f(),endGame,"Handle game end: cleanup [sig-backfill: returns void],  save replay",verified-exists
method,com.corrodinggames.rts.game,i,g,getScreenId,GameScreen: returns screen identifier string,body-verified-v1300
method,com.corrodinggames.rts.game,i,g(),onResize,Handle screen resize event [sig-backfill: returns void],verified-exists
method,com.corrodinggames.rts.game,i,h,isTransitioning,GameScreen: boolean - screen transition in progress,body-verified-v1300
method,com.corrodinggames.rts.game,i,h(),captureScreenshot,Capture current frame to texture [sig-backfill: returns void],verified-exists
method,com.corrodinggames.rts.game,i,i,getTransitionProgress,GameScreen: float - transition alpha 0.0-1.0,body-verified-v1300
method,com.corrodinggames.rts.game,i,i(),togglePause,Toggle game pause state [sig-backfill: returns boolean],verified-exists
method,com.corrodinggames.rts.game,i,j,handleBackPress,GameScreen: boolean - handle Android back button,body-verified-v1300
method,com.corrodinggames.rts.game,i,j(),getGameState,Return current game/match state [sig-backfill: returns boolean],verified-exists
method,com.corrodinggames.rts.game,i,k,handleKeyEvent,GameScreen: boolean - handle keyboard event,body-verified-v1300
method,com.corrodinggames.rts.game,i,k(),onBackPressed,Handle Android back button [sig-backfill: returns void],verified-exists
method,com.corrodinggames.rts.game,i,l,handleTouchEvent,GameScreen: boolean - handle touch/mouse event,body-verified-v1300
method,com.corrodinggames.rts.game,i,l(),showPauseMenu,Display in-game pause menu [sig-backfill: returns java.lang.String],verified-exists
method,com.corrodinggames.rts.game,i,m,getBackgroundColor,GameScreen: returns background color,body-verified-v1300
method,com.corrodinggames.rts.game,i,m(),getActiveModList,Return list of active mods for this match [sig-backfill: returns java.lang.String],verified-exists
method,com.corrodinggames.rts.game,i,n,showDialog,GameScreen: void - display dialog/popup,body-verified-v1300
method,com.corrodinggames.rts.game,i,n(),checkWinCondition,Check and handle win/loss conditions [sig-backfill: returns boolean],verified-exists
method,com.corrodinggames.rts.game,i,o,dismissDialog,GameScreen: void - close current dialog,body-verified-v1300
method,com.corrodinggames.rts.game,i,o(),onMatchComplete,Match completion callback [sig-backfill: returns java.lang.String],verified-exists
method,com.corrodinggames.rts.game,i,p,getDialogResult,GameScreen: returns dialog user selection,body-verified-v1300
method,com.corrodinggames.rts.game,i,p(),restartMatch,Restart current match [sig-backfill: returns boolean],verified-exists
method,com.corrodinggames.rts.game,i,q,isDialogShowing,GameScreen: boolean - dialog currently visible,body-verified-v1300
method,com.corrodinggames.rts.game,i,q(),returnToMenu,Exit to main menu [sig-backfill: returns boolean],verified-exists
method,com.corrodinggames.rts.game,i,r,getParentScreen,GameScreen: returns parent/calling screen,body-verified-v1300
method,com.corrodinggames.rts.game,i,r(),getReplayData,Get replay recording data [sig-backfill: returns java.lang.String],verified-exists
method,com.corrodinggames.rts.game,i,s,setResult,GameScreen: void - set return value for parent,body-verified-v1300
method,com.corrodinggames.rts.game,i,s(),setGameSpeed,Set game speed multiplier [sig-backfill: returns void],verified-exists
method,com.corrodinggames.rts.game,i,t(),getVersionDisplayString,'v' + u(),body-verified-v1007
field,com.corrodinggames.rts.game,i,u,string4,real-class-inferred: com.corrodinggames.rts.game.i,real-class-v1200
method,com.corrodinggames.rts.game,i,u(),getVersionNumber,'1.15',body-verified-v1007
method,com.corrodinggames.rts.game,i,v(),getVersionString,i: method v() -> getVersionString,body-verified-v1007
method,com.corrodinggames.rts.game,i,y,getam,real-class-inferred: com.corrodinggames.rts.game.i,real-class-v1200
method,com.corrodinggames.rts.game,n,"a(boolean, boolean)",getUnitCount,n.java:662 T.c + f + e,verified-exists
method,com.corrodinggames.rts.game,n,"b(com.corrodinggames.rts.game.units.custom.g, boolean, boolean)",getEnemyUnitCountOfType,,verified-exists
method,com.corrodinggames.rts.game,n,"c(com.corrodinggames.rts.game.units.custom.g, boolean, boolean)",getAllyUnitCountOfType,,verified-exists
field,com.corrodinggames.rts.game,n,A,startingUnitChoice,Starting unit choice,verified-exists
method,com.corrodinggames.rts.game,n,A(),getCreditsInteger,Returns credits as rounded int [sig-backfill: returns int],verified-exists
field,com.corrodinggames.rts.game,n,B,teamColorIndex,Team color index (Integer),verified-exists
method,com.corrodinggames.rts.game,n,B(),isIdle,Check if player idle (no command in 15s),verified-exists
field,com.corrodinggames.rts.game,n,C,playerColor,Player color,verified-exists
method,com.corrodinggames.rts.game,n,C(),getPlayerColorInt,Returns player color as ARGB int [sig-backfill: returns int],verified-exists
field,com.corrodinggames.rts.game,n,D,pingMs,Current ping in milliseconds,verified-exists
method,com.corrodinggames.rts.game,n,D(),getIncomeRate,Returns resource income rate per second [sig-backfill: returns float],verified-exists
field,com.corrodinggames.rts.game,n,E,hasLost,Has lost,verified-exists
method,com.corrodinggames.rts.game,n,E(),getExpenseRate,Returns resource expense rate per second [sig-backfill: returns float],verified-exists
field,com.corrodinggames.rts.game,n,F,hasDisconnected,Has disconnected,verified-exists
method,com.corrodinggames.rts.game,n,F(),recalculateEconomy,Recalculate income/expense rates [sig-backfill: returns void],verified-exists
field,com.corrodinggames.rts.game,n,G,hasSurrendered,Has surrendered,verified-exists
field,com.corrodinggames.rts.game,n,H,teamVictory,Team victory flag,verified-exists
method,com.corrodinggames.rts.game,n,H(),getBuildingCount,Returns building count [sig-backfill: returns int],verified-exists
field,com.corrodinggames.rts.game,n,I,isAllyLocked,Team alliance locked flag,verified-exists
method,com.corrodinggames.rts.game,n,I(),updateResourceDisplay,Update resource HUD display [sig-backfill: returns void],verified-exists
field,com.corrodinggames.rts.game,n,J,isSharingResources,Resource sharing enabled,verified-exists
method,com.corrodinggames.rts.game,n,J(),processResourceTick,Process per-tick resource accumulation [sig-backfill: returns void],verified-exists
field,com.corrodinggames.rts.game,n,K,stateLock,Player state synchronization lock (final Object),verified-exists
method,com.corrodinggames.rts.game,n,K(),getMaxUnitCapacity,Returns maximum unit capacity [sig-backfill: returns int],verified-exists
field,com.corrodinggames.rts.game,n,L,totalUnitsOwned,Total units owned count,verified-exists
method,com.corrodinggames.rts.game,n,L(),recalculateCapacities,Recalculate unit/building capacities [sig-backfill: returns void],verified-exists
field,com.corrodinggames.rts.game,n,M,totalBuildingsOwned,Total buildings owned count,verified-exists
method,com.corrodinggames.rts.game,n,M(),getUsedUnitCapacity,Returns currently used unit capacity [sig-backfill: returns int],verified-exists
field,com.corrodinggames.rts.game,n,N,fogOfWarGrid,Fog of war byte grid,verified-exists
method,com.corrodinggames.rts.game,n,N(),getPlayerName,Returns player display name string [sig-backfill: returns java.lang.String],verified-exists
field,com.corrodinggames.rts.game,n,O,connectionId,Connection hex ID,verified-exists
method,com.corrodinggames.rts.game,n,O(),markAllPlayersDirty,v19.104 agentG: n.i.S=n.h.S=true全体标记 (1539行); 原onPlayerDefeated错误,verified
field,com.corrodinggames.rts.game,n,P,lastIPAddress,Last known IP address,verified-exists
method,com.corrodinggames.rts.game,n,P(),onPlayerVictory,Handle player victory event [sig-backfill: returns void],verified-exists
field,com.corrodinggames.rts.game,n,Q,incomeRate,Resource income rate,verified-exists
method,com.corrodinggames.rts.game,n,Q(),checkDefeatedPlayers,Check for defeated players and trigger notifications (static),verified-exists
field,com.corrodinggames.rts.game,n,R,storageCapacity,Resource storage capacity,verified-exists
method,com.corrodinggames.rts.game,n,R(),getTeamIndex,Returns team index number [sig-backfill: returns int],verified-exists
field,com.corrodinggames.rts.game,n,S,canBuild,Can build units flag (default true),verified-exists
method,com.corrodinggames.rts.game,n,S(),getAllyCount,Returns number of allied players [sig-backfill: returns int],verified-exists
field,com.corrodinggames.rts.game,n,T,teamTracker,Team unit tracker,verified-exists
method,com.corrodinggames.rts.game,n,T(),onMatchStart,Handle match start initialization [sig-backfill: returns void],verified-exists
field,com.corrodinggames.rts.game,n,U,isObserver,Is observer flag,verified-exists
method,com.corrodinggames.rts.game,n,U(),getUnitFilter,Get current unit filter,verified-exists
field,com.corrodinggames.rts.game,n,V,playerFlag,Player state flag byte,verified-exists
method,com.corrodinggames.rts.game,n,V(),getTeamStatModifiers,Returns team stat modifiers collection [sig-backfill: returns com.corrodinggames.rts.game.units.custom.e.f],verified-exists
field,com.corrodinggames.rts.game,n,W,selectedCommandCenter,Selected CC index (-1=none),verified-exists
method,com.corrodinggames.rts.game,n,W(),debugUnitCountByType,Debug: log count of every unit type owned,verified-exists
field,com.corrodinggames.rts.game,n,X,lastCommandTick,Last command tick (long),verified-exists
method,com.corrodinggames.rts.game,n,X(),updateAllUnitCapacities,Update max unit capacity for all players (static),verified-exists
field,com.corrodinggames.rts.game,n,Y,lastIncomeTick,Last income tick (long),verified-exists
method,com.corrodinggames.rts.game,n,Y(),onResourceChanged,Handle resource amount change event [sig-backfill: returns void],verified-exists
field,com.corrodinggames.rts.game,n,Z,teamSlot,Team slot index (-1=none),type-aware-fp-v19.114
method,com.corrodinggames.rts.game,n,Z(),resetForNewGame,Reset player state to defaults (fresh start),verified-exists
method,com.corrodinggames.rts.game,n,a(com.corrodinggames.rts.game.n),compareToPlayer,n.java:117 ac/k/name compare,body-verified-v1007
field,com.corrodinggames.rts.game,n,aa,isDefeated,Is defeated flag,verified-exists
method,com.corrodinggames.rts.game,n,aa(),getCreditsTotal,v19.104 agentG: 166ms缓存aq/ar + o+p (1867行); 原getTotalPlayTime错误,verified
field,com.corrodinggames.rts.game,n,ac,victoryTimer,Victory condition timer (int=0),verified-exists
field,com.corrodinggames.rts.game,n,action_set_rally,action_set_rally,"SettingsEngine SharedPreferences key (game verified, default=DEFAULT)",game-prefs-verified
field,com.corrodinggames.rts.game,n,action_upgrade,action_upgrade,"SettingsEngine SharedPreferences key (game verified, default=DEFAULT)",game-prefs-verified
field,com.corrodinggames.rts.game,n,add_group_to_selection_1,add_group_to_selection_1,"SettingsEngine SharedPreferences key (game verified, default=DEFAULT)",game-prefs-verified
field,com.corrodinggames.rts.game,n,add_group_to_selection_10,add_group_to_selection_10,"SettingsEngine SharedPreferences key (game verified, default=DEFAULT)",game-prefs-verified
field,com.corrodinggames.rts.game,n,add_group_to_selection_2,add_group_to_selection_2,"SettingsEngine SharedPreferences key (game verified, default=DEFAULT)",game-prefs-verified
field,com.corrodinggames.rts.game,n,add_group_to_selection_3,add_group_to_selection_3,"SettingsEngine SharedPreferences key (game verified, default=DEFAULT)",game-prefs-verified
field,com.corrodinggames.rts.game,n,add_group_to_selection_4,add_group_to_selection_4,"SettingsEngine SharedPreferences key (game verified, default=DEFAULT)",game-prefs-verified
field,com.corrodinggames.rts.game,n,add_group_to_selection_5,add_group_to_selection_5,"SettingsEngine SharedPreferences key (game verified, default=DEFAULT)",game-prefs-verified
field,com.corrodinggames.rts.game,n,add_group_to_selection_6,add_group_to_selection_6,"SettingsEngine SharedPreferences key (game verified, default=DEFAULT)",game-prefs-verified
field,com.corrodinggames.rts.game,n,add_group_to_selection_7,add_group_to_selection_7,"SettingsEngine SharedPreferences key (game verified, default=DEFAULT)",game-prefs-verified
field,com.corrodinggames.rts.game,n,add_group_to_selection_8,add_group_to_selection_8,"SettingsEngine SharedPreferences key (game verified, default=DEFAULT)",game-prefs-verified
field,com.corrodinggames.rts.game,n,add_group_to_selection_9,add_group_to_selection_9,"SettingsEngine SharedPreferences key (game verified, default=DEFAULT)",game-prefs-verified
field,com.corrodinggames.rts.game,n,ae,playerColorPaint,Player color paint,verified-exists
field,com.corrodinggames.rts.game,n,af,teamColorPaint,Team color paint,verified-exists
field,com.corrodinggames.rts.game,n,ag,colorPalette,Team color palette (static int[10]),verified-exists
field,com.corrodinggames.rts.game,n,ah,colorNames,Team color name strings (static String[10]),verified-exists
field,com.corrodinggames.rts.game,n,aj,defaultTeamIndex,"Default team index (static,  =-99)",verified-exists
field,com.corrodinggames.rts.game,n,allowGameRecording,allowGameRecording,"SettingsEngine SharedPreferences key (game verified, default=false)",game-prefs-verified
field,com.corrodinggames.rts.game,n,am,playerActions,Player available actions list (c),verified-exists
field,com.corrodinggames.rts.game,n,an,incomeTimer,Income timer accumulator,verified-exists
field,com.corrodinggames.rts.game,n,androidNoSoundPrioritiesDebug,androidNoSoundPrioritiesDebug,"SettingsEngine SharedPreferences key (game verified, default=false)",game-prefs-verified
field,com.corrodinggames.rts.game,n,ao,defaultIncomeInterval,"Default income interval (static,  =40.0f)",verified-exists
field,com.corrodinggames.rts.game,n,ap,defaultCreditRate,"Default credit rate (static,  =10.0f)",verified-exists
field,com.corrodinggames.rts.game,n,as,playerSlotArray,Player slot array (private static n[]),verified-exists
field,com.corrodinggames.rts.game,n,at,receivingSync,Currently receiving sync data (private),verified-exists
field,com.corrodinggames.rts.game,n,attack_move,attack_move,"SettingsEngine SharedPreferences key (game verified, default=DEFAULT)",game-prefs-verified
field,com.corrodinggames.rts.game,n,au,lastSyncFrame,Last received sync frame (private),verified-exists
field,com.corrodinggames.rts.game,n,autosaving,autosaving,"SettingsEngine SharedPreferences key (game verified, default=true)",game-prefs-verified
field,com.corrodinggames.rts.game,n,av,lastCommandFrame,Last command frame (private),verified-exists
method,com.corrodinggames.rts.game,n,b(boolean),getActivePlayers,n.java:400 static; non-neutral when false,body-verified-v1007
field,com.corrodinggames.rts.game,n,banTimeInSecondsAfterKick,banTimeInSecondsAfterKick,"SettingsEngine SharedPreferences key (game verified, default=60)",game-prefs-verified
field,com.corrodinggames.rts.game,n,batterySaving,batterySaving,"SettingsEngine SharedPreferences key (game verified, default=false)",game-prefs-verified
method,com.corrodinggames.rts.game,n,c(boolean),setHost,n.java:654 Q = bl ? 1 : 0,body-verified-v1007
field,com.corrodinggames.rts.game,n,camera_down,camera_down,"SettingsEngine SharedPreferences key (game verified, default=DEFAULT,DEFAULT)",game-prefs-verified
field,com.corrodinggames.rts.game,n,camera_left,camera_left,"SettingsEngine SharedPreferences key (game verified, default=DEFAULT,DEFAULT)",game-prefs-verified
field,com.corrodinggames.rts.game,n,camera_right,camera_right,"SettingsEngine SharedPreferences key (game verified, default=DEFAULT,DEFAULT)",game-prefs-verified
field,com.corrodinggames.rts.game,n,camera_up,camera_up,"SettingsEngine SharedPreferences key (game verified, default=DEFAULT,DEFAULT)",game-prefs-verified
field,com.corrodinggames.rts.game,n,classicInterface,classicInterface,"SettingsEngine SharedPreferences key (game verified, default=false)",game-prefs-verified
field,com.corrodinggames.rts.game,n,create_group_1,create_group_1,"SettingsEngine SharedPreferences key (game verified, default=DEFAULT)",game-prefs-verified
field,com.corrodinggames.rts.game,n,create_group_10,create_group_10,"SettingsEngine SharedPreferences key (game verified, default=DEFAULT)",game-prefs-verified
field,com.corrodinggames.rts.game,n,create_group_2,create_group_2,"SettingsEngine SharedPreferences key (game verified, default=DEFAULT)",game-prefs-verified
field,com.corrodinggames.rts.game,n,create_group_3,create_group_3,"SettingsEngine SharedPreferences key (game verified, default=DEFAULT)",game-prefs-verified
field,com.corrodinggames.rts.game,n,create_group_4,create_group_4,"SettingsEngine SharedPreferences key (game verified, default=DEFAULT)",game-prefs-verified
field,com.corrodinggames.rts.game,n,create_group_5,create_group_5,"SettingsEngine SharedPreferences key (game verified, default=DEFAULT)",game-prefs-verified
field,com.corrodinggames.rts.game,n,create_group_6,create_group_6,"SettingsEngine SharedPreferences key (game verified, default=DEFAULT)",game-prefs-verified
field,com.corrodinggames.rts.game,n,create_group_7,create_group_7,"SettingsEngine SharedPreferences key (game verified, default=DEFAULT)",game-prefs-verified
field,com.corrodinggames.rts.game,n,create_group_8,create_group_8,"SettingsEngine SharedPreferences key (game verified, default=DEFAULT)",game-prefs-verified
field,com.corrodinggames.rts.game,n,create_group_9,create_group_9,"SettingsEngine SharedPreferences key (game verified, default=DEFAULT)",game-prefs-verified
field,com.corrodinggames.rts.game,n,cycle_air_factories,cycle_air_factories,"SettingsEngine SharedPreferences key (game verified, default=DEFAULT)",game-prefs-verified
field,com.corrodinggames.rts.game,n,cycle_builders,cycle_builders,"SettingsEngine SharedPreferences key (game verified, default=DEFAULT)",game-prefs-verified
field,com.corrodinggames.rts.game,n,cycle_extractors,cycle_extractors,"SettingsEngine SharedPreferences key (game verified, default=DEFAULT)",game-prefs-verified
field,com.corrodinggames.rts.game,n,cycle_land_factories,cycle_land_factories,"SettingsEngine SharedPreferences key (game verified, default=DEFAULT)",game-prefs-verified
field,com.corrodinggames.rts.game,n,cycle_upgradable_fabricators,cycle_upgradable_fabricators,"SettingsEngine SharedPreferences key (game verified, default=DEFAULT)",game-prefs-verified
method,com.corrodinggames.rts.game,n,d(com.corrodinggames.rts.game.n),isSameTeamAs,n.java:1103 r == r,body-verified-v1007
field,com.corrodinggames.rts.game,n,deselect_units,deselect_units,"SettingsEngine SharedPreferences key (game verified, default=DEFAULT)",game-prefs-verified
field,com.corrodinggames.rts.game,n,disableDigitGrouping,disableDigitGrouping,"SettingsEngine SharedPreferences key (game verified, default=false)",game-prefs-verified
field,com.corrodinggames.rts.game,n,disableModLazyLoad,disableModLazyLoad,"SettingsEngine SharedPreferences key (game verified, default=false)",game-prefs-verified
field,com.corrodinggames.rts.game,n,displayOverCutout,displayOverCutout,"SettingsEngine SharedPreferences key (game verified, default=false)",game-prefs-verified
field,com.corrodinggames.rts.game,n,doubleClickToAttackMove,doubleClickToAttackMove,"SettingsEngine SharedPreferences key (game verified, default=true)",game-prefs-verified
field,com.corrodinggames.rts.game,n,dpad,dpad,"SettingsEngine SharedPreferences key (game verified, default=true)",game-prefs-verified
method,com.corrodinggames.rts.game,n,e(float),checkDefeat,"Defeat check: iterate units,  surrender if none remain",verified-exists
field,com.corrodinggames.rts.game,n,edgeScrollSpeed,edgeScrollSpeed,"SettingsEngine SharedPreferences key (game verified, default=1.0)",game-prefs-verified
field,com.corrodinggames.rts.game,n,enableMouseCapture,enableMouseCapture,"SettingsEngine SharedPreferences key (game verified, default=false)",game-prefs-verified
field,com.corrodinggames.rts.game,n,enableSounds,enableSounds,"SettingsEngine SharedPreferences key (game verified, default=true)",game-prefs-verified
field,com.corrodinggames.rts.game,n,externalSAFWorking,externalSAFWorking,"SettingsEngine SharedPreferences key (game verified, default=false)",game-prefs-verified
method,com.corrodinggames.rts.game,n,f(int),setTeamIdAndRegister,"""n.java:1059 c(n2""",verified-exists
field,com.corrodinggames.rts.game,n,faster,faster,"SettingsEngine SharedPreferences key (game verified, default=DEFAULT,DEFAULT)",game-prefs-verified
field,com.corrodinggames.rts.game,n,forceEnglish,forceEnglish,"SettingsEngine SharedPreferences key (game verified, default=false)",game-prefs-verified
method,com.corrodinggames.rts.game,n,g(int),canAffordInt,Check if player can afford integer cost,verified-exists
field,com.corrodinggames.rts.game,n,gameVolume,gameVolume,"SettingsEngine SharedPreferences key (game verified, default=0.5)",game-prefs-verified
field,com.corrodinggames.rts.game,n,gestureZoom,gestureZoom,"SettingsEngine SharedPreferences key (game verified, default=true)",game-prefs-verified
field,com.corrodinggames.rts.game,n,go_to_notification,go_to_notification,"SettingsEngine SharedPreferences key (game verified, default=DEFAULT)",game-prefs-verified
field,com.corrodinggames.rts.game,n,guard_unit,guard_unit,"SettingsEngine SharedPreferences key (game verified, default=DEFAULT)",game-prefs-verified
method,com.corrodinggames.rts.game,n,h(float),tickAllAI,Run AI tick for all AI players (static),verified-exists
field,com.corrodinggames.rts.game,n,hadStoragePermissionInPast,hadStoragePermissionInPast,"SettingsEngine SharedPreferences key (game verified, default=false)",game-prefs-verified
field,com.corrodinggames.rts.game,n,hasPlayedGameOrSeenHelp,hasPlayedGameOrSeenHelp,"SettingsEngine SharedPreferences key (game verified, default=true)",game-prefs-verified
field,com.corrodinggames.rts.game,n,hasSelectedAStorageType,hasSelectedAStorageType,"SettingsEngine SharedPreferences key (game verified, default=false)",game-prefs-verified
field,com.corrodinggames.rts.game,n,highGraphics,highGraphics,"SettingsEngine SharedPreferences key (game verified, default=true)",game-prefs-verified
field,com.corrodinggames.rts.game,n,highRefreshRate,highRefreshRate,"SettingsEngine SharedPreferences key (game verified, default=true)",game-prefs-verified
method,com.corrodinggames.rts.game,n,i(int),getSlotColor,Get color int for team slot index (static),verified-exists
field,com.corrodinggames.rts.game,n,immersiveFullScreen,immersiveFullScreen,"SettingsEngine SharedPreferences key (game verified, default=true)",game-prefs-verified
field,com.corrodinggames.rts.game,n,interfaceVolume,interfaceVolume,"SettingsEngine SharedPreferences key (game verified, default=0.63)",game-prefs-verified
method,com.corrodinggames.rts.game,n,j,getString,real-class-inferred: com.corrodinggames.rts.game.n,real-class-v1200
method,com.corrodinggames.rts.game,n,j(),hasSurrenderedFlag,v19.104 agentG: E标志投降组 (536-550行); 原hasLost错误,verified
method,com.corrodinggames.rts.game,n,k(),hasSurrenderTimestamp,v19.104 agentG: au>=0; 原hasReceivedSync错误,verified
field,com.corrodinggames.rts.game,n,keyAction,keyAction,"SettingsEngine SharedPreferences key (game verified, default=23)",game-prefs-verified
field,com.corrodinggames.rts.game,n,keyDown,keyDown,"SettingsEngine SharedPreferences key (game verified, default=20)",game-prefs-verified
field,com.corrodinggames.rts.game,n,keyJump,keyJump,"SettingsEngine SharedPreferences key (game verified, default=19)",game-prefs-verified
field,com.corrodinggames.rts.game,n,keyLeft,keyLeft,"SettingsEngine SharedPreferences key (game verified, default=21)",game-prefs-verified
field,com.corrodinggames.rts.game,n,keyRight,keyRight,"SettingsEngine SharedPreferences key (game verified, default=22)",game-prefs-verified
field,com.corrodinggames.rts.game,n,keyboardSupport,keyboardSupport,"SettingsEngine SharedPreferences key (game verified, default=true)",game-prefs-verified
field,com.corrodinggames.rts.game,n,l,modifierWarning,Modifier warning text (final String),verified-exists
method,com.corrodinggames.rts.game,n,l(),markSurrenderTimestamp,v19.104 agentG: au=l2.by投降时间戳 (550行); 原markSyncFrame错误,verified
field,com.corrodinggames.rts.game,n,landscapeOrientation,landscapeOrientation,"SettingsEngine SharedPreferences key (game verified, default=true)",game-prefs-verified
field,com.corrodinggames.rts.game,n,lastModCount,lastModCount,"SettingsEngine SharedPreferences key (game verified, default=1)",game-prefs-verified
field,com.corrodinggames.rts.game,n,lastNetworkIP,lastNetworkIP,"SettingsEngine SharedPreferences key (game verified, default=R91309)",game-prefs-verified
field,com.corrodinggames.rts.game,n,lastNetworkPlayerName,lastNetworkPlayerName,"SettingsEngine SharedPreferences key (game verified, default=Unnamed204)",game-prefs-verified
field,com.corrodinggames.rts.game,n,lastSeenMessageId,lastSeenMessageId,"SettingsEngine SharedPreferences key (game verified, default=-1)",game-prefs-verified
field,com.corrodinggames.rts.game,n,liveReloading,liveReloading,"SettingsEngine SharedPreferences key (game verified, default=false)",game-prefs-verified
field,com.corrodinggames.rts.game,n,loadDisabledModData,loadDisabledModData,"SettingsEngine SharedPreferences key (game verified, default=false)",game-prefs-verified
field,com.corrodinggames.rts.game,n,locationAction,locationAction,"SettingsEngine SharedPreferences key (game verified, default=3)",game-prefs-verified
field,com.corrodinggames.rts.game,n,locationDpad,locationDpad,"SettingsEngine SharedPreferences key (game verified, default=0)",game-prefs-verified
field,com.corrodinggames.rts.game,n,m,isSpectator,Is spectator flag,verified-exists
method,com.corrodinggames.rts.game,n,m(),isActive,Check if player is active (not disconnected/surrendered/AI),verified-exists
field,com.corrodinggames.rts.game,n,masterVolume,masterVolume,"SettingsEngine SharedPreferences key (game verified, default=0.2)",game-prefs-verified
field,com.corrodinggames.rts.game,n,modSettings,modSettings,"SettingsEngine SharedPreferences key (game verified, default=sw1878960341|sw1878960341|enab)",game-prefs-verified
field,com.corrodinggames.rts.game,n,modSettingsVersion,modSettingsVersion,"SettingsEngine SharedPreferences key (game verified, default=1)",game-prefs-verified
field,com.corrodinggames.rts.game,n,mouseOrders,mouseOrders,"SettingsEngine SharedPreferences key (game verified, default=1)",game-prefs-verified
field,com.corrodinggames.rts.game,n,mousePlacement,mousePlacement,"SettingsEngine SharedPreferences key (game verified, default=1)",game-prefs-verified
field,com.corrodinggames.rts.game,n,mouseSupport,mouseSupport,"SettingsEngine SharedPreferences key (game verified, default=true)",game-prefs-verified
field,com.corrodinggames.rts.game,n,musicVolume,musicVolume,"SettingsEngine SharedPreferences key (game verified, default=0.39)",game-prefs-verified
field,com.corrodinggames.rts.game,n,n,isReady,Is ready to start flag,verified-exists
method,com.corrodinggames.rts.game,n,n(),resetAllPlayers,Reset all players to initial state (static),verified-exists
field,com.corrodinggames.rts.game,n,networkClientId,networkClientId,"SettingsEngine SharedPreferences key (game verified, default=254f8f1b-d6fa-4dd2-948a-e5664a)",game-prefs-verified
field,com.corrodinggames.rts.game,n,networkClientIdMachineKey,networkClientIdMachineKey,"SettingsEngine SharedPreferences key (game verified, default=F4D2F6CF8EA984)",game-prefs-verified
field,com.corrodinggames.rts.game,n,networkPort,networkPort,"SettingsEngine SharedPreferences key (game verified, default=5123)",game-prefs-verified
field,com.corrodinggames.rts.game,n,networkServerId,networkServerId,"SettingsEngine SharedPreferences key (game verified, default=RELAY-CN Team & Copyright dr@d)",game-prefs-verified
field,com.corrodinggames.rts.game,n,newRender,newRender,"SettingsEngine SharedPreferences key (game verified, default=false)",game-prefs-verified
field,com.corrodinggames.rts.game,n,nextBackgroundMap,nextBackgroundMap,"SettingsEngine SharedPreferences key (game verified, default=3)",game-prefs-verified
field,com.corrodinggames.rts.game,n,next_music_track,next_music_track,"SettingsEngine SharedPreferences key (game verified, default=DEFAULT)",game-prefs-verified
field,com.corrodinggames.rts.game,n,numIncompleteLoadAttempts,numIncompleteLoadAttempts,"SettingsEngine SharedPreferences key (game verified, default=0)",game-prefs-verified
field,com.corrodinggames.rts.game,n,numLoadsSinceRunningGameOrNormalExit,numLoadsSinceRunningGameOrNormalExit,"SettingsEngine SharedPreferences key (game verified, default=1)",game-prefs-verified
field,com.corrodinggames.rts.game,n,numberOfWins,numberOfWins,"SettingsEngine SharedPreferences key (game verified, default=3)",game-prefs-verified
field,com.corrodinggames.rts.game,n,o,credits,Current credits (default 4000),verified-exists
method,com.corrodinggames.rts.game,n,o(),resetSurrenderTimestamps,Reset all player surrender timestamps (static),verified-exists
field,com.corrodinggames.rts.game,n,onscreenControls,onscreenControls,"SettingsEngine SharedPreferences key (game verified, default=true)",game-prefs-verified
field,com.corrodinggames.rts.game,n,p,creditBuffer,Credit buffer,verified-exists
method,com.corrodinggames.rts.game,n,p(),isActivePlayer,n.java:645 I || J,body-verified-v1007
field,com.corrodinggames.rts.game,n,patrol,patrol,"SettingsEngine SharedPreferences key (game verified, default=DEFAULT)",game-prefs-verified
field,com.corrodinggames.rts.game,n,pause_game,pause_game,"SettingsEngine SharedPreferences key (game verified, default=DEFAULT)",game-prefs-verified
field,com.corrodinggames.rts.game,n,ping_map,ping_map,"SettingsEngine SharedPreferences key (game verified, default=ctrl+q,DEFAULT)",game-prefs-verified
field,com.corrodinggames.rts.game,n,q,creditsSpent,Total credits spent this game,verified-exists
method,com.corrodinggames.rts.game,n,q(),isLocalPlayer,Check if this player is the local/human-controlled one,verified-exists
field,com.corrodinggames.rts.game,n,quickRally,quickRally,"SettingsEngine SharedPreferences key (game verified, default=false)",game-prefs-verified
field,com.corrodinggames.rts.game,n,r,teamId,Team ID,verified-exists
method,com.corrodinggames.rts.game,n,r(),isHost,n.java:658 Q == 1,body-verified-v1007
field,com.corrodinggames.rts.game,n,rateGameShown,rateGameShown,"SettingsEngine SharedPreferences key (game verified, default=false)",game-prefs-verified
field,com.corrodinggames.rts.game,n,renderAntiAlias,renderAntiAlias,"SettingsEngine SharedPreferences key (game verified, default=true)",game-prefs-verified
field,com.corrodinggames.rts.game,n,renderBackground,renderBackground,"SettingsEngine SharedPreferences key (game verified, default=true)",game-prefs-verified
field,com.corrodinggames.rts.game,n,renderClouds,renderClouds,"SettingsEngine SharedPreferences key (game verified, default=true)",game-prefs-verified
field,com.corrodinggames.rts.game,n,renderControls,renderControls,"SettingsEngine SharedPreferences key (game verified, default=true)",game-prefs-verified
field,com.corrodinggames.rts.game,n,renderDensity,renderDensity,"SettingsEngine SharedPreferences key (game verified, default=1.0)",game-prefs-verified
field,com.corrodinggames.rts.game,n,renderDoubleScale,renderDoubleScale,"SettingsEngine SharedPreferences key (game verified, default=false)",game-prefs-verified
field,com.corrodinggames.rts.game,n,renderExtraLayers,renderExtraLayers,"SettingsEngine SharedPreferences key (game verified, default=true)",game-prefs-verified
field,com.corrodinggames.rts.game,n,renderExtraShadows,renderExtraShadows,"SettingsEngine SharedPreferences key (game verified, default=true)",game-prefs-verified
field,com.corrodinggames.rts.game,n,renderFancyWater,renderFancyWater,"SettingsEngine SharedPreferences key (game verified, default=false)",game-prefs-verified
field,com.corrodinggames.rts.game,n,renderSmoothDelta,renderSmoothDelta,"SettingsEngine SharedPreferences key (game verified, default=false)",game-prefs-verified
field,com.corrodinggames.rts.game,n,renderVsync,renderVsync,"SettingsEngine SharedPreferences key (game verified, default=false)",game-prefs-verified
field,com.corrodinggames.rts.game,n,renderWithLineWidth,renderWithLineWidth,"SettingsEngine SharedPreferences key (game verified, default=true)",game-prefs-verified
field,com.corrodinggames.rts.game,n,replayTracing,replayTracing,"SettingsEngine SharedPreferences key (game verified, default=false)",game-prefs-verified
field,com.corrodinggames.rts.game,n,replaysShowRecordedChat,replaysShowRecordedChat,"SettingsEngine SharedPreferences key (game verified, default=true)",game-prefs-verified
field,com.corrodinggames.rts.game,n,resizeFontWithUIScale,resizeFontWithUIScale,"SettingsEngine SharedPreferences key (game verified, default=true)",game-prefs-verified
field,com.corrodinggames.rts.game,n,s,commanderUnitType,Commander unit type (y),verified-exists
field,com.corrodinggames.rts.game,n,saveMultiplayerReplays,saveMultiplayerReplays,"SettingsEngine SharedPreferences key (game verified, default=false)",game-prefs-verified
field,com.corrodinggames.rts.game,n,save_game,save_game,"SettingsEngine SharedPreferences key (game verified, default=DEFAULT)",game-prefs-verified
field,com.corrodinggames.rts.game,n,scrollSpeed,scrollSpeed,"SettingsEngine SharedPreferences key (game verified, default=1.0)",game-prefs-verified
field,com.corrodinggames.rts.game,n,select_command_center,select_command_center,"SettingsEngine SharedPreferences key (game verified, default=DEFAULT)",game-prefs-verified
field,com.corrodinggames.rts.game,n,select_group_1,select_group_1,"SettingsEngine SharedPreferences key (game verified, default=DEFAULT)",game-prefs-verified
field,com.corrodinggames.rts.game,n,select_group_10,select_group_10,"SettingsEngine SharedPreferences key (game verified, default=DEFAULT)",game-prefs-verified
field,com.corrodinggames.rts.game,n,select_group_2,select_group_2,"SettingsEngine SharedPreferences key (game verified, default=DEFAULT)",game-prefs-verified
field,com.corrodinggames.rts.game,n,select_group_3,select_group_3,"SettingsEngine SharedPreferences key (game verified, default=DEFAULT)",game-prefs-verified
field,com.corrodinggames.rts.game,n,select_group_4,select_group_4,"SettingsEngine SharedPreferences key (game verified, default=DEFAULT)",game-prefs-verified
field,com.corrodinggames.rts.game,n,select_group_5,select_group_5,"SettingsEngine SharedPreferences key (game verified, default=DEFAULT)",game-prefs-verified
field,com.corrodinggames.rts.game,n,select_group_6,select_group_6,"SettingsEngine SharedPreferences key (game verified, default=DEFAULT)",game-prefs-verified
field,com.corrodinggames.rts.game,n,select_group_7,select_group_7,"SettingsEngine SharedPreferences key (game verified, default=DEFAULT)",game-prefs-verified
field,com.corrodinggames.rts.game,n,select_group_8,select_group_8,"SettingsEngine SharedPreferences key (game verified, default=DEFAULT)",game-prefs-verified
field,com.corrodinggames.rts.game,n,select_group_9,select_group_9,"SettingsEngine SharedPreferences key (game verified, default=DEFAULT)",game-prefs-verified
field,com.corrodinggames.rts.game,n,select_whole_army,select_whole_army,"SettingsEngine SharedPreferences key (game verified, default=DEFAULT)",game-prefs-verified
field,com.corrodinggames.rts.game,n,sendReports,sendReports,"SettingsEngine SharedPreferences key (game verified, default=true)",game-prefs-verified
field,com.corrodinggames.rts.game,n,send_chat,send_chat,"SettingsEngine SharedPreferences key (game verified, default=DEFAULT,DEFAULT)",game-prefs-verified
field,com.corrodinggames.rts.game,n,send_team_chat,send_team_chat,"SettingsEngine SharedPreferences key (game verified, default=DEFAULT,DEFAULT)",game-prefs-verified
field,com.corrodinggames.rts.game,n,settingsGameVersion,settingsGameVersion,"SettingsEngine SharedPreferences key (game verified, default=176)",game-prefs-verified
field,com.corrodinggames.rts.game,n,settingsGameVersionFirst,settingsGameVersionFirst,"SettingsEngine SharedPreferences key (game verified, default=176)",game-prefs-verified
field,com.corrodinggames.rts.game,n,shaderEffects,shaderEffects,"SettingsEngine SharedPreferences key (game verified, default=false)",game-prefs-verified
field,com.corrodinggames.rts.game,n,showActionInfoHoverNearMouse,showActionInfoHoverNearMouse,"SettingsEngine SharedPreferences key (game verified, default=true)",game-prefs-verified
field,com.corrodinggames.rts.game,n,showChatAndPingShortcuts,showChatAndPingShortcuts,"SettingsEngine SharedPreferences key (game verified, default=true)",game-prefs-verified
field,com.corrodinggames.rts.game,n,showFps,showFps,"SettingsEngine SharedPreferences key (game verified, default=true)",game-prefs-verified
field,com.corrodinggames.rts.game,n,showHp,showHp,"SettingsEngine SharedPreferences key (game verified, default=true)",game-prefs-verified
field,com.corrodinggames.rts.game,n,showHpChanges,showHpChanges,"SettingsEngine SharedPreferences key (game verified, default=true)",game-prefs-verified
field,com.corrodinggames.rts.game,n,showMapPingsOnBattlefield,showMapPingsOnBattlefield,"SettingsEngine SharedPreferences key (game verified, default=true)",game-prefs-verified
field,com.corrodinggames.rts.game,n,showMapPingsOnMinimap,showMapPingsOnMinimap,"SettingsEngine SharedPreferences key (game verified, default=true)",game-prefs-verified
field,com.corrodinggames.rts.game,n,showPlayerChatInGame,showPlayerChatInGame,"SettingsEngine SharedPreferences key (game verified, default=true)",game-prefs-verified
field,com.corrodinggames.rts.game,n,showSelectedUnitsList,showSelectedUnitsList,"SettingsEngine SharedPreferences key (game verified, default=true)",game-prefs-verified
field,com.corrodinggames.rts.game,n,showUnitGroups,showUnitGroups,"SettingsEngine SharedPreferences key (game verified, default=false)",game-prefs-verified
field,com.corrodinggames.rts.game,n,showUnitIcons,showUnitIcons,"SettingsEngine SharedPreferences key (game verified, default=true)",game-prefs-verified
field,com.corrodinggames.rts.game,n,showUnitWaypoints,showUnitWaypoints,"SettingsEngine SharedPreferences key (game verified, default=true)",game-prefs-verified
field,com.corrodinggames.rts.game,n,showWarLogOnScreen,showWarLogOnScreen,"SettingsEngine SharedPreferences key (game verified, default=true)",game-prefs-verified
field,com.corrodinggames.rts.game,n,showZoomButton,showZoomButton,"SettingsEngine SharedPreferences key (game verified, default=false)",game-prefs-verified
field,com.corrodinggames.rts.game,n,show_menu,show_menu,"SettingsEngine SharedPreferences key (game verified, default=DEFAULT,DEFAULT)",game-prefs-verified
field,com.corrodinggames.rts.game,n,shownAudioWarning,shownAudioWarning,"SettingsEngine SharedPreferences key (game verified, default=false)",game-prefs-verified
field,com.corrodinggames.rts.game,n,slick2dBorderless,slick2dBorderless,"SettingsEngine SharedPreferences key (game verified, default=false)",game-prefs-verified
field,com.corrodinggames.rts.game,n,slick2dFullScreen,slick2dFullScreen,"SettingsEngine SharedPreferences key (game verified, default=false)",game-prefs-verified
field,com.corrodinggames.rts.game,n,slick2dFullScreenResolution,slick2dFullScreenResolution,"SettingsEngine SharedPreferences key (game verified, default=native)",game-prefs-verified
field,com.corrodinggames.rts.game,n,slick2dResolution,slick2dResolution,"SettingsEngine SharedPreferences key (game verified, default=native)",game-prefs-verified
field,com.corrodinggames.rts.game,n,slower,slower,"SettingsEngine SharedPreferences key (game verified, default=DEFAULT,DEFAULT)",game-prefs-verified
field,com.corrodinggames.rts.game,n,smartSelection_v2,smartSelection_v2,"SettingsEngine SharedPreferences key (game verified, default=true)",game-prefs-verified
field,com.corrodinggames.rts.game,n,softFogFading,softFogFading,"SettingsEngine SharedPreferences key (game verified, default=true)",game-prefs-verified
field,com.corrodinggames.rts.game,n,stop,stop,"SettingsEngine SharedPreferences key (game verified, default=DEFAULT)",game-prefs-verified
field,com.corrodinggames.rts.game,n,storageType,storageType,"SettingsEngine SharedPreferences key (game verified, default=0)",game-prefs-verified
field,com.corrodinggames.rts.game,n,t,builderUnitType,Builder unit type (y),verified-exists
method,com.corrodinggames.rts.game,n,t(),validateTeamTracker,Validate team tracker against fresh computation,verified-exists
field,com.corrodinggames.rts.game,n,teamColors,teamColors,"SettingsEngine SharedPreferences key (game verified, default=#00ff00,#d02013,#0463f3,#ffff4)",game-prefs-verified
field,com.corrodinggames.rts.game,n,teamColorsNames,teamColorsNames,"SettingsEngine SharedPreferences key (game verified, default=GREEN,RED,BLUE,YELLOW,CYAN,WHI)",game-prefs-verified
field,com.corrodinggames.rts.game,n,teamShaders,teamShaders,"SettingsEngine SharedPreferences key (game verified, default=false)",game-prefs-verified
field,com.corrodinggames.rts.game,n,teamUnitCapHostedGame,teamUnitCapHostedGame,"SettingsEngine SharedPreferences key (game verified, default=500)",game-prefs-verified
field,com.corrodinggames.rts.game,n,teamUnitCapSinglePlayer,teamUnitCapSinglePlayer,"SettingsEngine SharedPreferences key (game verified, default=500)",game-prefs-verified
field,com.corrodinggames.rts.game,n,trackpad,trackpad,"SettingsEngine SharedPreferences key (game verified, default=true)",game-prefs-verified
field,com.corrodinggames.rts.game,n,u,hasReceivedSync,Has received initial sync,verified-exists
field,com.corrodinggames.rts.game,n,udpInMultiplayer,udpInMultiplayer,"SettingsEngine SharedPreferences key (game verified, default=false)",game-prefs-verified
field,com.corrodinggames.rts.game,n,uiRenderScale,uiRenderScale,"SettingsEngine SharedPreferences key (game verified, default=1.0)",game-prefs-verified
field,com.corrodinggames.rts.game,n,unit_action_1,unit_action_1,"SettingsEngine SharedPreferences key (game verified, default=DEFAULT)",game-prefs-verified
field,com.corrodinggames.rts.game,n,unit_action_10,unit_action_10,"SettingsEngine SharedPreferences key (game verified, default=DEFAULT)",game-prefs-verified
field,com.corrodinggames.rts.game,n,unit_action_2,unit_action_2,"SettingsEngine SharedPreferences key (game verified, default=DEFAULT)",game-prefs-verified
field,com.corrodinggames.rts.game,n,unit_action_3,unit_action_3,"SettingsEngine SharedPreferences key (game verified, default=DEFAULT)",game-prefs-verified
field,com.corrodinggames.rts.game,n,unit_action_4,unit_action_4,"SettingsEngine SharedPreferences key (game verified, default=DEFAULT)",game-prefs-verified
field,com.corrodinggames.rts.game,n,unit_action_5,unit_action_5,"SettingsEngine SharedPreferences key (game verified, default=DEFAULT)",game-prefs-verified
field,com.corrodinggames.rts.game,n,unit_action_6,unit_action_6,"SettingsEngine SharedPreferences key (game verified, default=DEFAULT)",game-prefs-verified
field,com.corrodinggames.rts.game,n,unit_action_7,unit_action_7,"SettingsEngine SharedPreferences key (game verified, default=DEFAULT)",game-prefs-verified
field,com.corrodinggames.rts.game,n,unit_action_8,unit_action_8,"SettingsEngine SharedPreferences key (game verified, default=DEFAULT)",game-prefs-verified
field,com.corrodinggames.rts.game,n,unit_action_9,unit_action_9,"SettingsEngine SharedPreferences key (game verified, default=DEFAULT)",game-prefs-verified
field,com.corrodinggames.rts.game,n,unlockedScreenRotation,unlockedScreenRotation,"SettingsEngine SharedPreferences key (game verified, default=false)",game-prefs-verified
field,com.corrodinggames.rts.game,n,upgradedToNoPublicStorage,upgradedToNoPublicStorage,"SettingsEngine SharedPreferences key (game verified, default=false)",game-prefs-verified
field,com.corrodinggames.rts.game,n,upgradedToNoPublicStorageWarningShown,upgradedToNoPublicStorageWarningShown,"SettingsEngine SharedPreferences key (game verified, default=false)",game-prefs-verified
field,com.corrodinggames.rts.game,n,useCircleSelect,useCircleSelect,"SettingsEngine SharedPreferences key (game verified, default=false)",game-prefs-verified
field,com.corrodinggames.rts.game,n,useMinimapAllyColors,useMinimapAllyColors,"SettingsEngine SharedPreferences key (game verified, default=true)",game-prefs-verified
field,com.corrodinggames.rts.game,n,v,playerName,Player name,verified-exists
method,com.corrodinggames.rts.game,n,v(),getScaledTotalUnits,Get scaled total units owned,verified-exists
field,com.corrodinggames.rts.game,n,w,aiEnabled,AI enabled,verified-exists
method,com.corrodinggames.rts.game,n,w(),getTotalUnitCount,n.java:837 T.b,body-verified-v1007
field,com.corrodinggames.rts.game,n,x,aiDifficultyAlt,AI difficulty alt,verified-exists
method,com.corrodinggames.rts.game,n,x(),getMaxUnitCount,n.java:841 T.a,body-verified-v1007
field,com.corrodinggames.rts.game,n,y,hasCustomTeam,Has custom team color,verified-exists
method,com.corrodinggames.rts.game,n,y(),getPingDisplayString,n.java:845 '(n)'/'(disconnected)',body-verified-v1007
field,com.corrodinggames.rts.game,n,z,aiDifficulty,AI difficulty,verified-exists
method,com.corrodinggames.rts.game,n,z(),getHostDisplayString,n.java:862 HOST/N/A,body-verified-v1007
method,com.corrodinggames.rts.game,s,a(com.corrodinggames.rts.game.units.am),incrementUnitCount,s.java:37 ++d; cm<1 also ++f,body-verified-v1007
method,com.corrodinggames.rts.game,s,b,reset,real-class-inferred: com.corrodinggames.rts.game.s,real-class-v1200
method,com.corrodinggames.rts.game,s,b(com.corrodinggames.rts.game.units.am),decrementUnitCount,s.java:90 --d,body-verified-v1007
field,com.corrodinggames.rts.game,s,c,completedCount,Completed building count,verified-exists
method,com.corrodinggames.rts.game,s,c(com.corrodinggames.rts.game.units.am),incrementTypeCount,s.java:140 ++p2.c/b per factory type,body-verified-v1007
field,com.corrodinggames.rts.game,s,d,totalBuilt,Total units built,verified-exists
method,com.corrodinggames.rts.game,s,d(com.corrodinggames.rts.game.units.am),decrementTypeCount,s.java:154 --p2.c/b,body-verified-v1007
field,com.corrodinggames.rts.game,s,e,queuedCount,Queued unit count,verified-exists
field,com.corrodinggames.rts.game,s,f,buildingCount,Incomplete building count,verified-exists
field,com.corrodinggames.rts.game,s,g,incomeRate,Credit income rate,verified-exists
field,com.corrodinggames.rts.game,s,h,resourceType1,Resource type 1 flow,verified-exists
field,com.corrodinggames.rts.game,s,i,resourceType2,Resource type 2 flow,verified-exists
field,com.corrodinggames.rts.game,s,j,resourceType3,Resource type 3 flow,verified-exists
field,com.corrodinggames.rts.game,s,k,positiveResourceFlow,Positive resource flow,verified-exists
field,com.corrodinggames.rts.game,s,l,negativeResourceFlow,Negative resource flow,verified-exists
field,com.corrodinggames.rts.game,s,m,hasMobileUnits,Has mobile units,verified-exists
field,com.corrodinggames.rts.game,s,n,buildingCapacityUsed,Building capacity used,verified-exists
field,com.corrodinggames.rts.game,s,o,unitCapacityUsed,Unit capacity used,verified-exists
field,com.corrodinggames.rts.game,s,p,buildQueue1,Build queue 1,verified-exists
field,com.corrodinggames.rts.game,s,q,buildQueue2,Build queue 2,verified-exists
method,com.corrodinggames.rts.game,t,a,isEnabled,real-class-inferred: com.corrodinggames.rts.game.t,real-class-v1200
method,com.corrodinggames.rts.game,u,a,reset,real-class-inferred: com.corrodinggames.rts.game.u,real-class-v1200
field,com.corrodinggames.rts.game.b,g,a,tilesetDef,Associated tileset definition (j),verified-exists
field,com.corrodinggames.rts.game.b,g,b,layerWidth,Layer width in tiles (int),verified-exists
field,com.corrodinggames.rts.game.b,g,c,layerHeight,"Layer height in tiles (int,  -2=unset)",verified-exists
field,com.corrodinggames.rts.game.b,g,d,layerOpacity,Layer opacity (short  -1=fully opaque),verified-exists
field,com.corrodinggames.rts.game.b,g,e,layerVisible,Layer visible flag (boolean),verified-exists
field,com.corrodinggames.rts.game.b,g,f,layerLocked,Layer locked flag (boolean),verified-exists
field,com.corrodinggames.rts.game.b,g,g,isObjectLayer,Is object/entity layer (boolean),verified-exists
field,com.corrodinggames.rts.game.b,g,h,isImageLayer,Is image layer (boolean),verified-exists
field,com.corrodinggames.rts.game.b,g,i,isTileLayer,Is tile layer (boolean),verified-exists
field,com.corrodinggames.rts.game.b,g,j,layerTypeByte,Layer type as byte enum,verified-exists
field,com.corrodinggames.rts.game.b,g,k,hasProperties,Has custom properties (boolean),verified-exists
field,com.corrodinggames.rts.game.b,g,l,needsRedraw,Needs redraw flag (boolean),verified-exists
field,com.corrodinggames.rts.game.b,g,m,tileGrid,Tile grid data (g[]),verified-exists
field,com.corrodinggames.rts.game.b,i,a,layerName,Layer name string,verified-exists
field,com.corrodinggames.rts.game.b,i,b,layerClass,Layer class/type string,verified-exists
field,com.corrodinggames.rts.game.b,i,c,offsetX,Layer offset X (float),verified-exists
field,com.corrodinggames.rts.game.b,i,d,offsetY,Layer offset Y (float),verified-exists
field,com.corrodinggames.rts.game.b,i,e,parallaxX,Parallax scroll X factor (float),verified-exists
field,com.corrodinggames.rts.game.b,i,f,parallaxY,Parallax scroll Y factor (float),verified-exists
field,com.corrodinggames.rts.game.b,d,a,mapEngine,Reference to MapEngine,verified-exists
field,com.corrodinggames.rts.game.b,d,b,renderWidth,Render width in pixels (int),unverifiable-rebuilt
field,com.corrodinggames.rts.game.b,d,c,renderHeight,Render height in pixels (int),unverifiable-rebuilt
field,com.corrodinggames.rts.game.b,d,d,offsetX,Render offset X (int),verified-exists
field,com.corrodinggames.rts.game.b,d,e,offsetY,Render offset Y (int),verified-exists
field,com.corrodinggames.rts.game.b,d,f,startTileX,First visible tile column (int),verified-exists
field,com.corrodinggames.rts.game.b,d,g,startTileY,First visible tile row (int),verified-exists
field,com.corrodinggames.rts.game.b,d,h,endTileX,Last visible tile column (int),verified-exists
field,com.corrodinggames.rts.game.b,d,i,endTileY,Last visible tile row (int),verified-exists
field,com.corrodinggames.rts.game.b,d,j,tileWidth,Tile width in pixels (int),verified-exists
field,com.corrodinggames.rts.game.b,d,k,tileHeight,Tile height in pixels (int),verified-exists
field,com.corrodinggames.rts.game.b,d,l,currentLayer,Currently rendering layer (MapLayer),verified-exists
field,com.corrodinggames.rts.game.b,d,m,currentTileset,Current tileset (TilesetDef),verified-exists
field,com.corrodinggames.rts.game.b,d,n,viewRect,Visible area rectangle (Rect),verified-exists
field,com.corrodinggames.rts.game.b,d,o,dirtyRect,Dirty/redraw rectangle (Rect),verified-exists
field,com.corrodinggames.rts.game.b,d,p,globalState,GlobalState reference,verified-exists
field,com.corrodinggames.rts.game.b,a,a,spawnIndex,Spawn point index (int),verified-exists
field,com.corrodinggames.rts.game.b,a,b,unitTypeName,Unit type name to spawn (String),verified-exists
field,com.corrodinggames.rts.game.b,a,c,playerRef,Player reference name (String),verified-exists
field,com.corrodinggames.rts.game.b,a,d,teamName,Team name for spawn (String),verified-exists
field,com.corrodinggames.rts.game.b,a,e,spawnX,Spawn position X (float),verified-exists
field,com.corrodinggames.rts.game.b,a,f,spawnY,Spawn position Y (float),verified-exists
field,com.corrodinggames.rts.game.b,a,g,spawnWidth,Spawn area width (float),verified-exists
field,com.corrodinggames.rts.game.b,a,h,spawnHeight,Spawn area height (float),verified-exists
field,com.corrodinggames.rts.game.b,a,i,spawnInterval,Spawn interval seconds (float),verified-exists
field,com.corrodinggames.rts.game.b,a,j,boundsRect,Spawn boundary rectangle (RectF),verified-exists
field,com.corrodinggames.rts.game.b,a,k,maxUnitCount,Max units to spawn (int  -1=unlimited),verified-exists
field,com.corrodinggames.rts.game.b,a,l,tilesetRef,Reference to tileset definition (j),verified-exists
field,com.corrodinggames.rts.game.b,a,m,startingCredits,Starting credits at spawn (int  -1=default),verified-exists
field,com.corrodinggames.rts.game.b,a,n,customProperties,Custom properties from TMX (Properties),verified-exists
field,com.corrodinggames.rts.game.b,a,o,spawnedUnitsList,List of spawned units (m=ArrayList),verified-exists
field,com.corrodinggames.rts.game.b,a,p,spawnId,Spawn identifier string (private String),verified-exists
field,com.corrodinggames.rts.game.b,e,a,layerIndex,Current layer index during parsing (int),verified-exists
field,com.corrodinggames.rts.game.b,e,b,tileWidth,Tile width from TMX (int),verified-exists
field,com.corrodinggames.rts.game.b,e,c,tileHeight,Tile height from TMX (int),verified-exists
field,com.corrodinggames.rts.game.b,e,d,mapWidth,Map width in tiles (int),verified-exists
field,com.corrodinggames.rts.game.b,e,e,mapHeight,Map height in tiles (int),verified-exists
field,com.corrodinggames.rts.game.b,e,f,nextObjectId,Next free object ID (int),verified-exists
field,com.corrodinggames.rts.game.b,e,g,currentTileset,Current tileset being processed (TilesetDef),verified-exists
field,com.corrodinggames.rts.game.b,e,h,currentLayer,Current layer being processed (MapLayer),verified-exists
field,com.corrodinggames.rts.game.b,e,i,orientation,Map orientation string,verified-exists
field,com.corrodinggames.rts.game.b,e,j,renderOrder,Render order string,verified-exists
field,com.corrodinggames.rts.game.b,e,k,backgroundColor,Background color int,verified-exists
field,com.corrodinggames.rts.game.b,e,l,basePath,Base directory path for TMX file (String),verified-exists
field,com.corrodinggames.rts.game.b,e,m,encoding,Data encoding type (String),verified-exists
field,com.corrodinggames.rts.game.b,k,a,tileId,Local tile ID within tileset (int),verified-exists
field,com.corrodinggames.rts.game.b,k,b,tilesetIndex,Tileset index reference (int),verified-exists
field,com.corrodinggames.rts.game.b,k,c,properties,Tile custom properties (Properties),verified-exists
field,com.corrodinggames.rts.game.b,k,d,animationFrames,Animation frame array (TileEntry[]),verified-exists
field,com.corrodinggames.rts.game.b,k,e,animationDuration,Animation frame duration ms (int),verified-exists
field,com.corrodinggames.rts.game.b,k,f,tileType,Tile type string (String),verified-exists
field,com.corrodinggames.rts.game.b,j,a,tilesetName,Tileset name string,verified-exists
field,com.corrodinggames.rts.game.b,j,b,tilesetTexture,Tileset texture image (m.e),verified-exists
field,com.corrodinggames.rts.game.b,j,c,sourcePath,Source file path string,verified-exists
field,com.corrodinggames.rts.game.b,j,d,tileWidth,Tile width in pixels (int),unverifiable-rebuilt
field,com.corrodinggames.rts.game.b,j,e,tileHeight,Tile height in pixels (int),unverifiable-rebuilt
field,com.corrodinggames.rts.game.b,j,f,spacing,Spacing between tiles (int),unverifiable-rebuilt
field,com.corrodinggames.rts.game.b,j,g,margin,Margin around tileset (int),unverifiable-rebuilt
field,com.corrodinggames.rts.game.b,j,h,firstGid,"First global tile ID (int,  default 0)",verified-exists
field,com.corrodinggames.rts.game.b,j,i,tileCount,Total tile count (int),unverifiable-rebuilt
field,com.corrodinggames.rts.game.b,j,j,tileProperties,Tile property map (HashMap),unverifiable-rebuilt
field,com.corrodinggames.rts.game.b,j,k,tileEntries,Tile entry list (ArrayList),unverifiable-rebuilt
field,com.corrodinggames.rts.game.b,j,l,columns,Column count in tileset image (int),verified-exists
method,com.corrodinggames.rts.game.b,b,"a(float,float,n)",isWorldWalkable,,verified-exists
method,com.corrodinggames.rts.game.b,b,"a(g,int,int)",getVariantTile,,verified-exists
method,com.corrodinggames.rts.game.b,b,"a(n,int,int)",canEditTile,,verified-exists
field,com.corrodinggames.rts.game.b,b,A,resourcePoints,Resource extraction points (ArrayList),verified-exists
field,com.corrodinggames.rts.game.b,b,B,mapWidth,Map width in tiles,verified-exists
field,com.corrodinggames.rts.game.b,b,C,mapHeight,Map height in tiles,verified-exists
field,com.corrodinggames.rts.game.b,b,D,tileWidth,Tile width pixels,verified-exists
field,com.corrodinggames.rts.game.b,b,E,tileHeight,Tile height pixels,verified-exists
field,com.corrodinggames.rts.game.b,b,F,fogGrid,Fog of war grid,verified-exists
field,com.corrodinggames.rts.game.b,b,G,visibilityGrid,Visibility update grid,verified-exists
field,com.corrodinggames.rts.game.b,b,H,blockingGrid,Terrain blocking grid,verified-exists
field,com.corrodinggames.rts.game.b,b,I,buildBlockingGrid,Build blocking grid,verified-exists
field,com.corrodinggames.rts.game.b,b,J,tilesetList,Loaded tileset list,verified-exists
field,com.corrodinggames.rts.game.b,b,K,layerList,Map layer list,verified-exists
field,com.corrodinggames.rts.game.b,b,L,tilesetTexture,Tileset texture atlas (m.y),verified-exists
field,com.corrodinggames.rts.game.b,b,M,fogCacheBufferA,MapEngine: byte[][] - smoothFog cache A,body-verified-v1500
field,com.corrodinggames.rts.game.b,b,N,fogCacheBufferB,MapEngine: byte[][] - smoothFog cache B,body-verified-v1500
field,com.corrodinggames.rts.game.b,b,P,objectGroups,MapEngine: ArrayList<i> - map object groups,body-verified-v1500
field,com.corrodinggames.rts.game.b,b,Q,minimapRenderer,Minimap renderer component (i),verified-exists
field,com.corrodinggames.rts.game.b,b,R,showGridOverlay,Show grid overlay flag,verified-exists
field,com.corrodinggames.rts.game.b,b,S,showFogOverlay,Show fog overlay flag,verified-exists
field,com.corrodinggames.rts.game.b,b,T,scrollPixelX,MapEngine: int - horizontal scroll offset px,body-verified-v1500
field,com.corrodinggames.rts.game.b,b,U,scrollPixelY,MapEngine: int - vertical scroll offset px,body-verified-v1500
field,com.corrodinggames.rts.game.b,b,V,cameraFocus,Camera focus point (PointF),verified-exists
field,com.corrodinggames.rts.game.b,b,W,cameraLocked,Map camera locked flag,verified-exists
field,com.corrodinggames.rts.game.b,b,X,fogDirty,Fog needs update flag,verified-exists
field,com.corrodinggames.rts.game.b,b,Y,visibleTilesX,Visible tile count X,verified-exists
field,com.corrodinggames.rts.game.b,b,Z,visibleTilesY,Visible tile count Y,verified-exists
method,com.corrodinggames.rts.game.b,b,a,lockMap,MapEngine: static void - acquire ReentrantLock e,body-verified-v1500
method,com.corrodinggames.rts.game.b,b,a(Point),tileToScreenPoint,MapEngine: PointF - tile to screen coords,body-verified-v1500
method,com.corrodinggames.rts.game.b,b,a(RectF),getVisibleRect,MapEngine: void - fill RectF with visible area,body-verified-v1300
method,com.corrodinggames.rts.game.b,b,a(as),getGidForUnit,MapEngine: int - find tile GID for unit type,body-verified-v1500
method,com.corrodinggames.rts.game.b,b,a(boolean),setRedrawFlag,MapEngine: void - mark dirty for re-render,body-verified-v1300
method,com.corrodinggames.rts.game.b,b,a(float),clampScrollX,MapEngine: float - clamp horizontal scroll,body-verified-v1500
method,com.corrodinggames.rts.game.b,b,a(g),registerUniqueTile,"MapEngine: short - register tile,  return ID (max 32766)",verified-exists
method,com.corrodinggames.rts.game.b,b,a(int),tileToPixelX,MapEngine: static int - tile coord to pixel x,body-verified-v1300
method,com.corrodinggames.rts.game.b,b,a(k),initFromConfig,MapEngine: void - load map from config,body-verified-v1300
method,com.corrodinggames.rts.game.b,b,a(short),getTileByUniqueId,MapEngine: g - resolve ID to tile,body-verified-v1500
field,com.corrodinggames.rts.game.b,b,ah,tileCache,MapEngine: HashMap - tile lookup cache,body-verified-v1500
field,com.corrodinggames.rts.game.b,b,al,commandProcessor,Map command processor (static c),verified-exists
field,com.corrodinggames.rts.game.b,b,as,renderMode,Map render mode (1=normal),verified-exists
method,com.corrodinggames.rts.game.b,b,b,unlockMap,MapEngine: static void - release ReentrantLock e,body-verified-v1500
method,com.corrodinggames.rts.game.b,b,b(String),openMapStream,MapEngine: static InputStream - open map file,body-verified-v1500
method,com.corrodinggames.rts.game.b,b,b(float),clampScrollY,MapEngine: float - clamp vertical scroll,body-verified-v1500
method,com.corrodinggames.rts.game.b,b,"b(int,int)",isBuildable,Check tile buildable,verified-exists
method,com.corrodinggames.rts.game.b,b,c,initFogOfWarTextures,"MapEngine: static void - load fog_smooth,  generate atlas",verified-exists
method,com.corrodinggames.rts.game.b,b,d,updateSoftFogSetting,MapEngine: static void - toggle smoothFog by memory,body-verified-v1500
method,com.corrodinggames.rts.game.b,b,e(String),getOrCreateTileset,MapEngine: j - find or create by name,body-verified-v1500
method,com.corrodinggames.rts.game.b,b,f,isMapLoaded,MapEngine: boolean - map data available,body-verified-v1300
method,com.corrodinggames.rts.game.b,b,g,getTotalTiles,MapEngine: int - total tile count,body-verified-v1300
method,com.corrodinggames.rts.game.b,b,h,unloadAll,"MapEngine: void - clear tilesets, layers",verified-exists
method,com.corrodinggames.rts.game.b,b,h(),disposeAll,Dispose all map resources: tilesets+layers+groups,verified-exists
method,com.corrodinggames.rts.game.b,b,i,isViewportDirty,MapEngine: boolean - vieport needs update,body-verified-v1300
method,com.corrodinggames.rts.game.b,b,i(),getMapWidthPixels,Get total map width in pixels,verified-exists
method,com.corrodinggames.rts.game.b,b,j,resetViewport,MapEngine: void - reset visible area,body-verified-v1300
method,com.corrodinggames.rts.game.b,b,j(),getMapHeightPixels,Get total map height in pixels,verified-exists
method,com.corrodinggames.rts.game.b,b,k,resetFogCache,MapEngine: void - clear smoothFog cache,body-verified-v1500
method,com.corrodinggames.rts.game.b,b,k(),clearAllFog,Clear all fog of war arrays,verified-exists
method,com.corrodinggames.rts.game.b,b,l,buildFogCache,MapEngine: void - rebuild smoothFog M/N,body-verified-v1500
method,com.corrodinggames.rts.game.b,b,l(),rebuildFogCache,Rebuild smooth fog cache arrays,verified-exists
field,com.corrodinggames.rts.game.b,b,m,tileRendererB,Tile renderer variant B (static h),verified-exists
field,com.corrodinggames.rts.game.b,b,n,tilePixelWidth,"MapEngine: int - tile pixel size (default 20,  HD 60)",verified-exists
field,com.corrodinggames.rts.game.b,b,o,tilePixelHeight,MapEngine: int - tile pixel height,body-verified-v1500
field,com.corrodinggames.rts.game.b,b,p,selectedTileX,Currently selected tile X,verified-exists
field,com.corrodinggames.rts.game.b,b,q,selectedTileY,Currently selected tile Y,verified-exists
field,com.corrodinggames.rts.game.b,b,r,float1,real-class-inferred: com.corrodinggames.rts.game.b.b,real-class-v1200
field,com.corrodinggames.rts.game.b,b,s,float2,real-class-inferred: com.corrodinggames.rts.game.b.b,real-class-v1200
field,com.corrodinggames.rts.game.b,b,t,tilesets,MapEngine: ArrayList<j> - tileset list,body-verified-v1500
field,com.corrodinggames.rts.game.b,b,u,groundLayer,MapEngine: e - Ground layer reference,body-verified-v1500
field,com.corrodinggames.rts.game.b,b,v,groundDetailsLayer,MapEngine: e - grounddetails layer,body-verified-v1500
field,com.corrodinggames.rts.game.b,b,w,groundDetails2Layer,MapEngine: e - grounddetails2 layer,body-verified-v1500
field,com.corrodinggames.rts.game.b,b,x,pathingOverrideLayer,MapEngine: e - PathingOverride layer,body-verified-v1500
field,com.corrodinggames.rts.game.b,b,y,itemsLayer,MapEngine: e - Items/objects layer,body-verified-v1500
field,com.corrodinggames.rts.game.b,b,z,layers,MapEngine: ArrayList<e> - map layers,body-verified-v1500
method,com.corrodinggames.rts.game.b,b,"a(com.corrodinggames.rts.game.b.g, int, int)",getTileVariant,,verified-exists
method,com.corrodinggames.rts.game.b,b,a(android.graphics.Point),tileToWorld,[V] a(Point)->PointF; tile coords to world pixels,verified-exists
method,com.corrodinggames.rts.game.b,b,c(java.lang.String),resolveMapFilePath,[V] c(String)->String; find real map path,verified-exists
method,com.corrodinggames.rts.game.b,b,d(java.lang.String),openMapFileStream,[V] d(String)->InputStream; open map file stream,verified-exists
method,com.corrodinggames.rts.game.b,b,e(java.lang.String),getTilesetByName,[V] e(String)->j; find tileset def by name,verified-exists
field,com.corrodinggames.rts.gameFramework.k,n,a,tileX,Tile X coordinate (int),verified-exists
field,com.corrodinggames.rts.gameFramework.k,n,b,tileY,Tile Y coordinate (int),verified-exists
field,com.corrodinggames.rts.gameFramework.k,n,c,gScore,G score value (int),verified-exists
field,com.corrodinggames.rts.gameFramework.k,l,e,pathSolver,Path solver reference (static f),verified-exists
field,com.corrodinggames.rts.gameFramework.k,l,m,useCache,Use path cache (static final boolean),verified-exists
field,com.corrodinggames.rts.gameFramework.k,l,n,cacheEnabled,"Cache enabled flag (boolean,  default true)",verified-exists
field,com.corrodinggames.rts.gameFramework.k,l,w,debugPaint,Debug drawing paint (Paint),verified-exists
field,com.corrodinggames.rts.gameFramework.k,l,x,landSolver,Land path solver (i),verified-exists
field,com.corrodinggames.rts.gameFramework.k,l,y,waterSolver,Water path solver (i),verified-exists
field,com.corrodinggames.rts.gameFramework.k,l,z,airSolver,Air path solver (i),verified-exists
field,com.corrodinggames.rts.gameFramework.k,o,b,blockedLandGrid,Blocked land grid (byte[]),verified-exists
field,com.corrodinggames.rts.gameFramework.k,o,c,blockedWaterGrid,Blocked water grid (byte[]),verified-exists
field,com.corrodinggames.rts.gameFramework.k,o,d,blockedAirGrid,Blocked air grid (byte[]),verified-exists
field,com.corrodinggames.rts.gameFramework.k,o,e,cachedResult,Cached path result (short[]),verified-exists
field,com.corrodinggames.rts.gameFramework.k,o,f,costGrid,Movement cost grid (byte[]),verified-exists
field,com.corrodinggames.rts.gameFramework.k,b,b,categoryIndex,Category index (private int),verified-exists
field,com.corrodinggames.rts.gameFramework.k,b,c,unitIndex,Unit index within category (private int),verified-exists
field,com.corrodinggames.rts.gameFramework.k,b,d,totalUnits,Total unit count (private int),verified-exists
method,com.corrodinggames.rts.gameFramework.k,f,a,reset,real-class-inferred: com.corrodinggames.rts.gameFramework.k.f,real-class-v1200
method,com.corrodinggames.rts.gameFramework.k,f,b,isEnabled,real-class-inferred: com.corrodinggames.rts.gameFramework.k.f,real-class-v1200
field,com.corrodinggames.rts.gameFramework.k,f,m,isRunning,"Search running flag (boolean); 逆4-v19.133f98: 语义名在 03 存在 — 归属待迁 (relocate-candidate); 逆4d-v19.133f98: 保持-仅异域同名声明 (SteamAPI 在 com/codedisaster/steamworks), 语义存疑; 逆5b-v19.133f98: 保持-仅异域同名声明 (SteamAPI 在 com/codedisaster/steamworks), 语义存疑",suspicious-bc-missing
method,com.corrodinggames.rts.gameFramework.k,h,a,getaf,real-class-inferred: com.corrodinggames.rts.gameFramework.k.h,real-class-v1200
field,com.corrodinggames.rts.gameFramework.k,h,b,af,real-class-inferred: com.corrodinggames.rts.gameFramework.k.h,real-class-v1200
field,com.corrodinggames.rts.gameFramework.k,h,c,point,real-class-inferred: com.corrodinggames.rts.gameFramework.k.h,real-class-v1200
field,com.corrodinggames.rts.gameFramework.k,h,h,startTileX,"Start tile X (protected short); 逆4-v19.133f98: 语义名在 03 存在 — 归属待迁 (relocate-candidate); 逆4d-v19.133f98: 保持-仅异域同名声明 (MapLayerRenderer 在 com/corrodinggames/rts/game/map), 语义存疑; 逆5b-v19.133f98: 保持-仅异域同名声明 (MapLayerRenderer 在 com/corrodinggames/rts/game/map), 语义存疑",suspicious-bc-missing
field,com.corrodinggames.rts.gameFramework.k,h,i,startTileY,"Start tile Y (protected short); 逆4-v19.133f98: 语义名在 03 存在 — 归属待迁 (relocate-candidate); 逆4d-v19.133f98: 保持-仅异域同名声明 (MapLayerRenderer 在 com/corrodinggames/rts/game/map), 语义存疑; 逆5b-v19.133f98: 保持-仅异域同名声明 (MapLayerRenderer 在 com/corrodinggames/rts/game/map), 语义存疑",suspicious-bc-missing
field,com.corrodinggames.rts.gameFramework.k,h,l,endTileX,"End tile X (protected short); 逆4-v19.133f98: 语义名在 03 存在 — 归属待迁 (relocate-candidate); 逆4d-v19.133f98: 保持-仅异域同名声明 (MapLayerRenderer 在 com/corrodinggames/rts/game/map), 语义存疑; 逆5b-v19.133f98: 保持-仅异域同名声明 (MapLayerRenderer 在 com/corrodinggames/rts/game/map), 语义存疑",suspicious-bc-missing
field,com.corrodinggames.rts.gameFramework.k,h,m,endTileY,"End tile Y (protected short); 逆4-v19.133f98: 语义名在 03 存在 — 归属待迁 (relocate-candidate); 逆4d-v19.133f98: 保持-仅异域同名声明 (MapLayerRenderer 在 com/corrodinggames/rts/game/map), 语义存疑; 逆5b-v19.133f98: 保持-仅异域同名声明 (MapLayerRenderer 在 com/corrodinggames/rts/game/map), 语义存疑",suspicious-bc-missing
field,com.corrodinggames.rts.gameFramework.k,h,r,isRunning,"Search running flag (boolean); 逆4-v19.133f98: 语义名在 03 存在 — 归属待迁 (relocate-candidate); 逆4d-v19.133f98: 保持-仅异域同名声明 (SteamAPI 在 com/codedisaster/steamworks), 语义存疑; 逆5b-v19.133f98: 保持-仅异域同名声明 (SteamAPI 在 com/codedisaster/steamworks), 语义存疑",suspicious-bc-missing
field,com.corrodinggames.rts.gameFramework.k,i,f,neighborCount,Neighbor count (static int),verified-exists
field,com.corrodinggames.rts.gameFramework.k,i,g,heuristicWeight,Heuristic weight (static int),verified-exists
field,com.corrodinggames.rts.gameFramework.k,i,h,costStraight,Straight move cost (static double),verified-exists
field,com.corrodinggames.rts.gameFramework.k,i,i,costDiagonal,Diagonal move cost (static double),verified-exists
field,com.corrodinggames.rts.gameFramework.k,i,j,byte4,real-class-inferred: com.corrodinggames.rts.gameFramework.k.i,real-class-v1200
field,com.corrodinggames.rts.gameFramework.k,i,k,int4,real-class-inferred: com.corrodinggames.rts.gameFramework.k.i,real-class-v1200
field,com.corrodinggames.rts.game,i,bT,inputController,"InputController (h(""InputController"") 220-221; 类型 ac=KeyBindings 键绑定主体)",verified
field,com.corrodinggames.rts.game,i,bQ,settingsEngine,"SettingsEngine (h(""SettingsEngine"") 223-224)",verified
field,com.corrodinggames.rts.game,i,bM,audioEngine,"AudioEngine (h(""AudioEngine"") 320-321)",verified
field,com.corrodinggames.rts.game,i,bN,musicController,"MusicController (h(""MusicController"") 325-326; 类型 am=MusicController v19.98仲裁)",verified
field,com.corrodinggames.rts.game,i,bU,pathEngine,"PathEngine (h(""PathEngine"") 374-375, gameFramework.k.l)",verified
field,com.corrodinggames.rts.game,i,bV,groupController,"GroupController (h(""GroupController"") 376-377)",verified
field,com.corrodinggames.rts.game,i,bP,collisionEngine,"CollisionEngine (h(""CollisionEngine"") 378-379)",verified
field,com.corrodinggames.rts.game,i,bS,interfaceEngine,"InterfaceEngine (h(""InterfaceEngine"") 380-381; 类型 f.g=InGameUI 游戏内UI控制器)",verified
field,com.corrodinggames.rts.game,i,bX,networkEngine,"NetworkEngine (h(""NetworkEngine"") 384-385, gameFramework.j.ad)",verified
field,com.corrodinggames.rts.game,i,bY,statsHandler,"StatsHandler (h(""StatsHandler"") 387-388)",verified
field,com.corrodinggames.rts.game,i,bZ,modEngine,"ModEngine (h(""ModEngine"") 389-390, gameFramework.i.a)",verified
field,com.corrodinggames.rts.game,i,cf,commandController,"CommandController (h(""CommandController"") 395-396)",verified
field,com.corrodinggames.rts.game,i,ca,gameSaver,"GameSaver (h(""GameSaver"") 397-398)",verified
field,com.corrodinggames.rts.game,i,cb,replayEngine,"ReplayEngine (h(""ReplayEngine"") 399-400, gameFramework.ba)",verified
field,com.corrodinggames.rts.game,i,cc,unitGeoIndex,"UnitGeoIndex (h(""UnitGeoIndex"") 402-403)",verified
method,com.corrodinggames.rts.game,i,a(android.content.Context),init,GameEngine:init() (i.java:185 日志字符串自证),verified
method,com.corrodinggames.rts.game,i,a(float),update,v19.98 T0: 每帧主模拟 1352-1376 (bX.c步进→cf.c命令→cb.a回放→bx++→n.g团队→bL.e→am.bF单位) + JFR 150+采样帧 + 回放es校验帧推进,verified
method,com.corrodinggames.rts.game.b,b,e(float),update,v19.100 辐射批1: GameEngine.update每帧调用 bL.e(f2) (地图更新),verified
method,com.corrodinggames.rts.gameFramework.k,l,b,update,v19.100 辐射批1: GameEngine.update每帧调用 bU.b (PathEngine更新),verified
method,com.corrodinggames.rts.game,n,g(float),updateAllTeams,v19.100 辐射批1: GameEngine.update每帧调用 n.g(f2) 静态全团队更新 (收入/视野),verified
method,com.corrodinggames.rts.gameFramework.k,l,"a(com.corrodinggames.rts.gameFramework.b.b, boolean)",setupMap,"v19.100: ""PathEngine: Setting up map costs""/""Keeping existing map costs""/""Ready"" (148行)",verified
method,com.corrodinggames.rts.gameFramework.k,l,a(com.corrodinggames.rts.game.units.ao),findPath,v19.100: 62行 路径查询入口返回i,verified
method,com.corrodinggames.rts.gameFramework.k,l,c(),updateFinishedPaths,v19.100: 285行,verified
field,com.corrodinggames.rts.game.b,b,O,unusedRect,"Rect; javap 仅构造器 putfield(102: Field O),无读取(死字段)",verified-exists
field,com.corrodinggames.rts.game.b,b,a,debugTiming,"static final boolean; 字节码中 if (a) 包裹性能计时(this.ap += br.a()-l3, seeThoughFogOfWarTimes 统计),仅此一处读取",verified
field,com.corrodinggames.rts.game.b,b,aa,unusedFloat,"float=0.0f; 仅构造器 putfield(129: Field aa:F),无读取(死字段)",verified-exists
field,com.corrodinggames.rts.game.b,b,ab,unusedPaint,"Paint; 构造器设置 (100,255,0,0)+16f 后无任何引用(死字段)",verified-exists
field,com.corrodinggames.rts.game.b,b,ac,buildableTilePaintA,"Paint; 构造器 (255,0,225,0) 描边; a(y,...) 中 ""if(bl2) y3.b(this.an, b2.ac)"" 可行走瓦片着色(字节码 4748 行 getfield #250)",verified
field,com.corrodinggames.rts.game.b,b,ad,buildableTilePaintB,"Paint; 构造器 (100,0,185,0); a(y,...) 可行走瓦片着色(b2.ad, 字节码 4726 行)",verified
field,com.corrodinggames.rts.game.b,b,ae,blockedTilePaintA,"Paint; 构造器 (255,175,0,0) 红; a(y,...) 不可行走时着色(b2.ae, 字节码 4739/4755 行)",verified
field,com.corrodinggames.rts.game.b,b,af,blockedTilePaintB,"Paint; 构造器 (155,175,0,0) 半透明红; a(y,...) 着色(b2.af, 字节码 4733 行)",verified
field,com.corrodinggames.rts.game.b,b,ag,clearPaint,Paint; 构造器 new PorterDuffXfermode(PorterDuff.Mode.CLEAR) 擦除画笔(常量池枚举 CLEAR),verified
field,com.corrodinggames.rts.game.b,b,ai,unusedFloat2,float; javap 无任何引用(死字段),verified-exists
field,com.corrodinggames.rts.game.b,b,aj,unusedFloat3,"float=1.0f; 仅构造器 putfield(134: Field aj:F),无读取(死字段)",verified-exists
field,com.corrodinggames.rts.game.b,b,ak,unusedInt,"int=0; 仅构造器 putfield(139: Field ak:I),无读取(死字段)",verified-exists
field,com.corrodinggames.rts.game.b,b,am,unusedPaint2,"Paint=new Paint(); 仅构造器 putfield(150: Field am),无读取(死字段)",verified-exists
field,com.corrodinggames.rts.game.b,b,an,scratchRect,"Rect; a(y,...) 中复用绘制矩形(字节码 4702-4746 行 getfield #260)",verified
field,com.corrodinggames.rts.game.b,b,ao,unusedRect2,"Rect; 仅构造器 putfield(172: Field ao),无读取(死字段)",verified-exists
field,com.corrodinggames.rts.game.b,b,ap,fogPerfAccumNs,"long; f(float)/a(f,f,int,n,boolean) 中计时累积,打印 ""seeThoughFogOfWarTimes:""(字节码 5101-5106 行)",verified
field,com.corrodinggames.rts.game.b,b,aq,fogPerfTimerSec,"float; f(float) 中 ""if(this.aq>60.0f) { this.aq=0; 打印..."" 性能统计窗口(字节码 5750-5761 行)",verified
field,com.corrodinggames.rts.game.b,b,ar,fogRecalcTimer,"float; loadMapFromStream 设 150.0f, f(float) 中 ""if(this.ar>260.0f)"" 触发队伍雾重算(字节码 3894/5812-5823 行)",verified
field,com.corrodinggames.rts.game.b,b,b,debugFlagB,static final boolean=false; 无任何引用(死开关),verified-exists
field,com.corrodinggames.rts.game.b,b,c,debugFlagC,static final boolean=false; 无任何引用(死开关),verified-exists
field,com.corrodinggames.rts.game.b,b,d,debugDisableFogRender,"public static boolean; 唯一引用在 game/b/c.java:400 ""if (b.b.d) { bl6=false; bl7=false; }"" 禁用雾/遮挡绘制(控制流证据)",verified
field,com.corrodinggames.rts.game.b,b,e,mapLock,static ReentrantLock; 静态方法 a()/b() 中 e.lock()/e.unlock()(lockMap/unlockMap 已映射),verified
field,com.corrodinggames.rts.game.b,b,f,lockDisabled,"static boolean; a()/b() 中 ""if (f) return"" 跳过加解锁(控制流)",verified
field,com.corrodinggames.rts.game.b,b,g,fogDebugPaintA,"static Paint; c() 中 g.a(150,255,255,255) 白色调试画笔,随后参与雾图集绘制",verified
field,com.corrodinggames.rts.game.b,b,h,fogDebugPaintB,"static Paint; c() 中 h.a(150,255,0,0) 红色调试画笔",verified
field,com.corrodinggames.rts.game.b,b,i,fogDebugPaintC,"static Paint; c() 中 i.a(150,0,255,0) 绿色调试画笔",verified
field,com.corrodinggames.rts.game.b,b,j,fogDebugPaintD,"static Paint; c() 中 j.a(150,255,0,0) 红色调试画笔",verified
field,com.corrodinggames.rts.game.b,b,k,unusedFlagArray,"boolean[256]; javap 中仅构造器 1 次 putfield(10: putfield #275 Field k:[Z),无任何 getfield(死字段)",verified-exists
field,com.corrodinggames.rts.game.b,b,l,fogAtlasRendererA,"public static h; c() 中 ""l = new h(1.0f,false); l.a()"" 雾图集渲染器(1.0 倍)",verified
method,com.corrodinggames.rts.game.b,b,a(),identityIntArray,"private static; 直接返回参数数组(identity),供雾图集掩码构造",verified
method,com.corrodinggames.rts.game.b,b,"a(Document,OutputStream)",writeXmlDocument,"void; Transformer 序列化 DOM, ""indent""=""yes"" 输出属性(字符串证据)",verified
method,com.corrodinggames.rts.game.b,b,"a(InputStream,OutputStream)",rewriteMapWithUnitObjects,"void; 解析 TMX,删除旧 UnitObjects,遍历所有单位重建 objectgroup(""UnitObjects""/""unit""/""team""/""gid""/""rotation"" 字符串证据)",verified
method,com.corrodinggames.rts.game.b,b,"a(String,String)",exportMap,"boolean; ""Error exporting map""/""Map exported."" 弹窗与异常处理(字符串证据)",verified
method,com.corrodinggames.rts.game.b,b,"a(String,String,int)",tryOpenRelativePath,"private InputStream; split(""/"") 取末 n 段拼接路径后 e.a.j() 打开(控制流)",verified
method,com.corrodinggames.rts.game.b,b,"a(String,int,int)",getOrCreateTile,g; 调 e(String)(getOrCreateTileset)+ah HashMap 缓存创建瓦片(控制流),verified
method,com.corrodinggames.rts.game.b,b,a(gameFramework.j.as),syncNetworkStream,"void; as2.a(false) 网络流同步; 调用语义不明确(无字符串,证据弱)",verified-exists
method,com.corrodinggames.rts.game.b,b,"a(float,float)",setScrollFromWorldPx,void; T=(int)(f2*r); U=(int)(f3*s) 世界坐标→滚动像素(结构),verified
method,com.corrodinggames.rts.game.b,b,"a(float,float,int,n,boolean)",revealFogRadial,"void; 按可见性过滤队伍后调 b(f2,f3,n2,n3,bl) 揭示视野(控制流, if(a) 计时分支同处)",verified
method,com.corrodinggames.rts.game.b,b,"a(int,)",buildMaskCombinations,"private static; 生成位掩码子集组合, ""unhandled:"" + nArray.length 异常(字符串证据)",verified
method,com.corrodinggames.rts.game.b,b,"a(int,Rect)",fogTileRectInAtlas,public static; 按 n2%16 与 0.0625f 计算 20x20 雾图集瓦片位置写入 rect(结构),verified
method,com.corrodinggames.rts.game.b,b,"a(int,e)",drawFogTileToFrameBuffer,"public static; ""rect2.a(0,0,20,20)"" + 调用 a(int,Rect) 与 h.a(L,e2,...) 将雾瓦片写入帧缓冲(结构)",verified
method,com.corrodinggames.rts.game.b,b,"a(int[],int,int,boolean,e,y,e)",blitFogEdgeTiles,"private static; 20px 网格纹理拼接绘制雾边缘瓦片(rect.a(0,0,20,20) 结构),仅 c() 调用",verified
method,com.corrodinggames.rts.game.b,b,"a(int[],int[],boolean,e,y,e)",drawFogEdgeTile,"private static; 按掩码位绘制雾边缘(rect 复用、y3.a(e3,rect2,rect,null) 绘制结构),仅 c() 调用",verified
method,com.corrodinggames.rts.game.b,b,a(l),renderTileLayer,void; 转发 al.a(l2); 对应 c.java:236 中遍历瓦片调用 l2.a(...) 绘制(跨类控制流),verified
method,com.corrodinggames.rts.game.b,b,"a(y,int,int,int,int,int,int,y,boolean,int)",drawBuildabilityOverlay,"void; 循环瓦片调 d.d.a(y2,as2,ao2,i2,i3,n8) 判定可行走, 用 ad/ae/af/ac 画笔着色(控制流+画笔证据)",verified
method,com.corrodinggames.rts.game.b,b,b(),constructor,public 构造器; 初始化瓦片尺寸(60/20 HD 判断)、1/n 比例、7 个 Paint(ab..ag)与 Rect 字段(结构),verified
method,com.corrodinggames.rts.game.b,b,"b(String,String)",saveMap,"void; ""--- Saving map:"" 日志, 校验原始地图(""Could not find orginal map:"")后写盘(字符串证据)",verified
method,com.corrodinggames.rts.game.b,b,"b(float,float,int,n,boolean)",revealFogGradient,"void; 半径 n2 内雾值渐变(by2/阈值 by 计算), c2.a(i2,i3,true) 标记雾脏(控制流)",verified
method,com.corrodinggames.rts.game.b,b,b(int),singletonIntArray,private static; 返回 new int[]{n2}; 仅被 c()(initFogOfWarTextures)调用构造雾位掩码(控制流),verified
method,com.corrodinggames.rts.game.b,b,c(String),normalizeMapPath,static String; 返回 e.a.e(string) 规范化路径; 被 d(String)(openMapFile) 调用(控制流+Mapfile: 日志),verified
method,com.corrodinggames.rts.game.b,b,"c(String,String)",getGidByUnitName,"Integer; 遍历 tileset 调 j2.b(name,value), ""unit""/""customUnit"" 两种键(字符串证据)",verified
method,com.corrodinggames.rts.game.b,b,c(float),renderUpdate,void; 转发 al.a(f2); 命令处理器渲染循环每帧调用(控制流),verified
method,com.corrodinggames.rts.game.b,b,d(String),openMapFile,"static InputStream; ""Mapfile: "" 日志 + e.a.k() 打开输入流(字符串证据)",verified
method,com.corrodinggames.rts.game.b,b,"d(String,String)",openMapSubpath,"InputStream; 依次尝试完整路径与降级子路径, ""File could not be found:"" 异常(字符串证据)",verified
method,com.corrodinggames.rts.game.b,b,d(float),updateMapPerFrame,void; 调 c(f2) + if(X) 重绘雾脏区块(rect2 计算结构),verified
method,com.corrodinggames.rts.game.b,b,f(String),getObjectGroupByName,"i; equalsIgnoreCase 匹配对象组名; loadMapFromStream 中 this.Q = this.f(""triggers"")(""triggers"" 字符串证据)",verified
method,com.corrodinggames.rts.game.b,b,f(float),updateFogOfWar,"void; 每帧主雾更新: ""fogOfWar_map==null for:"" 日志 + 260s 周期队伍视野同步(字符串证据)",verified
method,com.corrodinggames.rts.game.b,b,"a(String,gameFramework.j.as)",sendMapStream,"static void; ""Sending map stream of size:"" 日志, 校验地图存在(""writeMapStream: Could not find map:"")后 as2.a(inputStream,n2) 发送(字符串证据)",verified
method,com.corrodinggames.rts.game.b,b,"a(int,int,n)",isTileEditable,"boolean; 雾值检查 n2.N[n2][n3] < 5 判定可编辑/可通行; 与已映射 a(n,int,int) canEditTile 互为补充(supplement 的 a(int,int) isBlocked 条目缺第 3 参,签名不完整)",verified
method,com.corrodinggames.rts.game,n,q,isFogEnabled,q()Z 在迷雾循环中决定是否 al.a(IIZ) 重算格子; 现有映射 creditsSpent 与迷雾上下文不符(疑似错误),verified
field,com.corrodinggames.rts.game,n,c,activePlayerCount,静态 int; f(float) 186: k(i) 循环上界 if_icmpge n.c; 现有映射为 javap 提取占位符,verified
field,com.corrodinggames.rts.gameFramework.k,l,v,solvers,PathSolver(i) 数组; b() 0-29: 遍历 v 数组逐个调用 i.e() 每帧推进,verified
field,com.corrodinggames.rts.gameFramework.k,l,o,runner,"PathSolverRunner(o); 构造器 10-18 创建, 独立求解线程",verified
field,com.corrodinggames.rts.gameFramework.k,l,p,running,"boolean; 构造器初始 true; a(PathCostCalculator,ZZ) 检查 ""Cannot start new path, not running""",verified
field,com.corrodinggames.rts.gameFramework.k,l,H,solverRunners,"ArrayList<PathSolverRunner(o)>; 构造器按 CPU 核数 f.c() 创建 ""We have N cores, creating extra solvers""",verified
field,com.corrodinggames.rts.gameFramework.k,l,I,cancellingPaths,LinkedList<PathCostCalculator(k)>; c() 中逐个置 k.w=true 后 clear (取消中的路径),verified
field,com.corrodinggames.rts.gameFramework.k,l,J,queuedPaths,LinkedList<PathCostCalculator(k)>; d() 中逐个 a(k) 分发后 clear (待处理路径队列),verified
method,com.corrodinggames.rts.gameFramework.k,o,c,start,构造器 229-232: 对每个 runner 调用 c() 启动,verified-exists
field,com.corrodinggames.rts.gameFramework.k,k,o,algorithm,"MovementType(units.ao) 枚举; k.l.a(PathCostCalculator,ZZ) 21-25: 按此取求解器",verified
field,com.corrodinggames.rts.gameFramework.k,k,t,timeoutSeconds,"float; a(k/k,ZZ) 41-44: 初值 300.0f 路径超时",verified
field,com.corrodinggames.rts.gameFramework.k,k,h,startX,"short; 与 l 配对, a(k/k,ZZ) 47-70: abs(h-l) 曼哈顿距离计算",verified-exists
field,com.corrodinggames.rts.gameFramework.k,k,l,startY,short; 与 h 配对 (坐标对),verified-exists
field,com.corrodinggames.rts.gameFramework.k,k,i,targetX,"short; 与 m 配对, 目标点坐标",verified-exists
field,com.corrodinggames.rts.gameFramework.k,k,m,targetY,short; 与 i 配对 (坐标对),verified-exists
field,com.corrodinggames.rts.gameFramework.k,k,w,cancelled,boolean; k.l.c() 27-29: 置 true 标记取消路径,verified
method,com.corrodinggames.rts.gameFramework.k,k,e,computePath,"e()V; a(k/k,ZZ) 37-39: 调度后执行路径计算",verified-exists
method,com.corrodinggames.rts.gameFramework.k,l,a,getSolver,"重载 a(MovementType)LPathSolver; a(k/k,ZZ) 20-27: 按算法类型取求解器",verified
field,com.corrodinggames.rts.game,n,a,allPlayersList,CustomArrayList (deobf 确认); 玩家列表容器,verified
field,com.corrodinggames.rts.game,n,b,allPlayersArray,n[] (deobf: PlayerState[] 初值 new PlayerState[0]),verified
field,com.corrodinggames.rts.game,n,d,extraSlotOffset,int 0; f=c+d 总槽位,verified
field,com.corrodinggames.rts.game,n,e,maxTeamIdLimit,"IOException ""setMaxTeamId: n2 is over limit of:e"" (408 行)",verified
field,com.corrodinggames.rts.game,n,f,totalSlotCount,c+d 静态总槽位数,verified
field,com.corrodinggames.rts.game,n,g,humanPlayerTemplate,"HumanPlayer(-1,false,""<blank>"") (deobf 确认类名与构造参数)",verified
field,com.corrodinggames.rts.game,n,h,neutralTeam,NeutralPlayer(-2) (deobf); 单位设中立用 n.h (custom/a/a/j.java:157),verified
field,com.corrodinggames.rts.game,n,i,aiTeam,NeutralPlayer(-1) (deobf); bK() 原型缓存单位设此队 (am.java:510),verified
field,com.corrodinggames.rts.game,n,j,spectatorPlayer,LobbyPlayer(-99) (deobf),verified
field,com.corrodinggames.rts.game,n,k,slotIndex,int -1,verified
field,com.corrodinggames.rts.game,n,ab,surrenderForfeitFlag,boolean; 序列化 ext>=97 区域; 具体语义待定,verified
field,com.corrodinggames.rts.game,n,ad,teamTrackerFailCount,int; t() 中 ++ 计数,verified
field,com.corrodinggames.rts.game,n,ai,defeatCheckCooldown,int=-2; e(float) 失败检查中 -- 递减,verified
field,com.corrodinggames.rts.game,n,ak,tagFilter,h=custom.g.d TagFilter (deobf: TagFilter ak); a(h)=setTagFilter 直接赋值,verified
field,com.corrodinggames.rts.game,n,al,movementController,f=MovementController (deobf 确认); V()/ab() 返回它; 序列化 a(as) 中 al.a(as2),verified
field,com.corrodinggames.rts.game,n,aq,creditsCacheTimestamp,aa(): 166ms 缓存判断 f.c(this.aq-l2)>166.66 时刷新,verified
field,com.corrodinggames.rts.game,n,ar,cachedCreditsTotal,aa(): 缓存 this.o+this.p 总额,verified
method,com.corrodinggames.rts.game,n,a(com.corrodinggames.rts.game.k),readFromReplaySaver,从回放流读取: W=k2.f(); X=currentTimeMillis(); I/J (180 行; deobf compareToPlayer(ScreenshotSaver)),verified
method,com.corrodinggames.rts.game,n,b(com.corrodinggames.rts.game.k),readFromReplaySaverBasic,"委托 a(k2,false) (188 行; deobf getActivePlayers(ScreenshotSaver))",verified
method,com.corrodinggames.rts.game,n,"a(com.corrodinggames.rts.game.k, boolean)",readFromReplaySaverFull,完整回放读取: setTeamIdAndRegister(k2.d())/o/creditBuffer/r/v/U... (192 行),verified
method,com.corrodinggames.rts.game,n,c(com.corrodinggames.rts.game.k),readHostFromReplaySaver,读主机段: G/F/isSameTeamAs/al/ak/y (292 行; deobf setHost(ScreenshotSaver)),verified
method,com.corrodinggames.rts.game,n,d(com.corrodinggames.rts.game.k),readFogFromStream,"读迷雾 N/L/M; ""Map size does not match fog size"" 报错 (332 行)",verified
method,com.corrodinggames.rts.game,n,a(com.corrodinggames.rts.gameFramework.j.as),writePlayerStateToStream,"写出完整玩家状态; ""Writing team: ""+this.v 字符串 (274 行)",verified
method,com.corrodinggames.rts.game,n,b(com.corrodinggames.rts.gameFramework.j.as),writeActivePlayerToStream,"写出活跃玩家: k/o/r/v/U/X; ""lastPingTimeReceivedAt"" 字符串证实 X (132 行)",verified
method,com.corrodinggames.rts.game,n,c(com.corrodinggames.rts.gameFramework.j.as),writeHostInfoToStream,写出主机段: 0/A()/I/J (173 行; deobf setHost(OutputNetStream)),verified
method,com.corrodinggames.rts.game,n,d(com.corrodinggames.rts.gameFramework.j.as),writeFogToStream,"""-- Saving fog --""/""--End fog--"" 字符串 (316 行)",verified
method,com.corrodinggames.rts.game,n,a(),clearFogOfWar,N 数组清零 + 脏标记 (363 行),verified
method,com.corrodinggames.rts.game,n,b(),isSpectatorTeam,return this.r==-3 (381 行),verified
method,com.corrodinggames.rts.game,n,a(boolean),getPlayersListSorted,遍历 f 槽收集并排序; !bl&&!b() 跳过(排除观战) (385 行),verified
method,com.corrodinggames.rts.game,n,c(),getAllPlayersList,return b(false) (396 行),verified
method,com.corrodinggames.rts.game,n,d(),getAllPlayersArray,返回 n[] 全量数组 (410 行),verified
method,com.corrodinggames.rts.game,n,e(),rebuildPlayerList,重建玩家列表 (414 行),verified
method,com.corrodinggames.rts.game,n,f(),getActiveTeamIds,返回活跃队伍 id 列表 (436 行),verified
method,com.corrodinggames.rts.game,n,"a(int, boolean)",countPlayersOnTeam,统计队伍 n2 上的玩家 (447 行),verified
method,com.corrodinggames.rts.game,n,g(),countPlayersNotDefeated,统计未败玩家 (457 行),verified
method,com.corrodinggames.rts.game,n,"b(int, boolean)",setMaxPlayerCount,"""setMaxTeamId: n2 is over limit of:e"" IOException; 扩容 as 槽位 (467 行)",verified
method,com.corrodinggames.rts.game,n,a(int),getTeamLetterCode,"返回 ""A""..""J"" 队伍字母 (492 行)",verified
method,com.corrodinggames.rts.game,n,h(),getTeamLetter,return n.a(this.r) 当前队字母 (532 行),verified
method,com.corrodinggames.rts.game,n,i(),resetSurrenderFlags,E=false; at=false; au=-9999 (536 行),verified
method,com.corrodinggames.rts.game,n,"c(int, boolean)",setTeamSlotAndRegister,设置 k/r 并注册进 as[] 槽位 + J() 刷新颜色 (1063 行),verified
method,com.corrodinggames.rts.game,n,ab(),getMovementController,return this.V() 且 V()=return this.al (1876 行),verified
method,com.corrodinggames.rts.game,n,"a(com.corrodinggames.rts.game.units.q, com.corrodinggames.rts.game.n)",matchesTeamRelation,"队伍关系匹配; ""Unsupported type"" 抛错 (1716 行)",verified
method,com.corrodinggames.rts.game,n,a(com.corrodinggames.rts.game.units.custom.h),setTagFilter,this.ak=h2 (1669 行),verified
method,com.corrodinggames.rts.game,n,b(com.corrodinggames.rts.game.units.custom.h),addTagFilter,"TagFilter 合并: custom.g.b(h3,h2) 检查后 i 包装 (1685 行)",verified
method,com.corrodinggames.rts.game,n,c(com.corrodinggames.rts.game.units.custom.h),removeTagFilter,"TagFilter 移除: custom.g.a(h2,h3) 检查 (1693 行)",verified
method,com.corrodinggames.rts.game,n,a(com.corrodinggames.rts.game.units.am),unregisterUnit,T.b(am2)+bY=false+dj() (1510 行),verified
method,com.corrodinggames.rts.game,n,c(com.corrodinggames.rts.game.units.am),registerUnit,T.a(am2)+bY=true+di()+n/m 标志+T() (1530 行),verified
method,com.corrodinggames.rts.game,n,b(com.corrodinggames.rts.game.units.am),unregisterUnitAlias,委托 a(am2) (1522 行),verified
method,com.corrodinggames.rts.game,n,d(com.corrodinggames.rts.game.units.am),onUnitDestroyedHook,空基类钩子 (1741 行),verified
method,com.corrodinggames.rts.game,n,a(com.corrodinggames.rts.game.units.y),onUnitSpawnedHook,空钩子; 静态 b(y) 向全体玩家广播 a(y) (1499 行),verified
method,com.corrodinggames.rts.game,n,"a(com.corrodinggames.rts.game.units.custom.g, boolean, boolean)",countUnitsOfType,"队伍跟踪器按类型计数, p2.e>50 缓存 (678 行)",verified
method,com.corrodinggames.rts.game,n,d(boolean),rebuildTeamUnitTracker,T=e(true); S=false 脏标记清除 (790 行),verified
field,game.b.k,k,b,textureLoaded,v19.113u: 02b j.java:241 加载后true/清空循环false,bytecode-verified
field,game.b.k,k,c,path,v19.113u: 02b j.java:184 t=tilesets/bitmaps/ 前缀,bytecode-verified
field,game.b.k,k,d,tileId,v19.113u: 02b j.java:189 t+k.a 递增计数,bytecode-verified
field,game.b.k,k,e,texture,v19.113u: 02b j.java:233 加载图像 (m.e),bytecode-verified
field,game.b.k,k,f,tileName,v19.113u: 02b j.java:195 equalsIgnoreCase 匹配,bytecode-verified
field,game.b.k,k,g,src,v19.113u: 02b j.java:196 base64 源字符串,bytecode-verified
field,game.b.a,a,o,spawnedUnitsList,v19.113u: 02b b.a.o=utility.m CustomArrayList (03 旧误标 ProjectileType),bytecode-verified
method,game.b.b,b,a(int),getTilesetDef,v19.113u: javap 返回 b.j TilesetDef (03 曾误名 tileId),bytecode-verified
field,com.corrodinggames.rts.game,q,a,own,"B5: 运行时 NoSuchFieldError: f 修复 (枚举字段声明侧反向, 访问侧全局映射一致)",T0
field,com.corrodinggames.rts.game,q,b,ally,"B5: 运行时 NoSuchFieldError: f 修复 (枚举字段声明侧反向, 访问侧全局映射一致)",T0
field,com.corrodinggames.rts.game,q,c,allyNotOwn,"B5: 运行时 NoSuchFieldError: f 修复 (枚举字段声明侧反向, 访问侧全局映射一致)",T0
field,com.corrodinggames.rts.game,q,d,enemy,"B5: 运行时 NoSuchFieldError: f 修复 (枚举字段声明侧反向, 访问侧全局映射一致)",T0
field,com.corrodinggames.rts.game,q,e,neutral,"B5: 运行时 NoSuchFieldError: f 修复 (枚举字段声明侧反向, 访问侧全局映射一致)",T0
field,com.corrodinggames.rts.game,q,f,any,"B5: 运行时 NoSuchFieldError: f 修复 (枚举字段声明侧反向, 访问侧全局映射一致)",T0
field,com.corrodinggames.rts.game,q,g,notOwn,"B5: 运行时 NoSuchFieldError: f 修复 (枚举字段声明侧反向, 访问侧全局映射一致)",T0
field,com.corrodinggames.rts.game,m,a,normal,B5: 运行时 NoSuchFieldError: a 修复 (枚举常量 normal/nuke 反向),T0
field,com.corrodinggames.rts.game,m,b,nuke,B5: 运行时 NoSuchFieldError: a 修复 (枚举常量 normal/nuke 反向),T0
method,com.corrodinggames.rts.game.b,c,d(),layerBufferSize,"证据串自报名(ldc 绑定, A 级)；描述符 ()V",logstring-selfname-v109
method,com.corrodinggames.rts.game.b,c,c(int),newLayerBufferCount,"证据串自报名(ldc 绑定, A 级)；描述符 (I)V",logstring-selfname-v109
method,com.corrodinggames.rts.game.b,c,f(),initMissingLayerBufferImages,"证据串自报名(ldc 绑定, A 级)；描述符 ()V",logstring-selfname-v109
method,com.corrodinggames.rts.game.b,h,"a(e,Rect)",hasImageAlpha,"证据串自报名(ldc 绑定, A 级)；描述符 (Lcom/corrodinggames/rts/gameFramework/m/e;Landroid/graphics/Rect;)Z",logstring-selfname-v109
method,com.corrodinggames.rts.gameFramework.k,d,d(),lowestBufferLastIndex,"证据串自报名(ldc 绑定, A 级)；描述符 ()V",logstring-selfname-v109
method,com.corrodinggames.rts.gameFramework.k,p,"a(o,byte,float)",setCurrentDirectionFromAngle,"证据串自报名(ldc 绑定, A 级)；v1.09 孪生类同证（com/corrodinggames/rts/gameFramework/f/h）；描述符 (Lcom/corrodinggames/rts/gameFramework/k/o;BF)V",logstring-selfname-v109-v109x
method,com.corrodinggames.rts.gameFramework.k,f,d(...),reset4,位置无关配对导出（02↔反向源唯一性配对）；见 RENAME-DAMAGE/STATUS §〇.2,pair-derived-v19.133f99
field,com.corrodinggames.rts.game,o,a,pureGreen,枚举常量 INI 名（RS-27 第 47 轮，由 <clinit> 的 ldc 序列提取）,derived-bytecode-v19.133f99
field,com.corrodinggames.rts.game,o,b,hueAdd,枚举常量 INI 名（RS-27 第 47 轮，由 <clinit> 的 ldc 序列提取）,derived-bytecode-v19.133f99
field,com.corrodinggames.rts.game,o,c,hueNew,枚举常量 INI 名（RS-27 第 47 轮，由 <clinit> 的 ldc 序列提取）,derived-bytecode-v19.133f99
field,com.corrodinggames.rts.game,o,d,hueShift,枚举常量 INI 名（RS-27 第 47 轮，由 <clinit> 的 ldc 序列提取）,derived-bytecode-v19.133f99
field,com.corrodinggames.rts.game,o,e,disabled,枚举常量 INI 名（RS-27 第 47 轮，由 <clinit> 的 ldc 序列提取）,derived-bytecode-v19.133f99
