type,obfuscated_package,obfuscated_class,obfuscated_member,meaningful_name,notes,verified
field,com.corrodinggames.rts.gameFramework,br,b,extraCount,Extra feature count (int),verified-exists
field,com.corrodinggames.rts.gameFramework,br,c,maxExtras,Max extras constant (static int=40),verified-exists
field,com.corrodinggames.rts.gameFramework,br,d,enabledCount,Enabled features count (int),verified-exists
field,com.corrodinggames.rts.gameFramework,bu,a,frameTimes,Frame time array (long[]),verified-exists
field,com.corrodinggames.rts.gameFramework,bu,b,frameDurations,Frame duration array (long[]),verified-exists
field,com.corrodinggames.rts.gameFramework,bu,c,fpsValues,FPS values array (float[]),verified-exists
field,com.corrodinggames.rts.gameFramework,bu,d,updateTimes,Update time array (long[]),verified-exists
field,com.corrodinggames.rts.gameFramework,bu,e,renderTimes,Render time array (long[]),verified-exists
field,com.corrodinggames.rts.gameFramework,f,a,randomInstance,Random number generator (static Random),verified-exists
field,com.corrodinggames.rts.gameFramework,f,b,gameTickCounter,Game tick counter (static int),verified-exists
field,com.corrodinggames.rts.gameFramework,f,c,frameDeltaTime,Frame delta time (static float),verified-exists
field,com.corrodinggames.rts.gameFramework,f,d,screenWidth,Screen width (static int),verified-exists
field,com.corrodinggames.rts.gameFramework,f,e,screenHeight,Screen height (static int),verified-exists
field,com.corrodinggames.rts.gameFramework,f,f,tempPoint,Temporary Point (static Point),verified-exists
field,com.corrodinggames.rts.gameFramework,f,g,tempPointF,Temporary PointF (static PointF),verified-exists
field,com.corrodinggames.rts.gameFramework,f,h,tempRect,Temporary Rect (static Rect),verified-exists
field,com.corrodinggames.rts.gameFramework,f,i,tempRectF,Temporary RectF (static RectF),verified-exists
field,com.corrodinggames.rts.gameFramework,f,j,collisionPoint,Cached collision PointF (static PointF),verified-exists
field,com.corrodinggames.rts.gameFramework,f,k,segmentCount,Segment count for line ops (static int),verified-exists
field,com.corrodinggames.rts.gameFramework,f,l,tempArray,Temporary float array (static float[]),verified-exists
field,com.corrodinggames.rts.gameFramework,f,m,tempArray2,Temporary float array 2 (static float[]),verified-exists
field,com.corrodinggames.rts.gameFramework,ad,a,bindingName,Binding display name (String),verified-exists
field,com.corrodinggames.rts.gameFramework,ad,b,isActive,Binding active flag (boolean),verified-exists
field,com.corrodinggames.rts.gameFramework,ad,c,keyCodes,Assigned key codes (ArrayList),verified-exists
field,com.corrodinggames.rts.gameFramework,ad,d,mouseButtons,Assigned mouse buttons (ArrayList),verified-exists
field,com.corrodinggames.rts.gameFramework,SettingsEngine,aiDifficulty,aiDifficulty,Phase3: name verified from 02-decompiled SettingsEngine.java (obfuscated 2-char name unrecoverable - jar rebuilt; field name doubles as prefs key and was never obfuscated),verified-exists
field,com.corrodinggames.rts.gameFramework,SettingsEngine,allowGameRecording,allowGameRecording,Phase3: name verified from 02-decompiled SettingsEngine.java (obfuscated 2-char name unrecoverable - jar rebuilt; field name doubles as prefs key and was never obfuscated),verified-exists
field,com.corrodinggames.rts.gameFramework,SettingsEngine,androidNoSoundPrioritiesDebug,androidNoSoundPrioritiesDebug,Phase3: name verified from 02-decompiled SettingsEngine.java (obfuscated 2-char name unrecoverable - jar rebuilt; field name doubles as prefs key and was never obfuscated),verified-exists
field,com.corrodinggames.rts.gameFramework,SettingsEngine,autosaving,autosaving,Phase3: name verified from 02-decompiled SettingsEngine.java (obfuscated 2-char name unrecoverable - jar rebuilt; field name doubles as prefs key and was never obfuscated),verified-exists
field,com.corrodinggames.rts.gameFramework,SettingsEngine,banTimeInSecondsAfterKick,banTimeInSecondsAfterKick,Phase3: name verified from 02-decompiled SettingsEngine.java (obfuscated 2-char name unrecoverable - jar rebuilt; field name doubles as prefs key and was never obfuscated),verified-exists
field,com.corrodinggames.rts.gameFramework,SettingsEngine,batterySaving,batterySaving,Phase3: name verified from 02-decompiled SettingsEngine.java (obfuscated 2-char name unrecoverable - jar rebuilt; field name doubles as prefs key and was never obfuscated),verified-exists
field,com.corrodinggames.rts.gameFramework,SettingsEngine,classicInterface,classicInterface,Phase3: name verified from 02-decompiled SettingsEngine.java (obfuscated 2-char name unrecoverable - jar rebuilt; field name doubles as prefs key and was never obfuscated),verified-exists
field,com.corrodinggames.rts.gameFramework,SettingsEngine,disableDigitGrouping,disableDigitGrouping,Phase3: name verified from 02-decompiled SettingsEngine.java (obfuscated 2-char name unrecoverable - jar rebuilt; field name doubles as prefs key and was never obfuscated),verified-exists
field,com.corrodinggames.rts.gameFramework,SettingsEngine,disableModLazyLoad,disableModLazyLoad,Phase3: name verified from 02-decompiled SettingsEngine.java (obfuscated 2-char name unrecoverable - jar rebuilt; field name doubles as prefs key and was never obfuscated),verified-exists
field,com.corrodinggames.rts.gameFramework,SettingsEngine,displayOverCutout,displayOverCutout,Phase3: name verified from 02-decompiled SettingsEngine.java (obfuscated 2-char name unrecoverable - jar rebuilt; field name doubles as prefs key and was never obfuscated),verified-exists
field,com.corrodinggames.rts.gameFramework,SettingsEngine,doubleClickToAttackMove,doubleClickToAttackMove,Phase3: name verified from 02-decompiled SettingsEngine.java (obfuscated 2-char name unrecoverable - jar rebuilt; field name doubles as prefs key and was never obfuscated),verified-exists
field,com.corrodinggames.rts.gameFramework,SettingsEngine,dpad,dpad,Phase3: name verified from 02-decompiled SettingsEngine.java (obfuscated 2-char name unrecoverable - jar rebuilt; field name doubles as prefs key and was never obfuscated),verified-exists
field,com.corrodinggames.rts.gameFramework,SettingsEngine,edgeScrollSpeed,edgeScrollSpeed,Phase3: name verified from 02-decompiled SettingsEngine.java (obfuscated 2-char name unrecoverable - jar rebuilt; field name doubles as prefs key and was never obfuscated),verified-exists
field,com.corrodinggames.rts.gameFramework,SettingsEngine,enableMouseCapture,enableMouseCapture,Phase3: name verified from 02-decompiled SettingsEngine.java (obfuscated 2-char name unrecoverable - jar rebuilt; field name doubles as prefs key and was never obfuscated),verified-exists
field,com.corrodinggames.rts.gameFramework,SettingsEngine,enableSounds,enableSounds,Phase3: name verified from 02-decompiled SettingsEngine.java (obfuscated 2-char name unrecoverable - jar rebuilt; field name doubles as prefs key and was never obfuscated),verified-exists
field,com.corrodinggames.rts.gameFramework,SettingsEngine,externalSAFLink,externalSAFLink,Phase3: name verified from 02-decompiled SettingsEngine.java (obfuscated 2-char name unrecoverable - jar rebuilt; field name doubles as prefs key and was never obfuscated),verified-exists
field,com.corrodinggames.rts.gameFramework,SettingsEngine,externalSAFPathExtra,externalSAFPathExtra,Phase3: name verified from 02-decompiled SettingsEngine.java (obfuscated 2-char name unrecoverable - jar rebuilt; field name doubles as prefs key and was never obfuscated),verified-exists
field,com.corrodinggames.rts.gameFramework,SettingsEngine,externalSAFPathShown,externalSAFPathShown,Phase3: name verified from 02-decompiled SettingsEngine.java (obfuscated 2-char name unrecoverable - jar rebuilt; field name doubles as prefs key and was never obfuscated),verified-exists
field,com.corrodinggames.rts.gameFramework,SettingsEngine,externalSAFWorking,externalSAFWorking,Phase3: name verified from 02-decompiled SettingsEngine.java (obfuscated 2-char name unrecoverable - jar rebuilt; field name doubles as prefs key and was never obfuscated),verified-exists
field,com.corrodinggames.rts.gameFramework,SettingsEngine,forceEnglish,forceEnglish,Phase3: name verified from 02-decompiled SettingsEngine.java (obfuscated 2-char name unrecoverable - jar rebuilt; field name doubles as prefs key and was never obfuscated),verified-exists
field,com.corrodinggames.rts.gameFramework,SettingsEngine,gameVolume,gameVolume,Phase3: name verified from 02-decompiled SettingsEngine.java (obfuscated 2-char name unrecoverable - jar rebuilt; field name doubles as prefs key and was never obfuscated),verified-exists
field,com.corrodinggames.rts.gameFramework,SettingsEngine,gestureZoom,gestureZoom,Phase3: name verified from 02-decompiled SettingsEngine.java (obfuscated 2-char name unrecoverable - jar rebuilt; field name doubles as prefs key and was never obfuscated),verified-exists
method,com.corrodinggames.rts.gameFramework,SettingsEngine,getBooleanPref,getBooleanPref,Phase3: name verified from 02-decompiled SettingsEngine.java (obfuscated 2-char name unrecoverable - jar rebuilt),verified-exists
method,com.corrodinggames.rts.gameFramework,SettingsEngine,getFloatPref,getFloatPref,Phase3: name verified from 02-decompiled SettingsEngine.java (obfuscated 2-char name unrecoverable - jar rebuilt),verified-exists
method,com.corrodinggames.rts.gameFramework,SettingsEngine,getInstance,getInstance,Phase3: name verified from 02-decompiled SettingsEngine.java (obfuscated 2-char name unrecoverable - jar rebuilt),verified-exists
method,com.corrodinggames.rts.gameFramework,SettingsEngine,getIntPref,getIntPref,Phase3: name verified from 02-decompiled SettingsEngine.java (obfuscated 2-char name unrecoverable - jar rebuilt),verified-exists
method,com.corrodinggames.rts.gameFramework,SettingsEngine,getPreferencesPath,getPreferencesPath,Phase3: name verified from 02-decompiled SettingsEngine.java (obfuscated 2-char name unrecoverable - jar rebuilt),verified-exists
method,com.corrodinggames.rts.gameFramework,SettingsEngine,getStringPref,getStringPref,Phase3: name verified from 02-decompiled SettingsEngine.java (obfuscated 2-char name unrecoverable - jar rebuilt),verified-exists
method,com.corrodinggames.rts.gameFramework,SettingsEngine,getValueDynamic,getValueDynamic,Phase3: name verified from 02-decompiled SettingsEngine.java (obfuscated 2-char name unrecoverable - jar rebuilt),verified-exists
field,com.corrodinggames.rts.gameFramework,SettingsEngine,hadStoragePermissionInPast,hadStoragePermissionInPast,Phase3: name verified from 02-decompiled SettingsEngine.java (obfuscated 2-char name unrecoverable - jar rebuilt; field name doubles as prefs key and was never obfuscated),verified-exists
field,com.corrodinggames.rts.gameFramework,SettingsEngine,hasPlayedGameOrSeenHelp,hasPlayedGameOrSeenHelp,Phase3: name verified from 02-decompiled SettingsEngine.java (obfuscated 2-char name unrecoverable - jar rebuilt; field name doubles as prefs key and was never obfuscated),verified-exists
field,com.corrodinggames.rts.gameFramework,SettingsEngine,hasSelectedAStorageType,hasSelectedAStorageType,Phase3: name verified from 02-decompiled SettingsEngine.java (obfuscated 2-char name unrecoverable - jar rebuilt; field name doubles as prefs key and was never obfuscated),verified-exists
field,com.corrodinggames.rts.gameFramework,SettingsEngine,highGraphics,highGraphics,Phase3: name verified from 02-decompiled SettingsEngine.java (obfuscated 2-char name unrecoverable - jar rebuilt; field name doubles as prefs key and was never obfuscated),verified-exists
field,com.corrodinggames.rts.gameFramework,SettingsEngine,highRefreshRate,highRefreshRate,Phase3: name verified from 02-decompiled SettingsEngine.java (obfuscated 2-char name unrecoverable - jar rebuilt; field name doubles as prefs key and was never obfuscated),verified-exists
field,com.corrodinggames.rts.gameFramework,SettingsEngine,immersiveFullScreen,immersiveFullScreen,Phase3: name verified from 02-decompiled SettingsEngine.java (obfuscated 2-char name unrecoverable - jar rebuilt; field name doubles as prefs key and was never obfuscated),verified-exists
field,com.corrodinggames.rts.gameFramework,SettingsEngine,interfaceVolume,interfaceVolume,Phase3: name verified from 02-decompiled SettingsEngine.java (obfuscated 2-char name unrecoverable - jar rebuilt; field name doubles as prefs key and was never obfuscated),verified-exists
field,com.corrodinggames.rts.gameFramework,SettingsEngine,keyAction,keyAction,Phase3: name verified from 02-decompiled SettingsEngine.java (obfuscated 2-char name unrecoverable - jar rebuilt; field name doubles as prefs key and was never obfuscated),verified-exists
field,com.corrodinggames.rts.gameFramework,SettingsEngine,keyDown,keyDown,Phase3: name verified from 02-decompiled SettingsEngine.java (obfuscated 2-char name unrecoverable - jar rebuilt; field name doubles as prefs key and was never obfuscated),verified-exists
field,com.corrodinggames.rts.gameFramework,SettingsEngine,keyJump,keyJump,Phase3: name verified from 02-decompiled SettingsEngine.java (obfuscated 2-char name unrecoverable - jar rebuilt; field name doubles as prefs key and was never obfuscated),verified-exists
field,com.corrodinggames.rts.gameFramework,SettingsEngine,keyLeft,keyLeft,Phase3: name verified from 02-decompiled SettingsEngine.java (obfuscated 2-char name unrecoverable - jar rebuilt; field name doubles as prefs key and was never obfuscated),verified-exists
field,com.corrodinggames.rts.gameFramework,SettingsEngine,keyRight,keyRight,Phase3: name verified from 02-decompiled SettingsEngine.java (obfuscated 2-char name unrecoverable - jar rebuilt; field name doubles as prefs key and was never obfuscated),verified-exists
field,com.corrodinggames.rts.gameFramework,SettingsEngine,keyboardSupport,keyboardSupport,Phase3: name verified from 02-decompiled SettingsEngine.java (obfuscated 2-char name unrecoverable - jar rebuilt; field name doubles as prefs key and was never obfuscated),verified-exists
field,com.corrodinggames.rts.gameFramework,SettingsEngine,landscapeOrientation,landscapeOrientation,Phase3: name verified from 02-decompiled SettingsEngine.java (obfuscated 2-char name unrecoverable - jar rebuilt; field name doubles as prefs key and was never obfuscated),verified-exists
field,com.corrodinggames.rts.gameFramework,SettingsEngine,lastDebugOption,lastDebugOption,Phase3: name verified from 02-decompiled SettingsEngine.java (obfuscated 2-char name unrecoverable - jar rebuilt; field name doubles as prefs key and was never obfuscated),verified-exists
field,com.corrodinggames.rts.gameFramework,SettingsEngine,lastModCount,lastModCount,Phase3: name verified from 02-decompiled SettingsEngine.java (obfuscated 2-char name unrecoverable - jar rebuilt; field name doubles as prefs key and was never obfuscated),verified-exists
field,com.corrodinggames.rts.gameFramework,SettingsEngine,lastNetworkIP,lastNetworkIP,Phase3: name verified from 02-decompiled SettingsEngine.java (obfuscated 2-char name unrecoverable - jar rebuilt; field name doubles as prefs key and was never obfuscated),verified-exists
field,com.corrodinggames.rts.gameFramework,SettingsEngine,lastNetworkPlayerName,lastNetworkPlayerName,Phase3: name verified from 02-decompiled SettingsEngine.java (obfuscated 2-char name unrecoverable - jar rebuilt; field name doubles as prefs key and was never obfuscated),verified-exists
field,com.corrodinggames.rts.gameFramework,SettingsEngine,lastSeenMessageId,lastSeenMessageId,Phase3: name verified from 02-decompiled SettingsEngine.java (obfuscated 2-char name unrecoverable - jar rebuilt; field name doubles as prefs key and was never obfuscated),verified-exists
field,com.corrodinggames.rts.gameFramework,SettingsEngine,lastSeenMessageIds,lastSeenMessageIds,Phase3: name verified from 02-decompiled SettingsEngine.java (obfuscated 2-char name unrecoverable - jar rebuilt; field name doubles as prefs key and was never obfuscated),verified-exists
field,com.corrodinggames.rts.gameFramework,SettingsEngine,liveReloading,liveReloading,Phase3: name verified from 02-decompiled SettingsEngine.java (obfuscated 2-char name unrecoverable - jar rebuilt; field name doubles as prefs key and was never obfuscated),verified-exists
field,com.corrodinggames.rts.gameFramework,SettingsEngine,loadDisabledModData,loadDisabledModData,Phase3: name verified from 02-decompiled SettingsEngine.java (obfuscated 2-char name unrecoverable - jar rebuilt; field name doubles as prefs key and was never obfuscated),verified-exists
method,com.corrodinggames.rts.gameFramework,SettingsEngine,loadFromFileSystem,loadFromFileSystem,Phase3: name verified from 02-decompiled SettingsEngine.java (obfuscated 2-char name unrecoverable - jar rebuilt),verified-exists
method,com.corrodinggames.rts.gameFramework,SettingsEngine,loadMainExternalFolder,loadMainExternalFolder,Phase3: name verified from 02-decompiled SettingsEngine.java (obfuscated 2-char name unrecoverable - jar rebuilt),verified-exists
field,com.corrodinggames.rts.gameFramework,SettingsEngine,locationAction,locationAction,Phase3: name verified from 02-decompiled SettingsEngine.java (obfuscated 2-char name unrecoverable - jar rebuilt; field name doubles as prefs key and was never obfuscated),verified-exists
field,com.corrodinggames.rts.gameFramework,SettingsEngine,locationDpad,locationDpad,Phase3: name verified from 02-decompiled SettingsEngine.java (obfuscated 2-char name unrecoverable - jar rebuilt; field name doubles as prefs key and was never obfuscated),verified-exists
field,com.corrodinggames.rts.gameFramework,SettingsEngine,masterVolume,masterVolume,Phase3: name verified from 02-decompiled SettingsEngine.java (obfuscated 2-char name unrecoverable - jar rebuilt; field name doubles as prefs key and was never obfuscated),verified-exists
field,com.corrodinggames.rts.gameFramework,SettingsEngine,modSAFlinks,modSAFlinks,Phase3: name verified from 02-decompiled SettingsEngine.java (obfuscated 2-char name unrecoverable - jar rebuilt; field name doubles as prefs key and was never obfuscated),verified-exists
field,com.corrodinggames.rts.gameFramework,SettingsEngine,modSettings,modSettings,Phase3: name verified from 02-decompiled SettingsEngine.java (obfuscated 2-char name unrecoverable - jar rebuilt; field name doubles as prefs key and was never obfuscated),verified-exists
field,com.corrodinggames.rts.gameFramework,SettingsEngine,modSettingsVersion,modSettingsVersion,Phase3: name verified from 02-decompiled SettingsEngine.java (obfuscated 2-char name unrecoverable - jar rebuilt; field name doubles as prefs key and was never obfuscated),verified-exists
field,com.corrodinggames.rts.gameFramework,SettingsEngine,mouseOrders,mouseOrders,Phase3: name verified from 02-decompiled SettingsEngine.java (obfuscated 2-char name unrecoverable - jar rebuilt; field name doubles as prefs key and was never obfuscated),verified-exists
field,com.corrodinggames.rts.gameFramework,SettingsEngine,mousePlacement,mousePlacement,Phase3: name verified from 02-decompiled SettingsEngine.java (obfuscated 2-char name unrecoverable - jar rebuilt; field name doubles as prefs key and was never obfuscated),verified-exists
field,com.corrodinggames.rts.gameFramework,SettingsEngine,mouseSupport,mouseSupport,Phase3: name verified from 02-decompiled SettingsEngine.java (obfuscated 2-char name unrecoverable - jar rebuilt; field name doubles as prefs key and was never obfuscated),verified-exists
field,com.corrodinggames.rts.gameFramework,SettingsEngine,musicVolume,musicVolume,Phase3: name verified from 02-decompiled SettingsEngine.java (obfuscated 2-char name unrecoverable - jar rebuilt; field name doubles as prefs key and was never obfuscated),verified-exists
field,com.corrodinggames.rts.gameFramework,SettingsEngine,networkClientId,networkClientId,Phase3: name verified from 02-decompiled SettingsEngine.java (obfuscated 2-char name unrecoverable - jar rebuilt; field name doubles as prefs key and was never obfuscated),verified-exists
field,com.corrodinggames.rts.gameFramework,SettingsEngine,networkClientIdMachineKey,networkClientIdMachineKey,Phase3: name verified from 02-decompiled SettingsEngine.java (obfuscated 2-char name unrecoverable - jar rebuilt; field name doubles as prefs key and was never obfuscated),verified-exists
field,com.corrodinggames.rts.gameFramework,SettingsEngine,networkPort,networkPort,Phase3: name verified from 02-decompiled SettingsEngine.java (obfuscated 2-char name unrecoverable - jar rebuilt; field name doubles as prefs key and was never obfuscated),verified-exists
field,com.corrodinggames.rts.gameFramework,SettingsEngine,networkServerId,networkServerId,Phase3: name verified from 02-decompiled SettingsEngine.java (obfuscated 2-char name unrecoverable - jar rebuilt; field name doubles as prefs key and was never obfuscated),verified-exists
field,com.corrodinggames.rts.gameFramework,SettingsEngine,newRender,newRender,Phase3: name verified from 02-decompiled SettingsEngine.java (obfuscated 2-char name unrecoverable - jar rebuilt; field name doubles as prefs key and was never obfuscated),verified-exists
field,com.corrodinggames.rts.gameFramework,SettingsEngine,nextBackgroundMap,nextBackgroundMap,Phase3: name verified from 02-decompiled SettingsEngine.java (obfuscated 2-char name unrecoverable - jar rebuilt; field name doubles as prefs key and was never obfuscated),verified-exists
field,com.corrodinggames.rts.gameFramework,SettingsEngine,numIncompleteLoadAttempts,numIncompleteLoadAttempts,Phase3: name verified from 02-decompiled SettingsEngine.java (obfuscated 2-char name unrecoverable - jar rebuilt; field name doubles as prefs key and was never obfuscated),verified-exists
field,com.corrodinggames.rts.gameFramework,SettingsEngine,numLoadsSinceRunningGameOrNormalExit,numLoadsSinceRunningGameOrNormalExit,Phase3: name verified from 02-decompiled SettingsEngine.java (obfuscated 2-char name unrecoverable - jar rebuilt; field name doubles as prefs key and was never obfuscated),verified-exists
field,com.corrodinggames.rts.gameFramework,SettingsEngine,numberOfWins,numberOfWins,Phase3: name verified from 02-decompiled SettingsEngine.java (obfuscated 2-char name unrecoverable - jar rebuilt; field name doubles as prefs key and was never obfuscated),verified-exists
field,com.corrodinggames.rts.gameFramework,SettingsEngine,onscreenControls,onscreenControls,Phase3: name verified from 02-decompiled SettingsEngine.java (obfuscated 2-char name unrecoverable - jar rebuilt; field name doubles as prefs key and was never obfuscated),verified-exists
field,com.corrodinggames.rts.gameFramework,SettingsEngine,overrideLanguageCode,overrideLanguageCode,Phase3: name verified from 02-decompiled SettingsEngine.java (obfuscated 2-char name unrecoverable - jar rebuilt; field name doubles as prefs key and was never obfuscated),verified-exists
field,com.corrodinggames.rts.gameFramework,SettingsEngine,quickRally,quickRally,Phase3: name verified from 02-decompiled SettingsEngine.java (obfuscated 2-char name unrecoverable - jar rebuilt; field name doubles as prefs key and was never obfuscated),verified-exists
field,com.corrodinggames.rts.gameFramework,SettingsEngine,rateGameShown,rateGameShown,Phase3: name verified from 02-decompiled SettingsEngine.java (obfuscated 2-char name unrecoverable - jar rebuilt; field name doubles as prefs key and was never obfuscated),verified-exists
field,com.corrodinggames.rts.gameFramework,SettingsEngine,renderAntiAlias,renderAntiAlias,Phase3: name verified from 02-decompiled SettingsEngine.java (obfuscated 2-char name unrecoverable - jar rebuilt; field name doubles as prefs key and was never obfuscated),verified-exists
field,com.corrodinggames.rts.gameFramework,SettingsEngine,renderBackground,renderBackground,Phase3: name verified from 02-decompiled SettingsEngine.java (obfuscated 2-char name unrecoverable - jar rebuilt; field name doubles as prefs key and was never obfuscated),verified-exists
field,com.corrodinggames.rts.gameFramework,SettingsEngine,renderClouds,renderClouds,Phase3: name verified from 02-decompiled SettingsEngine.java (obfuscated 2-char name unrecoverable - jar rebuilt; field name doubles as prefs key and was never obfuscated),verified-exists
field,com.corrodinggames.rts.gameFramework,SettingsEngine,renderControls,renderControls,Phase3: name verified from 02-decompiled SettingsEngine.java (obfuscated 2-char name unrecoverable - jar rebuilt; field name doubles as prefs key and was never obfuscated),verified-exists
field,com.corrodinggames.rts.gameFramework,SettingsEngine,renderDensity,renderDensity,Phase3: name verified from 02-decompiled SettingsEngine.java (obfuscated 2-char name unrecoverable - jar rebuilt; field name doubles as prefs key and was never obfuscated),verified-exists
field,com.corrodinggames.rts.gameFramework,SettingsEngine,renderDoubleScale,renderDoubleScale,Phase3: name verified from 02-decompiled SettingsEngine.java (obfuscated 2-char name unrecoverable - jar rebuilt; field name doubles as prefs key and was never obfuscated),verified-exists
field,com.corrodinggames.rts.gameFramework,SettingsEngine,renderExtraLayers,renderExtraLayers,Phase3: name verified from 02-decompiled SettingsEngine.java (obfuscated 2-char name unrecoverable - jar rebuilt; field name doubles as prefs key and was never obfuscated),verified-exists
field,com.corrodinggames.rts.gameFramework,SettingsEngine,renderExtraShadows,renderExtraShadows,Phase3: name verified from 02-decompiled SettingsEngine.java (obfuscated 2-char name unrecoverable - jar rebuilt; field name doubles as prefs key and was never obfuscated),verified-exists
field,com.corrodinggames.rts.gameFramework,SettingsEngine,renderFancyWater,renderFancyWater,Phase3: name verified from 02-decompiled SettingsEngine.java (obfuscated 2-char name unrecoverable - jar rebuilt; field name doubles as prefs key and was never obfuscated),verified-exists
field,com.corrodinggames.rts.gameFramework,SettingsEngine,renderSmoothDelta,renderSmoothDelta,Phase3: name verified from 02-decompiled SettingsEngine.java (obfuscated 2-char name unrecoverable - jar rebuilt; field name doubles as prefs key and was never obfuscated),verified-exists
field,com.corrodinggames.rts.gameFramework,SettingsEngine,renderVsync,renderVsync,Phase3: name verified from 02-decompiled SettingsEngine.java (obfuscated 2-char name unrecoverable - jar rebuilt; field name doubles as prefs key and was never obfuscated),verified-exists
field,com.corrodinggames.rts.gameFramework,SettingsEngine,renderWithLineWidth,renderWithLineWidth,Phase3: name verified from 02-decompiled SettingsEngine.java (obfuscated 2-char name unrecoverable - jar rebuilt; field name doubles as prefs key and was never obfuscated),verified-exists
field,com.corrodinggames.rts.gameFramework,SettingsEngine,replayTracing,replayTracing,Phase3: name verified from 02-decompiled SettingsEngine.java (obfuscated 2-char name unrecoverable - jar rebuilt; field name doubles as prefs key and was never obfuscated),verified-exists
field,com.corrodinggames.rts.gameFramework,SettingsEngine,replaysShowRecordedChat,replaysShowRecordedChat,Phase3: name verified from 02-decompiled SettingsEngine.java (obfuscated 2-char name unrecoverable - jar rebuilt; field name doubles as prefs key and was never obfuscated),verified-exists
field,com.corrodinggames.rts.gameFramework,SettingsEngine,resizeFontWithUIScale,resizeFontWithUIScale,Phase3: name verified from 02-decompiled SettingsEngine.java (obfuscated 2-char name unrecoverable - jar rebuilt; field name doubles as prefs key and was never obfuscated),verified-exists
method,com.corrodinggames.rts.gameFramework,SettingsEngine,save,save,Phase3: name verified from 02-decompiled SettingsEngine.java (obfuscated 2-char name unrecoverable - jar rebuilt),verified-exists
field,com.corrodinggames.rts.gameFramework,SettingsEngine,saveMultiplayerReplays,saveMultiplayerReplays,Phase3: name verified from 02-decompiled SettingsEngine.java (obfuscated 2-char name unrecoverable - jar rebuilt; field name doubles as prefs key and was never obfuscated),verified-exists
method,com.corrodinggames.rts.gameFramework,SettingsEngine,saveToFileSystem,saveToFileSystem,Phase3: name verified from 02-decompiled SettingsEngine.java (obfuscated 2-char name unrecoverable - jar rebuilt),verified-exists
field,com.corrodinggames.rts.gameFramework,SettingsEngine,scrollSpeed,scrollSpeed,Phase3: name verified from 02-decompiled SettingsEngine.java (obfuscated 2-char name unrecoverable - jar rebuilt; field name doubles as prefs key and was never obfuscated),verified-exists
field,com.corrodinggames.rts.gameFramework,SettingsEngine,sendReports,sendReports,Phase3: name verified from 02-decompiled SettingsEngine.java (obfuscated 2-char name unrecoverable - jar rebuilt; field name doubles as prefs key and was never obfuscated),verified-exists
method,com.corrodinggames.rts.gameFramework,SettingsEngine,setValueDynamic,setValueDynamic,Phase3: name verified from 02-decompiled SettingsEngine.java (obfuscated 2-char name unrecoverable - jar rebuilt),verified-exists
field,com.corrodinggames.rts.gameFramework,SettingsEngine,settingsEngine,settingsEngine,Phase3: name verified from 02-decompiled SettingsEngine.java (obfuscated 2-char name unrecoverable - jar rebuilt; field name doubles as prefs key and was never obfuscated),verified-exists
field,com.corrodinggames.rts.gameFramework,SettingsEngine,settingsGameVersion,settingsGameVersion,Phase3: name verified from 02-decompiled SettingsEngine.java (obfuscated 2-char name unrecoverable - jar rebuilt; field name doubles as prefs key and was never obfuscated),verified-exists
field,com.corrodinggames.rts.gameFramework,SettingsEngine,settingsGameVersionFirst,settingsGameVersionFirst,Phase3: name verified from 02-decompiled SettingsEngine.java (obfuscated 2-char name unrecoverable - jar rebuilt; field name doubles as prefs key and was never obfuscated),verified-exists
field,com.corrodinggames.rts.gameFramework,SettingsEngine,shaderEffects,shaderEffects,Phase3: name verified from 02-decompiled SettingsEngine.java (obfuscated 2-char name unrecoverable - jar rebuilt; field name doubles as prefs key and was never obfuscated),verified-exists
field,com.corrodinggames.rts.gameFramework,SettingsEngine,showActionInfoHoverNearMouse,showActionInfoHoverNearMouse,Phase3: name verified from 02-decompiled SettingsEngine.java (obfuscated 2-char name unrecoverable - jar rebuilt; field name doubles as prefs key and was never obfuscated),verified-exists
field,com.corrodinggames.rts.gameFramework,SettingsEngine,showChatAndPingShortcuts,showChatAndPingShortcuts,Phase3: name verified from 02-decompiled SettingsEngine.java (obfuscated 2-char name unrecoverable - jar rebuilt; field name doubles as prefs key and was never obfuscated),verified-exists
field,com.corrodinggames.rts.gameFramework,SettingsEngine,showFps,showFps,Phase3: name verified from 02-decompiled SettingsEngine.java (obfuscated 2-char name unrecoverable - jar rebuilt; field name doubles as prefs key and was never obfuscated),verified-exists
field,com.corrodinggames.rts.gameFramework,SettingsEngine,showHp,showHp,Phase3: name verified from 02-decompiled SettingsEngine.java (obfuscated 2-char name unrecoverable - jar rebuilt; field name doubles as prefs key and was never obfuscated),verified-exists
field,com.corrodinggames.rts.gameFramework,SettingsEngine,showHpChanges,showHpChanges,Phase3: name verified from 02-decompiled SettingsEngine.java (obfuscated 2-char name unrecoverable - jar rebuilt; field name doubles as prefs key and was never obfuscated),verified-exists
field,com.corrodinggames.rts.gameFramework,SettingsEngine,showMapPingsOnBattlefield,showMapPingsOnBattlefield,Phase3: name verified from 02-decompiled SettingsEngine.java (obfuscated 2-char name unrecoverable - jar rebuilt; field name doubles as prefs key and was never obfuscated),verified-exists
field,com.corrodinggames.rts.gameFramework,SettingsEngine,showMapPingsOnMinimap,showMapPingsOnMinimap,Phase3: name verified from 02-decompiled SettingsEngine.java (obfuscated 2-char name unrecoverable - jar rebuilt; field name doubles as prefs key and was never obfuscated),verified-exists
field,com.corrodinggames.rts.gameFramework,SettingsEngine,showPlayerChatInGame,showPlayerChatInGame,Phase3: name verified from 02-decompiled SettingsEngine.java (obfuscated 2-char name unrecoverable - jar rebuilt; field name doubles as prefs key and was never obfuscated),verified-exists
field,com.corrodinggames.rts.gameFramework,SettingsEngine,showSelectedUnitsList,showSelectedUnitsList,Phase3: name verified from 02-decompiled SettingsEngine.java (obfuscated 2-char name unrecoverable - jar rebuilt; field name doubles as prefs key and was never obfuscated),verified-exists
field,com.corrodinggames.rts.gameFramework,SettingsEngine,showUnitGroups,showUnitGroups,Phase3: name verified from 02-decompiled SettingsEngine.java (obfuscated 2-char name unrecoverable - jar rebuilt; field name doubles as prefs key and was never obfuscated),verified-exists
field,com.corrodinggames.rts.gameFramework,SettingsEngine,showUnitIcons,showUnitIcons,Phase3: name verified from 02-decompiled SettingsEngine.java (obfuscated 2-char name unrecoverable - jar rebuilt; field name doubles as prefs key and was never obfuscated),verified-exists
field,com.corrodinggames.rts.gameFramework,SettingsEngine,showUnitWaypoints,showUnitWaypoints,Phase3: name verified from 02-decompiled SettingsEngine.java (obfuscated 2-char name unrecoverable - jar rebuilt; field name doubles as prefs key and was never obfuscated),verified-exists
field,com.corrodinggames.rts.gameFramework,SettingsEngine,showWarLogOnScreen,showWarLogOnScreen,Phase3: name verified from 02-decompiled SettingsEngine.java (obfuscated 2-char name unrecoverable - jar rebuilt; field name doubles as prefs key and was never obfuscated),verified-exists
field,com.corrodinggames.rts.gameFramework,SettingsEngine,showZoomButton,showZoomButton,Phase3: name verified from 02-decompiled SettingsEngine.java (obfuscated 2-char name unrecoverable - jar rebuilt; field name doubles as prefs key and was never obfuscated),verified-exists
field,com.corrodinggames.rts.gameFramework,SettingsEngine,shownAudioWarning,shownAudioWarning,Phase3: name verified from 02-decompiled SettingsEngine.java (obfuscated 2-char name unrecoverable - jar rebuilt; field name doubles as prefs key and was never obfuscated),verified-exists
field,com.corrodinggames.rts.gameFramework,SettingsEngine,slick2dBorderless,slick2dBorderless,Phase3: name verified from 02-decompiled SettingsEngine.java (obfuscated 2-char name unrecoverable - jar rebuilt; field name doubles as prefs key and was never obfuscated),verified-exists
field,com.corrodinggames.rts.gameFramework,SettingsEngine,slick2dFullScreen,slick2dFullScreen,Phase3: name verified from 02-decompiled SettingsEngine.java (obfuscated 2-char name unrecoverable - jar rebuilt; field name doubles as prefs key and was never obfuscated),verified-exists
field,com.corrodinggames.rts.gameFramework,SettingsEngine,slick2dFullScreenResolution,slick2dFullScreenResolution,Phase3: name verified from 02-decompiled SettingsEngine.java (obfuscated 2-char name unrecoverable - jar rebuilt; field name doubles as prefs key and was never obfuscated),verified-exists
field,com.corrodinggames.rts.gameFramework,SettingsEngine,slick2dResolution,slick2dResolution,Phase3: name verified from 02-decompiled SettingsEngine.java (obfuscated 2-char name unrecoverable - jar rebuilt; field name doubles as prefs key and was never obfuscated),verified-exists
field,com.corrodinggames.rts.gameFramework,SettingsEngine,smartSelection_v2,smartSelection_v2,Phase3: name verified from 02-decompiled SettingsEngine.java (obfuscated 2-char name unrecoverable - jar rebuilt; field name doubles as prefs key and was never obfuscated),verified-exists
field,com.corrodinggames.rts.gameFramework,SettingsEngine,softFogFading,softFogFading,Phase3: name verified from 02-decompiled SettingsEngine.java (obfuscated 2-char name unrecoverable - jar rebuilt; field name doubles as prefs key and was never obfuscated),verified-exists
field,com.corrodinggames.rts.gameFramework,SettingsEngine,storageType,storageType,Phase3: name verified from 02-decompiled SettingsEngine.java (obfuscated 2-char name unrecoverable - jar rebuilt; field name doubles as prefs key and was never obfuscated),verified-exists
field,com.corrodinggames.rts.gameFramework,SettingsEngine,teamColors,teamColors,Phase3: name verified from 02-decompiled SettingsEngine.java (obfuscated 2-char name unrecoverable - jar rebuilt; field name doubles as prefs key and was never obfuscated),verified-exists
field,com.corrodinggames.rts.gameFramework,SettingsEngine,teamColorsNames,teamColorsNames,Phase3: name verified from 02-decompiled SettingsEngine.java (obfuscated 2-char name unrecoverable - jar rebuilt; field name doubles as prefs key and was never obfuscated),verified-exists
field,com.corrodinggames.rts.gameFramework,SettingsEngine,teamShaders,teamShaders,Phase3: name verified from 02-decompiled SettingsEngine.java (obfuscated 2-char name unrecoverable - jar rebuilt; field name doubles as prefs key and was never obfuscated),verified-exists
field,com.corrodinggames.rts.gameFramework,SettingsEngine,teamUnitCapHostedGame,teamUnitCapHostedGame,Phase3: name verified from 02-decompiled SettingsEngine.java (obfuscated 2-char name unrecoverable - jar rebuilt; field name doubles as prefs key and was never obfuscated),verified-exists
field,com.corrodinggames.rts.gameFramework,SettingsEngine,teamUnitCapSinglePlayer,teamUnitCapSinglePlayer,Phase3: name verified from 02-decompiled SettingsEngine.java (obfuscated 2-char name unrecoverable - jar rebuilt; field name doubles as prefs key and was never obfuscated),verified-exists
field,com.corrodinggames.rts.gameFramework,SettingsEngine,trackpad,trackpad,Phase3: name verified from 02-decompiled SettingsEngine.java (obfuscated 2-char name unrecoverable - jar rebuilt; field name doubles as prefs key and was never obfuscated),verified-exists
field,com.corrodinggames.rts.gameFramework,SettingsEngine,udpInMultiplayer,udpInMultiplayer,Phase3: name verified from 02-decompiled SettingsEngine.java (obfuscated 2-char name unrecoverable - jar rebuilt; field name doubles as prefs key and was never obfuscated),verified-exists
field,com.corrodinggames.rts.gameFramework,SettingsEngine,uiRenderScale,uiRenderScale,Phase3: name verified from 02-decompiled SettingsEngine.java (obfuscated 2-char name unrecoverable - jar rebuilt; field name doubles as prefs key and was never obfuscated),verified-exists
field,com.corrodinggames.rts.gameFramework,SettingsEngine,unlockedScreenRotation,unlockedScreenRotation,Phase3: name verified from 02-decompiled SettingsEngine.java (obfuscated 2-char name unrecoverable - jar rebuilt; field name doubles as prefs key and was never obfuscated),verified-exists
field,com.corrodinggames.rts.gameFramework,SettingsEngine,upgradedToNoPublicStorage,upgradedToNoPublicStorage,Phase3: name verified from 02-decompiled SettingsEngine.java (obfuscated 2-char name unrecoverable - jar rebuilt; field name doubles as prefs key and was never obfuscated),verified-exists
field,com.corrodinggames.rts.gameFramework,SettingsEngine,upgradedToNoPublicStorageWarningShown,upgradedToNoPublicStorageWarningShown,Phase3: name verified from 02-decompiled SettingsEngine.java (obfuscated 2-char name unrecoverable - jar rebuilt; field name doubles as prefs key and was never obfuscated),verified-exists
field,com.corrodinggames.rts.gameFramework,SettingsEngine,useCircleSelect,useCircleSelect,Phase3: name verified from 02-decompiled SettingsEngine.java (obfuscated 2-char name unrecoverable - jar rebuilt; field name doubles as prefs key and was never obfuscated),verified-exists
field,com.corrodinggames.rts.gameFramework,SettingsEngine,useMinimapAllyColors,useMinimapAllyColors,Phase3: name verified from 02-decompiled SettingsEngine.java (obfuscated 2-char name unrecoverable - jar rebuilt; field name doubles as prefs key and was never obfuscated),verified-exists
field,com.corrodinggames.rts.gameFramework,SettingsEngine,uuid,uuid,Phase3: name verified from 02-decompiled SettingsEngine.java (obfuscated 2-char name unrecoverable - jar rebuilt; field name doubles as prefs key and was never obfuscated),verified-exists
field,com.corrodinggames.rts.gameFramework,bo,a,unitsBuilt,Units built count (int),verified-exists
field,com.corrodinggames.rts.gameFramework,bo,b,unitsDestroyed,Units destroyed count (int),verified-exists
field,com.corrodinggames.rts.gameFramework,bo,c,buildingsBuilt,Buildings built count (int),verified-exists
field,com.corrodinggames.rts.gameFramework,bo,d,buildingsDestroyed,Buildings destroyed count (int),verified-exists
field,com.corrodinggames.rts.gameFramework,bo,e,resourcesProduced,Resources produced (int),verified-exists
field,com.corrodinggames.rts.gameFramework,bo,f,resourcesConsumed,Resources consumed (int),verified-exists
field,com.corrodinggames.rts.gameFramework,bo,g,damageDealt,Total damage dealt (int),verified-exists
field,com.corrodinggames.rts.gameFramework,bo,h,damageReceived,Total damage received (int),verified-exists
field,com.corrodinggames.rts.gameFramework,bo,i,killsCount,Total kill count (int),verified-exists
field,com.corrodinggames.rts.gameFramework,bo,j,deathsCount,Total death count (int),verified-exists
field,com.corrodinggames.rts.gameFramework,bo,k,totalPlayTimeMs,Total play time ms (long),verified-exists
field,com.corrodinggames.rts.gameFramework,bo,l,modRegistryRef,Mod registry reference (bn),verified-exists
field,com.corrodinggames.rts.gameFramework,af,a,textureId,Cached texture ID (int  -1=invalid),verified-exists
field,com.corrodinggames.rts.gameFramework,af,b,referenceCount,Reference count (int),verified-exists
field,com.corrodinggames.rts.gameFramework,af,c,isLoaded,Texture loaded flag (protected boolean),verified-exists
field,com.corrodinggames.rts.gameFramework,af,d,isDirty,Needs reload flag (boolean),verified-exists
field,com.corrodinggames.rts.gameFramework,bf,a,groupId,Group identifier (int),verified-exists
field,com.corrodinggames.rts.gameFramework,bf,b,groupName,Group display name (String),verified-exists
field,com.corrodinggames.rts.gameFramework,bf,c,unitCount,Units in group (int),verified-exists
field,com.corrodinggames.rts.gameFramework,bf,d,isActive,Group active flag (boolean),verified-exists
field,com.corrodinggames.rts.gameFramework,bf,e,isAttacking,Attacking flag (boolean),verified-exists
field,com.corrodinggames.rts.gameFramework,bf,f,isDefending,Defending flag (boolean),verified-exists
field,com.corrodinggames.rts.gameFramework,bf,g,creationTime,Creation timestamp (long),verified-exists
field,com.corrodinggames.rts.gameFramework,bf,h,targetZoneId,Target zone ID (int),verified-exists
method,com.corrodinggames.rts.gameFramework,ac,"a(ad,int)",isKeyConflicting,,verified-exists
field,com.corrodinggames.rts.gameFramework,ac,A,selectAllKey,Select all (CTRL+A) binding,verified-exists
field,com.corrodinggames.rts.gameFramework,ac,B,selectCommandCenter,Select command center (CTRL+C) binding,verified-exists
field,com.corrodinggames.rts.gameFramework,ac,C,cycleBuilders,Cycle builders (CTRL+B) binding,verified-exists
field,com.corrodinggames.rts.gameFramework,ac,D,cycleExtractors,Cycle extractors (CTRL+E) binding,verified-exists
field,com.corrodinggames.rts.gameFramework,ac,E,cycleFactories,Cycle factories (CTRL+F) binding,verified-exists
field,com.corrodinggames.rts.gameFramework,ac,F,cycleLandFactories,Cycle land factories (CTRL+L) binding,verified-exists
field,com.corrodinggames.rts.gameFramework,ac,G,cycleAirFactories,Cycle air factories (CTRL+K) binding,verified-exists
field,com.corrodinggames.rts.gameFramework,ac,H,nextTrackKey,Next music track (CTRL+N) binding,verified-exists
field,com.corrodinggames.rts.gameFramework,ac,I,speedCategory,Game speed category header,verified-exists
field,com.corrodinggames.rts.gameFramework,ac,J,slowerSpeed,Slower game speed binding,verified-exists
field,com.corrodinggames.rts.gameFramework,ac,K,fasterSpeed,Faster game speed binding,verified-exists
field,com.corrodinggames.rts.gameFramework,ac,L,pauseGame,Pause game (BREAK) binding,verified-exists
field,com.corrodinggames.rts.gameFramework,ac,M,unitActionsCategory,Unit actions category header,verified-exists
field,com.corrodinggames.rts.gameFramework,ac,N,attackMoveKey,Attack-move (A) binding,verified-exists
field,com.corrodinggames.rts.gameFramework,ac,O,stopKey,Stop (S) binding,verified-exists
field,com.corrodinggames.rts.gameFramework,ac,P,guardKey,Guard (G) binding,verified-exists
field,com.corrodinggames.rts.gameFramework,ac,Q,patrolKey,Patrol (P) binding,verified-exists
field,com.corrodinggames.rts.gameFramework,ac,R,reclaimKey,Reclaim binding,verified-exists
field,com.corrodinggames.rts.gameFramework,ac,S,upgradeKey,Upgrade (U) binding,verified-exists
field,com.corrodinggames.rts.gameFramework,ac,T,rallyKey,Rally point (R) binding,verified-exists
field,com.corrodinggames.rts.gameFramework,ac,U,editorKey,Debug editor binding,verified-exists
field,com.corrodinggames.rts.gameFramework,ac,V,ad44,real-class-inferred: com.corrodinggames.rts.gameFramework.ac,real-class-v1200
field,com.corrodinggames.rts.gameFramework,ac,W,ad45,real-class-inferred: com.corrodinggames.rts.gameFramework.ac,real-class-v1200
field,com.corrodinggames.rts.gameFramework,ac,X,ad46,real-class-inferred: com.corrodinggames.rts.gameFramework.ac,real-class-v1200
field,com.corrodinggames.rts.gameFramework,ac,Y,ad47,real-class-inferred: com.corrodinggames.rts.gameFramework.ac,real-class-v1200
field,com.corrodinggames.rts.gameFramework,ac,Z,ad48,real-class-inferred: com.corrodinggames.rts.gameFramework.ac,real-class-v1200
method,com.corrodinggames.rts.gameFramework,ac,a,setupGamepadBindings,KeyBindingManager: void - init controller mappings,body-verified-v1500
method,com.corrodinggames.rts.gameFramework,ac,a(String),createBinding,KeyBindingManager: ad - create non-editable binding,body-verified-v1500
method,com.corrodinggames.rts.gameFramework,ac,a(ad),serializeBinding,KeyBindingManager: String - serialize to config format,body-verified-v1500
method,com.corrodinggames.rts.gameFramework,ac,a(int),digitToKeycode,KeyBindingManager: int - digit 0-9 to keycode,body-verified-v1500
field,com.corrodinggames.rts.gameFramework,ac,aa,quickLoadKey,KeyBindingManager: int - quickload key,body-verified-v1300
field,com.corrodinggames.rts.gameFramework,ac,ab,ad50,real-class-inferred: com.corrodinggames.rts.gameFramework.ac,real-class-v1200
field,com.corrodinggames.rts.gameFramework,ac,ac,ad51,real-class-inferred: com.corrodinggames.rts.gameFramework.ac,real-class-v1200
field,com.corrodinggames.rts.gameFramework,ac,ad,ad52,real-class-inferred: com.corrodinggames.rts.gameFramework.ac,real-class-v1200
field,com.corrodinggames.rts.gameFramework,ac,ae,ad53,real-class-inferred: com.corrodinggames.rts.gameFramework.ac,real-class-v1200
field,com.corrodinggames.rts.gameFramework,ac,af,ad54,real-class-inferred: com.corrodinggames.rts.gameFramework.ac,real-class-v1200
field,com.corrodinggames.rts.gameFramework,ac,ag,unitActionKeys,Unit action key array [10],verified-exists
field,com.corrodinggames.rts.gameFramework,ac,ah,ae3,real-class-inferred: com.corrodinggames.rts.gameFramework.ac,real-class-v1200
field,com.corrodinggames.rts.gameFramework,ac,ai,selectGroupKeys,Select group key array [10],verified-exists
field,com.corrodinggames.rts.gameFramework,ac,aj,addToGroupKeys,Add to group key array [10],verified-exists
field,com.corrodinggames.rts.gameFramework,ac,ak,createGroupKeys,Create group key array [10],verified-exists
field,com.corrodinggames.rts.gameFramework,ac,al,allBindings,Master list of all key bindings,verified-exists
field,com.corrodinggames.rts.gameFramework,ac,am,savedKeyConfig,Saved key config Properties,verified-exists
field,com.corrodinggames.rts.gameFramework,ac,an,controllerCount,Connected controller count,verified-exists
field,com.corrodinggames.rts.gameFramework,ac,ao,lastControllerCount,Previous controller count,verified-exists
method,com.corrodinggames.rts.gameFramework,ac,b,updateControllerCount,KeyBindingManager: void - detect controller changes,body-verified-v1500
method,com.corrodinggames.rts.gameFramework,ac,b(String),createEditableBinding,KeyBindingManager: ad - create editable binding,body-verified-v1500
method,com.corrodinggames.rts.gameFramework,ac,c,getae,real-class-inferred: com.corrodinggames.rts.gameFramework.ac,real-class-v1200
method,com.corrodinggames.rts.gameFramework,ac,c(String),createAxisBinding,KeyBindingManager: ae - create axis binding,body-verified-v1500
method,com.corrodinggames.rts.gameFramework,ac,d(String),parseKeycode,KeyBindingManager: static int - name string to code,body-verified-v1500
field,com.corrodinggames.rts.gameFramework,ac,e,debugLeftAlt,KeyBindingManager: boolean - debug left Alt pressed,body-verified-v1300
field,com.corrodinggames.rts.gameFramework,ac,f,debugRightAlt,KeyBindingManager: boolean - debug right Alt pressed,body-verified-v1300
field,com.corrodinggames.rts.gameFramework,ac,g,debugLeftCtrl,KeyBindingManager: boolean - debug left Ctrl pressed,body-verified-v1300
field,com.corrodinggames.rts.gameFramework,ac,h,debugRightCtrl,KeyBindingManager: boolean - debug right Ctrl pressed,body-verified-v1300
field,com.corrodinggames.rts.gameFramework,ac,i,debugLeftShift,KeyBindingManager: boolean - debug left Shift pressed,body-verified-v1300
field,com.corrodinggames.rts.gameFramework,ac,j,debugRightShift,KeyBindingManager: boolean - debug right Shift pressed,body-verified-v1300
field,com.corrodinggames.rts.gameFramework,ac,k,keyRepeatTimer,KeyBindingManager: float - key repeat delay timer,body-verified-v1300
field,com.corrodinggames.rts.gameFramework,ac,l,keyRepeatRate,KeyBindingManager: float - key repeat rate,body-verified-v1300
field,com.corrodinggames.rts.gameFramework,ac,m,isKeyRepeatEnabled,KeyBindingManager: boolean - key repeat enabled,body-verified-v1300
field,com.corrodinggames.rts.gameFramework,ac,n,cameraUpKey,Camera scroll up binding,verified-exists
field,com.corrodinggames.rts.gameFramework,ac,o,cameraDownKey,Camera scroll down binding,verified-exists
field,com.corrodinggames.rts.gameFramework,ac,p,cameraLeftKey,Camera scroll left binding,verified-exists
field,com.corrodinggames.rts.gameFramework,ac,q,cameraRightKey,Camera scroll right binding,verified-exists
field,com.corrodinggames.rts.gameFramework,ac,r,zoomInKey,Zoom in key binding,verified-exists
field,com.corrodinggames.rts.gameFramework,ac,s,zoomOutKey,Zoom out key binding,verified-exists
field,com.corrodinggames.rts.gameFramework,ac,t,sendChatKey,Send chat (ENTER) binding,verified-exists
field,com.corrodinggames.rts.gameFramework,ac,u,sendTeamChat,Send team chat binding,verified-exists
field,com.corrodinggames.rts.gameFramework,ac,v,pingMap,Map ping key binding,verified-exists
field,com.corrodinggames.rts.gameFramework,ac,w,showMenu,Show menu (ESC) binding,verified-exists
field,com.corrodinggames.rts.gameFramework,ac,x,saveGameKey,Save game (CTRL+S) binding,verified-exists
field,com.corrodinggames.rts.gameFramework,ac,y,deselectKey,Deselect (SPACE) binding,verified-exists
field,com.corrodinggames.rts.gameFramework,ac,z,gotoNotification,Go to notification binding,verified-exists
method,com.corrodinggames.rts.gameFramework,at,a,getString,real-class-inferred: com.corrodinggames.rts.gameFramework.at,real-class-v1200
method,com.corrodinggames.rts.gameFramework,at,c,reset,real-class-inferred: com.corrodinggames.rts.gameFramework.at,real-class-v1200
field,com.corrodinggames.rts.gameFramework,at,e,at4,real-class-inferred: com.corrodinggames.rts.gameFramework.at,real-class-v1200
field,com.corrodinggames.rts.gameFramework,ba,N,loadingGameSave,True during game-save deserialization (suppresses effects),verified-exists
field,com.corrodinggames.rts.gameFramework,ba,O,gameSetupRead,"Game setup read flag (false before load,  checked after)",verified-exists
method,com.corrodinggames.rts.gameFramework,ba,a,hasba,real-class-inferred: com.corrodinggames.rts.gameFramework.ba,real-class-v1200
field,com.corrodinggames.rts.gameFramework,ba,f,traceChecksumsWriting,v19.100 冲突修正: d(String)中 f=bQ.replayTracing (原compressReplay错误),verified
method,com.corrodinggames.rts.gameFramework,ba,f(),calculateChecksum,"v19.100 冲突修正: 遍历w.er中y单位eo/ep/cu/eh求和 (原cyclePlaybackSpeed错误, sig-backfill批)",verified
field,com.corrodinggames.rts.gameFramework,ba,g,checksumCalc,Checksum calculator (ak),verified-exists
method,com.corrodinggames.rts.gameFramework,ba,g(),stopIfRecording,v19.100 冲突修正: if(!N) e() 停止录制 (原captureFogSnapshot错误),verified
field,com.corrodinggames.rts.gameFramework,ba,h,skipBotSetup,"v19.100 冲突修正: a(String,File)中 !h时调用l() (原isActive错误)",verified
method,com.corrodinggames.rts.gameFramework,ba,h(),updateGameFrameReadRecord,v19.100 冲突修正: rc/wait/cs/es/resync/chat/end 块解析读单记录 (原startPlaybackThread错误),verified
method,com.corrodinggames.rts.gameFramework,ba,i(),isActive,v19.100 冲突修正: return P 访问器 (原stopPlaybackThread错误),verified
method,com.corrodinggames.rts.gameFramework,ba,j(),isPlaying,v19.100 冲突修正: return P&&u 访问器 (原writeCommandSnapshot错误),verified
method,com.corrodinggames.rts.gameFramework,ba,k(),isRecording,v19.100 冲突修正: return P&&!u 访问器 (原showDesyncWarning错误),verified
method,com.corrodinggames.rts.gameFramework,ba,l(),markAIPlayersForRecording,v19.100 冲突修正: 遍历n.c标记a.a玩家aX=true (原incrementDesyncCount错误),verified
field,com.corrodinggames.rts.gameFramework,ba,n,skipChecksumValidation,v19.100 冲突修正: h()中 if(!n) 校验比对 (原autoSave错误),verified
field,com.corrodinggames.rts.gameFramework,ba,o,lastCommandFrame,v19.100 冲突修正: h()中 this.o=bd2.a 帧号 (原currentSpeedIndex错误),verified
field,com.corrodinggames.rts.gameFramework,ba,p,commandsRead,v19.100 冲突修正: h()中 ++this.p (原targetSpeedIndex错误),verified
field,com.corrodinggames.rts.gameFramework,ba,q,replayVersion,"v19.100 冲突修正: a(String,File)中 this.q=n3 版本号 (原commandSnapshotCounter错误)",verified
field,com.corrodinggames.rts.gameFramework,ba,r,replayVersionString,v19.100 冲突修正: this.r=string6 版本串 (原commandSnapshotCounter错误),verified
field,com.corrodinggames.rts.gameFramework,ba,v,unusedReservedInt,"v19.100 冲突修正: e()中重置=1, 无其他使用 (原totalCommandsRecorded错误)",verified
field,com.corrodinggames.rts.gameFramework,bh,a,time,GraphPoint: sample timestamp,body-verified-v1200
field,com.corrodinggames.rts.gameFramework,bh,b,value,GraphPoint: sample value,body-verified-v1200
method,com.corrodinggames.rts.gameFramework,bn,"a(n,int,boolean)",addSample,,verified-exists
method,com.corrodinggames.rts.gameFramework,bn,a,reset,TeamHistory: clear all series data,body-verified-v1200
method,com.corrodinggames.rts.gameFramework,bn,a(as),writeToPacket,TeamHistory: write delta-encoded history to network packet,body-verified-v1200
method,com.corrodinggames.rts.gameFramework,bn,a(bj),getSeries,TeamHistory: get GraphPointList for category,body-verified-v1200
method,com.corrodinggames.rts.gameFramework,bn,a(bn),mergeWith,TeamHistory: merge two histories (pointwise sum),body-verified-v1200
method,com.corrodinggames.rts.gameFramework,bn,a(k),readFromPacket,TeamHistory: read delta-compressed history from network packet,body-verified-v1200
field,com.corrodinggames.rts.gameFramework,bn,b,seriesByCategory,TeamHistory: GraphPointList[] per StatsCategory,body-verified-v1200
method,com.corrodinggames.rts.gameFramework,bn,c,hasData,TeamHistory: check if any series has data,body-verified-v1200
method,com.corrodinggames.rts.gameFramework,bo,a(as),writeToPacket,TeamStats: write stats to network packet,body-verified-v1200
method,com.corrodinggames.rts.gameFramework,bo,a(k),readFromPacket,TeamStats: read stats from network packet,body-verified-v1200
method,com.corrodinggames.rts.gameFramework,bq,a,reset,real-class-inferred: com.corrodinggames.rts.gameFramework.bq,real-class-v1200
method,com.corrodinggames.rts.gameFramework,bq,a(as),serializeToStream,"Phase3-inferred: abstract void a(j.as=OutputNetStream) writes self fields to stream (see w.java:37). Subclasses: PlayerState(n),  InGameUI(f.g)",verified-exists
method,com.corrodinggames.rts.gameFramework,c,e(),processTickCommands,Dispatch commands at exact tick boundary [sig-backfill: returns void],verified-exists
field,com.corrodinggames.rts.gameFramework,d,c,float1,real-class-inferred: com.corrodinggames.rts.gameFramework.d,real-class-v1200
field,com.corrodinggames.rts.gameFramework,d,d,float2,real-class-inferred: com.corrodinggames.rts.gameFramework.d,real-class-v1200
field,com.corrodinggames.rts.gameFramework,d,e,float3,real-class-inferred: com.corrodinggames.rts.gameFramework.d,real-class-v1200
field,com.corrodinggames.rts.gameFramework,d,f,float4,real-class-inferred: com.corrodinggames.rts.gameFramework.d,real-class-v1200
field,com.corrodinggames.rts.gameFramework,d,h,ao,real-class-inferred: com.corrodinggames.rts.gameFramework.d,real-class-v1200
field,com.corrodinggames.rts.gameFramework,e,A,longArgs,v19.101: 写侧 A迭代 Long 列表 (argCount合并),verified
method,com.corrodinggames.rts.gameFramework,e,a(boolean),setQueued,Set queued flag,verified-exists
method,com.corrodinggames.rts.gameFramework,e,e(),isIdleCommand,[v10.3-resolved: semantic match (0 params,verified-exists
field,com.corrodinggames.rts.gameFramework,e,g,stopOrUndo,Cancel/undo flag for current action,verified-exists
method,com.corrodinggames.rts.gameFramework,e,g(),convertUnitRefsToIds,Convert unit refs to entity IDs for serialization [sig-backfill: returns void],verified-exists
field,com.corrodinggames.rts.gameFramework,e,h,flagH,v19.101: 写侧尾部 flag_h bool,verified
method,com.corrodinggames.rts.gameFramework,e,h(),enablePathfinding,Set requiresPathfinding=true [sig-backfill: returns void],verified-exists
field,com.corrodinggames.rts.gameFramework,e,i,team,v19.101: 写侧team byte (i.k); play2日志 Command: {i.v} ({i.k}),verified
method,com.corrodinggames.rts.gameFramework,e,i(),resolveUnitReferences,Convert entity IDs back to unit refs (post-deserialization) [sig-backfill: returns void],verified-exists
field,com.corrodinggames.rts.gameFramework,e,j,waypoint,v19.101: 写侧 wp bool+j内联; play2日志 Waypoint: {j.d().name()},verified
method,com.corrodinggames.rts.gameFramework,e,j(),applySpecialActions,Apply special ability with cancel flag to all target units [sig-backfill: returns void],verified-exists
field,com.corrodinggames.rts.gameFramework,e,k,specialAction,v19.101: 写侧 attackMode枚举后 k.a()动作名; 日志 SpecialAction,verified
method,com.corrodinggames.rts.gameFramework,e,k(),execute,Execute command,verified-exists
field,com.corrodinggames.rts.gameFramework,e,l,targetPosition,Target world position (PointF),verified-exists
method,com.corrodinggames.rts.gameFramework,e,l(),validate,Validate command pre-execution,verified-exists
field,com.corrodinggames.rts.gameFramework,e,m,targetUnit,Target unit (UnitInstance),verified-exists
field,com.corrodinggames.rts.gameFramework,e,n,attackMode,"Forced attack stance (hold fire,  return fire",verified-exists
field,com.corrodinggames.rts.gameFramework,e,o,flagO,v19.101: 写侧 flag_o bool,verified
field,com.corrodinggames.rts.gameFramework,e,p,commandingPlayer,v19.101: ba日志 Precommand Team: commandingPlayer==null (p=Team),verified
field,com.corrodinggames.rts.gameFramework,e,q,preExecPlayerState,Pre-execution player snapshot for team validation,verified-exists
field,com.corrodinggames.rts.gameFramework,e,r,hasStepRate,v19.101: 日志 changeStepRate:{s} 检查e2.r; 写侧步速bool,verified
field,com.corrodinggames.rts.gameFramework,e,s,stepRateX,v19.101: 写侧步速块float s,verified
field,com.corrodinggames.rts.gameFramework,e,t,stepRateY,v19.101: 写侧步速块float t,verified
field,com.corrodinggames.rts.gameFramework,e,u,systemAction,v19.101: 日志 systemAction_action:{u}; 写侧步速块int,verified
field,com.corrodinggames.rts.gameFramework,e,v,unitRefs,v19.101: 写侧 v迭代 y.eh 单位实体id列表 (argCount),verified
field,com.corrodinggames.rts.gameFramework,e,w,pathParts,v19.101: 写侧 w迭代 gameFramework.d=CommandPathPart 列表,verified
field,com.corrodinggames.rts.gameFramework,e,x,isExecuted,Command executed flag,verified-exists
field,com.corrodinggames.rts.gameFramework,e,y,commandController,Parent CommandController (c),verified-exists
field,com.corrodinggames.rts.gameFramework,e,z,backupPosition,Backup fallback position (private),verified-exists
method,com.corrodinggames.rts.gameFramework,f,"a(Class,int)",getFieldNameByValue,,verified-exists
method,com.corrodinggames.rts.gameFramework,f,"a(String,int,String)",padLeft,,verified-exists
method,com.corrodinggames.rts.gameFramework,f,"a(int,int,int)",randomIntRange,,verified-exists
method,com.corrodinggames.rts.gameFramework,f,"b(float,float,float)",clamp,,verified-exists
method,com.corrodinggames.rts.gameFramework,f,"f(float,float,float)",lerp,,verified-exists
method,com.corrodinggames.rts.gameFramework,f,a(Exception),stackTraceToString,GameUtils: exception stack trace to string,body-verified-v1200
method,com.corrodinggames.rts.gameFramework,f,a(String),formatDate,GameUtils: format timestamp to date string,body-verified-v1200
method,com.corrodinggames.rts.gameFramework,f,a(byte[]),bytesToHex,GameUtils: convert bytes to hex string,body-verified-v1200
method,com.corrodinggames.rts.gameFramework,f,a(float),sqrt,GameUtils: sqrt via lookup table,body-verified-v1200
method,com.corrodinggames.rts.gameFramework,f,a(long),formatDuration,GameUtils: format duration as H:MM:SS,body-verified-v1200
method,com.corrodinggames.rts.gameFramework,f,b(String),md5Hex,GameUtils: MD5 hash as hex string,body-verified-v1200
method,com.corrodinggames.rts.gameFramework,f,c(String),sha256Short,GameUtils: SHA-256 truncated to 14 chars,body-verified-v1200
method,com.corrodinggames.rts.gameFramework,f,c(int),randomInt,GameUtils: random int,body-verified-v1200
method,com.corrodinggames.rts.gameFramework,f,g(int),formatBytes,GameUtils: format byte count to human readable,body-verified-v1200
method,com.corrodinggames.rts.gameFramework,f,i(float),smoothstep,GameUtils: smoothstep function,body-verified-v1200
method,com.corrodinggames.rts.gameFramework,f,j(float),sinFast,GameUtils: fast sin via 8192-entry lookup table,body-verified-v1200
method,com.corrodinggames.rts.gameFramework,f,k(float),cosFast,GameUtils: fast cos via lookup table,body-verified-v1200
method,com.corrodinggames.rts.gameFramework,f,l(java.lang.String),parseInt,"Safe Integer.parseInt [sig-backfill: returns java.lang.Integer],  null on error",verified-exists
method,com.corrodinggames.rts.gameFramework,f,m(java.lang.String),parseLong,"Safe Long.parseLong [sig-backfill: returns java.lang.Long],  null on error",verified-exists
field,com.corrodinggames.rts.gameFramework,f,n,atanOctant3,"-atan(x) lookup,  1025 entries",verified-exists
method,com.corrodinggames.rts.gameFramework,f,n(java.lang.String),containsNonAscii,True if any codePoint > 128 [sig-backfill: returns boolean],verified-exists
field,com.corrodinggames.rts.gameFramework,f,o,atanOctant4,"atan(x) - PI/2 lookup,  1025 entries",verified-exists
method,com.corrodinggames.rts.gameFramework,f,o(java.lang.String),unescapeHtml,Replace &lt; &gt; &apos; &quot; &amp; [sig-backfill: returns java.lang.String],verified-exists
field,com.corrodinggames.rts.gameFramework,f,p,atanOctant5,"PI - atan(x) lookup,  1025 entries",verified-exists
method,com.corrodinggames.rts.gameFramework,f,p(java.lang.String),unescapeQuotedString,"Remove quotes [sig-backfill: returns java.lang.String],  unescape backslash seqs",verified-exists
field,com.corrodinggames.rts.gameFramework,f,q,atanOctant6,"atan(x) + PI/2 lookup,  1025 entries",verified-exists
method,com.corrodinggames.rts.gameFramework,f,q(java.lang.String),stripBackslashes,Remove all backslash characters [sig-backfill: returns java.lang.String],verified-exists
field,com.corrodinggames.rts.gameFramework,f,r,atanOctant7,"atan(x) - PI lookup,  1025 entries",verified-exists
method,com.corrodinggames.rts.gameFramework,f,r(java.lang.String),isLenientNumeric,True if digits + dots + leading minus [sig-backfill: returns boolean],verified-exists
field,com.corrodinggames.rts.gameFramework,f,s,atanOctant8,"-PI/2 - atan(x) lookup,  1025 entries",verified-exists
method,com.corrodinggames.rts.gameFramework,f,s(java.lang.String),isStrictDecimal,True if valid decimal (at most one dot) [sig-backfill: returns boolean],verified-exists
field,com.corrodinggames.rts.gameFramework,f,t,sinLookupTable,"sin(theta) lookup,  8192 entries",verified-exists
field,com.corrodinggames.rts.gameFramework,f,u,cosLookupTable,"cos(theta) lookup,  8192 entries",verified-exists
method,com.corrodinggames.rts.gameFramework,l,A(),isRedrawNeeded,Check if redraw is needed (forceRedraw || drawScale),verified-exists
method,com.corrodinggames.rts.gameFramework,l,E(),isEngineSupported,"Check if engine is supported (always true,  hook)",verified-exists
method,com.corrodinggames.rts.gameFramework,l,F,do_F,"""[Phase3-method] returns void""",verified-exists
method,com.corrodinggames.rts.gameFramework,l,G(),getPlatformName,"""Get platform name: ""PC""/""IOS [ver]""/""SERVER""/Build.MODEL""",verified-exists
method,com.corrodinggames.rts.gameFramework,l,H(),getDeviceModel,Get device model string,verified-exists
method,com.corrodinggames.rts.gameFramework,l,I(),isRenderPaused,Check if rendering is currently paused,verified-exists
method,com.corrodinggames.rts.gameFramework,l,J(),startGameThread,Start game thread (music + battleRoom launch),verified-exists
method,com.corrodinggames.rts.gameFramework,l,K(),stopGameThreadIfNotCurrent,Stop game thread only if called from outside it,verified-exists
method,com.corrodinggames.rts.gameFramework,l,L(),stopGameThread,Stop game thread (join thread + stop music + release surface),verified-exists
method,com.corrodinggames.rts.gameFramework,l,M(),isMultiplayerConnected,Check if connected to multiplayer (not replay),verified-exists
method,com.corrodinggames.rts.gameFramework,l,N(),isInMultiplayerGame,Check if in multiplayer game (netEngine.B),verified-exists
method,com.corrodinggames.rts.gameFramework,l,O(),isInMultiplayerOrReplay,Check if in multiplayer OR replay mode,verified-exists
method,com.corrodinggames.rts.gameFramework,l,P(),isSinglePlayer,Check if in single player mode,verified-exists
method,com.corrodinggames.rts.gameFramework,l,Q(),clampCameraToBounds,Clamp camera position within map boundaries,verified-exists
method,com.corrodinggames.rts.gameFramework,l,R(),applyRenderScale,Apply render DPI scaling to canvas,verified-exists
method,com.corrodinggames.rts.gameFramework,l,S(),removeRenderScale,Remove render DPI scaling from canvas,verified-exists
method,com.corrodinggames.rts.gameFramework,l,T(),printStackTrace,Print current thread stack trace via logging,verified-exists
method,com.corrodinggames.rts.gameFramework,l,U(),getStackTraceString,Get current thread stack trace as String,verified-exists
method,com.corrodinggames.rts.gameFramework,l,V(),getCurrentTimeMs,Get current time ms,verified-exists
method,com.corrodinggames.rts.gameFramework,l,W(),getEffectiveUIScale,Calculate effective UI scale (density × uiScale × doubleScale),verified-exists
method,com.corrodinggames.rts.gameFramework,l,X(),notifyZoomChanged,Notify all zoom/density change listeners,verified-exists
method,com.corrodinggames.rts.gameFramework,l,Y(),applyInitialZoomPaints,Apply all registered zoom-listener paints (protected),verified-exists
method,com.corrodinggames.rts.gameFramework,l,Z(),clearSavePath,Clear current save path,verified-exists
method,com.corrodinggames.rts.gameFramework,l,a,onFrameStart,GlobalState: called at start of each game frame,body-verified-v1200
method,com.corrodinggames.rts.gameFramework,l,"a(String,int)",showAlert,Show alert dialog,verified-exists
field,com.corrodinggames.rts.gameFramework,l,aA,usePerThreadCrashHandler,Thread-local (vs global) crash handler flag,verified-exists
method,com.corrodinggames.rts.gameFramework,l,aA(),isShaderEffectsSupported,Check if shader effects are supported,verified-exists
field,com.corrodinggames.rts.gameFramework,l,aC,textureAtlasDisabled,main-deobf-anchored: Main.class 用法/字节码锚定 (2026-08-16): 原 debugAllocations 有误; -disable_atlas 置真,main-deobf-anchored
method,com.corrodinggames.rts.gameFramework,l,aC(),printMemoryInfo,Print JVM memory stats to stdout,verified-exists
method,com.corrodinggames.rts.gameFramework,l,aD,getContext,real-class-inferred: com.corrodinggames.rts.gameFramework.l,real-class-v1200
field,com.corrodinggames.rts.gameFramework,l,aE,printUnitsEnabled,main-deobf-anchored: Main.class 用法/字节码锚定 (2026-08-16): 原 logNetwork 有误; -printunits 置真,main-deobf-anchored
method,com.corrodinggames.rts.gameFramework,l,aE(),checkMemoryAndShowWarnings,Check low memory/OOM and show warning dialogs,verified-exists
field,com.corrodinggames.rts.gameFramework,l,aF,outputUnitImagesEnabled,main-deobf-anchored: Main.class 用法/字节码锚定 (2026-08-16): 原 logAudio 有误; -outputunitimages 置真,main-deobf-anchored
method,com.corrodinggames.rts.gameFramework,l,aF(),testMemoryIntegrity,Allocate 5MB integrity test (anti-tamper),verified-exists
field,com.corrodinggames.rts.gameFramework,l,aG,oldReplayFormatEnabled,main-deobf-anchored: Main.class 用法/字节码锚定 (2026-08-16): 原 logRendering 有误; -oldreplays 置真,main-deobf-anchored
field,com.corrodinggames.rts.gameFramework,l,aH,logInput,Log input/keyboard events,verified-exists
field,com.corrodinggames.rts.gameFramework,l,aI,sandboxModeEnabled,main-deobf-anchored: Main.class 用法/字节码锚定 (2026-08-16): 原 logMemory 有误; -sandbox 置真,main-deobf-anchored
field,com.corrodinggames.rts.gameFramework,l,aJ,modsDisabled,main-deobf-anchored: Main.class 用法/字节码锚定 (2026-08-16): 原 logLifecycle 有误; -nomods 置真,main-deobf-anchored
field,com.corrodinggames.rts.gameFramework,l,aK,lobbyAddress,main-deobf-anchored: Main.class 用法/字节码锚定 (2026-08-16): 原 logTagPrefix 有误; +connect_lobby 赋值地址串,main-deobf-anchored
field,com.corrodinggames.rts.gameFramework,l,aL,useGLES30,Use OpenGL ES 3.0 backend flag,verified-exists
field,com.corrodinggames.rts.gameFramework,l,aM,postProcessingEnabled,main-deobf-anchored: Main.class 用法/字节码锚定 (2026-08-16): 原 shaderEffectsSupported 有误; -postprocessing 置真,main-deobf-anchored
field,com.corrodinggames.rts.gameFramework,l,aN,teamShadersSupported,Team color shaders supported flag,verified-exists
field,com.corrodinggames.rts.gameFramework,l,aO,safeModeEnabled,main-deobf-anchored: Main.class 用法/字节码锚定 (2026-08-16): 原 useVulkan 有误; -safemode 置真,main-deobf-anchored
field,com.corrodinggames.rts.gameFramework,l,aP,extraSafeModeEnabled,main-deobf-anchored: Main.class 用法/字节码锚定 (2026-08-16): 原 useANGLE 有误; -extrasafemode 置真,main-deobf-anchored
field,com.corrodinggames.rts.gameFramework,l,aQ,devDebugParameter,main-deobf-anchored: Main.class 用法/字节码锚定 (2026-08-16): 原 gpuRendererString 有误; -devdebug 赋字符串,main-deobf-anchored
field,com.corrodinggames.rts.gameFramework,l,aR,supportsInstancing,GPU supports hardware instancing flag,verified-exists
field,com.corrodinggames.rts.gameFramework,l,aS,isSurfaceReady,Is render surface ready,verified-exists
field,com.corrodinggames.rts.gameFramework,l,aT,debugNetwork,Debug network flag,verified-exists
field,com.corrodinggames.rts.gameFramework,l,aV,debugActive,Debug mode active,verified-exists
field,com.corrodinggames.rts.gameFramework,l,aW,resourcesEnabled,main-deobf-anchored: Main.class 用法/字节码锚定 (2026-08-16): 原 reloadAssets 有误; 仅资源启用分支置真 (低置信),main-deobf-anchored
field,com.corrodinggames.rts.gameFramework,l,aX,skipRendering,Skip rendering flag,verified-exists
field,com.corrodinggames.rts.gameFramework,l,aY,isDesktop,Is desktop platform flag,verified-exists
field,com.corrodinggames.rts.gameFramework,l,aZ,isIOS,Is iOS platform flag,verified-exists
method,com.corrodinggames.rts.gameFramework,l,aa(),hasPendingPlayerCallback,Check if local player has pending callback,verified-exists
method,com.corrodinggames.rts.gameFramework,l,ab(),finalizeFilesystemInit,Finalize filesystem init under sync lock,verified-exists
method,com.corrodinggames.rts.gameFramework,l,ac(),isRenderSurfaceReady,Check if render surface has view and is ready,verified-exists
method,com.corrodinggames.rts.gameFramework,l,ad(),activateRenderSurface,Activate/set render surface,verified-exists
method,com.corrodinggames.rts.gameFramework,l,ae(),getRenderSurfaceStatus,Get render surface initialization status,verified-exists
method,com.corrodinggames.rts.gameFramework,l,af(),getTouchX,Get touch X coordinate (pointer 0),verified-exists
method,com.corrodinggames.rts.gameFramework,l,ag(),getTouchY,Get touch Y coordinate (pointer 0),verified-exists
method,com.corrodinggames.rts.gameFramework,l,ah(),getModifierMask,"Get current modifier key bitmask (shift=2, ctrl=1",verified-exists
method,com.corrodinggames.rts.gameFramework,l,ai(),getAndroidApiLevel,Get Android API level,verified-exists
field,com.corrodinggames.rts.gameFramework,l,aj,renderLock,Render thread lock object,verified-exists
method,com.corrodinggames.rts.gameFramework,l,aj(),processPendingCommands,Process all queued pending commands (protected),verified-exists
field,com.corrodinggames.rts.gameFramework,l,ak,updateLock,Update thread lock object,verified-exists
method,com.corrodinggames.rts.gameFramework,l,ak(),getCurrentMapName,Get raw current map name,verified-exists
field,com.corrodinggames.rts.gameFramework,l,al,singleton,Singleton GlobalState instance (static l),type-aware-fp-v19.114
method,com.corrodinggames.rts.gameFramework,l,al(),getDisplayMapName,Get display-safe map name (for network display),verified-exists
field,com.corrodinggames.rts.gameFramework,l,am,androidContext,Android application context,verified-exists
method,com.corrodinggames.rts.gameFramework,l,am(),getSanitizedMapName,Get sanitized/safe map name,verified-exists
field,com.corrodinggames.rts.gameFramework,l,an,gameContext,Game activity context,verified-exists
method,com.corrodinggames.rts.gameFramework,l,an(),getMapType,Get map type (custom=ai.a vs campaign=ai.b),verified-exists
field,com.corrodinggames.rts.gameFramework,l,ao,renderSurface,Render surface frontend,verified-exists
method,com.corrodinggames.rts.gameFramework,l,ao(),getCrashLogFile,Get File handle for crashes.txt,verified-exists
field,com.corrodinggames.rts.gameFramework,l,ap,renderSurfaceBack,Render surface backend,verified-exists
method,com.corrodinggames.rts.gameFramework,l,ap(),setupANRWatchdog,Setup ANR watchdog with 4000ms timeout,verified-exists
field,com.corrodinggames.rts.gameFramework,l,aq,isInitialized,Is engine initialized,verified-exists
method,com.corrodinggames.rts.gameFramework,l,aq(),initIntegrityAndCrashHandler,Allocate integrity buffer + install crash handler,verified-exists
method,com.corrodinggames.rts.gameFramework,l,at(),isNotDedicatedServer,Check if NOT dedicated server,verified-exists
field,com.corrodinggames.rts.gameFramework,l,av,lastCrashException,Last uncaught crash Throwable (static),verified-exists
method,com.corrodinggames.rts.gameFramework,l,av(),isDesktopPlatform,Check if desktop platform (aW && !aZ),verified-exists
field,com.corrodinggames.rts.gameFramework,l,ax,colorLogOutput,main-deobf-anchored: Main.class 用法/字节码锚定 (2026-08-16): 原 crashOnUpdateThread 有误; -logcolor 置真,main-deobf-anchored
method,com.corrodinggames.rts.gameFramework,l,ax(),isDedicatedServer,Check if dedicated server (aU && !aW),verified-exists
field,com.corrodinggames.rts.gameFramework,l,ay,backgroundDisabled,main-deobf-anchored: Main.class 用法/字节码锚定 (2026-08-16): 原 nativeCrashDetected 有误; -nobackground 置真,main-deobf-anchored
method,com.corrodinggames.rts.gameFramework,l,ay(),isNetworkedOrReplay,Check if networked multiplayer or replay,verified-exists
field,com.corrodinggames.rts.gameFramework,l,az,outOfMemoryDetected,Out of memory detected flag,verified-exists
method,com.corrodinggames.rts.gameFramework,l,az(),isTeamShadersSupported,Check if team-colored shaders are supported,verified-exists
method,com.corrodinggames.rts.gameFramework,l,b,updateGameLogic,GlobalState: main game logic update loop,body-verified-v1200
field,com.corrodinggames.rts.gameFramework,l,bA,screenHeight,Screen height in physical pixels,verified-exists
field,com.corrodinggames.rts.gameFramework,l,bB,viewportWidth,Viewport/logical width,verified-exists
field,com.corrodinggames.rts.gameFramework,l,bC,viewportHeight,Viewport/logical height,verified-exists
field,com.corrodinggames.rts.gameFramework,l,bD,screenResized,Screen size changed flag,verified-exists
field,com.corrodinggames.rts.gameFramework,l,bE,methodTracing,Method tracing enabled (Debug.stopMethodTracing),verified-exists
field,com.corrodinggames.rts.gameFramework,l,bF,renderThreadRunning,Render thread is running (volatile),verified-exists
field,com.corrodinggames.rts.gameFramework,l,bG,updateThreadRunning,Update thread is running (volatile),verified-exists
field,com.corrodinggames.rts.gameFramework,l,bH,renderPaused,Render thread paused (volatile),verified-exists
field,com.corrodinggames.rts.gameFramework,l,bI,updatePaused,Update thread paused (volatile),verified-exists
field,com.corrodinggames.rts.gameFramework,l,bJ,targetFpsInt,Target FPS as integer,verified-exists
field,com.corrodinggames.rts.gameFramework,l,bK,versionInfo,Version info object (i = VersionInfo),verified-exists
field,com.corrodinggames.rts.gameFramework,l,bL,gameRenderer,OpenGL game renderer (b = GameRenderer),verified-exists
field,com.corrodinggames.rts.gameFramework,l,bM,soundEngine,Sound engine,verified-exists
field,com.corrodinggames.rts.gameFramework,l,bN,musicController,Music controller,verified-exists
field,com.corrodinggames.rts.gameFramework,l,bO,canvas,Main canvas,verified-exists
field,com.corrodinggames.rts.gameFramework,l,bP,audioEngine,Audio engine (gameFramework.a = SoundRegistry),verified-exists
field,com.corrodinggames.rts.gameFramework,l,bQ,settingsEngine,Settings/config engine (SettingsEngine),verified-exists
field,com.corrodinggames.rts.gameFramework,l,bR,effectManager,Effect manager,verified-exists
field,com.corrodinggames.rts.gameFramework,l,bS,unitFactory,Unit factory / HUD,verified-exists
field,com.corrodinggames.rts.gameFramework,l,bT,inputController,Input controller,verified-exists
field,com.corrodinggames.rts.gameFramework,l,bU,pathEngine,Pathfinding engine (k.l = PathEngine),verified-exists
field,com.corrodinggames.rts.gameFramework,l,bV,hudManager,HUD/UI manager (aa = HUDManager),verified-exists
field,com.corrodinggames.rts.gameFramework,l,bW,minimapHandler,Minimap handler,verified-exists
field,com.corrodinggames.rts.gameFramework,l,bX,netEngine,Network engine (ad = NetEngine),verified-exists
field,com.corrodinggames.rts.gameFramework,l,bY,commandProcessor,Command processor (bg),verified-exists
field,com.corrodinggames.rts.gameFramework,l,bZ,localizationEngine,Localization/mod manager (i.a),verified-exists
field,com.corrodinggames.rts.gameFramework,l,ba,isSteam,Is Steam platform flag,verified-exists
field,com.corrodinggames.rts.gameFramework,l,bb,displayInitialized,main-deobf-anchored: Main.class 用法/字节码锚定 (2026-08-16): 原 isAmazon 有误; 桌面启动置真 (低置信派生),main-deobf-anchored
field,com.corrodinggames.rts.gameFramework,l,bc,useNewAudio,Use new audio engine,verified-exists
field,com.corrodinggames.rts.gameFramework,l,bd,useOpenAL,Use OpenAL audio backend,verified-exists
field,com.corrodinggames.rts.gameFramework,l,be,useLWJGLAudio,Use LWJGL audio backend,verified-exists
field,com.corrodinggames.rts.gameFramework,l,bf,useAndroidAudio,Use Android audio backend,verified-exists
field,com.corrodinggames.rts.gameFramework,l,bg,rendererClass,main-deobf-anchored: Main.class 用法/字节码锚定 (2026-08-16): 原 mainActivityClass 有误; 值为渲染器 Class 对象,main-deobf-anchored
field,com.corrodinggames.rts.gameFramework,l,bh,textureAtlas,Global texture atlas/manager (m.y),verified-exists
field,com.corrodinggames.rts.gameFramework,l,bi,isMenuMode,Is in menu mode,verified-exists
field,com.corrodinggames.rts.gameFramework,l,bj,showConsole,Show debug console,verified-exists
field,com.corrodinggames.rts.gameFramework,l,bk,isConsoleOpen,Is console currently open,verified-exists
field,com.corrodinggames.rts.gameFramework,l,bl,isInMatch,Is in match,verified-exists
field,com.corrodinggames.rts.gameFramework,l,bm,isReplayMode,Is replay playback mode,verified-exists
field,com.corrodinggames.rts.gameFramework,l,bn,isReplayRecording,Is recording replay,verified-exists
field,com.corrodinggames.rts.gameFramework,l,bo,isReplayPaused,Is replay paused,verified-exists
field,com.corrodinggames.rts.gameFramework,l,bp,isFastForward,Is fast-forward mode,verified-exists
field,com.corrodinggames.rts.gameFramework,l,bq,isSlowMotion,Is slow-motion mode,verified-exists
field,com.corrodinggames.rts.gameFramework,l,br,isStepFrame,Is single-step frame mode,verified-exists
field,com.corrodinggames.rts.gameFramework,l,bs,currentPlayer,Current local player,verified-exists
field,com.corrodinggames.rts.gameFramework,l,bt,gameSpeed,Game speed multiplier,verified-exists
field,com.corrodinggames.rts.gameFramework,l,bu,targetFps,"Target FPS (-1.0=auto,  set by settings)",verified-exists
field,com.corrodinggames.rts.gameFramework,l,bv,vsyncEnabled,VSync enabled flag,verified-exists
field,com.corrodinggames.rts.gameFramework,l,bw,fpsLimited,FPS limited flag,verified-exists
field,com.corrodinggames.rts.gameFramework,l,bx,gameTick,Game tick counter,verified-exists
field,com.corrodinggames.rts.gameFramework,l,by,currentFrame,Current frame,verified-exists
field,com.corrodinggames.rts.gameFramework,l,bz,screenWidth,Screen width in physical pixels,verified-exists
method,com.corrodinggames.rts.gameFramework,l,c,renderFrame,GlobalState: render current frame,body-verified-v1200
method,com.corrodinggames.rts.gameFramework,l,"c(String,String)",showMessageBox,Show message box dialog (title,verified-exists
field,com.corrodinggames.rts.gameFramework,l,cA,viewportWorldWidth,Viewport width in world units,verified-exists
field,com.corrodinggames.rts.gameFramework,l,cB,viewportWorldHeight,Viewport height in world units,verified-exists
field,com.corrodinggames.rts.gameFramework,l,cC,lastFrameTimeMs,Last frame timestamp (ms),verified-exists
field,com.corrodinggames.rts.gameFramework,l,cD,deltaTime,Frame delta time (seconds),verified-exists
field,com.corrodinggames.rts.gameFramework,l,cE,renderDeltaTime,Render thread delta time (smoothed),verified-exists
field,com.corrodinggames.rts.gameFramework,l,cF,fpsAccumulator,FPS frame counter accumulator,verified-exists
field,com.corrodinggames.rts.gameFramework,l,cG,currentFps,Current frames-per-second,verified-exists
field,com.corrodinggames.rts.gameFramework,l,cH,averageFps,Running average FPS,verified-exists
field,com.corrodinggames.rts.gameFramework,l,cI,minFps,Minimum recorded FPS,verified-exists
field,com.corrodinggames.rts.gameFramework,l,cJ,maxFps,Maximum recorded FPS,verified-exists
field,com.corrodinggames.rts.gameFramework,l,cK,screenRect,"Screen rectangle (Rect,  int)",verified-exists
field,com.corrodinggames.rts.gameFramework,l,cL,viewportRect,"Viewport rectangle (Rect,  int)",verified-exists
field,com.corrodinggames.rts.gameFramework,l,cM,screenRectF,"Screen rectangle (RectF,  float)",verified-exists
field,com.corrodinggames.rts.gameFramework,l,cN,clippedDrawRect,Clipped draw region (Rect),verified-exists
field,com.corrodinggames.rts.gameFramework,l,cO,worldViewRect,Visible world region (RectF),verified-exists
field,com.corrodinggames.rts.gameFramework,l,cP,uiClipRect,UI clipping rectangle (RectF),verified-exists
field,com.corrodinggames.rts.gameFramework,l,cQ,worldBoundsRect,World bounds rectangle (Rect),verified-exists
field,com.corrodinggames.rts.gameFramework,l,cR,isDrawing,Currently drawing a frame flag,verified-exists
field,com.corrodinggames.rts.gameFramework,l,cS,forceRedraw,Force full redraw next frame,verified-exists
field,com.corrodinggames.rts.gameFramework,l,cT,drawScale,Draw scale multiplier,verified-exists
field,com.corrodinggames.rts.gameFramework,l,cU,useHighResTimer,Use high-resolution timer flag,verified-exists
field,com.corrodinggames.rts.gameFramework,l,cV,timeScale,Game time scale (1.0=normal),verified-exists
field,com.corrodinggames.rts.gameFramework,l,cW,renderingEnabled,Rendering enabled flag,verified-exists
field,com.corrodinggames.rts.gameFramework,l,cX,renderScale,Render resolution scale,verified-exists
field,com.corrodinggames.rts.gameFramework,l,cY,uiRenderScale,UI render resolution scale,verified-exists
field,com.corrodinggames.rts.gameFramework,l,cZ,renderToTexture,Render-to-texture mode flag,verified-exists
field,com.corrodinggames.rts.gameFramework,l,ca,gameSaver,Game save/load engine (y = GameSaver),verified-exists
field,com.corrodinggames.rts.gameFramework,l,cb,replayEngine,Replay record/playback engine (ba = ReplayEngine),verified-exists
field,com.corrodinggames.rts.gameFramework,l,cc,spaceQuery,Spatial query engine (units.f.c),verified-exists
field,com.corrodinggames.rts.gameFramework,l,cd,spriteBatch,Sprite batch renderer (br),verified-exists
field,com.corrodinggames.rts.gameFramework,l,ce,aiSpawner,AI wave spawn controller (n.f),verified-exists
field,com.corrodinggames.rts.gameFramework,l,cf,commandController,Command controller (c = CommandController),verified-exists
field,com.corrodinggames.rts.gameFramework,l,cg,dataSerializer,Game data serializer (g.a = DataFieldProvider),verified-exists
field,com.corrodinggames.rts.gameFramework,l,ch,cameraFollowing,Camera follow mode active flag,verified-exists
field,com.corrodinggames.rts.gameFramework,l,ci,viewScale,Current view/zoom scale,verified-exists
field,com.corrodinggames.rts.gameFramework,l,cj,targetViewScale,Target view scale (smooth zoom),verified-exists
field,com.corrodinggames.rts.gameFramework,l,ck,screenSize,"main-deobf-anchored: Main.class 用法/字节码锚定 (2026-08-16): 原 mouseScreenPos 有误; new Point(宽,高)",main-deobf-anchored
field,com.corrodinggames.rts.gameFramework,l,cl,cameraTargetX,Soft camera target X (smooth follow),verified-exists
field,com.corrodinggames.rts.gameFramework,l,cm,cameraTargetY,Soft camera target Y (smooth follow),verified-exists
field,com.corrodinggames.rts.gameFramework,l,cn,minZoom,Minimum zoom level (default 1.0),verified-exists
field,com.corrodinggames.rts.gameFramework,l,co,maxZoom,Maximum zoom level,verified-exists
field,com.corrodinggames.rts.gameFramework,l,cp,uiScale,UI/interface scale factor,verified-exists
field,com.corrodinggames.rts.gameFramework,l,cq,cameraShakeOffsetX,Camera shake offset X,verified-exists
field,com.corrodinggames.rts.gameFramework,l,cr,cameraShakeOffsetY,Camera shake offset Y,verified-exists
field,com.corrodinggames.rts.gameFramework,l,cs,cameraShakeIntensity,Camera shake intensity/magnitude,verified-exists
field,com.corrodinggames.rts.gameFramework,l,ct,cameraBoundsClamped,Camera bounds were clamped this frame,verified-exists
field,com.corrodinggames.rts.gameFramework,l,cu,cameraIntX,Camera X as integer pixels,verified-exists
field,com.corrodinggames.rts.gameFramework,l,cv,cameraIntY,Camera Y as integer pixels,verified-exists
field,com.corrodinggames.rts.gameFramework,l,cw,cameraX,Camera X offset,verified-exists
field,com.corrodinggames.rts.gameFramework,l,cx,cameraY,Camera Y offset,verified-exists
field,com.corrodinggames.rts.gameFramework,l,cy,cameraRawX,"Camera raw X (continuous,  pre-quantize)",verified-exists
field,com.corrodinggames.rts.gameFramework,l,cz,cameraRawY,"Camera raw Y (continuous,  pre-quantize)",verified-exists
method,com.corrodinggames.rts.gameFramework,l,d,onGameInit,GlobalState: initialize game state,body-verified-v1200
method,com.corrodinggames.rts.gameFramework,l,"d(String,String)",initFilesystem,,verified-exists
field,com.corrodinggames.rts.gameFramework,l,dD,mainThreadHandler,Main/UI thread Handler (Looper.b()),verified-exists
field,com.corrodinggames.rts.gameFramework,l,dE,installSource,App installation source (e.g. Google Play),verified-exists
field,com.corrodinggames.rts.gameFramework,l,dF,androidDeviceId,Android device unique ID,verified-exists
field,com.corrodinggames.rts.gameFramework,l,dG,deviceDisplayName,Human-readable device name,verified-exists
field,com.corrodinggames.rts.gameFramework,l,dH,localPlayer,Local player state (n = PlayerState),verified-exists
field,com.corrodinggames.rts.gameFramework,l,dI,currentSavePath,Current save file path (transient),verified-exists
field,com.corrodinggames.rts.gameFramework,l,dM,permissionsGranted,Android permissions granted flags (boolean[10]),verified-exists
field,com.corrodinggames.rts.gameFramework,l,dN,pendingCommandQueue,Queued pending commands (ConcurrentLinkedQueue),verified-exists
field,com.corrodinggames.rts.gameFramework,l,dO,nativeLibraryLoaded,Native (C++) library loaded flag,verified-exists
field,com.corrodinggames.rts.gameFramework,l,dP,integrityTable1,Anti-tamper integrity table 1 (byte[]),verified-exists
field,com.corrodinggames.rts.gameFramework,l,dQ,integrityTable2,Anti-tamper integrity table 2 (byte[]),verified-exists
field,com.corrodinggames.rts.gameFramework,l,dR,integrityTable3,Anti-tamper integrity table 3 (byte[]),verified-exists
field,com.corrodinggames.rts.gameFramework,l,dS,overlayRenderer,Debug overlay renderer (d),verified-exists
field,com.corrodinggames.rts.gameFramework,l,dT,antiCheatEnabled,Anti-cheat system enabled flag,verified-exists
field,com.corrodinggames.rts.gameFramework,l,dU,problemReportCount,Problem report counter (max 1000),verified-exists
field,com.corrodinggames.rts.gameFramework,l,dV,tamperDetected,Tampering detected flag,verified-exists
field,com.corrodinggames.rts.gameFramework,l,dW,oomPhase,Out-of-memory phase tracker (u enum),verified-exists
field,com.corrodinggames.rts.gameFramework,l,dX,lowMemoryDetected,Low memory condition detected flag,verified-exists
field,com.corrodinggames.rts.gameFramework,l,dY,lowMemoryWarningShown,Low memory warning dialog shown,verified-exists
field,com.corrodinggames.rts.gameFramework,l,dZ,integrityToken1,Anti-tamper integrity token byte 1,verified-exists
field,com.corrodinggames.rts.gameFramework,l,da,menuTransitionProgress,Menu transition progress (0→1),verified-exists
field,com.corrodinggames.rts.gameFramework,l,db,menuTransitionTarget,Menu transition target state,verified-exists
field,com.corrodinggames.rts.gameFramework,l,dc,debugShowFps,Debug: show FPS counter,verified-exists
field,com.corrodinggames.rts.gameFramework,l,dd,debugShowUnitInfo,Debug: show unit counts/info,verified-exists
field,com.corrodinggames.rts.gameFramework,l,de,debugShowNetworkInfo,Debug: show network statistics,verified-exists
field,com.corrodinggames.rts.gameFramework,l,df,debugShowMemoryInfo,Debug: show memory statistics,verified-exists
field,com.corrodinggames.rts.gameFramework,l,dg,debugShowHitboxes,Debug: show collision hitboxes,verified-exists
field,com.corrodinggames.rts.gameFramework,l,dh,soundVolume,Sound effects volume (0.0-1.0),verified-exists
field,com.corrodinggames.rts.gameFramework,l,di,musicVolume,Music volume (0.0-1.0),verified-exists
field,com.corrodinggames.rts.gameFramework,l,dj,audioMuted,All audio muted flag,verified-exists
field,com.corrodinggames.rts.gameFramework,l,dk,battleRoom,Battle room / lobby instance (z),verified-exists
field,com.corrodinggames.rts.gameFramework,l,dl,currentMapName,Currently loaded map name,verified-exists
field,com.corrodinggames.rts.gameFramework,l,dm,inputHandler,Input handler (k = GameInput),verified-exists
field,com.corrodinggames.rts.gameFramework,l,dn,backgroundPaint,Background drawing paint,verified-exists
field,com.corrodinggames.rts.gameFramework,l,do,uiForegroundPaint,UI foreground drawing paint,verified-exists
field,com.corrodinggames.rts.gameFramework,l,dp,textPaint,Text drawing paint,verified-exists
field,com.corrodinggames.rts.gameFramework,l,dq,loadingComplete,Asset loading complete flag,verified-exists
field,com.corrodinggames.rts.gameFramework,l,dr,assetsReloaded,Assets were hot-reloaded flag,verified-exists
field,com.corrodinggames.rts.gameFramework,l,ds,loadProgress,Asset loading progress (0.0-1.0),verified-exists
field,com.corrodinggames.rts.gameFramework,l,dt,showingLoadScreen,Loading screen visible flag,verified-exists
field,com.corrodinggames.rts.gameFramework,l,du,showingMenu,Menu screen visible flag,verified-exists
field,com.corrodinggames.rts.gameFramework,l,dv,backKeyPressed,Back key was pressed flag,verified-exists
field,com.corrodinggames.rts.gameFramework,l,dw,screenOrientation,Current screen orientation,verified-exists
field,com.corrodinggames.rts.gameFramework,l,dx,batteryLevel,Device battery level (0.0-1.0),verified-exists
field,com.corrodinggames.rts.gameFramework,l,dy,steamManager,Steam platform manager (o),verified-exists
field,com.corrodinggames.rts.gameFramework,l,dz,deviceModelName,Device model name string (static),verified-exists
method,com.corrodinggames.rts.gameFramework,l,e,onGameExit,GlobalState: cleanup on game exit,body-verified-v1200
field,com.corrodinggames.rts.gameFramework,l,ea,integrityToken2,Anti-tamper integrity token byte 2,verified-exists
field,com.corrodinggames.rts.gameFramework,l,eb,lockA,Synchronization lock A (q),verified-exists
field,com.corrodinggames.rts.gameFramework,l,ec,lockB,Synchronization lock B (q = used for runnable dispatch),verified-exists
field,com.corrodinggames.rts.gameFramework,l,ed,lockC,Synchronization lock C (q),verified-exists
field,com.corrodinggames.rts.gameFramework,l,ee,gameStarted,Game has started flag,verified-exists
field,com.corrodinggames.rts.gameFramework,l,ef,gameEnding,Game is ending/shutting down flag,verified-exists
field,com.corrodinggames.rts.gameFramework,l,eg,lastErrorString,Last error message string,verified-exists
field,com.corrodinggames.rts.gameFramework,l,eh,crashReported,Crash has been reported flag,verified-exists
field,com.corrodinggames.rts.gameFramework,l,ei,developerMode,Developer/debug mode enabled,verified-exists
field,com.corrodinggames.rts.gameFramework,l,ej,errorReportCount,Error report counter (max 10),verified-exists
method,com.corrodinggames.rts.gameFramework,l,f,getDeltaTime,GlobalState: get frame delta time,body-verified-v1200
method,com.corrodinggames.rts.gameFramework,l,g,getElapsedTime,GlobalState: get total elapsed game time,body-verified-v1200
method,com.corrodinggames.rts.gameFramework,l,g(int),isKeyJustPressed,Check if key just transitioned up→down (edge trigger),verified-exists
method,com.corrodinggames.rts.gameFramework,l,h,isPaused,GlobalState: check if game is paused,body-verified-v1200
method,com.corrodinggames.rts.gameFramework,l,h(int),isKeyDown,Check if key is currently held down,verified-exists
method,com.corrodinggames.rts.gameFramework,l,i,setPaused,GlobalState: toggle game pause state,body-verified-v1200
method,com.corrodinggames.rts.gameFramework,l,i(String),showToast,Show toast message,verified-exists
method,com.corrodinggames.rts.gameFramework,l,j,getGameSpeed,GlobalState: get current game speed multiplier,body-verified-v1200
method,com.corrodinggames.rts.gameFramework,l,j(int),modifierMaskToString,"""Convert modifier bitmask to string (""shift+ctrl+alt+"")""",verified-exists
method,com.corrodinggames.rts.gameFramework,l,k,setGameSpeed,GlobalState: set game speed multiplier,body-verified-v1200
method,com.corrodinggames.rts.gameFramework,l,k(int),enqueueKeyEvent,Enqueue key event to pending command queue,verified-exists
method,com.corrodinggames.rts.gameFramework,l,l,getFPS,GlobalState: get current frames per second,body-verified-v1200
method,com.corrodinggames.rts.gameFramework,l,l(String),extractMapLevel,Extract map level number from file name,verified-exists
method,com.corrodinggames.rts.gameFramework,l,m,isMultiplayer,GlobalState: check if multiplayer game,body-verified-v1200
method,com.corrodinggames.rts.gameFramework,l,m(String),findNextMapLevel,Find next higher-level map in same directory,verified-exists
method,com.corrodinggames.rts.gameFramework,l,n,isReplay,GlobalState: check if replay playback,body-verified-v1200
method,com.corrodinggames.rts.gameFramework,l,n(String),reportProblem,"Report problem (rate-limited: 1000×log,  10×alert)",verified-exists
method,com.corrodinggames.rts.gameFramework,l,o,getRandom,GlobalState: get shared random number generator,body-verified-v1200
method,com.corrodinggames.rts.gameFramework,l,o(String),hasPermission,Check if permission string is granted,verified-exists
method,com.corrodinggames.rts.gameFramework,l,p,getScreenSize,GlobalState: get screen dimensions,body-verified-v1200
method,com.corrodinggames.rts.gameFramework,l,p(String),logAndNetworkSend,Log warning + stack trace + network send (rate-limited 10×),verified-exists
method,com.corrodinggames.rts.gameFramework,l,q,getCameraPosition,GlobalState: get camera view position,body-verified-v1200
method,com.corrodinggames.rts.gameFramework,l,r,setCameraPosition,GlobalState: set camera view position,body-verified-v1200
method,com.corrodinggames.rts.gameFramework,l,s,getCameraZoom,GlobalState: get camera zoom level,body-verified-v1200
method,com.corrodinggames.rts.gameFramework,l,t,setCameraZoom,GlobalState: set camera zoom level,body-verified-v1200
method,com.corrodinggames.rts.gameFramework,l,u,getInputState,GlobalState: get current input/touch state,body-verified-v1200
method,com.corrodinggames.rts.gameFramework,l,u(),getVersion,Get game version string,verified-exists
method,com.corrodinggames.rts.gameFramework,l,v,getNetworkEngine,GlobalState: get network engine reference,body-verified-v1200
method,com.corrodinggames.rts.gameFramework,l,v(),getBuildNumber,Get build number,verified-exists
method,com.corrodinggames.rts.gameFramework,l,w,getRenderEngine,GlobalState: get rendering engine reference,body-verified-v1200
method,com.corrodinggames.rts.gameFramework,l,x,getAudioEngine,GlobalState: get audio engine reference,body-verified-v1200
method,com.corrodinggames.rts.gameFramework,l,y,getPlayerState,GlobalState: get local player state,body-verified-v1200
method,com.corrodinggames.rts.gameFramework,l,z,getGameWorld,GlobalState: get game world reference,body-verified-v1200
field,com.corrodinggames.rts.gameFramework,w,a,o,real-class-inferred: com.corrodinggames.rts.gameFramework.w,real-class-v1200
method,com.corrodinggames.rts.gameFramework,w,"b(long,boolean)",readFromStream,,verified-exists
method,com.corrodinggames.rts.gameFramework,w,c(float),getEntityId,Return unique entity handle (eh) [sig-backfill: returns boolean],verified-exists
method,com.corrodinggames.rts.gameFramework,w,d(float),getEntityType,Return entity type identifier [sig-backfill: returns void],verified-exists
method,com.corrodinggames.rts.gameFramework,w,e(float),isValid,Check if object is valid/not disposed [sig-backfill: returns void],verified-exists
field,com.corrodinggames.rts.gameFramework,w,ei,zComparator,Static z-order comparator for render sorting,verified-exists
field,com.corrodinggames.rts.gameFramework,w,ej,boolean1,real-class-inferred: com.corrodinggames.rts.gameFramework.w,real-class-v1200
field,com.corrodinggames.rts.gameFramework,w,ek,boolean2,real-class-inferred: com.corrodinggames.rts.gameFramework.w,real-class-v1200
field,com.corrodinggames.rts.gameFramework,w,el,boolean3,real-class-inferred: com.corrodinggames.rts.gameFramework.w,real-class-v1200
field,com.corrodinggames.rts.gameFramework,w,em,renderLayer,"Render layer (0=world,  10=top overlay)",verified-exists
field,com.corrodinggames.rts.gameFramework,w,en,depthIndex,Sort order within render layer,verified-exists
field,com.corrodinggames.rts.gameFramework,w,eo,worldX,World X position,verified-exists
field,com.corrodinggames.rts.gameFramework,w,ep,worldY,World Y position (also tertiary sort key),verified-exists
field,com.corrodinggames.rts.gameFramework,w,eq,altitude,Height above ground / Z-coordinate,verified-exists
field,com.corrodinggames.rts.gameFramework,w,er,isDisposed,Object disposed/destroyed flag,verified-exists
method,com.corrodinggames.rts.gameFramework,w,f(float),dispose,Mark object as disposed/destroyed [sig-backfill: returns boolean],verified-exists
method,com.corrodinggames.rts.gameFramework,w,p(float),getDrawLayer,Return draw layer for z-ordering [sig-backfill: returns void],verified-exists
method,com.corrodinggames.rts.gameFramework.a,h,a,reset,real-class-inferred: com.corrodinggames.rts.gameFramework.a.h,real-class-v1200
field,com.corrodinggames.rts.gameFramework.a,h,h,soundClickAdd,Unit add click sound (static i),verified-exists
field,com.corrodinggames.rts.gameFramework.a,i,d,volumeGain,"Volume gain multiplier (float,  default 1.0)",verified-exists
field,com.corrodinggames.rts.gameFramework.a,i,e,filePath,Audio file path (String),verified-exists
field,com.corrodinggames.rts.gameFramework.a,i,f,isStreaming,Streaming audio flag (boolean),verified-exists
field,com.corrodinggames.rts.gameFramework.a,i,g,isLoaded,Audio loaded into memory (boolean),verified-exists
field,com.corrodinggames.rts.gameFramework.c,a,a,debugNetworkEnabled,Network debug enabled (static boolean),verified-exists
field,com.corrodinggames.rts.gameFramework.c,a,b,debugRenderEnabled,Render debug enabled (static boolean),verified-exists
field,com.corrodinggames.rts.gameFramework.c,a,c,debugAIEnabled,AI debug enabled (static boolean),verified-exists
field,com.corrodinggames.rts.gameFramework.c,a,d,debugAudioEnabled,Audio debug enabled (static boolean),verified-exists
field,com.corrodinggames.rts.gameFramework.c,a,e,debugUpdateInterval,Debug update interval (static float),verified-exists
field,com.corrodinggames.rts.gameFramework.c,a,g,isRunning,Server running flag (static boolean),verified-exists
field,com.corrodinggames.rts.gameFramework.c,a,h,serverSocket,Debug server socket (ServerSocket),verified-exists
field,com.corrodinggames.rts.gameFramework.c,a,i,acceptConnections,"Accept connections flag (boolean,  default true)",verified-exists
method,com.corrodinggames.rts.gameFramework.e,a,a,getFile,real-class-inferred: com.corrodinggames.rts.gameFramework.e.a,real-class-v1200
method,com.corrodinggames.rts.gameFramework.e,a,b,isEnabled,real-class-inferred: com.corrodinggames.rts.gameFramework.e.a,real-class-v1200
method,com.corrodinggames.rts.gameFramework.e,a,c,reset,real-class-inferred: com.corrodinggames.rts.gameFramework.e.a,real-class-v1200
method,com.corrodinggames.rts.gameFramework.e,a,d,getString,real-class-inferred: com.corrodinggames.rts.gameFramework.e.a,real-class-v1200
field,com.corrodinggames.rts.gameFramework.e,b,a,canRead,Read permission (boolean),verified-exists
field,com.corrodinggames.rts.gameFramework.e,b,b,canWrite,Write permission (boolean),verified-exists
field,com.corrodinggames.rts.gameFramework.e,b,c,fileExists,File exists (boolean),verified-exists
method,com.corrodinggames.rts.gameFramework.e,c,a,isEnabled,real-class-inferred: com.corrodinggames.rts.gameFramework.e.c,real-class-v1200
field,com.corrodinggames.rts.gameFramework.e,c,b,canRead,Can read flag (boolean),verified-exists
field,com.corrodinggames.rts.gameFramework.e,c,c,canWrite,Can write flag (boolean),verified-exists
field,com.corrodinggames.rts.gameFramework.e,c,d,canDelete,Can delete flag (boolean),verified-exists
field,com.corrodinggames.rts.gameFramework.i,a,a,currentVersion,Current version string (static String),verified-exists
field,com.corrodinggames.rts.gameFramework.i,a,b,latestVersion,Latest version string (static String),verified-exists
field,com.corrodinggames.rts.gameFramework.i,a,c,checkTask,Background check task (b),verified-exists
field,com.corrodinggames.rts.gameFramework.i,b,a,modId,Mod numeric ID (int),verified-exists
field,com.corrodinggames.rts.gameFramework.i,b,b,modVersion,Mod format version (static int=1),verified-exists
field,com.corrodinggames.rts.gameFramework.i,b,c,modName,Mod display name (String),verified-exists
field,com.corrodinggames.rts.gameFramework.i,b,d,modAuthor,Mod author name (String),verified-exists
field,com.corrodinggames.rts.gameFramework.i,b,e,modDescription,Mod description text (String),verified-exists
field,com.corrodinggames.rts.gameFramework.i,b,f,isEnabled,Mod enabled flag (boolean),verified-exists
field,com.corrodinggames.rts.gameFramework.i,b,g,isLoaded,Mod loaded into memory (boolean),verified-exists
field,com.corrodinggames.rts.gameFramework.i,b,h,hasErrors,Mod has loading errors (boolean),verified-exists
field,com.corrodinggames.rts.gameFramework.i,b,i,isBuiltinMod,Is built-in/default mod (boolean),verified-exists
field,com.corrodinggames.rts.gameFramework.i,b,j,isActiveMod,Is currently active mod (boolean),verified-exists
field,com.corrodinggames.rts.gameFramework.i,b,k,modFileSize,Mod file size bytes (long),verified-exists
field,com.corrodinggames.rts.gameFramework.i,b,m,requiresRestart,Requires game restart (boolean),verified-exists
field,com.corrodinggames.rts.gameFramework.i,b,n,modDirectory,Mod directory path (String),verified-exists
field,com.corrodinggames.rts.gameFramework.i,b,o,modUrl,Mod download URL (String),verified-exists
field,com.corrodinggames.rts.gameFramework.i,b,p,modImagePath,Mod preview image path (String),verified-exists
field,com.corrodinggames.rts.gameFramework.i,b,q,modVersionString,Mod version string (String),verified-exists
field,com.corrodinggames.rts.gameFramework.i,b,r,isDownloaded,Mod downloaded flag (boolean),verified-exists
field,com.corrodinggames.rts.gameFramework.i,b,s,workshopId,Steam Workshop ID (String),verified-exists
field,com.corrodinggames.rts.gameFramework.i,b,t,modTags,Mod tag string (String),verified-exists
field,com.corrodinggames.rts.gameFramework.i,b,u,modCategory,Mod category string (String),verified-exists
field,com.corrodinggames.rts.gameFramework.i,b,v,modDependencies,Mod dependencies string (String),verified-exists
field,com.corrodinggames.rts.gameFramework.i,b,w,priority,Load priority (int),verified-exists
field,com.corrodinggames.rts.gameFramework.i,b,x,loadOrder,Load order index (int),verified-exists
field,com.corrodinggames.rts.gameFramework.i,b,y,isCompatible,Is compatible check (boolean),verified-exists
field,com.corrodinggames.rts.gameFramework.i,b,z,requiresUpdate,Requires update flag (boolean),verified-exists
method,com.corrodinggames.rts.gameFramework,c,c(),update,"v19.100 辐射批1: GameEngine.update每帧调用 cf.c() (命令更新, CommandController)",verified
method,com.corrodinggames.rts.gameFramework,ba,a(float),updateGameFrame,"v19.100 辐射批1: GameEngine.update每帧调用 cb.a(f2) (回放帧推进, 命令按帧注入)",verified
method,com.corrodinggames.rts.gameFramework,bg,b,update,v19.100 辐射批1: GameEngine.update每帧调用 bY.b (StatsHandler更新),verified
method,com.corrodinggames.rts.gameFramework,aa,a(float),update,v19.100 辐射批1: GameEngine.update每帧调用 bV.a (GroupController更新),verified
method,com.corrodinggames.rts.gameFramework,c,a(),clearQueues,v19.100: 清空b/c/d三队列,verified
method,com.corrodinggames.rts.gameFramework,c,b(),newCommand,"v19.100: new e(this) + ""Tracing source""调试; Debug.moveAllUnitsOnTeam用cf.b()",verified
method,com.corrodinggames.rts.gameFramework,c,a(com.corrodinggames.rts.game.n),newCommandForTeam,v19.100: 委托b(n),verified
method,com.corrodinggames.rts.gameFramework,c,b(com.corrodinggames.rts.game.n),submitCommand,"v19.100: team==null检查 + ""Command failed prepareAndCheckOnServer()"" + 本地/网络队列分流",verified
method,com.corrodinggames.rts.gameFramework,c,d(),processLocalCommands,v19.100: 非网络(bX.B=false)时每帧处理,verified
field,com.corrodinggames.rts.gameFramework,c,b,localCommandQueue,v19.100: submitCommand非网络分支add,verified
field,com.corrodinggames.rts.gameFramework,c,d,networkCommandQueue,v19.100: submitCommand网络分支add,verified
method,com.corrodinggames.rts.gameFramework,y,"b(java.lang.String, boolean)",saveGame,"v19.100: Root.saveGame→ca.b(string,false) 保存游戏存档",verified
method,com.corrodinggames.rts.gameFramework,y,"c(java.lang.String, boolean)",loadGame,"v19.100: Root.loadGame→ca.c(string,false) 加载存档",verified
method,com.corrodinggames.rts.gameFramework,y,"a(com.corrodinggames.rts.gameFramework.j.k, boolean, boolean, boolean)",loadFromStream,"v19.100: ""--- Save file load complete ---"" (884行) + GameObject.fastGameObjectList; 回放/存档共用加载主方法 (ba.a调用ca.a)",verified
method,com.corrodinggames.rts.gameFramework,y,a(com.corrodinggames.rts.gameFramework.j.as),saveToStream,v19.100: ba.d录制时ca.a(this.J)写初始gamesave,verified
method,com.corrodinggames.rts.gameFramework,y,a(boolean),postLoad,v19.100: 928行 存档加载后处理,verified
method,com.corrodinggames.rts.gameFramework,bg,a(com.corrodinggames.rts.gameFramework.j.as),writeStats,"v19.100: as2.e(""stats"") 子块写 (网络统计)",verified
method,com.corrodinggames.rts.gameFramework,bg,"a(com.corrodinggames.rts.gameFramework.j.k, boolean)",readStats,"v19.100: k2.b(""stats"") 子块读",verified
method,com.corrodinggames.rts.gameFramework,bg,"a(com.corrodinggames.rts.game.units.am, com.corrodinggames.rts.game.units.am, float)",recordKill,v19.100: 116行 单位击杀统计 (伤害记录),verified
field,com.corrodinggames.rts.gameFramework,ba,a,replayDirectory,"初始值 'replays/'; a(String,boolean) 用 e.a.a(name,this.a,bl) 拼接路径",verified
field,com.corrodinggames.rts.gameFramework,ba,b,logUpcomingCommands,静态; a(float) 中 if(b) 打印 'replay: upcoming in' 即将执行命令日志,verified
field,com.corrodinggames.rts.gameFramework,ba,c,logCommandDetails,静态; h() 中 if(c) 打印 'updateGameFrame: Command:/Waypoint:/Build Type:' 等命令详情,verified
field,com.corrodinggames.rts.gameFramework,ba,d,logCommandCredits,静态; a(float) 中 if(d) 打印 Precommand/Postcommand 队伍资源(cu/count/max)日志,verified
field,com.corrodinggames.rts.gameFramework,ba,e,unusedDebugFlag,静态 true; 02+03 全库未发现使用点(可能被外部反射引用),verified-exists
field,com.corrodinggames.rts.gameFramework,ba,i,unusedReservedCounter,"int; 仅 e() 重置为 0, 无其他读写",verified-exists
field,com.corrodinggames.rts.gameFramework,ba,j,commandsSinceChecksum,"a(e,int) 中 ++this.j; >5 时插入 checksum 快照记录并清零",verified
field,com.corrodinggames.rts.gameFramework,ba,k,desyncWarningShown,h() cs 块 'Error: This replay might be out of sync' 提示只显示一次,verified
field,com.corrodinggames.rts.gameFramework,ba,l,checksumMismatchCount,h() 中 ++this.l; 'checksum: checksums don't match!!' 与 extraChecksum 失败计数(es 块 <150 限流),verified
field,com.corrodinggames.rts.gameFramework,ba,m,extraChecksumLogged,h() es 块 'extraChecksum: ... (ok)' 日志仅首个 es 打印; es 块尾置 true,verified
field,com.corrodinggames.rts.gameFramework,ba,s,ended,'end' 块置 true; a(float) 开头 if(s) return 停止推进; e() 置 false,verified
field,com.corrodinggames.rts.gameFramework,ba,t,replayFileName,startReplayingFile/startSaving 中 this.t=string(文件名); e() 置 null,verified
field,com.corrodinggames.rts.gameFramework,ba,w,lastReadRecord,h() 解析 'rc'/'wait'/'chat' 块后 this.w=bd2; a(float) 按帧号消费,verified
field,com.corrodinggames.rts.gameFramework,ba,x,lastReportedRecord,a(float) 中 this.x=this.w 用于 'replay: upcoming' 日志去重,verified
field,com.corrodinggames.rts.gameFramework,ba,y,commandCount,h() 'rc' 块 ++this.y; 日志 'id:'+y 命令序号,verified
field,com.corrodinggames.rts.gameFramework,ba,z,commandsIssued,a(float) 下发命令后 ++this.z; 'number of replay commands issued:',verified
field,com.corrodinggames.rts.gameFramework,ba,A,recordedCommandCount,"bb.java 写线程 bd2.e!=null 时 ++; endReplayMetaData '{frames..,commandCount:'+A",verified
field,com.corrodinggames.rts.gameFramework,ba,B,recordedResyncCount,bb.java bd2.f!=null 时 ++; endReplayMetaData '...resyncCount:'+B,verified
field,com.corrodinggames.rts.gameFramework,ba,C,replayInputStream,startReplayingFile: this.C=e.a.a(file) 文件输入流,verified
field,com.corrodinggames.rts.gameFramework,ba,D,replayBufferedInputStream,new BufferedInputStream(C),verified
field,com.corrodinggames.rts.gameFramework,ba,E,replayDataInputStream,new DataInputStream(D),verified
field,com.corrodinggames.rts.gameFramework,ba,F,replayStream,new k(E) 自定义输入流; h() 用 F.x() 读块名,verified
field,com.corrodinggames.rts.gameFramework,ba,G,replayOutputStream,"startSaving: this.G=e.a.a(file,false)",verified
field,com.corrodinggames.rts.gameFramework,ba,H,replayBufferedOutputStream,new BufferedOutputStream(G),verified
field,com.corrodinggames.rts.gameFramework,ba,I,replayDataOutputStream,new DataOutputStream(H),verified
field,com.corrodinggames.rts.gameFramework,ba,J,replayWriteStream,new as(I) 写入流; 写线程经 J 写 'rc'/'cs'/'wait'/'es'/'resync'/'chat'/'end' 块,verified
field,com.corrodinggames.rts.gameFramework,ba,K,writerThread,"new bb(this) 记录队列消费者; a(e,int) 等经 bb.a(bd) 入队",verified
field,com.corrodinggames.rts.gameFramework,ba,L,replayWriterThread,new Thread(K) 并 start; e() 中 join,verified
field,com.corrodinggames.rts.gameFramework,ba,M,syncLock,e() 中 synchronized(this.M) 状态互斥,verified
method,com.corrodinggames.rts.gameFramework,ba,a(String),logDebug,l.e('Replay: '+msg) 调试日志入口,verified
method,com.corrodinggames.rts.gameFramework,ba,b(String),logError,l.b('Replay: '+msg) 错误日志入口,verified
method,com.corrodinggames.rts.gameFramework,ba,"a(String,Exception)",logErrorWithException,"l.a('Replay: '+msg, ex) 异常日志入口",verified
method,com.corrodinggames.rts.gameFramework,ba,"a(String,boolean)",getReplayFile,"e.a.a(name,this.a,bl) 在 replays/ 目录取文件",verified
method,com.corrodinggames.rts.gameFramework,ba,a(Context),initContext,空实现; Android 上下文初始化钩子,verified-exists
method,com.corrodinggames.rts.gameFramework,ba,a(),togglePlayPause,l.bt 0<->1 切换(暂停/恢复 1 倍速),verified
method,com.corrodinggames.rts.gameFramework,ba,b(),cycleGameSpeed,l.bt 1->2->4->8->16->32->64->1 循环,verified
method,com.corrodinggames.rts.gameFramework,ba,"a(int,String,String,int)",recordChatMessage,"构造聊天 bd 记录; 'Failed to record chat message, replay might have already stopped'",verified
method,com.corrodinggames.rts.gameFramework,ba,"a(byte[],int,int,int,float,float)",recordResync,"'Failed to save resync, replay might have already stopped'",verified
method,com.corrodinggames.rts.gameFramework,ba,c(),writeChecksumSnapshotIfTracing,if(f) d(); f=静态 traceChecksumsWriting 标志,verified
method,com.corrodinggames.rts.gameFramework,ba,"a(e,int)",recordCommand,"'Failed to record command, replay might have already stopped'; 每 5 条附 checksum 快照",verified
method,com.corrodinggames.rts.gameFramework,ba,d(),writeChecksumSnapshot,"g.b() 计算校验和 + a(g,true) 写快照记录",verified
method,com.corrodinggames.rts.gameFramework,ba,"a(ak,boolean)",writeUnitSnapshot,序列化 ak.b 单位状态列表到 bd.d (bl=强制标志),verified
method,com.corrodinggames.rts.gameFramework,ba,e(),stop,同步停止: 写线程 a()+join、关闭 G/H/I 输出流、重置全部状态字段(任务参考 ba.e()=stop),verified
method,com.corrodinggames.rts.gameFramework,ba,c(String),tryStartReplayingFile,"a(name,getReplayFile(name,false)) 尝试加载并启动回放",verified
method,com.corrodinggames.rts.gameFramework,ba,"a(String,File)",startReplayingFile,'startReplayingFile: A replay is already playing/saving'; 校验 'rustedWarfareReplay' 头; 'Loading save from version:' 读初始存档(任务参考确认),verified
method,com.corrodinggames.rts.gameFramework,ba,a(boolean),maybeStartRecording,saveMultiplayerReplays 检查; 文件名 '<name> [v<x>] (d MMM yyyy HH.mm.ss).replay'(任务参考确认),verified
method,com.corrodinggames.rts.gameFramework,ba,d(String),startSaving,"'Recording replay to:' 'startSaving: ...'; 写 'rustedWarfareReplay' 头+初始存档, 启动写线程(任务参考确认)",verified
method,com.corrodinggames.rts.gameFramework,ba,e(String),deleteReplay,'ReplayEngine deleteGame:' 'Cannot get replay with path:'; 删除回放及 .map 文件,verified
method,com.corrodinggames.rts.gameFramework,ba,a(ba),syntheticAccessIsActive,合成访问器读 P; bb.java 中 ba.a(this.k) 使用,verified
method,com.corrodinggames.rts.gameFramework,ba,"a(ba,boolean)",syntheticSetIsActive,"合成访问器写 P; bb.java 中 ba.a(this.k,false) 使用",verified
field,com.corrodinggames.rts.gameFramework.i,a,d,lock,addModEntry/removeModEntry 中 synchronized(this.d),verified
field,com.corrodinggames.rts.gameFramework.i,a,e,modList,全部 mod 条目(i.b)列表; 各方法遍历对象(任务参考确认),verified
field,com.corrodinggames.rts.gameFramework.i,a,f,extraMaps,额外地图条目(i.c)列表; g(String) 遍历匹配 'mod/' 前缀(任务参考确认),verified
method,com.corrodinggames.rts.gameFramework.i,a,"a(String,int)",parseVersionPart,'Unexpected version format (Missing/Bad ...)' 点分版本号某段解析,verified
method,com.corrodinggames.rts.gameFramework.i,a,a(String),checkGameVersion,"调 a(version, l.B().u()) 校验当前游戏版本是否满足要求",verified
method,com.corrodinggames.rts.gameFramework.i,a,b(String),sanitizeVersionString,剥离 v/a/b/c/d/e/f/g/h1-h4 后缀的版本字符串清洗,verified
method,com.corrodinggames.rts.gameFramework.i,a,"a(String,String)",checkMinVersion,'Requires version: X or higher. (You have: Y)' 'Requires newer build:' 'Min version cannot be less than v1.10' 版本比较,verified
method,com.corrodinggames.rts.gameFramework.i,a,a(),init,k() discoverMods + f() loadSelection(任务参考确认),verified
method,com.corrodinggames.rts.gameFramework.i,a,a(boolean),countEnabledMods,结构计数: 跳过 f(禁用)/D(错误)/bl 时 R!=null; 无字符串证据,verified-exists
method,com.corrodinggames.rts.gameFramework.i,a,b(),countActiveMods,结构计数: !f && R!=null (R=运行时加载状态); 无字符串证据,verified-exists
method,com.corrodinggames.rts.gameFramework.i,a,c(),countNonBuiltinMods,"结构计数: !z (z=isBuiltinMod, 'Storage: ' 路径证据); 无字符串证据",verified-exists
method,com.corrodinggames.rts.gameFramework.i,a,d(),storeCurrentSelection,b2.g=b2.f; b2.h=false 保存应用前选择快照; 无字符串证据,verified-exists
method,com.corrodinggames.rts.gameFramework.i,a,e(),saveSelection,"bQ.modSettings 写 'name|hash|enabled/disabled' 串, modSettingsVersion=1(任务参考确认)",verified
method,com.corrodinggames.rts.gameFramework.i,a,f(),loadSelection,'Loading mod selection' + 'loadSelection: wrong count/Unknown option/Did not find mod in settings'(任务参考确认),verified
method,com.corrodinggames.rts.gameFramework.i,a,c(String),findByHash,按 b2.e (hash) 查找; 'MOD|'+hash 链接证据(任务参考确认),verified
method,com.corrodinggames.rts.gameFramework.i,a,d(String),countModsByName,按 b2.c() 显示名计数; 无字符串证据,verified-exists
method,com.corrodinggames.rts.gameFramework.i,a,a(int),findByModId,按 b2.L 查找 (L=modId 递增); 顺序对齐 ModInfo,verified
method,com.corrodinggames.rts.gameFramework.i,a,g(),disableAllMods,全部 b2.f=true(任务参考确认),verified
method,com.corrodinggames.rts.gameFramework.i,a,h(),countEnabledOrFailedMods,结构计数: !f||D (D=hasErrors 顺序对齐); 无字符串证据,verified-exists
method,com.corrodinggames.rts.gameFramework.i,a,e(String),findByAuthor,按 b2.d 字段查找 (modAuthor 顺序对齐); 无字符串证据,verified-exists
method,com.corrodinggames.rts.gameFramework.i,a,f(String),findByDisplayName,按 b2.a() 方法结果查找; 无字符串证据,verified-exists
method,com.corrodinggames.rts.gameFramework.i,a,"a(String,String,String,String,boolean,boolean,boolean,int)",addModEntry,创建/更新 i.b: 名称/作者/来源路径/hash/禁用/下载/内置/优先级; 'Storage: '+来源; 排序插入(任务参考确认),verified
method,com.corrodinggames.rts.gameFramework.i,a,a(b),removeModEntry,同步从 e 移除; k() 'Removing mod no longer found on system' 调用点,verified
method,com.corrodinggames.rts.gameFramework.i,a,"a(String,boolean,boolean)",scanModsFromDirectory,'loading mod custom units at:' + 'getAllModList: Failed to load:' 扫描目录 ini 文件逐个 addModEntry,verified
method,com.corrodinggames.rts.gameFramework.i,a,i(),getEnabledModItems,合并启用 mod (b2.m()) 的 q() 内容列表; 无字符串证据,verified-exists
method,com.corrodinggames.rts.gameFramework.i,a,j(),getEnabledMods,返回启用 mod (b2.m()) 列表(任务参考 i()/j()=getMods),verified
method,com.corrodinggames.rts.gameFramework.i,a,k(),discoverMods,'getAllModList:' 'Modded Custom ... directory not found' 'Number of mods:' 'Disabling all new mods for first/new load' 'Too many new mods found'(任务参考确认),verified
method,com.corrodinggames.rts.gameFramework.i,a,l(),loadAllMods,"l2.br 标志 + l2.e() 重载 + applyMods(false,false) + l2.x()(任务参考确认)",verified
method,com.corrodinggames.rts.gameFramework.i,a,"a(boolean,boolean)",applyMods,清空运行时状态(R/S/U/V/D/E/F/G/H/I/J/w) + k() 发现 + ag.h()/ag.b() 重建(任务参考确认),verified
method,com.corrodinggames.rts.gameFramework.i,a,m(),notifyCallbacks,'No active callbacks' l2.dH.d()(任务参考确认),verified
method,com.corrodinggames.rts.gameFramework.i,a,"a(String[],String)",getMapListForPath,'addExtraMapsForPath:' + 'NEW_PATH|maps2/' + 'MOD|'+hash 前缀生成地图列表,verified
method,com.corrodinggames.rts.gameFramework.i,a,g(String),getExtraMapsForPath,'Adding extra map:' 按路径匹配 extraMaps,verified
method,com.corrodinggames.rts.gameFramework.i,a,n(),clearExtraMaps,this.f.clear() 结构证据,verified
method,com.corrodinggames.rts.gameFramework.i,a,"a(String,b)",addExtraMapEntry,'Skipping: as mod sourceFolder is null' + 'Mod path: ... not in map path:' 创建 i.c 条目,verified
method,com.corrodinggames.rts.gameFramework.i,a,h(String),getLinkedModForFile,'getLinkedModForFile: Failed to find mod with hash:' 按 MOD| 前缀找关联 mod,verified
field,com.corrodinggames.rts.gameFramework,e,b,traceSource,"v19.101: b()里 e2.b=l.a(Exception) ""Tracing source"" 调试",verified
method,com.corrodinggames.rts.gameFramework,aa,b(),createGroup,v19.101: ab2.e=a++ 创建递增id分组,verified
method,com.corrodinggames.rts.gameFramework,aa,"a(com.corrodinggames.rts.gameFramework.utility.m, com.corrodinggames.rts.game.units.y, com.corrodinggames.rts.gameFramework.utility.m, float, int)",groupUnits,v19.101: while(!m3.isEmpty())按位置编组算法,verified
field,com.corrodinggames.rts.gameFramework,aa,a,groupCounter,v19.101: 分组id计数器 (a++/重置1),verified
method,com.corrodinggames.rts.gameFramework,g,a(),detectPlatform,v19.101: os.name检测返回h枚举 (静态单例),verified
method,com.corrodinggames.rts.gameFramework,l,B,getInstance,静态单例访问器; 三个每帧方法(e/f/c/b)开头均 invokestatic l.B() 取 GameEngine 单例,verified
method,com.corrodinggames.rts.gameFramework,ba,j,isReplayActive,方法 j()Z (与 int 字段 j 同名不同成员); c(float) 64-71: !isSyncing && replayEngine.j() 时触发 doQuickResync,verified-exists
field,com.corrodinggames.rts.gameFramework,e,c,frame,int; a(au)V 179-183: e.c = 下一阻塞帧号(游戏帧); 命令执行帧,verified
method,com.corrodinggames.rts.gameFramework,e,a,readFrom,a(PacketReader)V; a(au)V 188-191: 从包读取命令数据,verified
method,com.corrodinggames.rts.gameFramework,e,c,getPlayer,"c()->PlayerState; a(au)V 397-400: 取命令归属玩家, ""Invalid command from"" 判空",verified
field,com.corrodinggames.rts.gameFramework,y,a,plainTextDebugSave,"静态明文存档调试开关。T0: librocket/scripts/Debug.java:466 Debug.plainTextDebugSave(boolean) 命令直接赋值 com.corrodinggames.rts.gameFramework.y.a = bl2; 保存路径 y.b(String,boolean) 91-112行: !a 时写 DataOutputStream+as(二进制), a 时写 PrintStream+aw(明文) 且日志 'DEBUG plain text save created'",verified
field,com.corrodinggames.rts.gameFramework,y,b,profileLoadTotal,"加载总耗时分析开关(final, 构造恒false)。T0: loadFromStream a(k2,bl2,bl3,bl4) 371-372行 'if (this.b) br2.a(bs.y)' 与 890-892行 'if (!this.b) return true; br2.b(bs.y); br2.a(true,true)' — br2=l.B().cd=br(ProfilingEngine, i.java:203), bs.y 枚举名 'load_total' (bs.java:38); 为回放/存档加载计总时长",verified
field,com.corrodinggames.rts.gameFramework,y,c,autosaveBaselineGameTime,"自动保存基准游戏时间。T0: autosaveTick b() 956-958行 当 d==-9999 时 c=l2.by 初始化; postLoad a(boolean) 931-933行 !bl 时 c=-9999 重置。仅赋值、从未被读取(与 d 配对), 语义推断 — 保守命名",verified-exists
field,com.corrodinggames.rts.gameFramework,y,d,lastAutosaveGameTime,上次自动保存游戏时间戳。T0: autosaveTick b() 960-965行 'if (this.d + 300000 < l2.by) { this.d = l2.by; ... this.c(); }' — 以 300000ms(5分钟)游戏时间间隔触发自动保存; l2.by=当前游戏时间,verified
method,com.corrodinggames.rts.gameFramework,y,"a(java.lang.String, boolean)",getSaveFile,"获取存档文件(在 saves/ 目录下)。T0: 57-59行 'return y.a(string, ""saves/"", bl)' 委托 static a(String,String,boolean); saveGame b(String,boolean) 82-87行用其取 .rwsave/.tmp 文件; loadGame c(String,boolean) 319行同用",verified
method,com.corrodinggames.rts.gameFramework,y,"a(java.lang.String, java.lang.String, boolean)",getStorageFile,"静态: 获取存储目录下文件, 委托 FileUtils。T0: 61-63行 'return com.corrodinggames.rts.gameFramework.e.a.a(string, string2, bl)' (e.a=存储文件工具类); saveGame 中 89行 e.a.a(file,false) 开输出流同工具类",verified
method,com.corrodinggames.rts.gameFramework,y,a(java.lang.String),remapDemoMissionMap,"演示版任务地图名重映射。T0: 300-311行 将 'maps/normal/l010;mission_1__-__Dividing_River.tmx' / l030;mission_3 重写为 '[demo]' 前缀版本, 其余原样返回; loadFromStream 474行 'l2.dl = this.a(string4)' 加载时调用",verified
method,com.corrodinggames.rts.gameFramework,y,"a(java.lang.String, com.corrodinggames.rts.gameFramework.j.as)",openSaveFileToStream,"打开存档文件作为保存输出流。T0: 352-358行 取文件, null 抛 IOException 'Failed to get game save: '+string, 存在则 as2.a(file) 交给二进制写入器 as",verified
method,com.corrodinggames.rts.gameFramework,y,b(java.lang.String),deleteSave,"删除存档。T0: 910-926行 日志 'Deleting: '+, 路径校验(含 \ 或 / 拒绝), 删除 .rwsave 及 .map 文件, 失败时弹错误提示",verified
method,com.corrodinggames.rts.gameFramework,y,a(),shouldAutosave,自动保存条件判断。T0: 936-948行 检查 l2.bQ.autosaving 标志、l.ax()(是否地图加载中)、l2.bG(游戏进行中)/bH(暂停)/cb.j()(回放)、l2.M() — 全部满足才允许自动保存,verified
method,com.corrodinggames.rts.gameFramework,y,b(),autosaveTick,"自动保存主循环 tick。T0: 950-967行 先 a() 判条件, d+300000 < l2.by 时更新 d 并调 c() 执行保存, 日志 'Autosaved (...)' 含耗时",verified
method,com.corrodinggames.rts.gameFramework,y,c(),performAutosave,"执行自动保存。T0: 969-971行 'this.b(""autosave"", true)' — 以 autosave 文件名调用 saveGame(bl=true 自动保存模式, 不弹错窗, 覆盖旧档)",verified
field,com.corrodinggames.rts.gameFramework,a,a,collisionGroupGround,"碰撞组1(默认地面单位组)。T0: am.bR() (am.java:625) 非空中非潜水时 n2=1 且 am.bU 默认值 1 (am.java:86) — 所有常规地面单位走此组; 矩阵(构造器 41-47行): 自碰撞+组3,4,10,11,13,21(与空中/建筑组全互碰)。'ground' 为语义推断 — 保守命名",verified-exists
field,com.corrodinggames.rts.gameFramework,a,b,collisionGroupSubmerged,"碰撞组2(潜水单位组)。T0: am.bR() (am.java:628-629) 'else if (this.Q()) n2 = 2' — Q()=isSubmergedUnit(units/b/c.java:74 'eq<-1.0f' 沉入水下判定, agentF 已验证); 矩阵(构造器): 组2无任何碰撞条目 — 潜水单位不参与单位碰撞",verified
field,com.corrodinggames.rts.gameFramework,a,c,collisionGroupAir,"碰撞组3(空中单位组)。T0: am.bR() (am.java:626-627) 'if (this.i()) n2 = 3' — i()=isAirUnit(units/b/d.java:141 'eq>=4.0f' 升空判定, agentF 已验证); 矩阵(构造器 69-73行): 自碰撞+组4,10,13",verified
field,com.corrodinggames.rts.gameFramework,a,d,collisionGroup4,"碰撞组4。T0: 构造器 29行 this.d=this.a((byte)4); 矩阵(74-78行): 自碰撞+组3,10,13。无单位类型对应证据 — 保守命名",verified-exists
field,com.corrodinggames.rts.gameFramework,a,e,collisionGroup10,"碰撞组10。T0: 构造器 30行 this.e=this.a((byte)10); 矩阵(58-63行): 自碰撞+组3,4,13,40 — 高互连组。无单位类型对应证据 — 保守命名",verified-exists
field,com.corrodinggames.rts.gameFramework,a,f,collisionGroup11,"碰撞组11。T0: 构造器 31行 this.f=this.a((byte)11); 矩阵(64-68行): 自碰撞+组3,10,13,40。无单位类型对应证据 — 保守命名",verified-exists
field,com.corrodinggames.rts.gameFramework,a,g,collisionGroup13,"碰撞组13。T0: 构造器 32行 this.g=this.a((byte)13); 矩阵(79-83行): 自碰撞+组3,4,10,13。无单位类型对应证据 — 保守命名",verified-exists
field,com.corrodinggames.rts.gameFramework,a,h,collisionGroup21,"碰撞组21。T0: 构造器 33行 this.h=this.a((byte)21); 矩阵(84-88行): 自碰撞+组3,4,10,13。无单位类型对应证据 — 保守命名",verified-exists
field,com.corrodinggames.rts.gameFramework,a,i,collisionGroup35,"碰撞组35。T0: 构造器 34行 this.i=this.a((byte)35); 矩阵(89-91行): 仅组10,13, 不自碰撞 — 特化组。无单位类型对应证据 — 保守命名",verified-exists
field,com.corrodinggames.rts.gameFramework,a,j,collisionGroup40,"碰撞组40。T0: 构造器 35行 this.j=this.a((byte)40); 矩阵(63行仅被组10引用): 组40自身无条目, 组10/11/13 碰撞表含组40, 不自碰撞。无单位类型对应证据 — 保守命名",verified-exists
field,com.corrodinggames.rts.gameFramework,a,k,collisionGroup45,"碰撞组45。T0: 构造器 36行 this.k=this.a((byte)45); 矩阵(48-49行): 仅组52, 不自碰撞 — 成对特化组。无单位类型对应证据 — 保守命名",verified-exists
field,com.corrodinggames.rts.gameFramework,a,l,collisionGroup52,"碰撞组52。T0: 构造器 37行 this.l=this.a((byte)52); 矩阵: 无自身条目, 仅被组45碰撞表引用(49行)。无单位类型对应证据 — 保守命名",verified-exists
field,com.corrodinggames.rts.gameFramework,a,m,collisionGroup60,"碰撞组60。T0: 构造器 38行 this.m=this.a((byte)60); 矩阵(50-57行): 自碰撞+组3,4,10,11,13,21 — 与组1同构。无单位类型对应证据 — 保守命名",verified-exists
field,com.corrodinggames.rts.gameFramework,a,n,groups,"全部碰撞组注册表。T0: a(byte) 94-103行 'for (b b2 : this.n) ... this.n.add(b3)' — 按组号查找/新增, 存 CollisionGroup 列表",verified
field,com.corrodinggames.rts.gameFramework,b,a,groupId,碰撞组编号。T0: a(byte) (a.java:100-101) 'b3.a = by' — 存入查询用的组号; 构造器 b2.a((byte)3) 等以组号注册,verified
field,com.corrodinggames.rts.gameFramework,b,b,collidesWithGroups,"碰撞组表(按组号索引)。T0: a(b) 14行 'this.b.put(b2.a, b2)' — 以组号为 key 存 CollisionGroup, 即碰撞矩阵的一行",verified
method,com.corrodinggames.rts.gameFramework,b,a(com.corrodinggames.rts.gameFramework.b),addCollisionGroup,注册碰撞组关系。T0: CollisionEngine 构造器 41-91行 大量调用 'b2.a(this.a((byte)3))' — 声明本组可与哪些组碰撞,verified
field,com.corrodinggames.rts.gameFramework.a,e,o,placeSound,"v19.113n: 音效常量. 03曾误标PlatformAudio (platform.e 实为另一类; jar无platform.e, 铁证 y:5102 a.e.o/p)",bytecode-verified
field,com.corrodinggames.rts.gameFramework.a,e,p,attackSound,v19.113n: 音效常量 (y:5102 a.e.p 攻击音),bytecode-verified
method,com.corrodinggames.rts.gameFramework,f,h(String),formatSeconds,v19.113n: 02b f.java:759 getParent逻辑 (03误名formatSeconds — 实为取父目录; 语义名待修正),bytecode-verified
method,com.corrodinggames.rts.gameFramework,w,cD(),getRenderScale,"v19.113n: javap w.cD() float (03缺失, 渲染缩放) — 02b w.java 反编译不完整 143行",bytecode-verified
method,com.corrodinggames.rts.gameFramework,w,cY(),getRenderOffset,v19.113n: javap w.cY() PointF (03缺失) — 02b w.java 反编译不完整,bytecode-verified
field,com.corrodinggames.rts.gameFramework,ag,a,textureId,"field-order-zip-v19.114: 02b int a=-1 <-> 03 int textureId=-1 (位置0, KeyTrigger)",field-order-zip-v19.114
field,com.corrodinggames.rts.gameFramework,ag,b,referenceCount,"field-order-zip-v19.114: 02b int b=0 <-> 03 int referenceCount=0 (位置1, KeyTrigger)",field-order-zip-v19.114
field,com.corrodinggames.rts.gameFramework,ag,d,isDirty,"field-order-zip-v19.114: 02b boolean d=- <-> 03 boolean isDirty=- (位置3, KeyTrigger)",field-order-zip-v19.114
field,com.corrodinggames.rts.gameFramework,ah,a,textureId,"field-order-zip-v19.114: 02b int a=-1 <-> 03 int textureId=-1 (位置0, AxisTrigger)",field-order-zip-v19.114
field,com.corrodinggames.rts.gameFramework,ae,a,bindingName,"field-order-zip-v19.114: 02b String a=- <-> 03 String bindingName=- (位置0, ShaderProgram)",field-order-zip-v19.114
field,com.corrodinggames.rts.gameFramework,ae,b,isActive,"field-order-zip-v19.114: 02b boolean b=false <-> 03 boolean isActive=false (位置1, ShaderProgram)",field-order-zip-v19.114
method,com.corrodinggames.rts.gameFramework,l$4,a(a),activeANRWatchDog,"证据串自报名(ldc 绑定, A 级)；描述符 (Lcom/corrodinggames/rts/gameFramework/utility/a;)V",logstring-selfname-v109
method,com.corrodinggames.rts.gameFramework.e,e,q(String),fixPath,"证据串自报名(ldc 绑定, A 级)；描述符 (Ljava/lang/String;)Ljava/lang/String;",logstring-selfname-v109
method,com.corrodinggames.rts.gameFramework.e,g,"b(String,String,String)",openAssetCached,"证据串自报名(ldc 绑定, A 级)；描述符 (Ljava/lang/String;Ljava/lang/String;Ljava/lang/String;)Lcom/corrodinggames/rts/gameFramework/e/h;",logstring-selfname-v109
method,com.corrodinggames.rts.gameFramework.e,g,"d(String,String)",listDirCached,"证据串自报名(ldc 绑定, A 级)；描述符 (Ljava/lang/String;Ljava/lang/String;)[Ljava/lang/String;",logstring-selfname-v109
method,com.corrodinggames.rts.gameFramework.h,a,c(String),convertInlineBlocks,"证据串自报名(ldc 绑定, A 级)；描述符 (Ljava/lang/String;)Ljava/lang/String;",logstring-selfname-v109
method,com.corrodinggames.rts.gameFramework.e,a,f(...),isEnabled4,位置无关配对导出（02↔反向源唯一性配对）；见 RENAME-DAMAGE/STATUS §〇.2,pair-derived-v19.133f99
method,com.corrodinggames.rts.gameFramework.e,a,j(...),getj2,位置无关配对导出（02↔反向源唯一性配对）；见 RENAME-DAMAGE/STATUS §〇.2,bytecode-derived-v19.133f99
method,com.corrodinggames.rts.gameFramework.e,a,e(...),getString3,位置无关配对导出（02↔反向源唯一性配对）；见 RENAME-DAMAGE/STATUS §〇.2,bytecode-derived-v19.133f99
field,com.corrodinggames.rts.gameFramework,bp,a,original,枚举常量 INI 名（RS-27 第 47 轮，由 <clinit> 的 ldc 序列提取）,derived-bytecode-v19.133f99
field,com.corrodinggames.rts.gameFramework,bp,b,v220911_added_history,枚举常量 INI 名（RS-27 第 47 轮，由 <clinit> 的 ldc 序列提取）,derived-bytecode-v19.133f99
field,com.corrodinggames.rts.gameFramework,u,a,gameImage,枚举常量 INI 名（RS-27 第 47 轮，由 <clinit> 的 ldc 序列提取）,derived-bytecode-v19.133f99
field,com.corrodinggames.rts.gameFramework,u,b,gameImageCreate,枚举常量 INI 名（RS-27 第 47 轮，由 <clinit> 的 ldc 序列提取）,derived-bytecode-v19.133f99
field,com.corrodinggames.rts.gameFramework,u,c,gameImageColor,枚举常量 INI 名（RS-27 第 47 轮，由 <clinit> 的 ldc 序列提取）,derived-bytecode-v19.133f99
field,com.corrodinggames.rts.gameFramework,u,d,gameImageFogBuffer,枚举常量 INI 名（RS-27 第 47 轮，由 <clinit> 的 ldc 序列提取）,derived-bytecode-v19.133f99
field,com.corrodinggames.rts.gameFramework,u,e,gameFont,枚举常量 INI 名（RS-27 第 47 轮，由 <clinit> 的 ldc 序列提取）,derived-bytecode-v19.133f99
field,com.corrodinggames.rts.gameFramework,u,f,gameSound,枚举常量 INI 名（RS-27 第 47 轮，由 <clinit> 的 ldc 序列提取）,derived-bytecode-v19.133f99
field,com.corrodinggames.rts.gameFramework,u,g,uiImage,枚举常量 INI 名（RS-27 第 47 轮，由 <clinit> 的 ldc 序列提取）,derived-bytecode-v19.133f99
field,com.corrodinggames.rts.gameFramework,bs,A,total,枚举常量：按 <clinit> 的 ldc 顺序与字段声明顺序**按位置**对应（RS-38 第 65 轮修正叉积 ✗）,derived-bytecode-v19.133f99
field,com.corrodinggames.rts.gameFramework,bs,B,update,枚举常量：按 <clinit> 的 ldc 顺序与字段声明顺序**按位置**对应（RS-38 第 65 轮修正叉积 ✗）,derived-bytecode-v19.133f99
field,com.corrodinggames.rts.gameFramework,bs,C,draw,枚举常量：按 <clinit> 的 ldc 顺序与字段声明顺序**按位置**对应（RS-38 第 65 轮修正叉积 ✗）,derived-bytecode-v19.133f99
field,com.corrodinggames.rts.gameFramework,bs,D,draw_game,枚举常量：按 <clinit> 的 ldc 顺序与字段声明顺序**按位置**对应（RS-38 第 65 轮修正叉积 ✗）,derived-bytecode-v19.133f99
field,com.corrodinggames.rts.gameFramework,bs,a,draw_end,枚举常量：按 <clinit> 的 ldc 顺序与字段声明顺序**按位置**对应（RS-38 第 65 轮修正叉积 ✗）,derived-bytecode-v19.133f99
field,com.corrodinggames.rts.gameFramework,bs,b,draw_gui,枚举常量：按 <clinit> 的 ldc 顺序与字段声明顺序**按位置**对应（RS-38 第 65 轮修正叉积 ✗）,derived-bytecode-v19.133f99
field,com.corrodinggames.rts.gameFramework,bs,c,draw_game_effects,枚举常量：按 <clinit> 的 ldc 顺序与字段声明顺序**按位置**对应（RS-38 第 65 轮修正叉积 ✗）,derived-bytecode-v19.133f99
field,com.corrodinggames.rts.gameFramework,bs,d,update_game_shouldDraw,枚举常量：按 <clinit> 的 ldc 顺序与字段声明顺序**按位置**对应（RS-38 第 65 轮修正叉积 ✗）,derived-bytecode-v19.133f99
field,com.corrodinggames.rts.gameFramework,bs,e,update_game_sortRender,枚举常量：按 <clinit> 的 ldc 顺序与字段声明顺序**按位置**对应（RS-38 第 65 轮修正叉积 ✗）,derived-bytecode-v19.133f99
field,com.corrodinggames.rts.gameFramework,bs,f,update_do_all_collisions,枚举常量：按 <clinit> 的 ldc 顺序与字段声明顺序**按位置**对应（RS-38 第 65 轮修正叉积 ✗）,derived-bytecode-v19.133f99
field,com.corrodinggames.rts.gameFramework,bs,g,update_do_all_collisions2,枚举常量：按 <clinit> 的 ldc 顺序与字段声明顺序**按位置**对应（RS-38 第 65 轮修正叉积 ✗）,derived-bytecode-v19.133f99
field,com.corrodinggames.rts.gameFramework,bs,h,update_all_team_and_ai,枚举常量：按 <clinit> 的 ldc 顺序与字段声明顺序**按位置**对应（RS-38 第 65 轮修正叉积 ✗）,derived-bytecode-v19.133f99
field,com.corrodinggames.rts.gameFramework,bs,i,update_geo_indexes,枚举常量：按 <clinit> 的 ldc 顺序与字段声明顺序**按位置**对应（RS-38 第 65 轮修正叉积 ✗）,derived-bytecode-v19.133f99
field,com.corrodinggames.rts.gameFramework,bs,j,update_minimap,枚举常量：按 <clinit> 的 ldc 顺序与字段声明顺序**按位置**对应（RS-38 第 65 轮修正叉积 ✗）,derived-bytecode-v19.133f99
field,com.corrodinggames.rts.gameFramework,bs,k,update_groupcontroller,枚举常量：按 <clinit> 的 ldc 顺序与字段声明顺序**按位置**对应（RS-38 第 65 轮修正叉积 ✗）,derived-bytecode-v19.133f99
field,com.corrodinggames.rts.gameFramework,bs,l,draw_game_unit,枚举常量：按 <clinit> 的 ldc 顺序与字段声明顺序**按位置**对应（RS-38 第 65 轮修正叉积 ✗）,derived-bytecode-v19.133f99
field,com.corrodinggames.rts.gameFramework,bs,m,draw_setup,枚举常量：按 <clinit> 的 ldc 顺序与字段声明顺序**按位置**对应（RS-38 第 65 轮修正叉积 ✗）,derived-bytecode-v19.133f99
field,com.corrodinggames.rts.gameFramework,bs,n,draw_setup_fill,枚举常量：按 <clinit> 的 ldc 顺序与字段声明顺序**按位置**对应（RS-38 第 65 轮修正叉积 ✗）,derived-bytecode-v19.133f99
field,com.corrodinggames.rts.gameFramework,bs,o,draw_setup_clip,枚举常量：按 <clinit> 的 ldc 顺序与字段声明顺序**按位置**对应（RS-38 第 65 轮修正叉积 ✗）,derived-bytecode-v19.133f99
field,com.corrodinggames.rts.gameFramework,bs,p,draw_setup_drawMap,枚举常量：按 <clinit> 的 ldc 顺序与字段声明顺序**按位置**对应（RS-38 第 65 轮修正叉积 ✗）,derived-bytecode-v19.133f99
field,com.corrodinggames.rts.gameFramework,bs,q,surface_draw,枚举常量：按 <clinit> 的 ldc 顺序与字段声明顺序**按位置**对应（RS-38 第 65 轮修正叉积 ✗）,derived-bytecode-v19.133f99
field,com.corrodinggames.rts.gameFramework,bs,r,realdraw_in_drawthread,枚举常量：按 <clinit> 的 ldc 顺序与字段声明顺序**按位置**对应（RS-38 第 65 轮修正叉积 ✗）,derived-bytecode-v19.133f99
field,com.corrodinggames.rts.gameFramework,bs,s,update_waiting_on_draw,枚举常量：按 <clinit> 的 ldc 顺序与字段声明顺序**按位置**对应（RS-38 第 65 轮修正叉积 ✗）,derived-bytecode-v19.133f99
field,com.corrodinggames.rts.gameFramework,bs,t,draw_waiting_on_update,枚举常量：按 <clinit> 的 ldc 顺序与字段声明顺序**按位置**对应（RS-38 第 65 轮修正叉积 ✗）,derived-bytecode-v19.133f99
field,com.corrodinggames.rts.gameFramework,bs,u,load_total,枚举常量：按 <clinit> 的 ldc 顺序与字段声明顺序**按位置**对应（RS-38 第 65 轮修正叉积 ✗）,derived-bytecode-v19.133f99
field,com.corrodinggames.rts.gameFramework,bs,v,load_map,枚举常量：按 <clinit> 的 ldc 顺序与字段声明顺序**按位置**对应（RS-38 第 65 轮修正叉积 ✗）,derived-bytecode-v19.133f99
field,com.corrodinggames.rts.gameFramework,bs,w,load_units,枚举常量：按 <clinit> 的 ldc 顺序与字段声明顺序**按位置**对应（RS-38 第 65 轮修正叉积 ✗）,derived-bytecode-v19.133f99
field,com.corrodinggames.rts.gameFramework,bs,x,load_compression,枚举常量：按 <clinit> 的 ldc 顺序与字段声明顺序**按位置**对应（RS-38 第 65 轮修正叉积 ✗）,derived-bytecode-v19.133f99
field,com.corrodinggames.rts.gameFramework,bs,y,init_total,枚举常量：按 <clinit> 的 ldc 顺序与字段声明顺序**按位置**对应（RS-38 第 65 轮修正叉积 ✗）,derived-bytecode-v19.133f99
field,com.corrodinggames.rts.gameFramework,bs,z,init_unitcolour,枚举常量：按 <clinit> 的 ldc 顺序与字段声明顺序**按位置**对应（RS-38 第 65 轮修正叉积 ✗）,derived-bytecode-v19.133f99
