type,obfuscated_package,obfuscated_class,obfuscated_member,meaningful_name,notes,verified
method,com.corrodinggames.rts.game.units.custom,aa,a,getstrictfp long,real-class-inferred: com.corrodinggames.rts.game.units.custom.aa,real-class-v1200
field,com.corrodinggames.rts.game.units.custom,aa,b,maxCapacity,Maximum capacity (float),verified-exists
method,com.corrodinggames.rts.game.units.custom,ag,a(com.corrodinggames.rts.game.units.custom.l, com.corrodinggames.rts.gameFramework.utility.ab, com.corrodinggames.rts.gameFramework.utility.ab | java.lang.String,verified-exists
method,com.corrodinggames.rts.game.units.custom,ag,b(com.corrodinggames.rts.game.units.custom.l, com.corrodinggames.rts.gameFramework.utility.ab, java.lang.String | java.lang.String,verified-exists
method,com.corrodinggames.rts.game.units.custom,ag,c(java.lang.String, java.lang.String,""" com.corrodinggames.rts.game.units.custom.l)""",loadIniFromMod
method,com.corrodinggames.rts.game.units.custom,ag,a,do_a,"""[Phase3-method] returns void""",verified-exists
method,com.corrodinggames.rts.game.units.custom,ag,b,reloadAllMods,[U] b()->void; reload entry point,verified-exists
method,com.corrodinggames.rts.game.units.custom,ag,c,clearAllCaches,[U] c()->void; reset caches,verified-exists
method,com.corrodinggames.rts.game.units.custom,ag,d,reloadModDirs,[U] d()->void; rescan mod directories,verified-exists
method,com.corrodinggames.rts.game.units.custom,ag,e,clearModData,[U] e()->void; clear per-mod data (called after enableAll),verified-exists
method,com.corrodinggames.rts.game.units.custom,ag,f,unloadModData,[U] f()->void; teardown mod data,verified-exists
method,com.corrodinggames.rts.game.units.custom,ag,g,reloadAllModsSync,[V] g()->void; synchronized(o){ o(); },verified-exists
method,com.corrodinggames.rts.game.units.custom,ag,h,reloadAllTextures,"""[V] h()->void; resets i/j/l/k counters""",verified-exists
method,com.corrodinggames.rts.game.units.custom,ag,i,dumpTimerStats,[V] i()->void; '==Timing==' + name: ms per timer,verified-exists
method,com.corrodinggames.rts.game.units.custom,ag,j,resetTimers,[V] j()->void; zeroes all timer accumulators,verified-exists
method,com.corrodinggames.rts.game.units.custom,ag,k,getBuiltinModsDirName,[V] k()->String; returns 'builtin_mods',verified-exists
method,com.corrodinggames.rts.game.units.custom,ag,l,getBuiltinModsEnabledFile,[V] l()->String; returns 'builtin_mods_enabled',verified-exists
method,com.corrodinggames.rts.game.units.custom,ag,m,getModsDirectoryPath,[V] m()->String; '/SD/mods/units' or '/SD/rustedWarfare/units',verified-exists
method,com.corrodinggames.rts.game.units.custom,ag,n,buildModList,[V] n()->void; iterates ar.values() + ModUnitRegistry.d (ag.java:502-511),verified-exists
method,com.corrodinggames.rts.game.units.custom,ag,o,doReloadModsInternal,"""[V] o()->void; clears l.g/l.f""", resets EffectConfig.e
field,com.corrodinggames.rts.game.units.custom,ag,p,modLoadProgressMin,[U] float default 50.0; assigned with q in reload (ag.java:546-547),verified-exists
field,com.corrodinggames.rts.game.units.custom,ag,q,modLoadProgressMax,[U] float default 50.0; paired with p,verified-exists
field,com.corrodinggames.rts.game.units.custom,ag,r,currentlyLoadingMod,[V] r = l2.bZ.c (ModInfo); log 'Loading units from mod: ' + b3.c,verified-exists
field,com.corrodinggames.rts.game.units.custom,ag,s,lastModLoadError,"""[V] s=null on success""",verified-exists
method,com.corrodinggames.rts.game.units.custom,aj,a,getString,real-class-inferred: com.corrodinggames.rts.game.units.custom.aj,real-class-v1200
field,com.corrodinggames.rts.game.units.custom,aj,b,effectName,Effect display name (LocalizedString),verified-exists
field,com.corrodinggames.rts.game.units.custom,aj,c,effectDuration,Effect duration seconds (float),verified-exists
field,com.corrodinggames.rts.game.units.custom,aj,d,effectInterval,Effect tick interval (float),verified-exists
field,com.corrodinggames.rts.game.units.custom,aj,e,effectScript,Effect LogicBoolean script,verified-exists
field,com.corrodinggames.rts.game.units.custom,aj,f,effectFlags,Effect behavior flags (int),verified-exists
field,com.corrodinggames.rts.game.units.custom,aj,g,effectStackLimit,Max stack count (int),verified-exists
method,com.corrodinggames.rts.game.units.custom,as,a,getat,real-class-inferred: com.corrodinggames.rts.game.units.custom.as,real-class-v1200
method,com.corrodinggames.rts.game.units.custom,as,b,getas,real-class-inferred: com.corrodinggames.rts.game.units.custom.as,real-class-v1200
field,com.corrodinggames.rts.game.units.custom,as,c,targetFilter,Target filter type (int),verified-exists
field,com.corrodinggames.rts.game.units.custom,as,d,minAttackRange,Minimum attack range (float),verified-exists
field,com.corrodinggames.rts.game.units.custom,as,e,damageMultiplier,Damage multiplier (float, default 1.0)
field,com.corrodinggames.rts.game.units.custom,as,f,reloadMultiplier,Reload speed multiplier (float, default 1.0)
field,com.corrodinggames.rts.game.units.custom,as,g,bulletCount,Bullets per shot (int),verified-exists
field,com.corrodinggames.rts.game.units.custom,as,h,aimingTime,Aiming/charge time (float),verified-exists
field,com.corrodinggames.rts.game.units.custom,as,i,cooldownTime,Cooldown between shots (float),verified-exists
field,com.corrodinggames.rts.game.units.custom,as,j,muzzleVelocity,Muzzle exit velocity (float),verified-exists
field,com.corrodinggames.rts.game.units.custom,as,k,recoilForce,Recoil force applied (float),verified-exists
field,com.corrodinggames.rts.game.units.custom,as,l,turretTraverseSpeed,Turret traverse speed (float),verified-exists
field,com.corrodinggames.rts.game.units.custom,as,m,requiresManualFire,Requires manual fire command (boolean),verified-exists
field,com.corrodinggames.rts.game.units.custom,as,n,ammoPerBurst,Ammo consumed per burst (int),verified-exists
field,com.corrodinggames.rts.game.units.custom,as,o,maxAmmoCount,Maximum ammo capacity (int),verified-exists
field,com.corrodinggames.rts.game.units.custom,as,p,accuracySpread,Accuracy spread angle (float),verified-exists
field,com.corrodinggames.rts.game.units.custom,as,q,projectileGravity,Projectile gravity effect (float),verified-exists
field,com.corrodinggames.rts.game.units.custom,as,r,targetLeadTime,Target leading prediction time (float),verified-exists
field,com.corrodinggames.rts.game.units.custom,av,a,barColorNormal,Normal bar color (int),verified-exists
field,com.corrodinggames.rts.game.units.custom,av,b,barColorDamaged,Damaged bar color (int),verified-exists
field,com.corrodinggames.rts.game.units.custom,av,c,barColorCritical,Critical bar color (int),verified-exists
field,com.corrodinggames.rts.game.units.custom,b,a,frameTime,Time position in animation (float),suspicious-bc-missing
field,com.corrodinggames.rts.game.units.custom,b,b,valueX,Keyframe X value (float),suspicious-bc-missing
field,com.corrodinggames.rts.game.units.custom,b,c,valueY,Keyframe Y value (float),suspicious-bc-missing
field,com.corrodinggames.rts.game.units.custom,b,d,interpolation,Interpolation type enum (int),suspicious-bc-missing
field,com.corrodinggames.rts.game.units.custom,ba,A,ammoCapacity,Ammo capacity (float),verified-exists
field,com.corrodinggames.rts.game.units.custom,ba,B,ammoResourceType,Ammo resource type (e),verified-exists
field,com.corrodinggames.rts.game.units.custom,ba,C,producedResources,Resources produced on hit (e[]),verified-exists
field,com.corrodinggames.rts.game.units.custom,ba,D,damageResourceType,Resource type damaged (e),verified-exists
field,com.corrodinggames.rts.game.units.custom,ba,E,isGuidedProjectile,Projectile is guided (boolean),verified-exists
field,com.corrodinggames.rts.game.units.custom,ba,F,canMoveTarget,Can target moving units (boolean, default true)
field,com.corrodinggames.rts.game.units.custom,ba,G,canAttackGround,Can attack ground units (boolean, default true)
field,com.corrodinggames.rts.game.units.custom,ba,H,isInterceptable,Projectile can be intercepted (boolean),verified-exists
field,com.corrodinggames.rts.game.units.custom,ba,I,canAttackAir,Can attack air units (boolean, default true)
field,com.corrodinggames.rts.game.units.custom,ba,J,canAttackWater,Can attack water units (boolean, default true)
field,com.corrodinggames.rts.game.units.custom,ba,K,maxProjectileSpeed,Max projectile speed (float, default 7.0)
field,com.corrodinggames.rts.game.units.custom,ba,L,burstCount,Shots per burst (int, default 3)
field,com.corrodinggames.rts.game.units.custom,ba,M,allowRetaliation,Allow retaliation when hit (boolean, default true)
field,com.corrodinggames.rts.game.units.custom,ba,N,turnRadiusMin,Minimum turn radius (float, default 16.0)
field,com.corrodinggames.rts.game.units.custom,ba,O,engageRangeMax,Maximum engagement range (float, default 50.0)
field,com.corrodinggames.rts.game.units.custom,ba,P,prefersStationaryTarget,Prefers stationary targets (boolean),verified-exists
field,com.corrodinggames.rts.game.units.custom,ba,Q,forceFireAtGround,Force fire at ground position (boolean),verified-exists
field,com.corrodinggames.rts.game.units.custom,ba,R,minEngageRange,Minimum engagement range (float),verified-exists
field,com.corrodinggames.rts.game.units.custom,ba,S,targetPriorities,Target priority weights (int[]),verified-exists
field,com.corrodinggames.rts.game.units.custom,ba,T,priorityWeight,Overall priority weight (float),verified-exists
method,com.corrodinggames.rts.game.units.custom,ba,a,reset,real-class-inferred: com.corrodinggames.rts.game.units.custom.ba,real-class-v1200
field,com.corrodinggames.rts.game.units.custom,ba,aimOffsetSpread,aimOffsetSpread,"""INI-verified: appears 4x in sections attack","turret_1"""
field,com.corrodinggames.rts.game.units.custom,ba,b,weaponName,Weapon display name (String),verified-exists
field,com.corrodinggames.rts.game.units.custom,ba,c,isEnabled,Weapon enabled flag (boolean),verified-exists
field,com.corrodinggames.rts.game.units.custom,ba,canAttack,canAttack,INI-verified: appears 105x in sections attack,ini-verified-v16
field,com.corrodinggames.rts.game.units.custom,ba,canAttackFlyingUnits,canAttackFlyingUnits,"""INI-verified: appears 140x in sections attack",turret_1
field,com.corrodinggames.rts.game.units.custom,ba,canAttackLandUnits,canAttackLandUnits,"""INI-verified: appears 141x in sections attack",turret_1
field,com.corrodinggames.rts.game.units.custom,ba,canAttackNotTouchingWaterUnits,canAttackNotTouchingWaterUnits,"""INI-verified: appears 10x in sections attack",turret_1
field,com.corrodinggames.rts.game.units.custom,ba,canAttackUnderwaterUnits,canAttackUnderwaterUnits,"""INI-verified: appears 136x in sections attack",turret_1
field,com.corrodinggames.rts.game.units.custom,ba,d,damageMin,Minimum damage per hit (float),verified-exists
field,com.corrodinggames.rts.game.units.custom,ba,e,damageMax,Maximum damage per hit (float),verified-exists
field,com.corrodinggames.rts.game.units.custom,ba,f,splashRadius,Splash/AoE radius (float, default 2.0)
field,com.corrodinggames.rts.game.units.custom,ba,g,splashDamageMultiplier,Splash damage multiplier (float, default 0.0)
field,com.corrodinggames.rts.game.units.custom,ba,h,canDamageSelf,Can damage own units (boolean, default true)
field,com.corrodinggames.rts.game.units.custom,ba,i,rangeMin,Minimum attack range (float),verified-exists
field,com.corrodinggames.rts.game.units.custom,ba,isFixedFiring,isFixedFiring,INI-verified: appears 21x in sections attack,ini-verified-v16
field,com.corrodinggames.rts.game.units.custom,ba,isMelee,isMelee,INI-verified: appears 7x in sections attack,ini-verified-v16
field,com.corrodinggames.rts.game.units.custom,ba,j,rangeMax,Maximum attack range (float),verified-exists
field,com.corrodinggames.rts.game.units.custom,ba,k,optimalRange,Optimal engagement range (float),verified-exists
field,com.corrodinggames.rts.game.units.custom,ba,l,isHoming,Projectile has homing/tracking (boolean),verified-exists
field,com.corrodinggames.rts.game.units.custom,ba,m,projectileSpeed,Projectile travel speed (float, default 1.0)
field,com.corrodinggames.rts.game.units.custom,ba,maxAttackRange,maxAttackRange,INI-verified: appears 92x in sections attack,ini-verified-v16
field,com.corrodinggames.rts.game.units.custom,ba,n,canFireWhileMoving,Can fire while moving (boolean, default true)
field,com.corrodinggames.rts.game.units.custom,ba,o,requiresFullStop,Requires full stop to fire (boolean),verified-exists
field,com.corrodinggames.rts.game.units.custom,ba,p,fireThroughAllies,Can fire through allied units (boolean),verified-exists
field,com.corrodinggames.rts.game.units.custom,ba,q,fireCondition,LogicBoolean condition for firing (LogicBoolean),verified-exists
field,com.corrodinggames.rts.game.units.custom,ba,r,damageMultiplier,Global damage multiplier (float, default 1.0)
field,com.corrodinggames.rts.game.units.custom,ba,s,reloadTime,Reload/cooldown time (float, default 1.0)
field,com.corrodinggames.rts.game.units.custom,ba,shootDelay,shootDelay,INI-verified: appears 93x in sections attack,ini-verified-v16
field,com.corrodinggames.rts.game.units.custom,ba,t,burstDelay,Burst fire interval (float),verified-exists
field,com.corrodinggames.rts.game.units.custom,ba,turretMultiTargeting,turretMultiTargeting,INI-verified: appears 9x in sections attack,ini-verified-v16
field,com.corrodinggames.rts.game.units.custom,ba,turretRotateWithBody,turretRotateWithBody,INI-verified: appears 26x in sections attack,ini-verified-v16
field,com.corrodinggames.rts.game.units.custom,ba,turretSize,turretSize,INI-verified: appears 88x in sections attack,ini-verified-v16
field,com.corrodinggames.rts.game.units.custom,ba,turretTurnSpeed,turretTurnSpeed,INI-verified: appears 87x in sections attack,ini-verified-v16
field,com.corrodinggames.rts.game.units.custom,ba,u,turretRotationSpeed,Turret rotation speed (float, default 3.0)
field,com.corrodinggames.rts.game.units.custom,ba,v,inaccuracySpread,Inaccuracy/spread angle (float, default 0.3)
field,com.corrodinggames.rts.game.units.custom,ba,w,projectileLifetime,Projectile max lifetime seconds (float),verified-exists
field,com.corrodinggames.rts.game.units.custom,ba,x,targetResourceType,Resource type targeted (e),verified-exists
field,com.corrodinggames.rts.game.units.custom,ba,y,costResourceTypes,Resource costs per shot (e[]),verified-exists
field,com.corrodinggames.rts.game.units.custom,ba,z,consumesAmmo,Consumes ammo on fire (boolean),verified-exists
method,com.corrodinggames.rts.game.units.custom,bb,a(java.lang.String, java.lang.String),replaceAll,verified-exists
method,com.corrodinggames.rts.game.units.custom,bb,a,isEmpty,[V] a()->boolean; no translation present,verified-exists
method,com.corrodinggames.rts.game.units.custom,bb,b,getLocalizedText,[V] b()->String; resolved localized text,verified-exists
field,com.corrodinggames.rts.game.units.custom,bb,c,defaultText,Fallback default text (String),verified-exists
field,com.corrodinggames.rts.game.units.custom,bb,d,stringId,String ID for lookup (int  -1=unset),verified-exists
field,com.corrodinggames.rts.game.units.custom,bb,e,keyName,Localization key name (String),verified-exists
field,com.corrodinggames.rts.game.units.custom,bc,a,localeCode,Locale/language code (String),verified-exists
field,com.corrodinggames.rts.game.units.custom,bc,b,translatedText,Translated text string (String),verified-exists
field,com.corrodinggames.rts.game.units.custom,bf,a,colorName,Color name string,verified-exists
field,com.corrodinggames.rts.game.units.custom,bf,b,colorValue,Color ARGB value (int),verified-exists
field,com.corrodinggames.rts.game.units.custom,bf,c,gradientColor1,Gradient color 1 (int),verified-exists
field,com.corrodinggames.rts.game.units.custom,bf,d,gradientColor2,Gradient color 2 (int),verified-exists
field,com.corrodinggames.rts.game.units.custom,bn,A,effectsLoaded,Effects loaded (boolean, default true)
field,com.corrodinggames.rts.game.units.custom,bn,B,resourcesLoaded,Resources loaded flag (boolean),verified-exists
field,com.corrodinggames.rts.game.units.custom,bn,C,boundingRect,Bounding rectangle for all mod content (Rect),verified-exists
field,com.corrodinggames.rts.game.units.custom,bn,D,modDirectoryPath,Mod directory path string,verified-exists
field,com.corrodinggames.rts.game.units.custom,bn,E,modCachePath,Mod cache directory path string,verified-exists
field,com.corrodinggames.rts.game.units.custom,bn,F,activeModNames,Active mod names string,verified-exists
field,com.corrodinggames.rts.game.units.custom,bn,G,allowModDownloads,Allow mod downloads (boolean, default true)
field,com.corrodinggames.rts.game.units.custom,bn,H,totalModCount,Total mod count (int),verified-exists
field,com.corrodinggames.rts.game.units.custom,bn,I,lastModError,Last mod error message string,verified-exists
field,com.corrodinggames.rts.game.units.custom,bn,J,modInfo,Current mod info object (i.b),verified-exists
field,com.corrodinggames.rts.game.units.custom,bn,K,workshopId,Steam Workshop ID string,verified-exists
field,com.corrodinggames.rts.game.units.custom,bn,L,modDisplayName,Mod display name string,verified-exists
field,com.corrodinggames.rts.game.units.custom,bn,M,modAuthorName,Mod author name string,verified-exists
field,com.corrodinggames.rts.game.units.custom,bn,N,spawnUnitNameList,Spawn unit name list (m),verified-exists
field,com.corrodinggames.rts.game.units.custom,bn,O,defaultUnitFilter,Default units filter (h),verified-exists
field,com.corrodinggames.rts.game.units.custom,bn,P,availableUnitFilter,Available units filter (h),verified-exists
field,com.corrodinggames.rts.game.units.custom,bn,Q,startingUnitTypeName,Starting unit type name string,verified-exists
field,com.corrodinggames.rts.game.units.custom,bn,R,defaultCreditsAmount,Default credits amount (int),verified-exists
field,com.corrodinggames.rts.game.units.custom,bn,S,maxPlayers,Max players setting (int),verified-exists
field,com.corrodinggames.rts.game.units.custom,bn,T,aiConfig,AI configuration object (ad),verified-exists
field,com.corrodinggames.rts.game.units.custom,bn,U,startingUnitCount,Starting unit count (int, default 1)
field,com.corrodinggames.rts.game.units.custom,bn,V,maxUnitCap,Maximum unit cap (int, default MAX_VALUE)
field,com.corrodinggames.rts.game.units.custom,bn,W,minUnitCap,Minimum unit cap (int  default -1=unset),verified-exists
field,com.corrodinggames.rts.game.units.custom,bn,X,maxBuilderCap,Max builder count (int  default -1=unset),verified-exists
field,com.corrodinggames.rts.game.units.custom,bn,Y,startingCredits,Starting credits amount (int),verified-exists
field,com.corrodinggames.rts.game.units.custom,bn,Z,startupScript,Startup LogicBoolean script,verified-exists
method,com.corrodinggames.rts.game.units.custom,bn,a,reset,real-class-inferred: com.corrodinggames.rts.game.units.custom.bn,real-class-v1200
field,com.corrodinggames.rts.game.units.custom,bn,aA,customTeamList,Custom team list (m=ArrayList wrapper),verified-exists
field,com.corrodinggames.rts.game.units.custom,bn,aB,customTeamsEnabled,Custom teams enabled flag (boolean),verified-exists
field,com.corrodinggames.rts.game.units.custom,bn,aC,currentTeamConfig,Current team config (bb),verified-exists
field,com.corrodinggames.rts.game.units.custom,bn,aD,defaultTeamConfig,Default team config (bb),verified-exists
field,com.corrodinggames.rts.game.units.custom,bn,aE,teamLayoutName,Team layout name string,verified-exists
field,com.corrodinggames.rts.game.units.custom,bn,aF,teamLayoutCustom,Team layout is custom (boolean),verified-exists
field,com.corrodinggames.rts.game.units.custom,bn,aG,unitScaleMultiplier,Unit scale multiplier (float, default 1.0)
field,com.corrodinggames.rts.game.units.custom,bn,aH,scaleAllUnits,Scale all units flag (boolean),verified-exists
field,com.corrodinggames.rts.game.units.custom,bn,aI,overrideUnitStats,Override unit stats flag (boolean),verified-exists
field,com.corrodinggames.rts.game.units.custom,bn,aJ,overrideBuildCosts,Override build costs flag (boolean),verified-exists
field,com.corrodinggames.rts.game.units.custom,bn,aK,overrideWeaponStats,Override weapon stats flag (boolean),suspicious-bc-missing
field,com.corrodinggames.rts.game.units.custom,bn,aL,globalDamageMultiplier,Global damage multiplier (float),suspicious-bc-missing
field,com.corrodinggames.rts.game.units.custom,bn,aM,globalHPMultiplier,Global HP multiplier flag (boolean),suspicious-bc-missing
field,com.corrodinggames.rts.game.units.custom,bn,aN,globalSpeedMultiplier,Global speed multiplier flag (boolean),suspicious-bc-missing
field,com.corrodinggames.rts.game.units.custom,bn,aO,globalBuildSpeedMultiplier,Global build speed multiplier flag (boolean),suspicious-bc-missing
field,com.corrodinggames.rts.game.units.custom,bn,aP,globalRangeMultiplier,Global range multiplier flag (boolean),suspicious-bc-missing
field,com.corrodinggames.rts.game.units.custom,bn,aQ,globalResourceMultiplier,Global resource multiplier flag (boolean),suspicious-bc-missing
field,com.corrodinggames.rts.game.units.custom,bn,aR,enableCustomAI,Enable custom AI scripts (boolean),suspicious-bc-missing
field,com.corrodinggames.rts.game.units.custom,bn,aS,customUnitFilter,Custom unit filter (h),suspicious-bc-missing
field,com.corrodinggames.rts.game.units.custom,bn,aT,restrictUnits,Restrict unit types flag (boolean),suspicious-bc-missing
field,com.corrodinggames.rts.game.units.custom,bn,aU,restrictBuildings,Restrict buildings flag (boolean),suspicious-bc-missing
field,com.corrodinggames.rts.game.units.custom,bn,aV,restrictProjectiles,Restrict projectiles flag (boolean),suspicious-bc-missing
field,com.corrodinggames.rts.game.units.custom,bn,aW,restrictDecorations,Restrict decorations flag (boolean),suspicious-bc-missing
field,com.corrodinggames.rts.game.units.custom,bn,aX,teamCount,Team count (int  default -1=unset),suspicious-bc-missing
field,com.corrodinggames.rts.game.units.custom,bn,aY,teamSizeFixed,Team size is fixed (boolean),suspicious-bc-missing
field,com.corrodinggames.rts.game.units.custom,bn,aZ,gameModeIndex,Game mode index (int  default -1=unset),suspicious-bc-missing
field,com.corrodinggames.rts.game.units.custom,bn,aa,gameStartedTrigger,Game-started trigger enabled (boolean),verified-exists
field,com.corrodinggames.rts.game.units.custom,bn,ab,unitCreatedTrigger,Unit-created trigger enabled (boolean),verified-exists
field,com.corrodinggames.rts.game.units.custom,bn,ac,gameStateRef,Game state reference (game.o),verified-exists
field,com.corrodinggames.rts.game.units.custom,bn,ad,resourceEconomy,Resource economy config (e=null),verified-exists
field,com.corrodinggames.rts.game.units.custom,bn,ae,allowCustomUnits,Allow custom units flag (boolean, default true)
field,com.corrodinggames.rts.game.units.custom,bn,af,customCredits1,Custom resource credits amount 1 (int),verified-exists
field,com.corrodinggames.rts.game.units.custom,bn,ag,customCredits2,Custom resource credits amount 2 (int),verified-exists
field,com.corrodinggames.rts.game.units.custom,bn,ah,customCredits3,Custom resource credits amount 3 (int),verified-exists
field,com.corrodinggames.rts.game.units.custom,bn,ai,customCredits4,Custom resource credits amount 4 (int),verified-exists
field,com.corrodinggames.rts.game.units.custom,bn,aj,customIncomeMultiplier,Custom income multiplier (float),verified-exists
field,com.corrodinggames.rts.game.units.custom,bn,ak,useCustomEconomy,Use custom economy settings (boolean),verified-exists
field,com.corrodinggames.rts.game.units.custom,bn,al,customCreditsResource1,Custom credits resource type 1 (e=null),verified-exists
field,com.corrodinggames.rts.game.units.custom,bn,am,useCustomTeamSettings,Use custom team settings (boolean),verified-exists
field,com.corrodinggames.rts.game.units.custom,bn,an,customCreditsResource2,Custom credits resource type 2 (e=null),verified-exists
field,com.corrodinggames.rts.game.units.custom,bn,ao,customCreditsResource3,Custom credits resource type 3 (e=null),verified-exists
field,com.corrodinggames.rts.game.units.custom,bn,ap,customCreditsResource4,Custom credits resource type 4 (e=null),verified-exists
field,com.corrodinggames.rts.game.units.custom,bn,aq,useCustomCredits,Use custom credits resources (boolean),verified-exists
field,com.corrodinggames.rts.game.units.custom,bn,ar,customResourceArray1,Custom resource array 1 (e[10]),verified-exists
field,com.corrodinggames.rts.game.units.custom,bn,as,customResourceArray2,Custom resource array 2 (e[]),verified-exists
field,com.corrodinggames.rts.game.units.custom,bn,at,customResourceArray3,Custom resource array 3 (e[]=null),verified-exists
field,com.corrodinggames.rts.game.units.custom,bn,au,customResourceArray4,Custom resource array 4 (e=null),verified-exists
field,com.corrodinggames.rts.game.units.custom,bn,av,useCustomResourceTypes,Use custom resource types (boolean),verified-exists
field,com.corrodinggames.rts.game.units.custom,bn,aw,customResourceType,Custom resource type reference (e),verified-exists
field,com.corrodinggames.rts.game.units.custom,bn,ax,customModifierArray,Custom modifier array (ba[]=null),verified-exists
field,com.corrodinggames.rts.game.units.custom,bn,ay,useCustomModifiers,Use custom modifiers (boolean),verified-exists
field,com.corrodinggames.rts.game.units.custom,bn,az,customTeamsModified,Custom teams modified flag (boolean),verified-exists
field,com.corrodinggames.rts.game.units.custom,bn,b,activeInstance,Active ModUnitRegistry instance (static l),verified-exists
field,com.corrodinggames.rts.game.units.custom,bn,bA,spawnModeIndex,Spawn mode index (int  -1=unset),suspicious-bc-missing
field,com.corrodinggames.rts.game.units.custom,bn,bB,fogModeIndex,Fog mode index (int  -1=unset),suspicious-bc-missing
field,com.corrodinggames.rts.game.units.custom,bn,bC,customGameLogic,Custom game logic script (bp),suspicious-bc-missing
field,com.corrodinggames.rts.game.units.custom,bn,bD,disableNukes,Disable nuke weapons (boolean),suspicious-bc-missing
field,com.corrodinggames.rts.game.units.custom,bn,ba,gameModeCustom,Game mode is custom (boolean),suspicious-bc-missing
field,com.corrodinggames.rts.game.units.custom,bn,bb,damageMultiplier,Global damage multiplier (float),suspicious-bc-missing
field,com.corrodinggames.rts.game.units.custom,bn,bc,hpMultiplier,Global HP multiplier (float),suspicious-bc-missing
field,com.corrodinggames.rts.game.units.custom,bn,bd,speedMultiplier,Global speed multiplier (float, default 1.0)
field,com.corrodinggames.rts.game.units.custom,bn,be,buildSpeedMultiplier,Global build speed multiplier (float),suspicious-bc-missing
field,com.corrodinggames.rts.game.units.custom,bn,bf,resourceMultiplier,Global resource multiplier (float),suspicious-bc-missing
field,com.corrodinggames.rts.game.units.custom,bn,bg,useCustomBalance,Use custom game balance (boolean),suspicious-bc-missing
field,com.corrodinggames.rts.game.units.custom,bn,bh,startingCreditsMultiplier,Starting credits multiplier (float),suspicious-bc-missing
field,com.corrodinggames.rts.game.units.custom,bn,bi,showCustomSettings,Show custom settings in UI (boolean),suspicious-bc-missing
field,com.corrodinggames.rts.game.units.custom,bn,bj,allowCustomMaps,Allow custom maps (boolean),suspicious-bc-missing
field,com.corrodinggames.rts.game.units.custom,bn,bk,allowCustomCampaigns,Allow custom campaigns (boolean),suspicious-bc-missing
field,com.corrodinggames.rts.game.units.custom,bn,bl,useCustomVictoryCondition,Use custom victory condition (boolean),suspicious-bc-missing
field,com.corrodinggames.rts.game.units.custom,bn,bm,victoryConditionTimer,Victory condition timer (int),suspicious-bc-missing
field,com.corrodinggames.rts.game.units.custom,bn,bn,eliminationMode,Elimination/deathmatch mode (boolean),suspicious-bc-missing
field,com.corrodinggames.rts.game.units.custom,bn,bo,aiPersonalityValue,AI personality value (float),suspicious-bc-missing
field,com.corrodinggames.rts.game.units.custom,bn,bp,aiAggressionValue,AI aggression value (float),suspicious-bc-missing
field,com.corrodinggames.rts.game.units.custom,bn,bq,maxGameDuration,Max game duration seconds (int),suspicious-bc-missing
field,com.corrodinggames.rts.game.units.custom,bn,br,allowObserverChat,Allow observer chat (boolean),suspicious-bc-missing
field,com.corrodinggames.rts.game.units.custom,bn,bs,forceRandomSpawns,Force random spawn positions (boolean),suspicious-bc-missing
field,com.corrodinggames.rts.game.units.custom,bn,bt,pathingConfig,Pathfinding configuration (units.ab),suspicious-bc-missing
field,com.corrodinggames.rts.game.units.custom,bn,bu,enableFriendlyFire,Enable friendly fire (boolean),suspicious-bc-missing
field,com.corrodinggames.rts.game.units.custom,bn,bv,enableUnitBounty,Enable unit kill bounty (boolean),suspicious-bc-missing
field,com.corrodinggames.rts.game.units.custom,bn,bw,modMetadataA,Mod metadata object A (z),suspicious-bc-missing
field,com.corrodinggames.rts.game.units.custom,bn,bx,modMetadataB,Mod metadata object B (z),suspicious-bc-missing
field,com.corrodinggames.rts.game.units.custom,bn,by,modMetadataC,Mod metadata object C (z),suspicious-bc-missing
field,com.corrodinggames.rts.game.units.custom,bn,bz,gameModeConfig,Game mode configuration (bl),suspicious-bc-missing
field,com.corrodinggames.rts.game.units.custom,bn,c,allModsList,All loaded mods list (static ArrayList),verified-exists
field,com.corrodinggames.rts.game.units.custom,bn,d,activeModsList,Active/enabled mods list (static ArrayList),verified-exists
field,com.corrodinggames.rts.game.units.custom,bn,e,pendingModsList,Pending mods list (static ArrayList),verified-exists
field,com.corrodinggames.rts.game.units.custom,bn,f,modMap,Mod lookup HashMap (static),verified-exists
field,com.corrodinggames.rts.game.units.custom,bn,g,errorModsList,Errored mods list (static ArrayList),verified-exists
field,com.corrodinggames.rts.game.units.custom,bn,h,customUnitTypes,Custom unit types list (m),verified-exists
field,com.corrodinggames.rts.game.units.custom,bn,i,customBuildings,Custom buildings list (m),verified-exists
field,com.corrodinggames.rts.game.units.custom,bn,j,customProjectiles,Custom projectiles list (m),verified-exists
field,com.corrodinggames.rts.game.units.custom,bn,k,customDecorations,Custom decorations list (m),verified-exists
field,com.corrodinggames.rts.game.units.custom,bn,l,customEffects,Custom effects list (m),verified-exists
field,com.corrodinggames.rts.game.units.custom,bn,m,customResources,Custom resources list (m),verified-exists
field,com.corrodinggames.rts.game.units.custom,bn,n,customTeams,Custom team definitions list (m),verified-exists
field,com.corrodinggames.rts.game.units.custom,bn,o,customAITypes,Custom AI types list (m),verified-exists
field,com.corrodinggames.rts.game.units.custom,bn,p,customModifiers,Custom modifiers list (m),verified-exists
field,com.corrodinggames.rts.game.units.custom,bn,q,customActions,Custom actions list (m),verified-exists
field,com.corrodinggames.rts.game.units.custom,bn,r,variableMapping,Variable name mapping (VariableMapping),verified-exists
field,com.corrodinggames.rts.game.units.custom,bn,s,modsLoaded,Mods loaded flag (boolean),verified-exists
field,com.corrodinggames.rts.game.units.custom,bn,t,modsChanged,Mods changed/need reload flag (boolean),verified-exists
field,com.corrodinggames.rts.game.units.custom,bn,u,debugModLoading,Debug mod loading flag (boolean),verified-exists
field,com.corrodinggames.rts.game.units.custom,bn,v,assetsReloaded,Assets reloaded flag (boolean),verified-exists
field,com.corrodinggames.rts.game.units.custom,bn,w,unitTypesLoaded,Unit types loaded flag (boolean),verified-exists
field,com.corrodinggames.rts.game.units.custom,bn,x,buildingsLoaded,Buildings loaded flag (boolean),verified-exists
field,com.corrodinggames.rts.game.units.custom,bn,y,projectilesLoaded,Projectiles loaded flag (boolean),verified-exists
field,com.corrodinggames.rts.game.units.custom,bn,z,decorationsLoaded,Decorations loaded flag (boolean),verified-exists
field,com.corrodinggames.rts.game.units.custom,bo,a,resourceTypeRef,Resource type reference (e),suspicious-bc-missing
field,com.corrodinggames.rts.game.units.custom,bo,b,amountValue,Amount per interval (float),verified-exists
field,com.corrodinggames.rts.game.units.custom,bo,c,sectionName,Interval seconds (float),verified-exists
field,com.corrodinggames.rts.game.units.custom,bo,d,keyName,real-class-inferred: com.corrodinggames.rts.game.units.custom.bo,real-class-v1200
method,com.corrodinggames.rts.game.units.custom,c,a,reset,real-class-inferred: com.corrodinggames.rts.game.units.custom.c,real-class-v1200
field,com.corrodinggames.rts.game.units.custom,d,convertTo,convertTo,"""INI-verified: appears 58x in sections action_1",action_afterBurn
field,com.corrodinggames.rts.game.units.custom,d,description,description,"""INI-verified: appears 49x in sections action_1",action_addBlink
field,com.corrodinggames.rts.game.units.custom,d,displayType,displayType,"""INI-verified: appears 57x in sections action_1",action_attack_dance
field,com.corrodinggames.rts.game.units.custom,d,highPriorityQueue,highPriorityQueue,"""INI-verified: appears 10x in sections action_1",action_blink
field,com.corrodinggames.rts.game.units.custom,d,pos,pos,"""INI-verified: appears 69x in sections action_1",action_addBlink
field,com.corrodinggames.rts.game.units.custom,d,text,text,"""INI-verified: appears 77x in sections action_1",action_addBlink
field,com.corrodinggames.rts.game.units.custom,d,whenBuilding_cannotMove,whenBuilding_cannotMove,"""INI-verified: appears 11x in sections action_1",action_blink
field,com.corrodinggames.rts.game.units.custom,d,whenBuilding_playAnimation,whenBuilding_playAnimation,"""INI-verified: appears 9x in sections action_1",action_attack_dance
method,com.corrodinggames.rts.game.units.custom,d.b,a(boolean, boolean, int,verified-exists
method,com.corrodinggames.rts.game.units.custom,d.b,b(com.corrodinggames.rts.game.units.custom.l, java.lang.String),parsePriceString,verified-exists
method,com.corrodinggames.rts.game.units.custom,d.b,c(com.corrodinggames.rts.game.units.am, boolean),canAffordForBuild,verified-exists
method,com.corrodinggames.rts.game.units.custom,d.b,d(com.corrodinggames.rts.game.units.am, boolean),deductBuildPower,verified-exists
method,com.corrodinggames.rts.game.units.custom,d.b,e(com.corrodinggames.rts.game.units.am, boolean),refundBuildPower,verified-exists
method,com.corrodinggames.rts.game.units.custom,d.b,a(com.corrodinggames.rts.game.units.am),deductFromUnit,[V] a(am)->void; subtract cost from unit resources,verified-exists
method,com.corrodinggames.rts.game.units.custom,d.b,b(com.corrodinggames.rts.game.units.am),canAfford,[V] b(am)->boolean; unit can pay this cost,verified-exists
method,com.corrodinggames.rts.game.units.custom,d.b,c(com.corrodinggames.rts.game.units.custom.d.b),costsOverlap,[V] c(b)->boolean; shares any component,verified-exists
method,com.corrodinggames.rts.game.units.custom,d.b,compareTo(java.lang.Object),compareTo,[V] Comparable.compareTo,verified-exists
method,com.corrodinggames.rts.game.units.custom,d.b,d(com.corrodinggames.rts.game.units.am),clampUnitResources,[V] static d(am)->void; clamp unit to max,verified-exists
method,com.corrodinggames.rts.game.units.custom,d.b,e(com.corrodinggames.rts.game.units.am),applyFlagChanges,[V] e(am)->void; apply flags to unit,verified-exists
method,com.corrodinggames.rts.game.units.custom,e,a,getstrictfp boolean,real-class-inferred: com.corrodinggames.rts.game.units.custom.e,real-class-v1200
method,com.corrodinggames.rts.game.units.custom,e.a,a(com.corrodinggames.rts.game.units.am, double),isHiddenInEditor | [V] a()->boolean returns isHiddenInEditor,verified-exists
method,com.corrodinggames.rts.game.units.custom,e.a,b(com.corrodinggames.rts.game.units.am, double),getDefaultValue | [V] b()->float returns defaultValue,verified-exists
field,com.corrodinggames.rts.game.units.custom,e.a,A,allResourcesRegistry,[V] static ArrayList; e() iterates it (e/a.java:69-77),verified-exists
field,com.corrodinggames.rts.game.units.custom,e.a,B,enabledResourcesList,"""[V] static ArrayList; e() filters into it""",verified-exists
field,com.corrodinggames.rts.game.units.custom,e.a,C,globalResourcesRegistry,[U] static ArrayList; third registry,verified-exists
field,com.corrodinggames.rts.game.units.custom,e.a,D,effectResourceRef,"P3.3-deep-curated: class-context, was=creditResourceType",p3-deep-curated
field,com.corrodinggames.rts.game.units.custom,e.a,E,energyResourceType,[V] static final built-in ResourceType; resourceId='energy' (inner class d),verified-exists
field,com.corrodinggames.rts.game.units.custom,e.a,F,ammoResourceType,[V] static final built-in ResourceType; resourceId='ammo' (inner class b),verified-exists
field,com.corrodinggames.rts.game.units.custom,e.a,G,hitPointResourceType,[V] static final built-in ResourceType; resourceId='hp' (inner class e),verified-exists
field,com.corrodinggames.rts.game.units.custom,e.a,H,shieldResourceType,[V] static final built-in ResourceType; resourceId='shield' (inner class f),verified-exists
method,com.corrodinggames.rts.game.units.custom,e.a,a,isHiddenInEditor,[V] a()->boolean returns isHiddenInEditor,verified-exists
method,com.corrodinggames.rts.game.units.custom,e.a,b,getDefaultValue,[V] b()->float returns defaultValue,verified-exists
method,com.corrodinggames.rts.game.units.custom,e.a,c,isNetworkSynced,[V] c()->boolean returns isNetworkSynced,verified-exists
method,com.corrodinggames.rts.game.units.custom,e.a,d,isPersistentState,[V] d()->boolean returns isPersistentState,verified-exists
method,com.corrodinggames.rts.game.units.custom,e.a,e,refreshEnabledResources,[V] e()->void rebuilds enabledResourcesList,verified-exists
method,com.corrodinggames.rts.game.units.custom,e.a,f,getEnabledResources,[V] f()->ArrayList returns B,verified-exists
method,com.corrodinggames.rts.game.units.custom,e.a,g,applyResourceState,[V] g()->void; network-sync/enable state application,verified-exists
method,com.corrodinggames.rts.game.units.custom,e.a,h,getUiColorValue,[V] h()->Integer returns uiColorValue,verified-exists
method,com.corrodinggames.rts.game.units.custom,e.a,i,getDisplayName,[V] i()->String returns displayName.b(),verified-exists
method,com.corrodinggames.rts.game.units.custom,e.a,j,getDescriptionText,[V] j()->String returns descriptionText.b(),verified-exists
method,com.corrodinggames.rts.game.units.custom,e.a,k,getImageTexture,[V] k()->m.e returns y (icon Texture),verified-exists
method,com.corrodinggames.rts.game.units.custom,e.a,toString,toString,[V] Object.toString override,verified-exists
field,com.corrodinggames.rts.game.units.custom,e.a,x,maxValue,[U] float next to hasMaxLimit — likely resource max,verified-exists
field,com.corrodinggames.rts.game.units.custom,e.a,y,iconTexture,[U] m.e texture (HUD icon),verified-exists
field,com.corrodinggames.rts.game.units.custom,e.a,z,resourceFlag,[U] boolean; unverified,verified-exists
method,com.corrodinggames.rts.game.units.custom,e.d,a(com.corrodinggames.rts.game.units.custom.l, com.corrodinggames.rts.gameFramework.utility.ab, java.lang.String,verified-exists
field,com.corrodinggames.rts.game.units.custom,e.d,A,equivalentGlobalResource,[V] [V] l2.k(z) resolved type (e/d.java:143),verified-exists
field,com.corrodinggames.rts.game.units.custom,e.d,B,iconImage,[V] [V] INI 'iconImage' EffectDefinition max 100x100 (e/d.java:118-121),verified-exists
field,com.corrodinggames.rts.game.units.custom,e.d,C,iconImageUseInText,[V] [V] INI 'iconImageUseInText' (e/d.java:122),verified-exists
method,com.corrodinggames.rts.game.units.custom,e.d,a(com.corrodinggames.rts.game.units.custom.l),applyConfig,[U] a(l)->void; apply to ModUnitRegistry,verified-exists
field,com.corrodinggames.rts.game.units.custom,e.d,u,displayTextPostfix,[V] [V] INI 'displayTextPostfix'/'displayPostfixInHUD' (e/d.java:94-106),verified-exists
field,com.corrodinggames.rts.game.units.custom,e.d,v,displayTextAppendResource,[V] [V] INI 'displayTextAppendResource'/'appendResourceInHUD' (e/d.java:108-114),verified-exists
field,com.corrodinggames.rts.game.units.custom,e.d,w,displayResourceType,[V] [V] l2.k(v) resolved type (e/d.java:152),verified-exists
field,com.corrodinggames.rts.game.units.custom,e.d,x,displayTextAppendResourceWithGap,[V] [V] INI 'displayTextAppendResourceWithGap' (e/d.java:116),verified-exists
field,com.corrodinggames.rts.game.units.custom,e.d,y,appendResourceInHUD_whenThisZero,[V] [V] INI 'appendResourceInHUD_whenThisZero' (e/d.java:117),verified-exists
field,com.corrodinggames.rts.game.units.custom,e.d,z,equivalentGlobalResourceForAI,[V] [V] INI 'equivalentGlobalResourceForAI' (e/d.java:137),verified-exists
method,com.corrodinggames.rts.game.units.custom,e.f,a(boolean, boolean, int, boolean
method,com.corrodinggames.rts.game.units.custom,e.f,b(com.corrodinggames.rts.game.units.custom.d.b, double,""" double)""",clear
method,com.corrodinggames.rts.game.units.custom,e.f,c(com.corrodinggames.rts.game.units.custom.e.a, double),isEmpty | [V] c()->boolean; no entries,verified-exists
method,com.corrodinggames.rts.game.units.custom,e.f,d(com.corrodinggames.rts.game.units.custom.e.a, double),size | [U] d()->int; entry count,verified-exists
method,com.corrodinggames.rts.game.units.custom,e.f,a(com.corrodinggames.rts.game.units.am),fromUnit,[U] a(am)->e.f; build from unit's resources,verified-exists
method,com.corrodinggames.rts.game.units.custom,e.f,b(com.corrodinggames.rts.game.units.custom.e.a),clear,[V] b()->void; empty the list,verified-exists
method,com.corrodinggames.rts.game.units.custom,e.f,c,isEmpty,[V] c()->boolean; no entries,verified-exists
method,com.corrodinggames.rts.game.units.custom,e.f,d,size,[U] d()->int; entry count,verified-exists
method,com.corrodinggames.rts.game.units.custom,e.f,e,reset,[U] e()->void; reset to zero,verified-exists
method,com.corrodinggames.rts.game.units.custom,e.f,f(com.corrodinggames.rts.game.units.custom.e.f),overlapsWith,[V] f(f)->boolean; any positive entry shared with other,verified-exists
method,com.corrodinggames.rts.game.units.custom,e.f,g(com.corrodinggames.rts.game.units.custom.e.f),copyFrom,[V] g(f)->void; clear() then addAll from other (e/f.java:550),verified-exists
field,com.corrodinggames.rts.game.units.custom,f,A,field_A,"P3.1-inferred: type=boolean, was=flag0",p3-auto-inferred
field,com.corrodinggames.rts.game.units.custom,f,B,field_B,"P3.1-inferred: type=boolean, was=flag1",p3-auto-inferred
field,com.corrodinggames.rts.game.units.custom,f,C,field_C,"P3.1-inferred: type=boolean, was=flag2",p3-auto-inferred
field,com.corrodinggames.rts.game.units.custom,f,D,field_D,"P3.1-inferred: type=boolean, was=flag3",p3-auto-inferred
field,com.corrodinggames.rts.game.units.custom,f,E,field_E,"P3.1-inferred: type=boolean, was=flag4",p3-auto-inferred
field,com.corrodinggames.rts.game.units.custom,f,F,field_F,"P3.1-inferred: type=float, was=value5",p3-auto-inferred
field,com.corrodinggames.rts.game.units.custom,f,G,field_G,"P3.1-inferred: type=boolean, was=flag6",p3-auto-inferred
field,com.corrodinggames.rts.game.units.custom,f,H,field_H,"P3.1-inferred: type=float, was=value7",p3-auto-inferred
field,com.corrodinggames.rts.game.units.custom,f,I,field_I,"P3.1-inferred: type=float, was=value8",p3-auto-inferred
field,com.corrodinggames.rts.game.units.custom,f,J,field_J,"P3.1-inferred: type=float, was=value9",p3-auto-inferred
field,com.corrodinggames.rts.game.units.custom,f,K,field_K,"P3.1-inferred: type=float, was=value10",p3-auto-inferred
field,com.corrodinggames.rts.game.units.custom,f,L,field_L,"P3.1-inferred: type=float, was=value11",p3-auto-inferred
field,com.corrodinggames.rts.game.units.custom,f,M,field_M,"P3.1-inferred: type=boolean, was=flag12",p3-auto-inferred
field,com.corrodinggames.rts.game.units.custom,f,N,field_N,"P3.1-inferred: type=float, was=value13",p3-auto-inferred
field,com.corrodinggames.rts.game.units.custom,f,O,floatArray14,[Phase3-inferred] type=float[],suspicious-bc-missing
field,com.corrodinggames.rts.game.units.custom,f,P,short15,[Phase3-inferred] type=short,suspicious-bc-missing
field,com.corrodinggames.rts.game.units.custom,f,Q,short16,[Phase3-inferred] type=short,suspicious-bc-missing
field,com.corrodinggames.rts.game.units.custom,f,R,short17,[Phase3-inferred] type=short,suspicious-bc-missing
field,com.corrodinggames.rts.game.units.custom,f,S,field_S,"P3.1-inferred: type=boolean, was=flag18",p3-auto-inferred
field,com.corrodinggames.rts.game.units.custom,f,T,field_T,"P3.1-inferred: type=boolean, was=flag19",p3-auto-inferred
method,com.corrodinggames.rts.game.units.custom,f,a,reset,real-class-inferred: com.corrodinggames.rts.game.units.custom.f,real-class-v1200
field,com.corrodinggames.rts.game.units.custom,f,b,paramType,Parameter type enum (int),verified-exists
field,com.corrodinggames.rts.game.units.custom,f,c,paramFlags,Parameter flags (int),verified-exists
field,com.corrodinggames.rts.game.units.custom,f,d,defaultValue,Default value (float),verified-exists
field,com.corrodinggames.rts.game.units.custom,f,e,minValue,Minimum allowed value (float),verified-exists
field,com.corrodinggames.rts.game.units.custom,f,f,maxValue,Maximum allowed value (float),verified-exists
field,com.corrodinggames.rts.game.units.custom,f,g,isHiddenParam,Hidden from UI (boolean),verified-exists
field,com.corrodinggames.rts.game.units.custom,f,h,displayScale,Display scale multiplier (float),verified-exists
field,com.corrodinggames.rts.game.units.custom,f,i,stepIncrement,Step/increment size (float),verified-exists
field,com.corrodinggames.rts.game.units.custom,f,j,enableCondition,Enable condition (LogicBoolean),verified-exists
field,com.corrodinggames.rts.game.units.custom,f,k,directionConfig,Direction/formation config (m),verified-exists
field,com.corrodinggames.rts.game.units.custom,f,l,modifierList,Applied modifiers list (utility.m),verified-exists
field,com.corrodinggames.rts.game.units.custom,f,m,isEnabled,Enabled flag (boolean, default true)
field,com.corrodinggames.rts.game.units.custom,f,n,orderPriority,UI display order priority (float),verified-exists
field,com.corrodinggames.rts.game.units.custom,f,o,isNetworkSynced,Synced across network (boolean),verified-exists
field,com.corrodinggames.rts.game.units.custom,f,p,arrayList,real-class-inferred: com.corrodinggames.rts.game.units.custom.f,real-class-v1200
field,com.corrodinggames.rts.game.units.custom,f,q,float7,real-class-inferred: com.corrodinggames.rts.game.units.custom.f,real-class-v1200
method,com.corrodinggames.rts.game.units.custom,g,a(com.corrodinggames.rts.game.units.custom.g, com.corrodinggames.rts.game.units.custom.h),containsTag,verified-exists
method,com.corrodinggames.rts.game.units.custom,g,b(com.corrodinggames.rts.game.units.custom.h, com.corrodinggames.rts.game.units.custom.h),containsAllTags,verified-exists
method,com.corrodinggames.rts.game.units.custom,g,a,isEnabled,real-class-inferred: com.corrodinggames.rts.game.units.custom.g,real-class-v1200
method,com.corrodinggames.rts.game.units.custom,g,a(com.corrodinggames.rts.gameFramework.j.k),deserializeTags,[V] a(j.k)->h; read tags from net stream,verified-exists
method,com.corrodinggames.rts.game.units.custom,g,b,isEnabled,real-class-inferred: com.corrodinggames.rts.game.units.custom.g,real-class-v1200
method,com.corrodinggames.rts.game.units.custom,g,b(java.lang.String),parseSingleTag,[V] b(String)->g; parse one tag entry,verified-exists
method,com.corrodinggames.rts.game.units.custom,g,c,getg,real-class-inferred: com.corrodinggames.rts.game.units.custom.g,real-class-v1200
method,com.corrodinggames.rts.game.units.custom,g,c(java.lang.String),intern,[V] c(String)->g; canonicalized tag lookup,verified-exists
field,com.corrodinggames.rts.game.units.custom,g,d,emptyUnitConfig,[V] static final UnitConfig base instance (TeamTag.java:17),verified-exists
method,com.corrodinggames.rts.game.units.custom,g,toString,toString,[V] Object.toString override,verified-exists
field,com.corrodinggames.rts.game.units.custom,i,heightChangeRate,heightChangeRate,INI-verified: appears 3x in sections movement,ini-verified-v16
field,com.corrodinggames.rts.game.units.custom,i,joinsGroupFormations,joinsGroupFormations,INI-verified: appears 3x in sections movement,ini-verified-v16
field,com.corrodinggames.rts.game.units.custom,i,landOnGround,landOnGround,INI-verified: appears 8x in sections movement,ini-verified-v16
field,com.corrodinggames.rts.game.units.custom,i,maxTurnSpeed,maxTurnSpeed,INI-verified: appears 87x in sections movement,ini-verified-v16
field,com.corrodinggames.rts.game.units.custom,i,moveAccelerationSpeed,moveAccelerationSpeed,INI-verified: appears 86x in sections movement,ini-verified-v16
field,com.corrodinggames.rts.game.units.custom,i,moveDecelerationSpeed,moveDecelerationSpeed,INI-verified: appears 86x in sections movement,ini-verified-v16
field,com.corrodinggames.rts.game.units.custom,i,moveIgnoringBody,moveIgnoringBody,INI-verified: appears 56x in sections movement,ini-verified-v16
field,com.corrodinggames.rts.game.units.custom,i,moveSlidingDir,moveSlidingDir,INI-verified: appears 36x in sections movement,ini-verified-v16
field,com.corrodinggames.rts.game.units.custom,i,moveSlidingMode,moveSlidingMode,INI-verified: appears 56x in sections movement,ini-verified-v16
field,com.corrodinggames.rts.game.units.custom,i,moveSpeed,moveSpeed,"""INI-verified: appears 109x in sections arm_7",leg_1
field,com.corrodinggames.rts.game.units.custom,i,movementType,movementType,INI-verified: appears 86x in sections movement,ini-verified-v16
field,com.corrodinggames.rts.game.units.custom,i,reverseSpeedPercentage,reverseSpeedPercentage,INI-verified: appears 46x in sections movement,ini-verified-v16
field,com.corrodinggames.rts.game.units.custom,i,slowDeathFall,slowDeathFall,INI-verified: appears 17x in sections movement,ini-verified-v16
field,com.corrodinggames.rts.game.units.custom,i,targetHeight,targetHeight,INI-verified: appears 28x in sections movement,ini-verified-v16
field,com.corrodinggames.rts.game.units.custom,i,targetHeightDrift,targetHeightDrift,INI-verified: appears 24x in sections movement,ini-verified-v16
field,com.corrodinggames.rts.game.units.custom,i,turnAcceleration,turnAcceleration,INI-verified: appears 84x in sections movement,ini-verified-v16
method,com.corrodinggames.rts.game.units.custom,j,a(af,am,h,"""VariableScope)"""
method,com.corrodinggames.rts.game.units.custom,j,a(am,float,"""int)""",onProjectileImpact
method,com.corrodinggames.rts.game.units.custom,j,a(bn,int,am,boolean
method,com.corrodinggames.rts.game.units.custom,j,a(c,boolean),queueActionByCommand,"""CustomUnitType: dL.a(c"""
method,com.corrodinggames.rts.game.units.custom,j,a(f,am,int,bh
method,com.corrodinggames.rts.game.units.custom,j,a(float,r[]),"runAutoTriggerGroup | ""CustomUnitType: iterate triggers""",verified-exists
method,com.corrodinggames.rts.game.units.custom,j,a(h,boolean),setDisplayName,verified-exists
method,com.corrodinggames.rts.game.units.custom,j,a(int,boolean),computeTurretWorldPosition,verified-exists
method,com.corrodinggames.rts.game.units.custom,j,a(l,boolean,boolean,"""at[])"""
method,com.corrodinggames.rts.game.units.custom,j,a(s,PointF,am,"""int)"""
method,com.corrodinggames.rts.game.units.custom,j,a(y,b.n),"attachUnit | ""CustomUnitType: logs attachRequest""",verified-exists
method,com.corrodinggames.rts.game.units.custom,j,b(am,float,"""int)""",onProjectileImpactSecondary
method,com.corrodinggames.rts.game.units.custom,j,b(float,boolean),runPeriodicTriggers,verified-exists
method,com.corrodinggames.rts.game.units.custom,j,b(int,float),"updateTurretRotation | ""CustomUnitType: bn auto-rotate""",verified-exists
method,com.corrodinggames.rts.game.units.custom,j,d(am,boolean),"canLoadUnit | ""CustomUnitType: checks x.eM>0""",verified-exists
method,com.corrodinggames.rts.game.units.custom,j,e(am,boolean),tryLoadUnit,verified-exists
method,com.corrodinggames.rts.game.units.custom,j,f(float,float),onUnitRepositioned,verified-exists
method,com.corrodinggames.rts.game.units.custom,j,A,getTurnSpeedMultiplier,CustomUnitType: returns y.k,body-verified-v1400
method,com.corrodinggames.rts.game.units.custom,j,A(int),getTurretMinRange,CustomUnitType: returns bn.ah (too-close boundary in canFireAtUnit),body-verified-v1400
method,com.corrodinggames.rts.game.units.custom,j,B,getWeaponSpreadBase,CustomUnitType: returns x.eo,body-verified-v1400
method,com.corrodinggames.rts.game.units.custom,j,B(int),getTurretAngleOffset,CustomUnitType: returns bn.j (added to angle in C(int)),body-verified-v1400
method,com.corrodinggames.rts.game.units.custom,j,C,getBuildProgressTexture,CustomUnitType: returns x.dN,body-verified-v1400
method,com.corrodinggames.rts.game.units.custom,j,C(am),performLoadUnit,"""CustomUnitType: sets cN=this""", adds to B
method,com.corrodinggames.rts.game.units.custom,j,C(int),getTurretAimAngle,"""CustomUnitType: includes w parent angle""", k/j offset
method,com.corrodinggames.rts.game.units.custom,j,D,getDeathEffectTexture,CustomUnitType: returns x.dO,body-verified-v1400
method,com.corrodinggames.rts.game.units.custom,j,D(am),notifyUnitUnloaded,"""CustomUnitType: fires af.m/af.p; if empty+config""",""" switch team"""
method,com.corrodinggames.rts.game.units.custom,j,D(int),getMuzzleWorldPosition,CustomUnitType: recursive world pos+angle with X/Y/Z offsets,body-verified-v1400
field,com.corrodinggames.rts.game.units.custom,j,E,turretHardpoints,CustomUnitType: PointF[] turret mount positions,body-verified-v1200
method,com.corrodinggames.rts.game.units.custom,j,E(am),positionSpawnedUnit,"""CustomUnitType: set facing+drop point""", dL.a(am2
method,com.corrodinggames.rts.game.units.custom,j,E(int),getMuzzlePoint,CustomUnitType: PointF wrapper for D(int),body-verified-v1400
field,com.corrodinggames.rts.game.units.custom,j,F,turretAuxPoints,CustomUnitType: PointF[] auxiliary turret reference points,body-verified-v1200
method,com.corrodinggames.rts.game.units.custom,j,F(am),placeSpawnedUnit,"""CustomUnitType: set pos"" | "" i()||!bl||eU→C(am) load into transport""",verified-exists
method,com.corrodinggames.rts.game.units.custom,j,F(int),getTurretBasePosition,"""CustomUnitType: a(n2"" | ""false) returns turret base ai""",verified-exists
field,com.corrodinggames.rts.game.units.custom,j,G,contextRefs,CustomUnitType: game context references array,body-verified-v1200
method,com.corrodinggames.rts.game.units.custom,j,G(am),canAddToTransport,CustomUnitType: dI()+am2.cw() <= x.eM capacity check,body-verified-v1400
method,com.corrodinggames.rts.game.units.custom,j,G(int),getTurretMuzzlePoint,CustomUnitType: returns PointF using static K,body-verified-v1400
method,com.corrodinggames.rts.game.units.custom,j,H,getstrictfp float,real-class-inferred: com.corrodinggames.rts.game.units.custom.j,real-class-v1200
method,com.corrodinggames.rts.game.units.custom,j,H(am),canTargetUnitType,"""CustomUnitType: sea unit→x.aU""",""" else→x.aV"""
method,com.corrodinggames.rts.game.units.custom,j,H(int),getTurretBackswingAngle,CustomUnitType: returns bn.p,body-verified-v1400
method,com.corrodinggames.rts.game.units.custom,j,I,getstrictfp float,real-class-inferred: com.corrodinggames.rts.game.units.custom.j,real-class-v1200
method,com.corrodinggames.rts.game.units.custom,j,I(),isAvailableForCommand,[v10.3-resolved: semantic match (0 params,verified-exists
method,com.corrodinggames.rts.game.units.custom,j,I(int),getTurretFireRampTime,CustomUnitType: returns bn.q,body-verified-v1400
field,com.corrodinggames.rts.game.units.custom,j,J,sharedPaint,CustomUnitType: shared Paint instance for rendering,body-verified-v1200
method,com.corrodinggames.rts.game.units.custom,j,J(int),getTurretRecoverTime,CustomUnitType: returns bn.r,body-verified-v1400
method,com.corrodinggames.rts.game.units.custom,j,K,initTurretPositions,CustomUnitType: initialize PointF arrays for turret hardpoints,body-verified-v1200
method,com.corrodinggames.rts.game.units.custom,j,K(),initShapePoints,[v10.3-resolved: semantic match (0 params,verified-exists
method,com.corrodinggames.rts.game.units.custom,j,K(int),getMuzzlePointWithRecoil,CustomUnitType: super + projectile K/L offset for persistent projectiles,body-verified-v1400
method,com.corrodinggames.rts.game.units.custom,j,L,beginUnloading,[[MANUAL: single overload - verify with javap]: multi-overload — needs manual disambiguation] Start unloading sequence (2 overloads, 2 semantic candidates)
method,com.corrodinggames.rts.game.units.custom,j,L(int),getTurretRangeExtension,CustomUnitType: returns bn.af,body-verified-v1400
method,com.corrodinggames.rts.game.units.custom,j,M(),endUnloading,[v10.3-resolved: unique match | returns void] Stop unloading sequence,verified-exists
method,com.corrodinggames.rts.game.units.custom,j,N,getActionList,CustomUnitType: z/x.a(V()),body-verified-v1400
method,com.corrodinggames.rts.game.units.custom,j,Q(),isBuried,[v10.3-resolved: unique match,verified-exists
method,com.corrodinggames.rts.game.units.custom,j,T,getSelectionCircleTexture,CustomUnitType: returns x.au,body-verified-v1400
method,com.corrodinggames.rts.game.units.custom,j,U,debugDumpTurrets,"""CustomUnitType: logs Dir""", lockDelay
method,com.corrodinggames.rts.game.units.custom,j,V(),getMaxQueueLength,[v10.3-resolved: unique match | returns int] Max build queue length from config,verified-exists
method,com.corrodinggames.rts.game.units.custom,j,a,writeToStream,CustomUnitType: serialize to output stream (version 11 protocol),body-verified-v1200
method,com.corrodinggames.rts.game.units.custom,j,a(ArrayList),fillProductionActionList,"""CustomUnitType: filter g.c actions""",""" fill list"""
method,com.corrodinggames.rts.game.units.custom,j,a(PointF),setQueueTargetPoint,CustomUnitType: dL.b = point,body-verified-v1400
method,com.corrodinggames.rts.game.units.custom,j,a(ag),canAttackUnitClass,CustomUnitType: ag.a/b/c → x.do/dp/dq.a(),body-verified-v1400
method,com.corrodinggames.rts.game.units.custom,j,a(am),canAttackUnit,CustomUnitType: x.fo team filter + H(),body-verified-v1400
method,com.corrodinggames.rts.game.units.custom,j,a(au),onDamagedByWeapon,CustomUnitType: fires af.j event; attachment+weapon type→bx(),body-verified-v1400
method,com.corrodinggames.rts.game.units.custom,j,a(b.n),getAttachedUnitInSlot,"""CustomUnitType: b.m.a(this""",""" n2)"""
method,com.corrodinggames.rts.game.units.custom,j,a(bn),canAffordWeaponFire,"""CustomUnitType: bn.u energy <= cB""",""" blocked if v charging"""
method,com.corrodinggames.rts.game.units.custom,j,a(c),getActionForCommand,CustomUnitType: z/x.a(c),body-verified-v1400
method,com.corrodinggames.rts.game.units.custom,j,a(d.j),executeQueueItem,"""CustomUnitType: dL.a(j""",...) spawn unit
method,com.corrodinggames.rts.game.units.custom,j,a(g),queueCustomAction,CustomUnitType: dL.a(g),body-verified-v1400
method,com.corrodinggames.rts.game.units.custom,j,a(h),mergeDisplayNameSuffix,"""CustomUnitType: g.b(h3""",h2) same→skip
method,com.corrodinggames.rts.game.units.custom,j,a(s),applyActionToQueue,CustomUnitType: dL.a(s),body-verified-v1400
method,com.corrodinggames.rts.game.units.custom,j,a(short),getAttachmentData,"""CustomUnitType: b.m.a(this""",""" s2)"""
method,com.corrodinggames.rts.game.units.custom,j,aM,getHealthBarWidthScale,CustomUnitType: returns x.dH,body-verified-v1400
method,com.corrodinggames.rts.game.units.custom,j,aN,getUnitPaint,CustomUnitType: returns super paint,body-verified-v1400
method,com.corrodinggames.rts.game.units.custom,j,aP(),getAimPointOffset,[v10.3-resolved: unique match,verified-exists
method,com.corrodinggames.rts.game.units.custom,j,aR(),canBePlaced,[v10.3-resolved: unique match | returns boolean] Can be placed on ground check,verified-exists
method,com.corrodinggames.rts.game.units.custom,j,aS(),canBeMoved,[v10.3-resolved: unique match | returns boolean] Can be moved check,verified-exists
method,com.corrodinggames.rts.game.units.custom,j,aT,getBuildTurretIndex,CustomUnitType: returns x.fV.e or -1 [FIXED: was getBuildCost - returns turret index],body-verified-v1400-fixed
method,com.corrodinggames.rts.game.units.custom,j,aU,getShieldRegenDelay,CustomUnitType: returns x.dJ,body-verified-v1400
method,com.corrodinggames.rts.game.units.custom,j,aV,isShieldVisible,CustomUnitType: returns x.eF,body-verified-v1400
method,com.corrodinggames.rts.game.units.custom,j,aZ(),getSpreadRadius,[v10.3-resolved: unique match | returns float] Weapon spread radius from config,verified-exists
method,com.corrodinggames.rts.game.units.custom,j,a_,getRect,real-class-inferred: com.corrodinggames.rts.game.units.custom.j,real-class-v1200
method,com.corrodinggames.rts.game.units.custom,j,a_(boolean),getUnitTextureFrameRect,"""CustomUnitType: anim frame calc (dI width""", direction
method,com.corrodinggames.rts.game.units.custom,j,ac,canShieldRegenerate,CustomUnitType: x.eh gate,body-verified-v1400
method,com.corrodinggames.rts.game.units.custom,j,ae,canTargetSubmergedUnits,CustomUnitType: returns x.es.read(this),body-verified-v1400
method,com.corrodinggames.rts.game.units.custom,j,af,canTargetAirUnits,CustomUnitType: returns x.eq.read(this),body-verified-v1400
method,com.corrodinggames.rts.game.units.custom,j,ag,canTargetGroundUnits,CustomUnitType: returns x.er.read(this),body-verified-v1400
method,com.corrodinggames.rts.game.units.custom,j,ah,canTargetUnclassifiedUnits,CustomUnitType: x.et==null→true,body-verified-v1400
method,com.corrodinggames.rts.game.units.custom,j,aj,getstrictfp boolean,real-class-inferred: com.corrodinggames.rts.game.units.custom.j,real-class-v1200
method,com.corrodinggames.rts.game.units.custom,j,ak,getstrictfp boolean,real-class-inferred: com.corrodinggames.rts.game.units.custom.j,real-class-v1200
method,com.corrodinggames.rts.game.units.custom,j,al,isCarrierUnit,CustomUnitType: returns x.bi,body-verified-v1400
method,com.corrodinggames.rts.game.units.custom,j,am,getShieldRegenRate,CustomUnitType: returns x.eG,body-verified-v1400
method,com.corrodinggames.rts.game.units.custom,j,an,isShieldActive,CustomUnitType: super.an() || x.eF,body-verified-v1400
method,com.corrodinggames.rts.game.units.custom,j,b,getTurretHardpoints,CustomUnitType: returns PointF[] for turret mount positions (E),body-verified-v1200
method,com.corrodinggames.rts.game.units.custom,j,b(af),dispatchEventNow,CustomUnitType: immediate l2.gq iteration for matching events,body-verified-v1400
method,com.corrodinggames.rts.game.units.custom,j,b(am),getProjectileGravityScale,CustomUnitType: returns x.bf,body-verified-v1400
method,com.corrodinggames.rts.game.units.custom,j,b(bn),consumeWeaponEnergy,"""CustomUnitType: cB -= bn.u""",""" sets v=true if cR"""
method,com.corrodinggames.rts.game.units.custom,j,b(d.j),executeQueueItemAction,CustomUnitType: gets d.ab action and executes,body-verified-v1400
method,com.corrodinggames.rts.game.units.custom,j,b(h),removeDisplayNameSuffix,CustomUnitType: reverse merge i(h3).b(h2),body-verified-v1400
method,com.corrodinggames.rts.game.units.custom,j,b(int),getTurretReloadTime,"""CustomUnitType: bn.m * y.e (base for cooldown in bV/b(int""","""float))"""
method,com.corrodinggames.rts.game.units.custom,j,b(y),detachUnit,"""CustomUnitType: logs deattachRequest""",""" multiple validations"""
method,com.corrodinggames.rts.game.units.custom,j,bA,isUnloading,"""CustomUnitType: returns this.n (set true by L()""",verified-exists
method,com.corrodinggames.rts.game.units.custom,j,bB,getTransportedUnitCount,CustomUnitType: returns number of units in transport (B.size),body-verified-v1200
method,com.corrodinggames.rts.game.units.custom,j,bD,getQueuedProduction,CustomUnitType: get current production queue,body-verified-v1200
method,com.corrodinggames.rts.game.units.custom,j,bI,isSeaUnitByConfig,CustomUnitType: returns x.aH (water surface check used in movement),body-verified-v1400
method,com.corrodinggames.rts.game.units.custom,j,bJ,getstrictfp boolean,real-class-inferred: com.corrodinggames.rts.game.units.custom.j,real-class-v1200
method,com.corrodinggames.rts.game.units.custom,j,bN(),getUnitMass,[v10.3-resolved: unique match | returns float] Unit mass for physics/knockback,verified-exists
method,com.corrodinggames.rts.game.units.custom,j,bO,isDeathExplosionEnabled,CustomUnitType: returns x.eD,body-verified-v1400
method,com.corrodinggames.rts.game.units.custom,j,bP,isDeathShockwaveEnabled,CustomUnitType: returns x.eE,body-verified-v1400
method,com.corrodinggames.rts.game.units.custom,j,bU,isMinerUnit,CustomUnitType: returns x.u,body-verified-v1400
method,com.corrodinggames.rts.game.units.custom,j,bV,getActionProgressFraction,CustomUnitType: bT() && !dL.a() && x.z → dL.e,body-verified-v1400
method,com.corrodinggames.rts.game.units.custom,j,bW,getProgressFraction,CustomUnitType: HP/energy/turret cooldown composite progress,body-verified-v1400
method,com.corrodinggames.rts.game.units.custom,j,bX,getstrictfp boolean,real-class-inferred: com.corrodinggames.rts.game.units.custom.j,real-class-v1200
method,com.corrodinggames.rts.game.units.custom,j,bY,getUsedTransportCapacity,CustomUnitType: returns dI() transport usage [FIXED: was getBuildTime - dI calculates capacity],body-verified-v1400-fixed
method,com.corrodinggames.rts.game.units.custom,j,bZ,getMaxTransportSlots,CustomUnitType: returns x.eM (same field as cr/bB),body-verified-v1400
method,com.corrodinggames.rts.game.units.custom,j,ba(),getSpreadAngle,[v10.3-resolved: unique match | returns float] Weapon spread angle from config,verified-exists
method,com.corrodinggames.rts.game.units.custom,j,bc,getstrictfp float,real-class-inferred: com.corrodinggames.rts.game.units.custom.j,real-class-v1200
method,com.corrodinggames.rts.game.units.custom,j,bd,getMaxHealth,CustomUnitType: returns y.d (bW() uses cB/y.d for HP ratio),body-verified-v1400
method,com.corrodinggames.rts.game.units.custom,j,be,getb,real-class-inferred: com.corrodinggames.rts.game.units.custom.j,real-class-v1200
method,com.corrodinggames.rts.game.units.custom,j,bf,getstrictfp boolean,real-class-inferred: com.corrodinggames.rts.game.units.custom.j,real-class-v1200
method,com.corrodinggames.rts.game.units.custom,j,bg,getstrictfp boolean,real-class-inferred: com.corrodinggames.rts.game.units.custom.j,real-class-v1200
method,com.corrodinggames.rts.game.units.custom,j,bi,isShadowCastEnabled,CustomUnitType: returns x.dX,body-verified-v1400
method,com.corrodinggames.rts.game.units.custom,j,bj,isShadowRenderInWater,CustomUnitType: returns x.dY,body-verified-v1400
method,com.corrodinggames.rts.game.units.custom,j,bl(),getCustomTurretCount,[v10.3-resolved: unique match | returns int] Number of weapon turrets from config,verified-exists
method,com.corrodinggames.rts.game.units.custom,j,bm(),isHoldFire,[v10.3-resolved: unique match | returns boolean] Hold-fire active from config,verified-exists
method,com.corrodinggames.rts.game.units.custom,j,bp,getExplosionParticleCount,CustomUnitType: returns x.bq (loop in e()),body-verified-v1400
method,com.corrodinggames.rts.game.units.custom,j,bq,onBuildComplete,CustomUnitType: called when unit construction finishes,body-verified-v1200
method,com.corrodinggames.rts.game.units.custom,j,bq(),onBuiltComplete,[v10.3-resolved: unique match | returns void] Handle unit built event,verified-exists
method,com.corrodinggames.rts.game.units.custom,j,bu(),onSpawnInit,[v10.3-resolved: unique match,verified-exists
method,com.corrodinggames.rts.game.units.custom,j,bv,finalizeUnitRemoval,CustomUnitType: n.a(this) + dL.a(true) + super,body-verified-v1400
method,com.corrodinggames.rts.game.units.custom,j,by,getProductionComponent,CustomUnitType: get production resource component,body-verified-v1200
method,com.corrodinggames.rts.game.units.custom,j,bz,getTransportedUnitsList,CustomUnitType: returns B container directly,body-verified-v1400
method,com.corrodinggames.rts.game.units.custom,j,c,getstrictfp void,real-class-inferred: com.corrodinggames.rts.game.units.custom.j,real-class-v1200
method,com.corrodinggames.rts.game.units.custom,j,c(am),getDamageMultiplier,CustomUnitType: returns x.bb,body-verified-v1400
method,com.corrodinggames.rts.game.units.custom,j,c(boolean),spawnUnitsOnDeath,"""CustomUnitType: bL.a(pos""", n2
method,com.corrodinggames.rts.game.units.custom,j,c(d.j),canQueueItemExecute,CustomUnitType: always true,body-verified-v1400
method,com.corrodinggames.rts.game.units.custom,j,c(float),renderUnitBody,"""CustomUnitType: canvas""", texture M
method,com.corrodinggames.rts.game.units.custom,j,c(int),getTurretFireCooldownOverride,CustomUnitType: bn.U override else x.eb,body-verified-v1400
method,com.corrodinggames.rts.game.units.custom,j,cA(),getAnimWaitConfig,[v10.3-resolved: unique match,verified-exists
method,com.corrodinggames.rts.game.units.custom,j,cD(),getModelScale,[v10.3-resolved: unique match,verified-exists
method,com.corrodinggames.rts.game.units.custom,j,cF,getUnitRenderRect,CustomUnitType: super + x.ak offset,body-verified-v1400
method,com.corrodinggames.rts.game.units.custom,j,cG(),isAreaGround,[v10.3-resolved: unique match | returns boolean] Area-ground flag from config,verified-exists
method,com.corrodinggames.rts.game.units.custom,j,cN,getResourceComponent,CustomUnitType: get ResourceComponent for this unit type,body-verified-v1200
method,com.corrodinggames.rts.game.units.custom,j,cO,getstrictfp boolean,real-class-inferred: com.corrodinggames.rts.game.units.custom.j,real-class-v1200
method,com.corrodinggames.rts.game.units.custom,j,cP,regenerateToFull,CustomUnitType: x.bh==0 && g()>0→rebuild (n.b/n.c net sync),body-verified-v1400
method,com.corrodinggames.rts.game.units.custom,j,cQ,getRegenDelay,CustomUnitType: returns x.cG,body-verified-v1400
method,com.corrodinggames.rts.game.units.custom,j,cR,getDisplayInfo,CustomUnitType: get display info handle,body-verified-v1200
method,com.corrodinggames.rts.game.units.custom,j,cS,getstrictfp int,real-class-inferred: com.corrodinggames.rts.game.units.custom.j,real-class-v1200
method,com.corrodinggames.rts.game.units.custom,j,cT,getstrictfp boolean,real-class-inferred: com.corrodinggames.rts.game.units.custom.j,real-class-v1200
method,com.corrodinggames.rts.game.units.custom,j,cV,getstrictfp boolean,real-class-inferred: com.corrodinggames.rts.game.units.custom.j,real-class-v1200
method,com.corrodinggames.rts.game.units.custom,j,cW,getstrictfp boolean,real-class-inferred: com.corrodinggames.rts.game.units.custom.j,real-class-v1200
method,com.corrodinggames.rts.game.units.custom,j,cY(),getRecoilTremorOffset,[v10.3-resolved: unique match,verified-exists
method,com.corrodinggames.rts.game.units.custom,j,cZ,getstrictfp float,real-class-inferred: com.corrodinggames.rts.game.units.custom.j,real-class-v1200
method,com.corrodinggames.rts.game.units.custom,j,c_,getstrictfp boolean,real-class-inferred: com.corrodinggames.rts.game.units.custom.j,real-class-v1200
method,com.corrodinggames.rts.game.units.custom,j,ca,drawQueueTargetLine,CustomUnitType: line from unit to dL.b,body-verified-v1400
method,com.corrodinggames.rts.game.units.custom,j,cb,drawRangeIndicators,"""CustomUnitType: attack circle m()""", secondary y.o
method,com.corrodinggames.rts.game.units.custom,j,cc,getHitboxRect,CustomUnitType: get hitbox rectangle,body-verified-v1200
method,com.corrodinggames.rts.game.units.custom,j,cd,getSelectionRect,CustomUnitType: get selection rectangle,body-verified-v1200
method,com.corrodinggames.rts.game.units.custom,j,ce,getBuildRect,CustomUnitType: get build footprint rectangle,body-verified-v1200
method,com.corrodinggames.rts.game.units.custom,j,cg(),canBuildOnWater,[v10.3-resolved: unique match | returns boolean] Build-on-water flag from config,verified-exists
method,com.corrodinggames.rts.game.units.custom,j,ch,getstrictfp void,real-class-inferred: com.corrodinggames.rts.game.units.custom.j,real-class-v1200
method,com.corrodinggames.rts.game.units.custom,j,ck,getstrictfp boolean,real-class-inferred: com.corrodinggames.rts.game.units.custom.j,real-class-v1200
method,com.corrodinggames.rts.game.units.custom,j,cl,getstrictfp boolean,real-class-inferred: com.corrodinggames.rts.game.units.custom.j,real-class-v1200
method,com.corrodinggames.rts.game.units.custom,j,cm,getPrimaryProductionAction,CustomUnitType: first item from dC() via N(),body-verified-v1400
method,com.corrodinggames.rts.game.units.custom,j,cn,getstrictfp float,real-class-inferred: com.corrodinggames.rts.game.units.custom.j,real-class-v1200
method,com.corrodinggames.rts.game.units.custom,j,cp,getc,real-class-inferred: com.corrodinggames.rts.game.units.custom.j,real-class-v1200
method,com.corrodinggames.rts.game.units.custom,j,cr,hasTransportedUnits,CustomUnitType: check if unit type has transport slots,body-verified-v1200
method,com.corrodinggames.rts.game.units.custom,j,ct,isAirUnit,CustomUnitType: h()==ao.d,body-verified-v1400
method,com.corrodinggames.rts.game.units.custom,j,cu,getstrictfp boolean,real-class-inferred: com.corrodinggames.rts.game.units.custom.j,real-class-v1200
method,com.corrodinggames.rts.game.units.custom,j,cv,isSeaUnit,CustomUnitType: h()==ao.e,body-verified-v1400
method,com.corrodinggames.rts.game.units.custom,j,cw,getstrictfp int,real-class-inferred: com.corrodinggames.rts.game.units.custom.j,real-class-v1200
method,com.corrodinggames.rts.game.units.custom,j,cx,getAreaDamageRadius,CustomUnitType: returns y.r,body-verified-v1400
method,com.corrodinggames.rts.game.units.custom,j,cy,getCurrentAnimationFrame,CustomUnitType: get animation frame index,body-verified-v1200
method,com.corrodinggames.rts.game.units.custom,j,cy(),getAnimFrameIndex,[v10.3-resolved: unique match,verified-exists
method,com.corrodinggames.rts.game.units.custom,j,cz,getCurrentAnimationConfig,CustomUnitType: get current animation configuration,body-verified-v1200
method,com.corrodinggames.rts.game.units.custom,j,cz(),getCurrentAnimConfig,[v10.3-resolved: unique match,verified-exists
method,com.corrodinggames.rts.game.units.custom,j,d,getstrictfp boolean,real-class-inferred: com.corrodinggames.rts.game.units.custom.j,real-class-v1200
method,com.corrodinggames.rts.game.units.custom,j,d(am),canAttackUnitByConfig,"""CustomUnitType: x.aS filter""", dH() attachment
method,com.corrodinggames.rts.game.units.custom,j,d(boolean),getTurretAimDirection,CustomUnitType: dB/dC/dD returns cL[dG].a + 90,body-verified-v1400
method,com.corrodinggames.rts.game.units.custom,j,d(float),renderUnitDecorations,"""CustomUnitType: x.al static texture""",""" x.az leg overlap"""
method,com.corrodinggames.rts.game.units.custom,j,dA,isTransportOverCapacity,CustomUnitType: dI() > x.eM check,body-verified-v1400
method,com.corrodinggames.rts.game.units.custom,j,dB,markLegsDirty,CustomUnitType: all legs n/m=true then dv(),body-verified-v1400
method,com.corrodinggames.rts.game.units.custom,j,dC,getProductionList,CustomUnitType: get list of producible unit types,body-verified-v1200
method,com.corrodinggames.rts.game.units.custom,j,dD,clearQueuedEvents,CustomUnitType: static - clears dW,body-verified-v1400
method,com.corrodinggames.rts.game.units.custom,j,dE,getstrictfp void,real-class-inferred: com.corrodinggames.rts.game.units.custom.j,real-class-v1200
method,com.corrodinggames.rts.game.units.custom,j,dF(),updateAnimationState,[v10.3-resolved: unique match,verified-exists
method,com.corrodinggames.rts.game.units.custom,j,dG,getstrictfp boolean,real-class-inferred: com.corrodinggames.rts.game.units.custom.j,real-class-v1200
method,com.corrodinggames.rts.game.units.custom,j,dH,isAttachedToParent,CustomUnitType: dn()!=null && !n2.l,body-verified-v1400
method,com.corrodinggames.rts.game.units.custom,j,dI,getUsedTransportCapacity,CustomUnitType: sums am2.cw() over transported list B,body-verified-v1400
method,com.corrodinggames.rts.game.units.custom,j,dJ,getstrictfp void,real-class-inferred: com.corrodinggames.rts.game.units.custom.j,real-class-v1200
field,com.corrodinggames.rts.game.units.custom,j,dK,sharedAIState,CustomUnitType: static shared AI state container,body-verified-v1200
field,com.corrodinggames.rts.game.units.custom,j,dL,unitCallback,CustomUnitType: callback/listener for unit events,body-verified-v1200
field,com.corrodinggames.rts.game.units.custom,j,dM,sharedRenderPoint,CustomUnitType: static PointF for rendering,body-verified-v1200
field,com.corrodinggames.rts.game.units.custom,j,dN,selectedUnitRef,CustomUnitType: static reference to selected unit instance,body-verified-v1200
field,com.corrodinggames.rts.game.units.custom,j,dO,selectionIndex,CustomUnitType: static selection index counter,body-verified-v1200
field,com.corrodinggames.rts.game.units.custom,j,dP,legJointAngle1,CustomUnitType: leg joint angle for walk animation,body-verified-v1200
field,com.corrodinggames.rts.game.units.custom,j,dQ,legJointAngle2,CustomUnitType: leg joint angle for walk animation,body-verified-v1200
field,com.corrodinggames.rts.game.units.custom,j,dR,legJointAngle3,CustomUnitType: leg joint angle for walk animation,body-verified-v1200
field,com.corrodinggames.rts.game.units.custom,j,dS,legLiftHeight,CustomUnitType: leg lift height during walk cycle,body-verified-v1200
field,com.corrodinggames.rts.game.units.custom,j,dT,legConfigs,CustomUnitType: leg configuration array for multi-leg units,body-verified-v1200
field,com.corrodinggames.rts.game.units.custom,j,dU,sharedUnitList,CustomUnitType: static ArrayList for temporary operations,body-verified-v1200
field,com.corrodinggames.rts.game.units.custom,j,dV,sharedRenderList1,CustomUnitType: static utility list for rendering batch 1,body-verified-v1200
field,com.corrodinggames.rts.game.units.custom,j,dW,sharedRenderList2,CustomUnitType: static utility list for rendering batch 2,body-verified-v1200
field,com.corrodinggames.rts.game.units.custom,j,dX,sharedRenderList3,CustomUnitType: static utility list for rendering batch 3,body-verified-v1200
field,com.corrodinggames.rts.game.units.custom,j,dY,renderStateFlag,CustomUnitType: static render state tracking flag,body-verified-v1200
field,com.corrodinggames.rts.game.units.custom,j,dZ,unitTypeCache,CustomUnitType: static HashMap cache of unit types,body-verified-v1200
method,com.corrodinggames.rts.game.units.custom,j,da,getstrictfp float,real-class-inferred: com.corrodinggames.rts.game.units.custom.j,real-class-v1200
method,com.corrodinggames.rts.game.units.custom,j,db,getstrictfp float,real-class-inferred: com.corrodinggames.rts.game.units.custom.j,real-class-v1200
method,com.corrodinggames.rts.game.units.custom,j,dc,startDeathExplosion,"""CustomUnitType: eq=170""", f=1.5
method,com.corrodinggames.rts.game.units.custom,j,dd,isUnderwaterExplosion,CustomUnitType: returns x.cm,body-verified-v1400
method,com.corrodinggames.rts.game.units.custom,j,de,getDisplayName,CustomUnitType: get localized display name,body-verified-v1200
method,com.corrodinggames.rts.game.units.custom,j,dh,getDisplayDescription,CustomUnitType: get localized description text,body-verified-v1200
method,com.corrodinggames.rts.game.units.custom,j,di,getstrictfp void,real-class-inferred: com.corrodinggames.rts.game.units.custom.j,real-class-v1200
method,com.corrodinggames.rts.game.units.custom,j,dj,getstrictfp void,real-class-inferred: com.corrodinggames.rts.game.units.custom.j,real-class-v1200
method,com.corrodinggames.rts.game.units.custom,j,dk,getstrictfp boolean,real-class-inferred: com.corrodinggames.rts.game.units.custom.j,real-class-v1200
method,com.corrodinggames.rts.game.units.custom,j,dl,getstrictfp boolean,real-class-inferred: com.corrodinggames.rts.game.units.custom.j,real-class-v1200
method,com.corrodinggames.rts.game.units.custom,j,dm,getstrictfp boolean,real-class-inferred: com.corrodinggames.rts.game.units.custom.j,real-class-v1200
method,com.corrodinggames.rts.game.units.custom,j,do,getstrictfp float,real-class-inferred: com.corrodinggames.rts.game.units.custom.j,real-class-v1200
method,com.corrodinggames.rts.game.units.custom,j,dp,getstrictfp boolean,real-class-inferred: com.corrodinggames.rts.game.units.custom.j,real-class-v1200
method,com.corrodinggames.rts.game.units.custom,j,ds,ejectAllTransportedUnits,CustomUnitType: remove all transported units,body-verified-v1200
method,com.corrodinggames.rts.game.units.custom,j,ds(),ejectAllTransportedUnits,[v10.3-resolved: unique match,verified-exists
method,com.corrodinggames.rts.game.units.custom,j,dt,getUnitTypeConfig,CustomUnitType: returns ModUnitRegistry config (x) @Override,body-verified-v1200
method,com.corrodinggames.rts.game.units.custom,j,dt(),getUnitTypeConfig,[v10.3-resolved: unique match,verified-exists
method,com.corrodinggames.rts.game.units.custom,j,du,initLegs,"""CustomUnitType: allocate dT array by x.ax""",""" then dv()"""
method,com.corrodinggames.rts.game.units.custom,j,dv,updateLegs,"""CustomUnitType: b.h.a.b(this""",""" 0) skeletal update"""
method,com.corrodinggames.rts.game.units.custom,j,dw,getCurrentQueueItem,CustomUnitType: dL.b(),body-verified-v1400
method,com.corrodinggames.rts.game.units.custom,j,dx,getQueueItemList,CustomUnitType: returns dL.c,body-verified-v1400
method,com.corrodinggames.rts.game.units.custom,j,dy,isQueueIdle,CustomUnitType: dL.a(),body-verified-v1400
method,com.corrodinggames.rts.game.units.custom,j,dz,resetQueueProgress,CustomUnitType: dL.e = 1.0f,body-verified-v1400
field,com.corrodinggames.rts.game.units.custom,j,e,maxSpeed,CustomUnitType: maximum movement speed,body-verified-v1200
method,com.corrodinggames.rts.game.units.custom,j,e(am),removeTransportedUnit,"""CustomUnitType: checks am2.cN==this""",""" logs if not transported"""
method,com.corrodinggames.rts.game.units.custom,j,e(boolean),getAttachedUnitsList,"""CustomUnitType: b.m.a(this""", eg
method,com.corrodinggames.rts.game.units.custom,j,e(int),getTurretCooldownTime,CustomUnitType: returns bn.n,body-verified-v1400
method,com.corrodinggames.rts.game.units.custom,j,e_,getTurretAuxPoints,CustomUnitType: returns PointF[] auxiliary turret points (F),body-verified-v1200
method,com.corrodinggames.rts.game.units.custom,j,e_(),getFlamePoints,[v10.3-resolved: unique match,verified-exists
field,com.corrodinggames.rts.game.units.custom,j,ea,nextCacheId,CustomUnitType: static counter for cache indexing,body-verified-v1200
field,com.corrodinggames.rts.game.units.custom,j,eb,cachedDisplayString,CustomUnitType: static cached display string,body-verified-v1200
field,com.corrodinggames.rts.game.units.custom,j,ec,sharedCachePoint,CustomUnitType: static PointF for cache operations,body-verified-v1200
field,com.corrodinggames.rts.game.units.custom,j,ed,displayInfoHandle,CustomUnitType: display info handle for HUD rendering,body-verified-v1200
field,com.corrodinggames.rts.game.units.custom,j,ee,sharedQueueState,CustomUnitType: static AI state for queue operations,body-verified-v1200
field,com.corrodinggames.rts.game.units.custom,j,ef,sharedBuildPoint,CustomUnitType: static PointF for build position calc,body-verified-v1200
field,com.corrodinggames.rts.game.units.custom,j,eg,actionCooldowns,CustomUnitType: list of action cooldown timers,body-verified-v1200
method,com.corrodinggames.rts.game.units.custom,j,f,getstrictfp boolean,real-class-inferred: com.corrodinggames.rts.game.units.custom.j,real-class-v1200
method,com.corrodinggames.rts.game.units.custom,j,f(am),getWeaponSpeedMultiplier,CustomUnitType: returns x.be,body-verified-v1400
method,com.corrodinggames.rts.game.units.custom,j,f(int),getTurretRecoilTime,CustomUnitType: returns bn.o,body-verified-v1400
method,com.corrodinggames.rts.game.units.custom,j,f_(),updateRenderFlags,[v10.3-resolved: unique match | returns void] Update render flags from config,verified-exists
field,com.corrodinggames.rts.game.units.custom,j,g,isInitialized,CustomUnitType: initialization flag,body-verified-v1200
method,com.corrodinggames.rts.game.units.custom,j,g(),getRegenRate,[v10.3-resolved: semantic match (0 params | returns float)] HP regeneration rate from config,verified-exists
method,com.corrodinggames.rts.game.units.custom,j,g(boolean),unloadLastUnit,"""CustomUnitType: pops last unit""",""" alternate left/right"""
method,com.corrodinggames.rts.game.units.custom,j,g(int),getMuzzleOffsetForward,CustomUnitType: returns bn.X (used in D(int) along muzzle direction),body-verified-v1400
method,com.corrodinggames.rts.game.units.custom,j,h,getMovementType,CustomUnitType: returns x.fh (ao movement type enum),body-verified-v1400
method,com.corrodinggames.rts.game.units.custom,j,h(boolean),ejectAllTransported,"""CustomUnitType: clears B""", moves units behind
method,com.corrodinggames.rts.game.units.custom,j,i,isFlyingHigh,CustomUnitType: x.fh==ao.d && eq>=4.0f (used for bombing in e()),body-verified-v1400
method,com.corrodinggames.rts.game.units.custom,j,i(boolean),setQueuePaused,CustomUnitType: dL.a(bl),body-verified-v1400
field,com.corrodinggames.rts.game.units.custom,j,j,turretScale,CustomUnitType: turret scale factor (default 1.0),body-verified-v1200
method,com.corrodinggames.rts.game.units.custom,j,j(boolean),setInitialDisplayName,"""CustomUnitType: a(this.x.O""",""" bl)"""
field,com.corrodinggames.rts.game.units.custom,j,k,hasTurret,CustomUnitType: has turret flag,body-verified-v1200
method,com.corrodinggames.rts.game.units.custom,j,k(am),canTargetUnit,"""CustomUnitType: main target predicate: eu/ev/ew teams""", ex turret
field,com.corrodinggames.rts.game.units.custom,j,l,isFlyingUnit,CustomUnitType: flying/air unit flag,body-verified-v1200
method,com.corrodinggames.rts.game.units.custom,j,l(am),canAttackUnitExtended,CustomUnitType: x.fn filter + range am2.g()!=0 check,body-verified-v1400
field,com.corrodinggames.rts.game.units.custom,j,m,collisionRadius,CustomUnitType: collision detection radius,body-verified-v1200
method,com.corrodinggames.rts.game.units.custom,j,m(am),onUnitDestroyed,"""CustomUnitType: carrier→eject""", ci() remove
field,com.corrodinggames.rts.game.units.custom,j,n,isLegacyPhysics,CustomUnitType: use legacy physics engine,body-verified-v1200
field,com.corrodinggames.rts.game.units.custom,j,o,maxHealth,CustomUnitType: maximum hit points,body-verified-v1200
method,com.corrodinggames.rts.game.units.custom,j,p,getstrictfp boolean,real-class-inferred: com.corrodinggames.rts.game.units.custom.j,real-class-v1200
method,com.corrodinggames.rts.game.units.custom,j,p(float),runHitScripts,"""CustomUnitType: b.a.f(this""","""f2) hit script + super"""
method,com.corrodinggames.rts.game.units.custom,j,p(int),getTurretTurnRate,CustomUnitType: returns x.bI,body-verified-v1400
field,com.corrodinggames.rts.game.units.custom,j,q,sightRange,CustomUnitType: fog of war sight range,body-verified-v1200
method,com.corrodinggames.rts.game.units.custom,j,q(int),getTurretDamagePerShot,"""CustomUnitType: bh.b + bh.c""",""" multiplied by y.f if not aN"""
field,com.corrodinggames.rts.game.units.custom,j,r,isWaterUnit,CustomUnitType: water/naval unit flag,body-verified-v1200
method,com.corrodinggames.rts.game.units.custom,j,r(int),isTurretReadyToFire,CustomUnitType: returns bn.B ready flag,body-verified-v1400
field,com.corrodinggames.rts.game.units.custom,j,s,acceleration,CustomUnitType: movement acceleration,body-verified-v1200
method,com.corrodinggames.rts.game.units.custom,j,s(int),isTurretAutoFire,CustomUnitType: returns bn.s,body-verified-v1400
field,com.corrodinggames.rts.game.units.custom,j,t,deceleration,CustomUnitType: movement deceleration,body-verified-v1200
method,com.corrodinggames.rts.game.units.custom,j,t(int),getTurretReloadProgress,CustomUnitType: -(bn.t * (cL[n2].f/bn.n)) negative progress,body-verified-v1400
method,com.corrodinggames.rts.game.units.custom,j,u,getstrictfp boolean,real-class-inferred: com.corrodinggames.rts.game.units.custom.j,real-class-v1200
method,com.corrodinggames.rts.game.units.custom,j,u(am),getAttackRangeVsTarget,CustomUnitType: x.aX override + target size cj,body-verified-v1400
method,com.corrodinggames.rts.game.units.custom,j,u(int),canUseTurret,CustomUnitType: consume check then delegate to super,body-verified-v1400
method,com.corrodinggames.rts.game.units.custom,j,v,getstrictfp int,real-class-inferred: com.corrodinggames.rts.game.units.custom.j,real-class-v1200
method,com.corrodinggames.rts.game.units.custom,j,v(am),getSecondaryRangeVsTarget,CustomUnitType: x.aZ override version,body-verified-v1400
method,com.corrodinggames.rts.game.units.custom,j,v(int),getTurretTextureIndex,CustomUnitType: returns fQ[n2].x,body-verified-v1400
field,com.corrodinggames.rts.game.units.custom,j,w,shieldRegenRate,CustomUnitType: shield regeneration rate,body-verified-v1200
method,com.corrodinggames.rts.game.units.custom,j,w(int),getTurretReloadSpeed,CustomUnitType: returns bn.V,body-verified-v1400
method,com.corrodinggames.rts.game.units.custom,j,x,getMiningRate,CustomUnitType: x.t negative means disabled,body-verified-v1400
method,com.corrodinggames.rts.game.units.custom,j,x(int),getTurretDamage,CustomUnitType: returns bn.Q,body-verified-v1400
method,com.corrodinggames.rts.game.units.custom,j,y,getSecondaryAttackRange,CustomUnitType: y.o!=-1 returns y.o (cb() draws if>50),body-verified-v1400
method,com.corrodinggames.rts.game.units.custom,j,y(int),getTurretMuzzleVelocity,CustomUnitType: returns bn.W,body-verified-v1400
method,com.corrodinggames.rts.game.units.custom,j,z,getSpeedMultiplier,CustomUnitType: y.j * this.j (j=0.7 slowdown factor),body-verified-v1400
method,com.corrodinggames.rts.game.units.custom,j,z(am),getScaledDamageVsTarget,"""CustomUnitType: x.bc""",""" target g()>0→g()*x.bd"""
method,com.corrodinggames.rts.game.units.custom,j,z(int),getMuzzleOffsetSide,CustomUnitType: returns bn.ab,body-verified-v1400
field,com.corrodinggames.rts.game.units.custom,k,a,mountType,Attachment type enum (ae),verified-exists
field,com.corrodinggames.rts.game.units.custom,k,b,j,real-class-inferred: com.corrodinggames.rts.game.units.custom.k,real-class-v1200
field,com.corrodinggames.rts.game.units.custom,k,c,am,real-class-inferred: com.corrodinggames.rts.game.units.custom.k,real-class-v1200
method,com.corrodinggames.rts.game.units.custom,l,a(java.lang.String, java.lang.String,""" java.lang.String)""",addUnitReference
method,com.corrodinggames.rts.game.units.custom,l,b(java.lang.String, java.lang.String,""" java.lang.String)"" | createKnownUnitBuildOptionWithCondition",verified-exists
method,com.corrodinggames.rts.game.units.custom,l,c(java.lang.String, java.lang.String,""" java.lang.String)""",createTagsBuildOption
method,com.corrodinggames.rts.game.units.custom,l,A,do_A,"""[Phase3-method] returns void""",verified-exists
method,com.corrodinggames.rts.game.units.custom,l,B,get_B,"""[Phase3-method] returns com.corrodinggames.rts.game.units.custom.d.b""",verified-exists
method,com.corrodinggames.rts.game.units.custom,l,C,get_C,"""[Phase3-method] returns boolean""",verified-exists
method,com.corrodinggames.rts.game.units.custom,l,D,get_D,"""[Phase3-method] returns float""",verified-exists
method,com.corrodinggames.rts.game.units.custom,l,E,get_E,"""[Phase3-method] returns java.lang.String""",verified-exists
method,com.corrodinggames.rts.game.units.custom,l,F,do_F,"""[Phase3-method] returns void""",verified-exists
field,com.corrodinggames.rts.game.units.custom,l,G,movementControllers,Movement controller array (game.f[]),verified-exists
field,com.corrodinggames.rts.game.units.custom,l,H,tempPointA,Static temp point A (PointF),verified-exists
field,com.corrodinggames.rts.game.units.custom,l,I,tempPointB,Static temp point B (PointF),verified-exists
field,com.corrodinggames.rts.game.units.custom,l,J,cachedPaint,Cached paint object (Paint),verified-exists
field,com.corrodinggames.rts.game.units.custom,l,K,tempPointC,Static temp point C (PointF),verified-exists
field,com.corrodinggames.rts.game.units.custom,l,KeyframeTimeScale,KeyframeTimeScale,INI-verified: appears 5x in sections animation_idle,ini-verified-v16
field,com.corrodinggames.rts.game.units.custom,l,L,string0,[Phase3-inferred] type=java.lang.String,verified-exists
field,com.corrodinggames.rts.game.units.custom,l,M,unitName,Canonical unit name/identifier,verified-exists
field,com.corrodinggames.rts.game.units.custom,l,N,altNameList,Alternative name aliases for lookup,verified-exists
field,com.corrodinggames.rts.game.units.custom,l,O,attackWaypointType,Attack waypoint type reference,verified-exists
field,com.corrodinggames.rts.game.units.custom,l,P,deathWaypointType,Death waypoint type reference,verified-exists
field,com.corrodinggames.rts.game.units.custom,l,Q,unitSubName,Sub-name variant,verified-exists
field,com.corrodinggames.rts.game.units.custom,l,R,intR,Generic int config,verified-exists
field,com.corrodinggames.rts.game.units.custom,l,S,intS,Generic int config,verified-exists
field,com.corrodinggames.rts.game.units.custom,l,T,spawnType,Spawn position type enum,verified-exists
field,com.corrodinggames.rts.game.units.custom,l,U,intU,Generic int config (default 1),verified-exists
field,com.corrodinggames.rts.game.units.custom,l,V,intV,Generic int config (default MAX),verified-exists
field,com.corrodinggames.rts.game.units.custom,l,W,intW,Generic int config (default -1),verified-exists
field,com.corrodinggames.rts.game.units.custom,l,X,intX,Generic int config (default -1),verified-exists
field,com.corrodinggames.rts.game.units.custom,l,Y,intY,Generic int config,verified-exists
field,com.corrodinggames.rts.game.units.custom,l,Z,logicConditionZ,Logic boolean condition,verified-exists
method,com.corrodinggames.rts.game.units.custom,l,a,get_a,"""[Phase3-method] returns com.corrodinggames.rts.game.units.am""",verified-exists
field,com.corrodinggames.rts.game.units.custom,l,aA,customCostsList,Custom resource cost objects list,verified-exists
field,com.corrodinggames.rts.game.units.custom,l,aB,field_aB,"P3.1-inferred: type=boolean, was=flag1",p3-auto-inferred
field,com.corrodinggames.rts.game.units.custom,l,aC,bb2,[Phase3-inferred] type=com.corrodinggames.rts.game.units.custom.bb,verified-exists
field,com.corrodinggames.rts.game.units.custom,l,aD,bb3,[Phase3-inferred] type=com.corrodinggames.rts.game.units.custom.bb,verified-exists
field,com.corrodinggames.rts.game.units.custom,l,aE,localizationKeyOverride,Custom localization key override,verified-exists
field,com.corrodinggames.rts.game.units.custom,l,aF,field_aF,"P3.1-inferred: type=boolean, was=flag4",p3-auto-inferred
field,com.corrodinggames.rts.game.units.custom,l,aG,field_aG,"P3.1-inferred: type=float, was=value5",p3-auto-inferred
field,com.corrodinggames.rts.game.units.custom,l,aH,isCloakable,Unit can cloak,verified-exists
field,com.corrodinggames.rts.game.units.custom,l,aI,isStealthy,Unit has stealth capability,verified-exists
field,com.corrodinggames.rts.game.units.custom,l,aJ,field_aJ,"P3.1-inferred: type=boolean, was=flag6",p3-auto-inferred
field,com.corrodinggames.rts.game.units.custom,l,aK,field_aK,"P3.1-inferred: type=boolean, was=flag7",p3-auto-inferred
field,com.corrodinggames.rts.game.units.custom,l,aL,buildPowerOverride,Build power override (>0 used as build power),verified-exists
field,com.corrodinggames.rts.game.units.custom,l,aM,field_aM,"P3.1-inferred: type=boolean, was=flag8",p3-auto-inferred
field,com.corrodinggames.rts.game.units.custom,l,aN,field_aN,"P3.1-inferred: type=boolean, was=flag9",p3-auto-inferred
field,com.corrodinggames.rts.game.units.custom,l,aO,field_aO,"P3.1-inferred: type=boolean, was=flag10",p3-auto-inferred
field,com.corrodinggames.rts.game.units.custom,l,aP,field_aP,"P3.1-inferred: type=boolean, was=flag11",p3-auto-inferred
field,com.corrodinggames.rts.game.units.custom,l,aQ,field_aQ,"P3.1-inferred: type=boolean, was=flag12",p3-auto-inferred
field,com.corrodinggames.rts.game.units.custom,l,aR,field_aR,"P3.1-inferred: type=boolean, was=flag13",p3-auto-inferred
field,com.corrodinggames.rts.game.units.custom,l,aS,field_aS,"P3.1-inferred: type=com.corrodinggames.rts.game.units.custom.h, was=h14",p3-auto-inferred
field,com.corrodinggames.rts.game.units.custom,l,aT,field_aT,"P3.1-inferred: type=boolean, was=flag15",p3-auto-inferred
field,com.corrodinggames.rts.game.units.custom,l,aU,field_aU,"P3.1-inferred: type=boolean, was=flag16",p3-auto-inferred
field,com.corrodinggames.rts.game.units.custom,l,aV,field_aV,"P3.1-inferred: type=boolean, was=flag17",p3-auto-inferred
field,com.corrodinggames.rts.game.units.custom,l,aW,field_aW,"P3.1-inferred: type=boolean, was=flag18",p3-auto-inferred
field,com.corrodinggames.rts.game.units.custom,l,aX,counter19,[Phase3-inferred] type=int,verified-exists
field,com.corrodinggames.rts.game.units.custom,l,aY,nanoRangeForRepairIsMelee,[V] [V] INI 'nanoRangeForRepairIsMelee' (ag.java:1735),verified-exists
field,com.corrodinggames.rts.game.units.custom,l,aZ,nanoRangeForReclaim,[V] [V] INI 'nanoRangeForReclaim' (ag.java:1744-1747),verified-exists
field,com.corrodinggames.rts.game.units.custom,l,aa,allowAbsolutePath,Absolute resource path flag,verified-exists
field,com.corrodinggames.rts.game.units.custom,l,ab,shadowTeamColorFlag,[U] [U] boolean passed to image_shadow texture loader (ag.java:1383),verified-exists
field,com.corrodinggames.rts.game.units.custom,l,ac,teamColorPalette,"""[V] [V] game.o palette passed to team-color texture variant a(l5.ad""",verified-exists
field,com.corrodinggames.rts.game.units.custom,l,action_1_buildSpeed,action_1_buildSpeed,INI-verified: appears 6x in sections core,ini-verified-v16
field,com.corrodinggames.rts.game.units.custom,l,action_1_convertTo,action_1_convertTo,INI-verified: appears 8x in sections core,ini-verified-v16
field,com.corrodinggames.rts.game.units.custom,l,action_1_description,action_1_description,INI-verified: appears 2x in sections core,ini-verified-v16
field,com.corrodinggames.rts.game.units.custom,l,action_1_displayType,action_1_displayType,INI-verified: appears 5x in sections core,ini-verified-v16
field,com.corrodinggames.rts.game.units.custom,l,action_1_pos,action_1_pos,INI-verified: appears 4x in sections core,ini-verified-v16
field,com.corrodinggames.rts.game.units.custom,l,action_1_price,action_1_price,INI-verified: appears 6x in sections core,ini-verified-v16
field,com.corrodinggames.rts.game.units.custom,l,action_1_text,action_1_text,INI-verified: appears 6x in sections core,ini-verified-v16
field,com.corrodinggames.rts.game.units.custom,l,action_1_whenBuilding_cannotMove,action_1_whenBuilding_cannotMove,INI-verified: appears 3x in sections core,ini-verified-v16
field,com.corrodinggames.rts.game.units.custom,l,ad,baseImageTexture,"""[V] [V] base body image (m.e); w/h used for af/ag (ag.java:1334-1335""",verified-exists
field,com.corrodinggames.rts.game.units.custom,l,addActionCooldownTime,addActionCooldownTime,"""INI-verified: appears 4x in sections action_afterBurn",action_blink
field,com.corrodinggames.rts.game.units.custom,l,addEnergy,addEnergy,"""INI-verified: appears 2x in sections action_attack_dance","action_dance"""
field,com.corrodinggames.rts.game.units.custom,l,addResources,addResources,"""INI-verified: appears 28x in sections action_addBlink",action_buildAntiNuke
field,com.corrodinggames.rts.game.units.custom,l,ae,imageFloatingPointSize,[V] [V] INI 'image_floatingPointSize' (ag.java:1333),verified-exists
field,com.corrodinggames.rts.game.units.custom,l,af,imageWidth,[V] [V] ad.m()/U scaled width (ag.java:1334),verified-exists
field,com.corrodinggames.rts.game.units.custom,l,ag,imageHeight,[V] [V] ad.l() height (ag.java:1335),verified-exists
field,com.corrodinggames.rts.game.units.custom,l,ah,imageOffsetX,[V] [V] INI 'image_offsetX' (ag.java:1295),verified-exists
field,com.corrodinggames.rts.game.units.custom,l,ai,imageOffsetY,[V] [V] INI 'image_offsetY' (ag.java:1296),verified-exists
field,com.corrodinggames.rts.game.units.custom,l,aiUse,aiUse,"""INI-verified: appears 2x in sections action_buildNuke","action_launchNuke"""
field,com.corrodinggames.rts.game.units.custom,l,ai_isDisabled,ai_isDisabled,"""INI-verified: appears 8x in sections action_afterBurn",action_buildAntiNuke
field,com.corrodinggames.rts.game.units.custom,l,ai_isHighPriority,ai_isHighPriority,"""INI-verified: appears 2x in sections action_bugNest","action_commandCenter"""
field,com.corrodinggames.rts.game.units.custom,l,ai_upgradePriority,ai_upgradePriority,INI-verified: appears 4x in sections ai,ini-verified-v16
field,com.corrodinggames.rts.game.units.custom,l,aj,imageOffsetH,[V] [V] INI 'image_offsetH' (ag.java:1297),verified-exists
field,com.corrodinggames.rts.game.units.custom,l,ak,hasImageOffset,[V] [V] true when any offset != 0 (ag.java:1298-1299),verified-exists
field,com.corrodinggames.rts.game.units.custom,l,al,backImageTexture,[V] [V] INI 'image_back' (ag.java:1351),verified-exists
field,com.corrodinggames.rts.game.units.custom,l,allowMultipleInQueue,allowMultipleInQueue,"""INI-verified: appears 12x in sections action_addBlink",action_afterBurn
field,com.corrodinggames.rts.game.units.custom,l,alpha,alpha,"""INI-verified: appears 85x in sections comment_effect_projectileTrail",decal_noAmmoIcon
field,com.corrodinggames.rts.game.units.custom,l,alwaysSinglePress,alwaysSinglePress,"""INI-verified: appears 7x in sections action_afterBurn",action_cancelBurn
field,com.corrodinggames.rts.game.units.custom,l,alwaysStartDirAtZero,alwaysStartDirAtZero,"""INI-verified: appears 4x in sections decal_noAmmoIcon",decal_outline
field,com.corrodinggames.rts.game.units.custom,l,alwaysVisibleInFog,alwaysVisibleInFog,"""INI-verified: appears 6x in sections projectile_antiNukeMissile",projectile_antiNukeProjectile
field,com.corrodinggames.rts.game.units.custom,l,am,backImageAlwaysUseFullImage,[V] [V] INI 'image_back_always_use_full_image' (ag.java:1352),verified-exists
field,com.corrodinggames.rts.game.units.custom,l,an,wreckImageTexture,[V] [V] INI 'image_wreak' (ag.java:1353),verified-exists
field,com.corrodinggames.rts.game.units.custom,l,animateFrameEnd,animateFrameEnd,"""INI-verified: appears 8x in sections effect_lightningShock","effect_verySmallFlame"""
field,com.corrodinggames.rts.game.units.custom,l,animateFramePingPong,animateFramePingPong,INI-verified: appears 7x in sections effect_lightningShock,ini-verified-v16
field,com.corrodinggames.rts.game.units.custom,l,animateFrameSpeed,animateFrameSpeed,"""INI-verified: appears 8x in sections effect_lightningShock","effect_verySmallFlame"""
field,com.corrodinggames.rts.game.units.custom,l,animateFrameSpeedRandom,animateFrameSpeedRandom,INI-verified: appears 3x in sections effect_lightningShock,ini-verified-v16
field,com.corrodinggames.rts.game.units.custom,l,animateFrameStart,animateFrameStart,"""INI-verified: appears 8x in sections effect_lightningShock","effect_verySmallFlame"""
field,com.corrodinggames.rts.game.units.custom,l,animateFrameStartRandomAdd,animateFrameStartRandomAdd,INI-verified: appears 3x in sections effect_lightningShock,ini-verified-v16
field,com.corrodinggames.rts.game.units.custom,l,animation_attack_end,animation_attack_end,INI-verified: appears 6x in sections graphics,ini-verified-v16
field,com.corrodinggames.rts.game.units.custom,l,animation_attack_pingPong,animation_attack_pingPong,INI-verified: appears 2x in sections graphics,ini-verified-v16
field,com.corrodinggames.rts.game.units.custom,l,animation_attack_scale_end,animation_attack_scale_end,INI-verified: appears 2x in sections graphics,ini-verified-v16
field,com.corrodinggames.rts.game.units.custom,l,animation_attack_scale_start,animation_attack_scale_start,INI-verified: appears 2x in sections graphics,ini-verified-v16
field,com.corrodinggames.rts.game.units.custom,l,animation_attack_speed,animation_attack_speed,INI-verified: appears 6x in sections graphics,ini-verified-v16
field,com.corrodinggames.rts.game.units.custom,l,animation_attack_start,animation_attack_start,INI-verified: appears 6x in sections graphics,ini-verified-v16
field,com.corrodinggames.rts.game.units.custom,l,animation_idle_end,animation_idle_end,INI-verified: appears 17x in sections graphics,ini-verified-v16
field,com.corrodinggames.rts.game.units.custom,l,animation_idle_pingPong,animation_idle_pingPong,INI-verified: appears 11x in sections graphics,ini-verified-v16
field,com.corrodinggames.rts.game.units.custom,l,animation_idle_scale_end,animation_idle_scale_end,INI-verified: appears 11x in sections graphics,ini-verified-v16
field,com.corrodinggames.rts.game.units.custom,l,animation_idle_scale_start,animation_idle_scale_start,INI-verified: appears 11x in sections graphics,ini-verified-v16
field,com.corrodinggames.rts.game.units.custom,l,animation_idle_speed,animation_idle_speed,INI-verified: appears 16x in sections graphics,ini-verified-v16
field,com.corrodinggames.rts.game.units.custom,l,animation_idle_start,animation_idle_start,INI-verified: appears 17x in sections graphics,ini-verified-v16
field,com.corrodinggames.rts.game.units.custom,l,animation_moving_end,animation_moving_end,INI-verified: appears 20x in sections graphics,ini-verified-v16
field,com.corrodinggames.rts.game.units.custom,l,animation_moving_speed,animation_moving_speed,INI-verified: appears 20x in sections graphics,ini-verified-v16
field,com.corrodinggames.rts.game.units.custom,l,animation_moving_start,animation_moving_start,INI-verified: appears 20x in sections graphics,ini-verified-v16
field,com.corrodinggames.rts.game.units.custom,l,ao,turretImageTexture,[V] [V] 'scaleTurretImagesTo needs image_turret' (ag.java:1411-1417); ao.p used,verified-exists
field,com.corrodinggames.rts.game.units.custom,l,ap,shadowImageTexture,[V] [V] autoShadow/['image_shadow'] (ag.java:1358-1383),verified-exists
field,com.corrodinggames.rts.game.units.custom,l,aq,imageShadowFrames,[V] [V] INI 'image_shadow_frames' (ag.java:1385-1386),verified-exists
field,com.corrodinggames.rts.game.units.custom,l,ar,effectArray10,Fixed-size array of effects (size 10),verified-exists
field,com.corrodinggames.rts.game.units.custom,l,areaDamage,areaDamage,"""INI-verified: appears 41x in sections projectile_1",projectile_2
field,com.corrodinggames.rts.game.units.custom,l,areaExpandTime,areaExpandTime,"""INI-verified: appears 7x in sections projectile_antiNukeMissile",projectile_antiNukeProjectile
field,com.corrodinggames.rts.game.units.custom,l,areaRadius,areaRadius,"""INI-verified: appears 39x in sections projectile_1",projectile_2
field,com.corrodinggames.rts.game.units.custom,l,arm1_0,arm1_0,"""INI-verified: appears 5x in sections animation_deploy",animation_fireNuke
field,com.corrodinggames.rts.game.units.custom,l,arm1_0s,arm1_0s,"""INI-verified: appears 2x in sections animation_fly","animation_idle"""
field,com.corrodinggames.rts.game.units.custom,l,arm2_0,arm2_0,"""INI-verified: appears 4x in sections animation_deploy",animation_fireNuke
field,com.corrodinggames.rts.game.units.custom,l,arm3_0,arm3_0,"""INI-verified: appears 2x in sections animation_deploy","animation_undeploy"""
field,com.corrodinggames.rts.game.units.custom,l,arm4_0,arm4_0,"""INI-verified: appears 2x in sections animation_deploy","animation_undeploy"""
field,com.corrodinggames.rts.game.units.custom,l,as,effectArray,Variable-size array of effects,verified-exists
field,com.corrodinggames.rts.game.units.custom,l,at,altEffectsArray,Alternate effects array (nullable),verified-exists
field,com.corrodinggames.rts.game.units.custom,l,atmospheric,atmospheric,"""INI-verified: appears 21x in sections comment_effect_projectileTrail",effect_dustL
field,com.corrodinggames.rts.game.units.custom,l,attach_x,attach_x,"""INI-verified: appears 86x in sections leg_1",leg_2
field,com.corrodinggames.rts.game.units.custom,l,attach_y,attach_y,"""INI-verified: appears 86x in sections leg_1",leg_2
field,com.corrodinggames.rts.game.units.custom,l,attachedTo,attachedTo,"""INI-verified: appears 32x in sections turret_1",turret_2
field,com.corrodinggames.rts.game.units.custom,l,attachedToUnit,attachedToUnit,"""INI-verified: appears 99x in sections comment_effect_projectileTrail",effect_attachedFlame
field,com.corrodinggames.rts.game.units.custom,l,au,shieldImageTexture,[V] [V] INI 'image_shield' (ag.java:1419-1422),verified-exists
field,com.corrodinggames.rts.game.units.custom,l,autoRepair,autoRepair,INI-verified: appears 5x in sections core,ini-verified-v16
field,com.corrodinggames.rts.game.units.custom,l,autoTargetingOnDeadTarget,autoTargetingOnDeadTarget,"""INI-verified: appears 17x in sections projectile_1",projectile_2
field,com.corrodinggames.rts.game.units.custom,l,autoTrigger,autoTrigger,"""INI-verified: appears 12x in sections action_trigger_onLand",action_trigger_onWater
field,com.corrodinggames.rts.game.units.custom,l,autoTriggerOnEvent,autoTriggerOnEvent,"""INI-verified: appears 6x in sections hiddenAction_attachmentChange",hiddenAction_blinkRequest
field,com.corrodinggames.rts.game.units.custom,l,av,hasShieldImage,[V] [V] true when shield image set (ag.java:1422),verified-exists
field,com.corrodinggames.rts.game.units.custom,l,availableInDemo,availableInDemo,INI-verified: appears 21x in sections core,ini-verified-v16
field,com.corrodinggames.rts.game.units.custom,l,aw,deathEffect,Death/explosion effect config,verified-exists
field,com.corrodinggames.rts.game.units.custom,l,ax,weaponDefinitions,[V] [V] ba[] weapon spec list; b(String) resolves index via ax[i].b (ModUnitRegistry.java:508),verified-exists
field,com.corrodinggames.rts.game.units.custom,l,ay,flag_ay,[U] [U] boolean default false; no usage found — unverified,verified-exists
field,com.corrodinggames.rts.game.units.custom,l,az,flag_az,[U] [U] boolean default false; no usage found — unverified,verified-exists
method,com.corrodinggames.rts.game.units.custom,l,b,getUnitNameWithoutModPrefix,[V] b()->String; strips 'modName/' prefix from unit name (l.java:450),verified-exists
field,com.corrodinggames.rts.game.units.custom,l,bA,deathTurretIndex,"""[I] int=-1 死字段; 仅构造函数初始化""",verified-exists
field,com.corrodinggames.rts.game.units.custom,l,bB,fireTurretXAtSelfOnDeath,[V] [V] INI 'fireTurretXAtSelfOnDeath' -> turret index (ag.java:2222-2226),verified-exists
field,com.corrodinggames.rts.game.units.custom,l,bC,unitsSpawnedOnDeath,"""[V] [V] bp.a(l5""",ab2
field,com.corrodinggames.rts.game.units.custom,l,bD,spawnBXPOverrideFlag,[U] [U] boolean; CUT:711 picks bt.bX vs this.bX,verified-exists
field,com.corrodinggames.rts.game.units.custom,l,bE,hasLaserDefenceTurret,[V] [V] bn.java:377 sets when 'laserDefenceEnergyUse' present,verified-exists
field,com.corrodinggames.rts.game.units.custom,l,bF,hasTurretInterception,[U] [U] boolean; CUT:3320 iterates fQ turrets with ak/al checks,verified-exists
field,com.corrodinggames.rts.game.units.custom,l,bG,hasLimitingAngleTurret,[V] [V] bn.java:369 sets when 'limitingAngle' >= 0,verified-exists
field,com.corrodinggames.rts.game.units.custom,l,bH,imageScaleFactor,[V] [V] INI 'scaleImagesTo'/'imageScale' -> f5/af (ag.java:1394-1397); CUT getModelScale,verified-exists
field,com.corrodinggames.rts.game.units.custom,l,bI,turretImageScaleFactor,[V] [V] INI 'scaleTurretImagesTo'/'turretImageScale' -> f3/ao.p (ag.java:1404-1407),verified-exists
field,com.corrodinggames.rts.game.units.custom,l,ba,nanoRangeForReclaimIsMelee,[V] [V] INI 'nanoRangeForReclaimIsMelee' (ag.java:1742-1743),verified-exists
field,com.corrodinggames.rts.game.units.custom,l,ballistic,ballistic,"""INI-verified: appears 14x in sections projectile_2",projectile_3
field,com.corrodinggames.rts.game.units.custom,l,ballistic_delaymove_height,ballistic_delaymove_height,"""INI-verified: appears 14x in sections projectile_2",projectile_3
field,com.corrodinggames.rts.game.units.custom,l,ballistic_height,ballistic_height,"""INI-verified: appears 14x in sections projectile_2",projectile_3
field,com.corrodinggames.rts.game.units.custom,l,barrelOffsetX_onOddShots,barrelOffsetX_onOddShots,"""INI-verified: appears 7x in sections turret_1","turret_smallLaser1"""
field,com.corrodinggames.rts.game.units.custom,l,barrelX,barrelX,"""INI-verified: appears 9x in sections turret_1",turret_body
field,com.corrodinggames.rts.game.units.custom,l,barrelY,barrelY,"""INI-verified: appears 2x in sections turret_body","turret_mainBody"""
field,com.corrodinggames.rts.game.units.custom,l,bb,nanoRepairSpeed,[V] [V] INI 'nanoRepairSpeed' default 0.2 (ag.java:1751),verified-exists
field,com.corrodinggames.rts.game.units.custom,l,bc,nanoReclaimSpeed,[V] [V] INI 'nanoReclaimSpeed' default bb*5.1 (ag.java:1753),verified-exists
field,com.corrodinggames.rts.game.units.custom,l,bd,resourceReclaimMultiplier,[V] [V] INI 'resourceReclaimMultiplier' 1.0 (ag.java:1754),verified-exists
field,com.corrodinggames.rts.game.units.custom,l,be,nanoUnbuildSpeed,[V] [V] INI 'nanoUnbuildSpeed' (ag.java:1755),verified-exists
field,com.corrodinggames.rts.game.units.custom,l,bf,nanoBuildSpeed,[V] [V] INI 'nanoBuildSpeed' (ag.java:1756),verified-exists
field,com.corrodinggames.rts.game.units.custom,l,bg,hasUnderConstructionAnimation,[V] ag.java:1656 存在 underConstructionWithLinkedBuiltTime 动画时置 true,verified-exists
field,com.corrodinggames.rts.game.units.custom,l,bh,selfBuildRate,[V] [V] INI 'selfBuildRate' 0.0 (ag.java:1759),verified-exists
field,com.corrodinggames.rts.game.units.custom,l,bi,dieOnConstruct,[V] [V] INI 'dieOnConstruct' (ag.java:1760),verified-exists
field,com.corrodinggames.rts.game.units.custom,l,bj,dieOnAttack,[V] [V] INI 'dieOnAttack' (ag.java:2229); used CUT:1997,verified-exists
field,com.corrodinggames.rts.game.units.custom,l,bk,dieOnZeroEnergy,[V] [V] INI 'dieOnZeroEnergy' (ag.java:1761),verified-exists
field,com.corrodinggames.rts.game.units.custom,l,bl,removeOnAttack,[V] [V] INI 'removeOnAttack' (ag.java:2230); used CUT:2000,verified-exists
field,com.corrodinggames.rts.game.units.custom,l,blendIn,blendIn,"""INI-verified: appears 9x in sections animation_attack",animation_dance
field,com.corrodinggames.rts.game.units.custom,l,blendOut,blendOut,"""INI-verified: appears 7x in sections animation_attack",animation_build
field,com.corrodinggames.rts.game.units.custom,l,bm,intBm,Generic int config,verified-exists
field,com.corrodinggames.rts.game.units.custom,l,bn,nukeOnDeath,[V] [V] INI 'nukeOnDeath' (ag.java:1770),verified-exists
field,com.corrodinggames.rts.game.units.custom,l,bo,nukeOnDeathRange,[V] [V] INI 'nukeOnDeathRange' 250 (ag.java:1771),verified-exists
field,com.corrodinggames.rts.game.units.custom,l,body_0,body_0,INI-verified: appears 2x in sections animation_build,ini-verified-v16
field,com.corrodinggames.rts.game.units.custom,l,body_0s,body_0s,INI-verified: appears 5x in sections animation_idle,ini-verified-v16
field,com.corrodinggames.rts.game.units.custom,l,body_1,body_1,INI-verified: appears 2x in sections animation_build,ini-verified-v16
field,com.corrodinggames.rts.game.units.custom,l,bp,nukeOnDeathDamage,[V] [V] INI 'nukeOnDeathDamage' 5400 (ag.java:1772),verified-exists
field,com.corrodinggames.rts.game.units.custom,l,bq,intBq,Generic int config,verified-exists
field,com.corrodinggames.rts.game.units.custom,l,br,nukeOnDeathDisableWhenNoNuke,[V] [V] INI 'nukeOnDeathDisableWhenNoNuke' (ag.java:1773),verified-exists
field,com.corrodinggames.rts.game.units.custom,l,bs,disableDeathOnZeroHp,[V] [V] INI 'disableDeathOnZeroHp' (ag.java:1777),verified-exists
field,com.corrodinggames.rts.game.units.custom,l,bt,explodeTypeOnDeath,[V] [V] INI 'explodeTypeOnDeath' -> UnitState (ag.java:1775),verified-exists
field,com.corrodinggames.rts.game.units.custom,l,bu,explodeOnDeath,[V] INI [core] explodeOnDeath (ag.java:1740),verified-exists
field,com.corrodinggames.rts.game.units.custom,l,buildPriority,buildPriority,INI-verified: appears 18x in sections ai,ini-verified-v16
field,com.corrodinggames.rts.game.units.custom,l,buildSpeed,buildSpeed,"""INI-verified: appears 172x in sections action_1",action_addBlink
field,com.corrodinggames.rts.game.units.custom,l,buildingDamageMultiplier,buildingDamageMultiplier,"""INI-verified: appears 6x in sections projectile_1","projectile_lightning"""
field,com.corrodinggames.rts.game.units.custom,l,buildingSelectionOffset,buildingSelectionOffset,INI-verified: appears 6x in sections core,ini-verified-v16
field,com.corrodinggames.rts.game.units.custom,l,buildingToFootprintOffsetX,buildingToFootprintOffsetX,INI-verified: appears 6x in sections core,ini-verified-v16
field,com.corrodinggames.rts.game.units.custom,l,buildingToFootprintOffsetY,buildingToFootprintOffsetY,INI-verified: appears 7x in sections core,ini-verified-v16
field,com.corrodinggames.rts.game.units.custom,l,builtFrom_1_name,builtFrom_1_name,INI-verified: appears 51x in sections core,ini-verified-v16
field,com.corrodinggames.rts.game.units.custom,l,builtFrom_1_pos,builtFrom_1_pos,INI-verified: appears 48x in sections core,ini-verified-v16
field,com.corrodinggames.rts.game.units.custom,l,builtFrom_2_name,builtFrom_2_name,INI-verified: appears 6x in sections core,ini-verified-v16
field,com.corrodinggames.rts.game.units.custom,l,builtFrom_2_pos,builtFrom_2_pos,INI-verified: appears 5x in sections core,ini-verified-v16
field,com.corrodinggames.rts.game.units.custom,l,bv,explodeOnDeathGroundCollision,[V] INI [core] explodeOnDeathGroundCollision (ag.java:1742),verified-exists
field,com.corrodinggames.rts.game.units.custom,l,bw,effectOnDeathGroundCollision,[V] INI [core] effectOnDeathGroundCollision (ag.java:1785),verified-exists
field,com.corrodinggames.rts.game.units.custom,l,bx,effectOnDeathIfUnbuilt,[V] INI [core] effectOnDeathIfUnbuilt (ag.java:1784),verified-exists
field,com.corrodinggames.rts.game.units.custom,l,by,effectOnDeath,[V] INI [core] effectOnDeath (ag.java:1783),verified-exists
field,com.corrodinggames.rts.game.units.custom,l,bz,soundOnDeath,[V] INI [core] soundOnDeath (ag.java:1786),verified-exists
method,com.corrodinggames.rts.game.units.custom,l,c,getCreditCost,[V] 返回 ch.a() (ch=price),verified-exists
field,com.corrodinggames.rts.game.units.custom,l,cA,allowCaptureWhenNeutralByAI,[V] INI [core] allowCaptureWhenNeutralByAI,verified-exists
field,com.corrodinggames.rts.game.units.custom,l,cB,whileNeutralTransportAnyTeam,[V] INI [core] whileNeutralTransportAnyTeam,verified-exists
field,com.corrodinggames.rts.game.units.custom,l,cC,whileNeutralConvertToTransportedTeam,[V] INI [core] whileNeutralConvertToTransportedTeam,verified-exists
field,com.corrodinggames.rts.game.units.custom,l,cD,convertToNeutralIfNotTransporting,[V] INI [core] convertToNeutralIfNotTransporting,verified-exists
field,com.corrodinggames.rts.game.units.custom,l,cE,isModLazyLoad,Mod lazy-load flag,verified-exists
field,com.corrodinggames.rts.game.units.custom,l,cF,resourceRate,[V] INI [core] resourceRate (采集速度),verified-exists
field,com.corrodinggames.rts.game.units.custom,l,cG,resourceMaxConcurrentReclaimingThis,[V] INI [core] resourceMaxConcurrentReclaimingThis,verified-exists
field,com.corrodinggames.rts.game.units.custom,l,cH,similarResourcesHaveTag,[V] INI [core] similarResourcesHaveTag (h=标签列表),verified-exists
field,com.corrodinggames.rts.game.units.custom,l,cI,drawLayer,[I] 绘制层 -2=自动; ag.java:2322 按移动类型/动作数自动计算 0-10; RWX 同名 drawLayer,verified-exists
field,com.corrodinggames.rts.game.units.custom,l,cJ,shadowOffsetX,[V] INI [core] shadowOffsetX,verified-exists
field,com.corrodinggames.rts.game.units.custom,l,cK,shadowOffsetY,[V] INI [core] shadowOffsetY,verified-exists
field,com.corrodinggames.rts.game.units.custom,l,cL,unitRangeConfig,"""[V] [U] custom.as; contains .i=weaponRange and .o=nanoRange (ag.java:1730""",verified-exists
field,com.corrodinggames.rts.game.units.custom,l,cM,startShieldAtZero,[V] INI [core] startShieldAtZero,verified-exists
field,com.corrodinggames.rts.game.units.custom,l,cN,armourMinDamageToKeep,[V] INI [core] armourMinDamageToKeep,verified-exists
field,com.corrodinggames.rts.game.units.custom,l,cO,startEnergyAtZero,[V] INI [core] startEnergyAtZero,verified-exists
field,com.corrodinggames.rts.game.units.custom,l,cP,energyRegen,[V] INI [core] energyRegen,verified-exists
field,com.corrodinggames.rts.game.units.custom,l,cQ,energyRegenWhenRecharging,[V] INI [core] energyRegenWhenRecharging,verified-exists
field,com.corrodinggames.rts.game.units.custom,l,cR,energyNeedsToRechargeToFull,[V] INI [core] energyNeedsToRechargeToFull,verified-exists
field,com.corrodinggames.rts.game.units.custom,l,cS,energyStartingPercentage,[V] INI [core] energyStartingPercentage,verified-exists
field,com.corrodinggames.rts.game.units.custom,l,cT,energyDisplayName,[V] INI [core] energyDisplayName (bb=名称类),verified-exists
field,com.corrodinggames.rts.game.units.custom,l,cU,shieldDisplayOnlyDeflection,[V] INI [core] shieldDisplayOnlyDeflection,verified-exists
field,com.corrodinggames.rts.game.units.custom,l,cV,shieldDeflectionDisplayRate,[V] INI [core] shieldDeflectionDisplayRate,verified-exists
field,com.corrodinggames.rts.game.units.custom,l,cW,radius,"""[V] INI [core] radius (碰撞半径""",verified-exists
field,com.corrodinggames.rts.game.units.custom,l,cX,footprint,[V] INI [core] footprint (Rect 占地),verified-exists
field,com.corrodinggames.rts.game.units.custom,l,cY,constructionFootprint,[V] INI [core] constructionFootprint (建造占地),verified-exists
field,com.corrodinggames.rts.game.units.custom,l,cZ,displayFootprint,[V] INI [core] displayFootprint (显示占地),verified-exists
field,com.corrodinggames.rts.game.units.custom,l,ca,buildTime,Base build time in seconds (default 60),verified-exists
field,com.corrodinggames.rts.game.units.custom,l,canAttackCondition,canAttackCondition,"""INI-verified: appears 3x in sections turret_1","turret_3"""
field,com.corrodinggames.rts.game.units.custom,l,canBuild_1_name,canBuild_1_name,INI-verified: appears 9x in sections core,ini-verified-v16
field,com.corrodinggames.rts.game.units.custom,l,canBuild_1_pos,canBuild_1_pos,INI-verified: appears 6x in sections core,ini-verified-v16
field,com.corrodinggames.rts.game.units.custom,l,canBuild_2_name,canBuild_2_name,INI-verified: appears 6x in sections core,ini-verified-v16
field,com.corrodinggames.rts.game.units.custom,l,canBuild_2_pos,canBuild_2_pos,INI-verified: appears 5x in sections core,ini-verified-v16
field,com.corrodinggames.rts.game.units.custom,l,canBuild_3_name,canBuild_3_name,INI-verified: appears 3x in sections core,ini-verified-v16
field,com.corrodinggames.rts.game.units.custom,l,canBuild_3_pos,canBuild_3_pos,INI-verified: appears 3x in sections core,ini-verified-v16
field,com.corrodinggames.rts.game.units.custom,l,canBuild_4_name,canBuild_4_name,INI-verified: appears 3x in sections core,ini-verified-v16
field,com.corrodinggames.rts.game.units.custom,l,canBuild_4_pos,canBuild_4_pos,INI-verified: appears 3x in sections core,ini-verified-v16
field,com.corrodinggames.rts.game.units.custom,l,canNotBeDirectlyAttacked,canNotBeDirectlyAttacked,INI-verified: appears 2x in sections core,ini-verified-v16
field,com.corrodinggames.rts.game.units.custom,l,canPlayerCancel,canPlayerCancel,"""INI-verified: appears 8x in sections action_afterBurn",action_blinkQueued
field,com.corrodinggames.rts.game.units.custom,l,canReclaimResources,canReclaimResources,INI-verified: appears 5x in sections core,ini-verified-v16
field,com.corrodinggames.rts.game.units.custom,l,canRepairBuildings,canRepairBuildings,INI-verified: appears 7x in sections core,ini-verified-v16
field,com.corrodinggames.rts.game.units.custom,l,canRepairUnits,canRepairUnits,INI-verified: appears 7x in sections core,ini-verified-v16
field,com.corrodinggames.rts.game.units.custom,l,canShoot,canShoot,"""INI-verified: appears 78x in sections turret_1",turret_2
field,com.corrodinggames.rts.game.units.custom,l,cb,autoTriggerCheckRate,[V] INI [core] autoTriggerCheckRate (s 枚举),verified-exists
field,com.corrodinggames.rts.game.units.custom,l,cc,canBeBuiltBy,"""[I] boolean 死字段; 本版本源码未读写; RWX 新版同名 canBeBuiltBy (String)""",verified-exists
field,com.corrodinggames.rts.game.units.custom,l,cd,autoTriggerCheckWhileNotBuilt,[V] INI [core] autoTriggerCheckWhileNotBuilt,verified-exists
field,com.corrodinggames.rts.game.units.custom,l,ce,canMoveOnWater,Can move on water,verified-exists
field,com.corrodinggames.rts.game.units.custom,l,cf,canFloat,Can float on water,verified-exists
field,com.corrodinggames.rts.game.units.custom,l,cg,isAmphibious,Amphibious pathfinding flag,verified-exists
field,com.corrodinggames.rts.game.units.custom,l,ch,armorConfig,Primary armor configuration,verified-exists
field,com.corrodinggames.rts.game.units.custom,l,chargeEffectImage,chargeEffectImage,"""INI-verified: appears 12x in sections turret_1",turret_2
field,com.corrodinggames.rts.game.units.custom,l,ci,armorConfigCi,Secondary armor configuration,verified-exists
field,com.corrodinggames.rts.game.units.custom,l,cj,armorConfigCj,Tertiary armor configuration,verified-exists
field,com.corrodinggames.rts.game.units.custom,l,ck,healAmountPerTick,Heal/repair amount per tick,verified-exists
field,com.corrodinggames.rts.game.units.custom,l,cl,tierLevel,Unit tier/level,verified-exists
field,com.corrodinggames.rts.game.units.custom,l,class,class,INI-verified: appears 80x in sections core,ini-verified-v16
field,com.corrodinggames.rts.game.units.custom,l,cm,experimental,[V] INI [core] experimental (实验单位),verified-exists
field,com.corrodinggames.rts.game.units.custom,l,cn,hasGenerationCondition,[I] ag.java:1512 存在自定义 generation_resources 时置 true; RWX 同名 hasGenerationCondition,verified-exists
field,com.corrodinggames.rts.game.units.custom,l,co,armorFallback,Default/fallback armor config,verified-exists
field,com.corrodinggames.rts.game.units.custom,l,constructionFootprint,constructionFootprint,INI-verified: appears 17x in sections core,ini-verified-v16
field,com.corrodinggames.rts.game.units.custom,l,copyFrom,copyFrom,"""INI-verified: appears 182x in sections arm_2",arm_3
field,com.corrodinggames.rts.game.units.custom,l,cp,moverTypeCp,Mover type configuration,verified-exists
field,com.corrodinggames.rts.game.units.custom,l,cq,moverTypeCq,Mover type configuration,verified-exists
field,com.corrodinggames.rts.game.units.custom,l,cr,generationDelay,[V] INI [core] generation_delay (帧数),verified-exists
field,com.corrodinggames.rts.game.units.custom,l,createNeutral,createNeutral,INI-verified: appears 2x in sections core,ini-verified-v16
field,com.corrodinggames.rts.game.units.custom,l,createWhenZoomedOut,createWhenZoomedOut,"""INI-verified: appears 5x in sections comment_effect_projectileTrail",effect_engineTrail
field,com.corrodinggames.rts.game.units.custom,l,cs,generationRate,[V] 计算值 40.0f/cr (ag.java:1507); RWX 同名 generationRate,verified-exists
field,com.corrodinggames.rts.game.units.custom,l,cu,updateUnitMemoryRate,[V] INI [core] updateUnitMemoryRate,verified-exists
field,com.corrodinggames.rts.game.units.custom,l,cv,borrowResourcesWhileAlive,[V] INI [core] borrowResourcesWhileAlive,verified-exists
field,com.corrodinggames.rts.game.units.custom,l,cw,borrowResourcesWhileBuilt,[V] INI [core] borrowResourcesWhileBuilt,verified-exists
field,com.corrodinggames.rts.game.units.custom,l,cx,logicConditionCx,Logic boolean condition,verified-exists
field,com.corrodinggames.rts.game.units.custom,l,cy,stayNeutral,[V] INI [core] stayNeutral,verified-exists
field,com.corrodinggames.rts.game.units.custom,l,cz,createNeutral,[V] INI [core] createNeutral,verified-exists
method,com.corrodinggames.rts.game.units.custom,l,d,getz,real-class-inferred: com.corrodinggames.rts.game.units.custom.l,real-class-v1200
method,com.corrodinggames.rts.game.units.custom,l,d(int),getCostForTechLevel,[V] 返回 ch (固定成本),verified-exists
field,com.corrodinggames.rts.game.units.custom,l,dA,customAnimDA,Custom animation state (nullable),verified-exists
field,com.corrodinggames.rts.game.units.custom,l,dB,rotateWithDirection,[V] INI [core] rotate_with_direction,verified-exists
field,com.corrodinggames.rts.game.units.custom,l,dC,lockBodyRotationWithMainTurret,[V] INI [core] lock_body_rotation_with_main_turret,verified-exists
field,com.corrodinggames.rts.game.units.custom,l,dD,lockShadowRotationWithMainTurret,[V] INI [core] lock_shadow_rotation_with_main_turret,verified-exists
field,com.corrodinggames.rts.game.units.custom,l,dE,lockLegRotationWithMainTurret,[V] INI [core] lock_leg_rotation_with_main_turret,verified-exists
field,com.corrodinggames.rts.game.units.custom,l,dF,mainTurret,"""[V] INI [attack] setMainTurretAs 解析结果""",verified-exists
field,com.corrodinggames.rts.game.units.custom,l,dG,mainTurretIndex,[V] = mainTurret.e 炮塔槽索引 (ag.java:2155),verified-exists
field,com.corrodinggames.rts.game.units.custom,l,dH,whenBeingBuiltMakeTransparentTill,[V] INI [core] whenBeingBuiltMakeTransparentTill,verified-exists
field,com.corrodinggames.rts.game.units.custom,l,dJ,maxAttackRange,"""[V] = cL.i 初始值""",verified-exists
field,com.corrodinggames.rts.game.units.custom,l,dK,tempKeyA,Static temp cache key A (ai),verified-exists
field,com.corrodinggames.rts.game.units.custom,l,dL,componentUpdater,Unit component updater (d.k),verified-exists
field,com.corrodinggames.rts.game.units.custom,l,dM,sharedPoint,Static shared PointF,verified-exists
field,com.corrodinggames.rts.game.units.custom,l,dN,sharedUnitRef,Static shared UnitInstance reference,verified-exists
field,com.corrodinggames.rts.game.units.custom,l,dO,sharedCounter,Static shared counter (int),verified-exists
field,com.corrodinggames.rts.game.units.custom,l,dP,shieldCapacity,Shield HP capacity (float),verified-exists
field,com.corrodinggames.rts.game.units.custom,l,dQ,energyCapacity,Energy capacity (float),verified-exists
field,com.corrodinggames.rts.game.units.custom,l,dR,ammoCapacity,Ammo capacity (float),verified-exists
field,com.corrodinggames.rts.game.units.custom,l,dS,buildCostMultiplier,Build cost multiplier (float),verified-exists
field,com.corrodinggames.rts.game.units.custom,l,dT,modifierArray,Modifier definitions array (b.i[]),verified-exists
field,com.corrodinggames.rts.game.units.custom,l,dU,typeRegistryList,Static type registry list (ArrayList),verified-exists
field,com.corrodinggames.rts.game.units.custom,l,dV,sharedListA,Static shared list A (m),verified-exists
field,com.corrodinggames.rts.game.units.custom,l,dW,sharedListB,Static shared list B (m),verified-exists
field,com.corrodinggames.rts.game.units.custom,l,dX,sharedListC,Static shared list C (m),verified-exists
field,com.corrodinggames.rts.game.units.custom,l,dY,typeRegistryInitialized,Type registry initialized flag (static boolean),verified-exists
field,com.corrodinggames.rts.game.units.custom,l,dZ,typeMap,Custom type lookup HashMap (static),verified-exists
field,com.corrodinggames.rts.game.units.custom,l,da,buildingToFootprintOffsetX,[V] INI [core] buildingToFootprintOffsetX (ag.java:1688),verified-exists
field,com.corrodinggames.rts.game.units.custom,l,db,buildingToFootprintOffsetY,[V] INI [core] buildingToFootprintOffsetY (ag.java:1689),verified-exists
field,com.corrodinggames.rts.game.units.custom,l,dc,hasSetRallyAction,"""[V] ag.java:640 存在 k==""setRally"" 的 builtFrom 动作时置 true""",verified-exists
field,com.corrodinggames.rts.game.units.custom,l,dd,displayRadius,[V] INI [core] displayRadius (SYSTEM-CUSTOMUNIT.md 验证),verified-exists
field,com.corrodinggames.rts.game.units.custom,l,de,uiTargetRadius,[V] INI [core] uiTargetRadius,verified-exists
field,com.corrodinggames.rts.game.units.custom,l,deflectionPower,deflectionPower,"""INI-verified: appears 22x in sections comment_projectile_torpedo_split",projectile_1
field,com.corrodinggames.rts.game.units.custom,l,delay,delay,"""INI-verified: appears 16x in sections turret_1",turret_2
field,com.corrodinggames.rts.game.units.custom,l,delayedStartTimer,delayedStartTimer,"""INI-verified: appears 5x in sections effect_blinkSpark",effect_displacement_ripples
field,com.corrodinggames.rts.game.units.custom,l,delayedStartTimerRandom,delayedStartTimerRandom,"""INI-verified: appears 3x in sections effect_blinkSpark","effect_fireSmall"""
field,com.corrodinggames.rts.game.units.custom,l,descriptionAddFromUnit,descriptionAddFromUnit,"""INI-verified: appears 8x in sections action_selectSlot1",action_selectSlotBuild
field,com.corrodinggames.rts.game.units.custom,l,descriptionAddUnitStats,descriptionAddUnitStats,"""INI-verified: appears 14x in sections action_selectSlot1",action_selectSlotBuild
field,com.corrodinggames.rts.game.units.custom,l,df,shieldRenderRadius,[V] INI [core] shieldRenderRadius,verified-exists
field,com.corrodinggames.rts.game.units.custom,l,dg,buildingSelectionOffset,[V] INI [core] buildingSelectionOffset,verified-exists
field,com.corrodinggames.rts.game.units.custom,l,dh,fogOfWarSightRangeWhileNotBuilt,[V] INI [core] fogOfWarSightRangeWhileNotBuilt,verified-exists
field,com.corrodinggames.rts.game.units.custom,l,di,exit_x,[V] INI [core] exit_x,verified-exists
field,com.corrodinggames.rts.game.units.custom,l,dieOnConstruct,dieOnConstruct,INI-verified: appears 2x in sections core,ini-verified-v16
field,com.corrodinggames.rts.game.units.custom,l,dirOffset,dirOffset,"""INI-verified: appears 8x in sections effect_fireSmall","effect_lightningShock"""
field,com.corrodinggames.rts.game.units.custom,l,dirOffsetRandom,dirOffsetRandom,"""INI-verified: appears 13x in sections effect_displacement_ripples",effect_largeRipples
field,com.corrodinggames.rts.game.units.custom,l,dirSpeed,dirSpeed,"""INI-verified: appears 3x in sections effect_displacement_ripples",effect_largeRipples
field,com.corrodinggames.rts.game.units.custom,l,dirSpeedRandom,dirSpeedRandom,"""INI-verified: appears 2x in sections effect_largeRipples","effect_ripples"""
field,com.corrodinggames.rts.game.units.custom,l,directDamage,directDamage,"""INI-verified: appears 95x in sections comment_projectile_torpedo_split",projectile_1
field,com.corrodinggames.rts.game.units.custom,l,disableDeathOnZeroHp,disableDeathOnZeroHp,INI-verified: appears 2x in sections core,ini-verified-v16
field,com.corrodinggames.rts.game.units.custom,l,displayDescription,displayDescription,INI-verified: appears 12x in sections core,ini-verified-v16
field,com.corrodinggames.rts.game.units.custom,l,displayLocaleKey,displayLocaleKey,INI-verified: appears 33x in sections core,ini-verified-v16
field,com.corrodinggames.rts.game.units.custom,l,displayRadius,displayRadius,INI-verified: appears 35x in sections core,ini-verified-v16
field,com.corrodinggames.rts.game.units.custom,l,displayRemainingStockpile,displayRemainingStockpile,"""INI-verified: appears 7x in sections action_launchNuke",action_showAntiNukeCount
field,com.corrodinggames.rts.game.units.custom,l,displayText,displayText,INI-verified: appears 12x in sections core,ini-verified-v16
field,com.corrodinggames.rts.game.units.custom,l,dj,exit_y,[V] INI [core] exit_y,verified-exists
field,com.corrodinggames.rts.game.units.custom,l,dk,exit_dirOffset,[V] INI [core] exit_dirOffset,verified-exists
field,com.corrodinggames.rts.game.units.custom,l,dl,exit_heightOffset,[V] INI [core] exit_heightOffset,verified-exists
field,com.corrodinggames.rts.game.units.custom,l,dm,exitHeightIgnoreParent,[V] INI [core] exitHeightIgnoreParent,verified-exists
field,com.corrodinggames.rts.game.units.custom,l,dn,exit_moveAwayAmount,[V] INI [core] exit_moveAwayAmount,verified-exists
field,com.corrodinggames.rts.game.units.custom,l,do,soundOnAttackOrder,[V] INI [core] soundOnAttackOrder (bl=音效类),verified-exists
field,com.corrodinggames.rts.game.units.custom,l,dont_load,dont_load,INI-verified: appears 10x in sections core,ini-verified-v16
field,com.corrodinggames.rts.game.units.custom,l,dp,soundOnMoveOrder,[V] INI [core] soundOnMoveOrder,verified-exists
field,com.corrodinggames.rts.game.units.custom,l,dq,soundOnNewSelection,[V] INI [core] soundOnNewSelection,verified-exists
field,com.corrodinggames.rts.game.units.custom,l,dr,animationFrames,Animation frame list,verified-exists
field,com.corrodinggames.rts.game.units.custom,l,drawDirOffset,drawDirOffset,"""INI-verified: appears 2x in sections arm_3","arm_4"""
field,com.corrodinggames.rts.game.units.custom,l,drawFootWhenZoomedOut,drawFootWhenZoomedOut,INI-verified: appears 2x in sections leg_1,ini-verified-v16
field,com.corrodinggames.rts.game.units.custom,l,drawLayer,drawLayer,INI-verified: appears 15x in sections graphics,ini-verified-v16
field,com.corrodinggames.rts.game.units.custom,l,drawLegWhenZoomedOut,drawLegWhenZoomedOut,INI-verified: appears 3x in sections leg_1,ini-verified-v16
field,com.corrodinggames.rts.game.units.custom,l,drawOverBody,drawOverBody,"""INI-verified: appears 4x in sections arm_1","arm_2"""
field,com.corrodinggames.rts.game.units.custom,l,drawSize,drawSize,"""INI-verified: appears 41x in sections comment_projectile_torpedo_split",projectile_1
field,com.corrodinggames.rts.game.units.custom,l,drawUnderUnits,drawUnderUnits,"""INI-verified: appears 70x in sections comment_effect_projectileTrail",effect_attachedFlame
field,com.corrodinggames.rts.game.units.custom,l,ds,movingAnimation,Moving animation state config,verified-exists
field,com.corrodinggames.rts.game.units.custom,l,dt,idleAnimation,Idle animation state config,verified-exists
field,com.corrodinggames.rts.game.units.custom,l,du,attackAnimation,Attack animation state config,verified-exists
field,com.corrodinggames.rts.game.units.custom,l,dustEffect,dustEffect,INI-verified: appears 8x in sections graphics,ini-verified-v16
field,com.corrodinggames.rts.game.units.custom,l,dust_effect,dust_effect,INI-verified: appears 10x in sections leg_1,ini-verified-v16
field,com.corrodinggames.rts.game.units.custom,l,dv,customAnimDv,Custom animation state (nullable),verified-exists
field,com.corrodinggames.rts.game.units.custom,l,dw,customAnimDw,Custom animation state (nullable),verified-exists
field,com.corrodinggames.rts.game.units.custom,l,dx,customAnimDx,Custom animation state (nullable),verified-exists
field,com.corrodinggames.rts.game.units.custom,l,dy,customAnimDy,Custom animation state (nullable),verified-exists
field,com.corrodinggames.rts.game.units.custom,l,dz,customAnimDz,Custom animation state (nullable),verified-exists
method,com.corrodinggames.rts.game.units.custom,l,e,getLocalizedName,[V] 缓存语言键 units.<id>.name,verified-exists
field,com.corrodinggames.rts.game.units.custom,l,eA,hasInstantReuseAlsoChangeTurretAim,[V] bh.java:123 任一炮弹配置 instantReuseLast_alsoChangeTurretAim 时置 true; j.java:3579 K() 炮口偏移,verified-exists
field,com.corrodinggames.rts.game.units.custom,l,eB,softCollisionOnAll,[V] INI [core] softCollisionOnAll,verified-exists
field,com.corrodinggames.rts.game.units.custom,l,eC,disableAllUnitCollisions,[V] INI [core] disableAllUnitCollisions,verified-exists
field,com.corrodinggames.rts.game.units.custom,l,eD,isBio,[V] INI [core] isBio,verified-exists
field,com.corrodinggames.rts.game.units.custom,l,eE,isModContent,Mod-defined unit flag,verified-exists
field,com.corrodinggames.rts.game.units.custom,l,eF,isMelee,[V] INI [attack] isMelee,verified-exists
field,com.corrodinggames.rts.game.units.custom,l,eG,meleeEngangementDistance,[V] INI [attack] meleeEngangementDistance (仅 isMelee 可用; ag.java:2002-2007),verified-exists
field,com.corrodinggames.rts.game.units.custom,l,eH,isPickableStartingUnit,[V] INI [core] isPickableStartingUnit,verified-exists
field,com.corrodinggames.rts.game.units.custom,l,eI,startFallingWhenStartingUnit,[V] INI [core] startFallingWhenStartingUnit,verified-exists
field,com.corrodinggames.rts.game.units.custom,l,eJ,hideScorchMark,[V] INI [core] hideScorchMark,verified-exists
field,com.corrodinggames.rts.game.units.custom,l,eK,disableLowHpFire,[V] INI [graphics] disableLowHpFire (ag.java:1706),verified-exists
field,com.corrodinggames.rts.game.units.custom,l,eL,disableLowHpSmoke,[V] INI [graphics] disableLowHpSmoke (ag.java:1707),verified-exists
field,com.corrodinggames.rts.game.units.custom,l,eM,subUnitCount,Sub-unit count,verified-exists
field,com.corrodinggames.rts.game.units.custom,l,eN,transportUnitsUnloadDelayBetweenEachUnit,[V] INI [core] transportUnitsUnloadDelayBetweenEachUnit,verified-exists
field,com.corrodinggames.rts.game.units.custom,l,eO,transportUnitsEachUnitAlwaysUsesSingleSlot,[V] INI [core] transportUnitsEachUnitAlwaysUsesSingleSlot,verified-exists
field,com.corrodinggames.rts.game.units.custom,l,eP,transportUnitsRequireTag,[V] INI [core] transportUnitsRequireTag (h=标签),verified-exists
field,com.corrodinggames.rts.game.units.custom,l,eQ,transportUnitsRequireMovementType,"""[V] INI [core] transportUnitsRequireMovementType (utility.m=移动类型列表""",verified-exists
field,com.corrodinggames.rts.game.units.custom,l,eR,transportUnitsBlockAirAndWaterUnits,[V] INI [core] transportUnitsBlockAirAndWaterUnits,verified-exists
field,com.corrodinggames.rts.game.units.custom,l,eS,transportUnitsBlockOtherTransports,[V] INI [core] transportUnitsBlockOtherTransports,verified-exists
field,com.corrodinggames.rts.game.units.custom,l,eT,hasSubUnits,Has deployable/toggle sub-units,verified-exists
field,com.corrodinggames.rts.game.units.custom,l,eU,logicConditionEU,Logic boolean condition,verified-exists
field,com.corrodinggames.rts.game.units.custom,l,eV,logicConditionEV,Logic boolean condition,verified-exists
field,com.corrodinggames.rts.game.units.custom,l,eW,logicConditionEW,Logic boolean condition,verified-exists
field,com.corrodinggames.rts.game.units.custom,l,eX,transportUnitsOnTeamChangeKeepCurrentTeam,[V] INI [core] transportUnitsOnTeamChangeKeepCurrentTeam,verified-exists
field,com.corrodinggames.rts.game.units.custom,l,eY,transportUnitsHealBy,[V] INI [core] transportUnitsHealBy,verified-exists
field,com.corrodinggames.rts.game.units.custom,l,eZ,transportSlotsNeeded,[V] INI [core] transportSlotsNeeded (默认 1),verified-exists
field,com.corrodinggames.rts.game.units.custom,l,ea,nextTypeId,Next available type ID counter (static int),verified-exists
field,com.corrodinggames.rts.game.units.custom,l,eb,lastErrorMessage,Last error message string (static),verified-exists
field,com.corrodinggames.rts.game.units.custom,l,ec,tempSharedPoint,Static shared PointF for calculations,verified-exists
field,com.corrodinggames.rts.game.units.custom,l,ed,unitFilter,Unit type filter (h),verified-exists
field,com.corrodinggames.rts.game.units.custom,l,ee,tempKeyB,Static temp cache key B (ai),verified-exists
field,com.corrodinggames.rts.game.units.custom,l,ef,tempPointD,Static shared PointF D,verified-exists
field,com.corrodinggames.rts.game.units.custom,l,effectOnCreate,effectOnCreate,"""INI-verified: appears 8x in sections projectile_1",projectile_blink
field,com.corrodinggames.rts.game.units.custom,l,eg,actionList,Action list (m=ArrayList wrapper),verified-exists
field,com.corrodinggames.rts.game.units.custom,l,eh,turretMultiTargeting,[V] INI [attack] turretMultiTargeting,verified-exists
field,com.corrodinggames.rts.game.units.custom,l,ei,joinsGroupFormations,[V] INI [core] joinsGroupFormations,verified-exists
field,com.corrodinggames.rts.game.units.custom,l,ej,moveYAxisScaling,[V] INI [movement] moveYAxisScaling,verified-exists
field,com.corrodinggames.rts.game.units.custom,l,ek,inverseMoveYAxisScaling,[V] 计算值 1.0f/ej (ag.java:1935),verified-exists
field,com.corrodinggames.rts.game.units.custom,l,el,reverseSpeedPercentage,[V] INI [movement] reverseSpeedPercentage (默认 0.6),verified-exists
field,com.corrodinggames.rts.game.units.custom,l,em,slowestAttackTurretIndex,[V] delay>140 且 delay 最大的炮塔索引 (ag.java:2315); j.java:3254 bW() 装填进度用,verified-exists
field,com.corrodinggames.rts.game.units.custom,l,en,warmupTurretIndex,[V] warmup>80 的炮塔索引 (ag.java:2318); j.java:3257 bW() 用,verified-exists
field,com.corrodinggames.rts.game.units.custom,l,endDirOffset,endDirOffset,"""INI-verified: appears 10x in sections leg_1",leg_2
field,com.corrodinggames.rts.game.units.custom,l,energyMax,energyMax,INI-verified: appears 13x in sections core,ini-verified-v16
field,com.corrodinggames.rts.game.units.custom,l,energyNeedsToRechargeToFull,energyNeedsToRechargeToFull,INI-verified: appears 7x in sections core,ini-verified-v16
field,com.corrodinggames.rts.game.units.custom,l,energyRegen,energyRegen,INI-verified: appears 14x in sections core,ini-verified-v16
field,com.corrodinggames.rts.game.units.custom,l,energyUsage,energyUsage,"""INI-verified: appears 11x in sections turret_1",turret_2
field,com.corrodinggames.rts.game.units.custom,l,eo,turnAcceleration,[V] INI [movement] turnAcceleration,verified-exists
field,com.corrodinggames.rts.game.units.custom,l,ep,canAttack,[V] INI [attack] canAttack,verified-exists
field,com.corrodinggames.rts.game.units.custom,l,eq,logicConditionEq,Logic boolean condition,verified-exists
field,com.corrodinggames.rts.game.units.custom,l,er,logicConditionEr,Logic boolean condition,verified-exists
field,com.corrodinggames.rts.game.units.custom,l,es,logicConditionEs,Logic boolean condition,verified-exists
field,com.corrodinggames.rts.game.units.custom,l,estimatingPositionMultiplier,estimatingPositionMultiplier,INI-verified: appears 5x in sections leg_1,ini-verified-v16
field,com.corrodinggames.rts.game.units.custom,l,et,logicConditionEt,Logic boolean condition,verified-exists
field,com.corrodinggames.rts.game.units.custom,l,eu,hasTagRestrictedTurrets,[V] ag.java:2267 存在带标签限制的炮塔时置 true (ev/ew 非空或所有炮塔被过滤),verified-exists
field,com.corrodinggames.rts.game.units.custom,l,ev,canOnlyAttackUnitsWithTags,[V] INI [attack] canOnlyAttackUnitsWithTags (h=标签),verified-exists
field,com.corrodinggames.rts.game.units.custom,l,ew,canOnlyAttackUnitsWithoutTags,[V] INI [attack] canOnlyAttackUnitsWithoutTags,verified-exists
field,com.corrodinggames.rts.game.units.custom,l,ex,allTurretsTagRestricted,[V] ag.java:2268 所有炮塔都被标签限制时置 true (无无限制炮塔),verified-exists
field,com.corrodinggames.rts.game.units.custom,l,exit_dirOffset,exit_dirOffset,INI-verified: appears 5x in sections core,ini-verified-v16
field,com.corrodinggames.rts.game.units.custom,l,exit_heightOffset,exit_heightOffset,INI-verified: appears 4x in sections core,ini-verified-v16
field,com.corrodinggames.rts.game.units.custom,l,exit_moveAwayAmount,exit_moveAwayAmount,INI-verified: appears 6x in sections core,ini-verified-v16
field,com.corrodinggames.rts.game.units.custom,l,exit_x,exit_x,INI-verified: appears 9x in sections core,ini-verified-v16
field,com.corrodinggames.rts.game.units.custom,l,exit_y,exit_y,INI-verified: appears 9x in sections core,ini-verified-v16
field,com.corrodinggames.rts.game.units.custom,l,experimental,experimental,INI-verified: appears 11x in sections core,ini-verified-v16
field,com.corrodinggames.rts.game.units.custom,l,explodeEffect,explodeEffect,"""INI-verified: appears 15x in sections projectile_1",projectile_beam
field,com.corrodinggames.rts.game.units.custom,l,explodeEffectOnShield,explodeEffectOnShield,"""INI-verified: appears 7x in sections projectile_1",projectile_beam
field,com.corrodinggames.rts.game.units.custom,l,explodeTypeOnDeath,explodeTypeOnDeath,INI-verified: appears 2x in sections core,ini-verified-v16
field,com.corrodinggames.rts.game.units.custom,l,extraLagHidingInUI,extraLagHidingInUI,"""INI-verified: appears 2x in sections action_selectSlot1","canBuild_1"""
field,com.corrodinggames.rts.game.units.custom,l,ey,isFixedFiring,[V] INI [attack] isFixedFiring,verified-exists
field,com.corrodinggames.rts.game.units.custom,l,ez,aimOffsetSpread,[V] INI [attack] aimOffsetSpread,verified-exists
method,com.corrodinggames.rts.game.units.custom,l,f,getLocalizedDescription,[V] 缓存语言键 units.<id>.description,verified-exists
field,com.corrodinggames.rts.game.units.custom,l,fA,recommendedInEachBaseNum,[V] INI [ai] recommendedInEachBaseNum,verified-exists
field,com.corrodinggames.rts.game.units.custom,l,fB,recommendedInEachBasePriorityIfUnmet,[V] INI [ai] recommendedInEachBasePriorityIfUnmet,verified-exists
field,com.corrodinggames.rts.game.units.custom,l,fC,nonInBaseExtraPriority,[V] INI [ai] nonInBaseExtraPriority,verified-exists
field,com.corrodinggames.rts.game.units.custom,l,fD,nonGlobalExtraPriority,[V] INI [ai] nonGlobalExtraPriority (ag.java:2304-2306 双键兼容),verified-exists
field,com.corrodinggames.rts.game.units.custom,l,fE,whenUsingAsHarvester_recommendedInEachBase,[V] INI [ai] whenUsingAsHarvester_recommendedInEachBase,verified-exists
field,com.corrodinggames.rts.game.units.custom,l,fF,whenUsingAsHarvester_recommendedGlobal,[V] INI [ai] whenUsingAsHarvester_recommendedGlobal,verified-exists
field,com.corrodinggames.rts.game.units.custom,l,fG,whenUsingAsHarvester_includeOtherHarvesterCounts,[V] INI [ai] whenUsingAsHarvester_includeOtherHarvesterCounts,verified-exists
field,com.corrodinggames.rts.game.units.custom,l,fH,typeFH,Generic type reference (h-type),verified-exists
field,com.corrodinggames.rts.game.units.custom,l,fI,upgradedFrom,[V] INI [ai] upgradedFrom (String 单位名),verified-exists
field,com.corrodinggames.rts.game.units.custom,l,fJ,hasHighPriorityAction,[V] ag.java:2697 任一动作配置 ai_isHighPriority 时置 true,verified-exists
field,com.corrodinggames.rts.game.units.custom,l,fK,aiUpgradePriority,[V] INI [ai] ai_upgradePriority *100 (ag.java:2306),verified-exists
field,com.corrodinggames.rts.game.units.custom,l,fL,linkedUnitTypes,[V] l.java:1177 b(as) 传递闭包链接的单位类型列表 (utility.m),verified-exists
field,com.corrodinggames.rts.game.units.custom,l,fM,lowPriorityTargetForOtherUnits,[V] INI [ai] lowPriorityTargetForOtherUnits,verified-exists
field,com.corrodinggames.rts.game.units.custom,l,fN,notPassivelyTargetedByOtherUnits,[V] INI [ai] notPassivelyTargetedByOtherUnits,verified-exists
field,com.corrodinggames.rts.game.units.custom,l,fO,typeFO,Generic type reference (h-type),verified-exists
field,com.corrodinggames.rts.game.units.custom,l,fP,hasChargeEffectImage,[V] bn.java:433 任一炮塔配置 chargeEffectImage 时置 true; j.java:2286 炮塔充能特效,verified-exists
field,com.corrodinggames.rts.game.units.custom,l,fQ,turretDefinitions,[V] bn[] 武器/炮塔定义数组 (ag.java:2092; SYSTEM-CUSTOMUNIT.md: ModUnitRegistry.fQ[]),verified-exists
field,com.corrodinggames.rts.game.units.custom,l,fR,projectileDefinitions,[V] bh[] 炮弹定义数组 (ag.java:2027; 按 fT 数量分配),verified-exists
field,com.corrodinggames.rts.game.units.custom,l,fS,customLogicList,Custom logic objects list,verified-exists
field,com.corrodinggames.rts.game.units.custom,l,fT,customStatusList,Status effect objects list,verified-exists
field,com.corrodinggames.rts.game.units.custom,l,fa,defaultNotOverLiquidCheck,Default logic: not overLiquid and not moving,verified-exists
field,com.corrodinggames.rts.game.units.custom,l,fadeInTime,fadeInTime,"""INI-verified: appears 42x in sections comment_effect_projectileTrail",effect_attachedFlame
field,com.corrodinggames.rts.game.units.custom,l,fadeOut,fadeOut,"""INI-verified: appears 83x in sections comment_effect_projectileTrail",effect_attachedFlame
field,com.corrodinggames.rts.game.units.custom,l,favourOppositeSideNeighbours,favourOppositeSideNeighbours,INI-verified: appears 5x in sections leg_1,ini-verified-v16
field,com.corrodinggames.rts.game.units.custom,l,fb,defaultNotOverLiquidCheckMoving,Default logic: not overLiquid,verified-exists
field,com.corrodinggames.rts.game.units.custom,l,fc,logicConditionFc,Logic boolean condition,verified-exists
field,com.corrodinggames.rts.game.units.custom,l,fd,logicConditionFd,Logic boolean condition,verified-exists
field,com.corrodinggames.rts.game.units.custom,l,fe,canUnloadUnitsDefault,"""[I] boolean 默认 true 死字段; 字节码仅构造函数 iconst_1""",verified-exists
field,com.corrodinggames.rts.game.units.custom,l,ff,targetTypeBe,Target/weapon type enum,verified-exists
field,com.corrodinggames.rts.game.units.custom,l,fg,weaponTypeAo,Weapon/attack type enum,verified-exists
field,com.corrodinggames.rts.game.units.custom,l,fh,weaponTypeFh,Secondary weapon/attack type enum,verified-exists
field,com.corrodinggames.rts.game.units.custom,l,fi,slowDeathFall,[V] INI [graphics] slowDeathFall (缓慢下落死亡),verified-exists
field,com.corrodinggames.rts.game.units.custom,l,fireTurretXAtGround,fireTurretXAtGround,"""INI-verified: appears 8x in sections action_blink",action_blinkQueued
field,com.corrodinggames.rts.game.units.custom,l,fireTurretXAtGround_onlyOverPassableTileOf,fireTurretXAtGround_onlyOverPassableTileOf,"""INI-verified: appears 3x in sections action_blink","action_launchScoutBot"""
field,com.corrodinggames.rts.game.units.custom,l,fireTurretXAtGround_withProjectile,fireTurretXAtGround_withProjectile,"""INI-verified: appears 4x in sections action_blink",action_blinkQueued
field,com.corrodinggames.rts.game.units.custom,l,fj,slowDeathFallSmoke,[V] INI [graphics] slowDeathFallSmoke,verified-exists
field,com.corrodinggames.rts.game.units.custom,l,fk,canReclaimResources,[V] INI [core] canReclaimResources,verified-exists
field,com.corrodinggames.rts.game.units.custom,l,fl,typeFl,Generic type reference (h-type),verified-exists
field,com.corrodinggames.rts.game.units.custom,l,flameWeapon,flameWeapon,"""INI-verified: appears 3x in sections projectile_1","projectile_fireProjectile1"""
field,com.corrodinggames.rts.game.units.custom,l,fm,canReclaimResourcesNextSearchRange,[V] INI [core] canReclaimResourcesNextSearchRange (默认 500),verified-exists
field,com.corrodinggames.rts.game.units.custom,l,fn,typeFn,Generic type reference (h-type),verified-exists
field,com.corrodinggames.rts.game.units.custom,l,fo,typeFo,Generic type reference (h-type),verified-exists
field,com.corrodinggames.rts.game.units.custom,l,fogOfWarSightRange,fogOfWarSightRange,INI-verified: appears 21x in sections core,ini-verified-v16
field,com.corrodinggames.rts.game.units.custom,l,fogOfWarSightRangeWhileNotBuilt,fogOfWarSightRangeWhileNotBuilt,INI-verified: appears 5x in sections core,ini-verified-v16
field,com.corrodinggames.rts.game.units.custom,l,footprint,footprint,INI-verified: appears 17x in sections core,ini-verified-v16
field,com.corrodinggames.rts.game.units.custom,l,forceNano,forceNano,"""INI-verified: appears 14x in sections canBuild_1",canBuild_11
field,com.corrodinggames.rts.game.units.custom,l,fp,isUnderwater,Underwater/submersible unit,verified-exists
field,com.corrodinggames.rts.game.units.custom,l,fq,isAmphibiousUnit,Amphibious movement capability,verified-exists
field,com.corrodinggames.rts.game.units.custom,l,fr,isFloatingUnit,Floating movement capability,verified-exists
field,com.corrodinggames.rts.game.units.custom,l,frame,frame,"""INI-verified: appears 75x in sections decal_outline",projectile_1
field,com.corrodinggames.rts.game.units.custom,l,frameIndex,frameIndex,"""INI-verified: appears 19x in sections effect_attachedFlame",effect_dustL
field,com.corrodinggames.rts.game.units.custom,l,frameIndexRandom,frameIndexRandom,"""INI-verified: appears 3x in sections effect_dustL",effect_dustR
field,com.corrodinggames.rts.game.units.custom,l,friendlyFire,friendlyFire,"""INI-verified: appears 2x in sections projectile_explode","projectile_nukeProjectile"""
field,com.corrodinggames.rts.game.units.custom,l,fs,useAsAttacker,[V] INI [ai] useAsAttacker (默认 true),verified-exists
field,com.corrodinggames.rts.game.units.custom,l,ft,useAsTransport,[V] INI [ai] useAsTransport; 默认 eM>0 && !fq && !aH (ag.java:1892-1897),verified-exists
field,com.corrodinggames.rts.game.units.custom,l,fu,hasCustomActions,[V] ag.java:710-717 存在自定义动作 (a.g 或无名动作) 时置 true; j.java:3489 bJ() 查询,verified-exists
field,com.corrodinggames.rts.game.units.custom,l,fv,typeFv,Generic type reference (h-type),verified-exists
field,com.corrodinggames.rts.game.units.custom,l,fw,disableUse,[V] INI [ai] disableUse,verified-exists
field,com.corrodinggames.rts.game.units.custom,l,fx,maxGlobal,[V] INI [ai] maxGlobal,verified-exists
field,com.corrodinggames.rts.game.units.custom,l,fy,maxEachBase,[V] INI [ai] maxEachBase,verified-exists
field,com.corrodinggames.rts.game.units.custom,l,fz,buildPriority,[V] INI [ai] buildPriority,verified-exists
method,com.corrodinggames.rts.game.units.custom,l,g,getTechLevel,[V] 返回 cl,verified-exists
field,com.corrodinggames.rts.game.units.custom,l,gb,timerList,List of timer objects,verified-exists
field,com.corrodinggames.rts.game.units.custom,l,gc,arrayGC,Generic ArrayList,verified-exists
field,com.corrodinggames.rts.game.units.custom,l,gd,effectList,List of effect objects (searched by name),verified-exists
field,com.corrodinggames.rts.game.units.custom,l,ge,emptyEffectArray,[V] static ay[] 空模板数组; z.java:22-55 toArray(l.ge) 及未指定效果标记,verified-exists
field,com.corrodinggames.rts.game.units.custom,l,generation_credits,generation_credits,INI-verified: appears 15x in sections core,ini-verified-v16
field,com.corrodinggames.rts.game.units.custom,l,generation_delay,generation_delay,INI-verified: appears 15x in sections core,ini-verified-v16
field,com.corrodinggames.rts.game.units.custom,l,generation_resources,generation_resources,INI-verified: appears 8x in sections core,ini-verified-v16
field,com.corrodinggames.rts.game.units.custom,l,gf,noneEffectArray,"""[V] static ay[] ""NONE"" 哨兵; z.java:38 b()==l.gf 表示显式无效果""",verified-exists
field,com.corrodinggames.rts.game.units.custom,l,gg,arrayGG,Generic ArrayList,verified-exists
field,com.corrodinggames.rts.game.units.custom,l,gh,customActionsList,Custom action definitions list,verified-exists
field,com.corrodinggames.rts.game.units.custom,l,gi,hasBuiltFromWithResourceRequirement,[V] ag.java:2968 builtFrom 条目带资源需求 (d2.q.b>0) 时置 true; j.java:4233 ck() 查询,verified-exists
field,com.corrodinggames.rts.game.units.custom,l,gj,cachedLocaleVersion,Locale version for cache invalidation,verified-exists
field,com.corrodinggames.rts.game.units.custom,l,gk,cachedLocalizedName,Cached localized unit name,verified-exists
field,com.corrodinggames.rts.game.units.custom,l,gl,cachedLocalizedDescription,Cached localized description,verified-exists
field,com.corrodinggames.rts.game.units.custom,l,gm,actionCache,Cached action HashMap for fast lookup,verified-exists
field,com.corrodinggames.rts.game.units.custom,l,gn,specialActionsByTier,Array of action lists for tiers 1-3,verified-exists
field,com.corrodinggames.rts.game.units.custom,l,go,actionHandler,Action handler for unit actions,verified-exists
field,com.corrodinggames.rts.game.units.custom,l,gp,unitTagDefs,Unit tag definition objects list,verified-exists
field,com.corrodinggames.rts.game.units.custom,l,gr,usesCreditResources,Credit-based resource usage flag,verified-exists
field,com.corrodinggames.rts.game.units.custom,l,gravity,gravity,"""INI-verified: appears 6x in sections projectile_1","projectile_main"""
field,com.corrodinggames.rts.game.units.custom,l,gs,debugCreditLogging,Debug credit resource logging,verified-exists
field,com.corrodinggames.rts.game.units.custom,l,gt,warningMessages,Accumulated warning message strings,verified-exists
method,com.corrodinggames.rts.game.units.custom,l,h,buildTechTree,[V] 重建 gn[] 技术树动作列表 (3 级),verified-exists
field,com.corrodinggames.rts.game.units.custom,l,hOffset,hOffset,"""INI-verified: appears 7x in sections effect_fireSmall","effect_lightningShock"""
field,com.corrodinggames.rts.game.units.custom,l,hSpeed,hSpeed,"""INI-verified: appears 22x in sections effect_blinkSpark",effect_dustL
field,com.corrodinggames.rts.game.units.custom,l,hardLimit,hardLimit,INI-verified: appears 4x in sections leg_1,ini-verified-v16
field,com.corrodinggames.rts.game.units.custom,l,heightSpeed,heightSpeed,INI-verified: appears 16x in sections leg_1,ini-verified-v16
field,com.corrodinggames.rts.game.units.custom,l,hidden,hidden,INI-verified: appears 2x in sections resource_slotid,ini-verified-v16
field,com.corrodinggames.rts.game.units.custom,l,hitSound,hitSound,"""INI-verified: appears 3x in sections projectile_1",projectile_fireProjectile1
field,com.corrodinggames.rts.game.units.custom,l,holdDisMax,holdDisMax,INI-verified: appears 18x in sections leg_1,ini-verified-v16
field,com.corrodinggames.rts.game.units.custom,l,holdDisMin,holdDisMin,INI-verified: appears 18x in sections leg_1,ini-verified-v16
field,com.corrodinggames.rts.game.units.custom,l,holdDisMin_maxMovingLegs,holdDisMin_maxMovingLegs,INI-verified: appears 3x in sections leg_1,ini-verified-v16
method,com.corrodinggames.rts.game.units.custom,l,i,getUnitId,[V] 返回 M (内部单位名),type-aware-fp-v19.114
field,com.corrodinggames.rts.game.units.custom,l,iconExtraColor,iconExtraColor,"""INI-verified: appears 29x in sections action_cancel",action_dive
field,com.corrodinggames.rts.game.units.custom,l,iconExtraImage,iconExtraImage,"""INI-verified: appears 28x in sections action_cancel",action_dive
field,com.corrodinggames.rts.game.units.custom,l,iconImage,iconImage,"""INI-verified: appears 25x in sections action_addBlink",action_blink
field,com.corrodinggames.rts.game.units.custom,l,icon_zoomed_out_neverShow,icon_zoomed_out_neverShow,INI-verified: appears 2x in sections graphics,ini-verified-v16
field,com.corrodinggames.rts.game.units.custom,l,id,id,"""INI-verified: appears 2x in sections action_buildAntiNuke","action_launchScoutBot"""
field,com.corrodinggames.rts.game.units.custom,l,idleDir,idleDir,"""INI-verified: appears 95x in sections attachment_unitSlot1",attachment_unitSlot2
field,com.corrodinggames.rts.game.units.custom,l,idleDirReversing,idleDirReversing,"""INI-verified: appears 18x in sections attachment_unitSlot1",attachment_unitSlot2
field,com.corrodinggames.rts.game.units.custom,l,idleSpin,idleSpin,"""INI-verified: appears 9x in sections turret_1","turret_flakPivotPoint"""
field,com.corrodinggames.rts.game.units.custom,l,idleSweepAddRandomDelay,idleSweepAddRandomDelay,"""INI-verified: appears 2x in sections turret_2","turret_mainBody"""
field,com.corrodinggames.rts.game.units.custom,l,idleSweepAngle,idleSweepAngle,"""INI-verified: appears 12x in sections turret_1",turret_2
field,com.corrodinggames.rts.game.units.custom,l,idleSweepCondition,idleSweepCondition,"""INI-verified: appears 2x in sections turret_2","turret_mainBody"""
field,com.corrodinggames.rts.game.units.custom,l,idleSweepDelay,idleSweepDelay,"""INI-verified: appears 11x in sections turret_1",turret_2
field,com.corrodinggames.rts.game.units.custom,l,idleSweepSpeed,idleSweepSpeed,"""INI-verified: appears 11x in sections turret_1",turret_2
field,com.corrodinggames.rts.game.units.custom,l,ignoreInUnitCapCalculation,ignoreInUnitCapCalculation,INI-verified: appears 3x in sections core,ini-verified-v16
field,com.corrodinggames.rts.game.units.custom,l,image,image,"""INI-verified: appears 214x in sections comment_effect_projectileTrail",decal_noAmmoIcon
field,com.corrodinggames.rts.game.units.custom,l,imageScale,imageScale,"""INI-verified: appears 19x in sections decal_noAmmoIcon",decal_noAmmoIcon2
field,com.corrodinggames.rts.game.units.custom,l,image_applyTeamColors,image_applyTeamColors,"""INI-verified: appears 3x in sections turret_1","turret_mainCannonBase"""
field,com.corrodinggames.rts.game.units.custom,l,image_back,image_back,INI-verified: appears 6x in sections graphics,ini-verified-v16
field,com.corrodinggames.rts.game.units.custom,l,image_drawOffsetY,image_drawOffsetY,"""INI-verified: appears 9x in sections turret_1",turret_2
field,com.corrodinggames.rts.game.units.custom,l,image_end,image_end,"""INI-verified: appears 11x in sections arm_1",arm_2
field,com.corrodinggames.rts.game.units.custom,l,image_end_shadow,image_end_shadow,"""INI-verified: appears 3x in sections arm_1","arm_2"""
field,com.corrodinggames.rts.game.units.custom,l,image_end_teamColors,image_end_teamColors,"""INI-verified: appears 4x in sections arm_1","arm_2"""
field,com.corrodinggames.rts.game.units.custom,l,image_foot,image_foot,INI-verified: appears 13x in sections leg_1,ini-verified-v16
field,com.corrodinggames.rts.game.units.custom,l,image_foot_shadow,image_foot_shadow,INI-verified: appears 4x in sections leg_1,ini-verified-v16
field,com.corrodinggames.rts.game.units.custom,l,image_leg,image_leg,INI-verified: appears 18x in sections leg_1,ini-verified-v16
field,com.corrodinggames.rts.game.units.custom,l,image_offsetY,image_offsetY,INI-verified: appears 2x in sections graphics,ini-verified-v16
field,com.corrodinggames.rts.game.units.custom,l,image_shadow,image_shadow,INI-verified: appears 87x in sections graphics,ini-verified-v16
field,com.corrodinggames.rts.game.units.custom,l,image_turret,image_turret,INI-verified: appears 70x in sections graphics,ini-verified-v16
field,com.corrodinggames.rts.game.units.custom,l,image_wreak,image_wreak,INI-verified: appears 85x in sections graphics,ini-verified-v16
field,com.corrodinggames.rts.game.units.custom,l,initialUnguidedSpeedHeight,initialUnguidedSpeedHeight,"""INI-verified: appears 6x in sections projectile_1","projectile_main"""
field,com.corrodinggames.rts.game.units.custom,l,instant,instant,"""INI-verified: appears 23x in sections projectile_1",projectile_2
field,com.corrodinggames.rts.game.units.custom,l,instantReuseLast,instantReuseLast,"""INI-verified: appears 2x in sections projectile_beam","projectile_laser"""
field,com.corrodinggames.rts.game.units.custom,l,interceptProjectiles_andOverHeight,interceptProjectiles_andOverHeight,"""INI-verified: appears 5x in sections turret_antiNuke","turret_silo"""
field,com.corrodinggames.rts.game.units.custom,l,interceptProjectiles_andTargetingGroundUnderDistance,interceptProjectiles_andTargetingGroundUnderDistance,"""INI-verified: appears 5x in sections turret_antiNuke","turret_silo"""
field,com.corrodinggames.rts.game.units.custom,l,interceptProjectiles_andUnderDistance,interceptProjectiles_andUnderDistance,"""INI-verified: appears 5x in sections turret_antiNuke","turret_silo"""
field,com.corrodinggames.rts.game.units.custom,l,interceptProjectiles_withTags,interceptProjectiles_withTags,"""INI-verified: appears 5x in sections turret_antiNuke","turret_silo"""
field,com.corrodinggames.rts.game.units.custom,l,invisible,invisible,"""INI-verified: appears 75x in sections turret_1",turret_2
field,com.corrodinggames.rts.game.units.custom,l,isActive,isActive,"""INI-verified: appears 27x in sections action_addBlink",action_blinkQueued
field,com.corrodinggames.rts.game.units.custom,l,isBio,isBio,INI-verified: appears 74x in sections core,ini-verified-v16
field,com.corrodinggames.rts.game.units.custom,l,isBug,isBug,INI-verified: appears 14x in sections core,ini-verified-v16
field,com.corrodinggames.rts.game.units.custom,l,isBuilder,isBuilder,INI-verified: appears 4x in sections core,ini-verified-v16
field,com.corrodinggames.rts.game.units.custom,l,isBuilding,isBuilding,INI-verified: appears 22x in sections core,ini-verified-v16
field,com.corrodinggames.rts.game.units.custom,l,isGuiBlinking,isGuiBlinking,"""INI-verified: appears 7x in sections action_isDisabled",action_selectSlot1
field,com.corrodinggames.rts.game.units.custom,l,isLocked,isLocked,"""INI-verified: appears 3x in sections action_buildAntiNuke","canBuild_1"""
field,com.corrodinggames.rts.game.units.custom,l,isLockedAlt,isLockedAlt,"""INI-verified: appears 2x in sections action_blink","action_buildAntiNuke"""
field,com.corrodinggames.rts.game.units.custom,l,isLockedIfGameModeNoNuke,isLockedIfGameModeNoNuke,INI-verified: appears 3x in sections core,ini-verified-v16
field,com.corrodinggames.rts.game.units.custom,l,isLockedMessage,isLockedMessage,INI-verified: appears 2x in sections action_buildAntiNuke,ini-verified-v16
field,com.corrodinggames.rts.game.units.custom,l,isMainNanoTurret,isMainNanoTurret,"""INI-verified: appears 7x in sections turret_1",turret_nano
field,com.corrodinggames.rts.game.units.custom,l,isPickableStartingUnit,isPickableStartingUnit,INI-verified: appears 7x in sections core,ini-verified-v16
field,com.corrodinggames.rts.game.units.custom,l,isUnrepairableUnit,isUnrepairableUnit,INI-verified: appears 2x in sections core,ini-verified-v16
field,com.corrodinggames.rts.game.units.custom,l,isUnselectable,isUnselectable,"""INI-verified: appears 4x in sections attachment_unitSlot1","core"""
field,com.corrodinggames.rts.game.units.custom,l,isVisible,isVisible,"""INI-verified: appears 44x in sections action_addBlink",action_attack_dance
method,com.corrodinggames.rts.game.units.custom,l,j,isBuilding,[V] 返回 aH,verified-exists
method,com.corrodinggames.rts.game.units.custom,l,k,ignoreInUnitCapCalculation,[V] 返回 aI,verified-exists
method,com.corrodinggames.rts.game.units.custom,l,l,isBuilder,[V] 返回 fp,verified-exists
field,com.corrodinggames.rts.game.units.custom,l,largeHitEffect,largeHitEffect,"""INI-verified: appears 58x in sections comment_projectile_torpedo_split",projectile_1
field,com.corrodinggames.rts.game.units.custom,l,laserDefenceEnergyUse,laserDefenceEnergyUse,"""INI-verified: appears 5x in sections turret_1",turret_9
field,com.corrodinggames.rts.game.units.custom,l,laserEffect,laserEffect,"""INI-verified: appears 2x in sections projectile_2","projectile_laser"""
field,com.corrodinggames.rts.game.units.custom,l,layer,layer,"""INI-verified: appears 3x in sections decal_noAmmoIcon",decal_outline
field,com.corrodinggames.rts.game.units.custom,l,leg3_3s,leg3_3s,"""INI-verified: appears 2x in sections animation_attack","animation_dance"""
field,com.corrodinggames.rts.game.units.custom,l,lifeRandom,lifeRandom,"""INI-verified: appears 3x in sections effect_blinkSpark","effect_ripples"""
field,com.corrodinggames.rts.game.units.custom,l,lightCastOnGround,lightCastOnGround,"""INI-verified: appears 6x in sections projectile_1","projectile_main"""
field,com.corrodinggames.rts.game.units.custom,l,lightColor,lightColor,"""INI-verified: appears 38x in sections projectile_1",projectile_2
field,com.corrodinggames.rts.game.units.custom,l,lightSize,lightSize,"""INI-verified: appears 37x in sections comment_projectile_torpedo_split",projectile_1
field,com.corrodinggames.rts.game.units.custom,l,lightingEffect,lightingEffect,"""INI-verified: appears 6x in sections projectile_1","projectile_lightning"""
field,com.corrodinggames.rts.game.units.custom,l,limitingAngle,limitingAngle,"""INI-verified: appears 2x in sections turret_2","turret_plasma1"""
field,com.corrodinggames.rts.game.units.custom,l,limitingRange,limitingRange,"""INI-verified: appears 14x in sections turret_1",turret_2
field,com.corrodinggames.rts.game.units.custom,l,linkDelayWithTurret,linkDelayWithTurret,"""INI-verified: appears 39x in sections turret_2",turret_3
field,com.corrodinggames.rts.game.units.custom,l,liveAfterAttachedDies,liveAfterAttachedDies,"""INI-verified: appears 15x in sections effect_attachedFlame",effect_attachedLight
field,com.corrodinggames.rts.game.units.custom,l,lockMovement,lockMovement,INI-verified: appears 3x in sections leg_1,ini-verified-v16
field,com.corrodinggames.rts.game.units.custom,l,lock_body_rotation_with_main_turret,lock_body_rotation_with_main_turret,INI-verified: appears 27x in sections graphics,ini-verified-v16
field,com.corrodinggames.rts.game.units.custom,l,lock_leg_rotation_with_main_turret,lock_leg_rotation_with_main_turret,INI-verified: appears 2x in sections graphics,ini-verified-v16
method,com.corrodinggames.rts.game.units.custom,l,m,useAsBuilder,[V] 返回 fq,verified-exists
field,com.corrodinggames.rts.game.units.custom,l,mass,mass,INI-verified: appears 81x in sections core,ini-verified-v16
field,com.corrodinggames.rts.game.units.custom,l,maxEachBase,maxEachBase,INI-verified: appears 17x in sections ai,ini-verified-v16
field,com.corrodinggames.rts.game.units.custom,l,maxGlobal,maxGlobal,INI-verified: appears 4x in sections ai,ini-verified-v16
field,com.corrodinggames.rts.game.units.custom,l,maxHp,maxHp,INI-verified: appears 101x in sections core,ini-verified-v16
field,com.corrodinggames.rts.game.units.custom,l,maxShield,maxShield,INI-verified: appears 11x in sections core,ini-verified-v16
field,com.corrodinggames.rts.game.units.custom,l,maxTransportingUnits,maxTransportingUnits,INI-verified: appears 4x in sections core,ini-verified-v16
field,com.corrodinggames.rts.game.units.custom,l,moveWarmUp,moveWarmUp,INI-verified: appears 7x in sections leg_1,ini-verified-v16
field,com.corrodinggames.rts.game.units.custom,l,movementEffect,movementEffect,INI-verified: appears 6x in sections graphics,ini-verified-v16
field,com.corrodinggames.rts.game.units.custom,l,movementEffectRate,movementEffectRate,INI-verified: appears 6x in sections graphics,ini-verified-v16
method,com.corrodinggames.rts.game.units.custom,l,n,useAsHarvester,[V] 返回 fr,verified-exists
field,com.corrodinggames.rts.game.units.custom,l,name,name,"""INI-verified: appears 169x in sections canBuild_1",canBuild_10
field,com.corrodinggames.rts.game.units.custom,l,nanoBuildSpeed,nanoBuildSpeed,INI-verified: appears 7x in sections core,ini-verified-v16
field,com.corrodinggames.rts.game.units.custom,l,nanoFactorySpeed,nanoFactorySpeed,INI-verified: appears 4x in sections core,ini-verified-v16
field,com.corrodinggames.rts.game.units.custom,l,nanoRange,nanoRange,INI-verified: appears 10x in sections core,ini-verified-v16
field,com.corrodinggames.rts.game.units.custom,l,nanoRepairSpeed,nanoRepairSpeed,INI-verified: appears 7x in sections core,ini-verified-v16
field,com.corrodinggames.rts.game.units.custom,l,noneGlobalExtraPriority,noneGlobalExtraPriority,INI-verified: appears 5x in sections ai,ini-verified-v16
field,com.corrodinggames.rts.game.units.custom,l,noneInBaseExtraPriority,noneInBaseExtraPriority,INI-verified: appears 13x in sections ai,ini-verified-v16
field,com.corrodinggames.rts.game.units.custom,l,nukeOnDeath,nukeOnDeath,INI-verified: appears 4x in sections core,ini-verified-v16
field,com.corrodinggames.rts.game.units.custom,l,nukeOnDeathDamage,nukeOnDeathDamage,INI-verified: appears 3x in sections core,ini-verified-v16
field,com.corrodinggames.rts.game.units.custom,l,nukeOnDeathDisableWhenNoNuke,nukeOnDeathDisableWhenNoNuke,INI-verified: appears 3x in sections core,ini-verified-v16
field,com.corrodinggames.rts.game.units.custom,l,nukeOnDeathRange,nukeOnDeathRange,INI-verified: appears 3x in sections core,ini-verified-v16
field,com.corrodinggames.rts.game.units.custom,l,numBitsOnDeath,numBitsOnDeath,INI-verified: appears 5x in sections core,ini-verified-v16
method,com.corrodinggames.rts.game.units.custom,l,o,getMovementType,[V] 返回 fg,verified-exists
field,com.corrodinggames.rts.game.units.custom,l,onActions,onActions,"""INI-verified: appears 9x in sections animation_build",animation_idle
field,com.corrodinggames.rts.game.units.custom,l,onlyOneUnitAtATime,onlyOneUnitAtATime,"""INI-verified: appears 3x in sections action_blink","action_launchNuke"""
field,com.corrodinggames.rts.game.units.custom,l,onlyPlayersWithUnitControl,onlyPlayersWithUnitControl,"""INI-verified: appears 2x in sections decal_noAmmoIcon","decal_selected"""
field,com.corrodinggames.rts.game.units.custom,l,overrideAndReplace,overrideAndReplace,INI-verified: appears 22x in sections core,ini-verified-v16
method,com.corrodinggames.rts.game.units.custom,l,p,placeOnlyOnResPool,[V] 返回 aJ,verified-exists
field,com.corrodinggames.rts.game.units.custom,l,physics,physics,"""INI-verified: appears 16x in sections effect_blinkSpark",effect_hitFlame
field,com.corrodinggames.rts.game.units.custom,l,physicsGravity,physicsGravity,INI-verified: appears 2x in sections effect_blinkSpark,ini-verified-v16
field,com.corrodinggames.rts.game.units.custom,l,pingPong,pingPong,INI-verified: appears 2x in sections animation_idle,ini-verified-v16
field,com.corrodinggames.rts.game.units.custom,l,placeOnlyOnResPool,placeOnlyOnResPool,INI-verified: appears 2x in sections core,ini-verified-v16
field,com.corrodinggames.rts.game.units.custom,l,price,price,"""INI-verified: appears 175x in sections action_1",action_addBlink
field,com.corrodinggames.rts.game.units.custom,l,priority,priority,"""INI-verified: appears 55x in sections comment_effect_projectileTrail",effect_attachedFlame
field,com.corrodinggames.rts.game.units.custom,l,projectile,projectile,"""INI-verified: appears 85x in sections turret_1",turret_2
method,com.corrodinggames.rts.game.units.custom,l,q,getPlacementRuleGroup,[V] 返回 ff (be=放置规则组),verified-exists
method,com.corrodinggames.rts.game.units.custom,l,r,buildActionLookupMap,"""[V] 动作数>4 时构建 gm HashMap<命令""",verified-exists
field,com.corrodinggames.rts.game.units.custom,l,radius,radius,INI-verified: appears 82x in sections core,ini-verified-v16
field,com.corrodinggames.rts.game.units.custom,l,recoilOffset,recoilOffset,"""INI-verified: appears 62x in sections turret_1",turret_2
field,com.corrodinggames.rts.game.units.custom,l,recoilOutTime,recoilOutTime,"""INI-verified: appears 56x in sections turret_1",turret_2
field,com.corrodinggames.rts.game.units.custom,l,recoilReturnTime,recoilReturnTime,"""INI-verified: appears 56x in sections turret_1",turret_2
field,com.corrodinggames.rts.game.units.custom,l,requireConditional,requireConditional,"""INI-verified: appears 2x in sections hiddenAction_blinkRequest","hiddenAction_convertOnDeath"""
field,com.corrodinggames.rts.game.units.custom,l,resetAngle,resetAngle,INI-verified: appears 16x in sections leg_1,ini-verified-v16
field,com.corrodinggames.rts.game.units.custom,l,resourceAmount,resourceAmount,"""INI-verified: appears 4x in sections action_afterBurn",action_cancelBurn
field,com.corrodinggames.rts.game.units.custom,l,resourceAmount_setValue,resourceAmount_setValue,"""INI-verified: appears 4x in sections action_afterBurn",action_cancelBurn
field,com.corrodinggames.rts.game.units.custom,l,resourceRate,resourceRate,INI-verified: appears 2x in sections core,ini-verified-v16
field,com.corrodinggames.rts.game.units.custom,l,resourceUsage,resourceUsage,"""INI-verified: appears 5x in sections turret_antiNuke","turret_silo"""
field,com.corrodinggames.rts.game.units.custom,l,rotateSpeed,rotateSpeed,INI-verified: appears 12x in sections leg_1,ini-verified-v16
method,com.corrodinggames.rts.game.units.custom,l,s,getAllCustomUnitIds,[V] static 返回 100 起始的所有注册表 id 列表 (l.java:878),verified-exists
field,com.corrodinggames.rts.game.units.custom,l,scaleFrom,scaleFrom,"""INI-verified: appears 82x in sections comment_effect_projectileTrail",effect_attachedFlame
field,com.corrodinggames.rts.game.units.custom,l,scaleTo,scaleTo,"""INI-verified: appears 82x in sections comment_effect_projectileTrail",effect_attachedFlame
field,com.corrodinggames.rts.game.units.custom,l,selfBuildRate,selfBuildRate,INI-verified: appears 8x in sections core,ini-verified-v16
field,com.corrodinggames.rts.game.units.custom,l,selfRegenRate,selfRegenRate,INI-verified: appears 34x in sections core,ini-verified-v16
field,com.corrodinggames.rts.game.units.custom,l,setBuilt,setBuilt,"""INI-verified: appears 3x in sections hiddenAction_cancelAddedToQueue",hiddenAction_convertOnDeath
field,com.corrodinggames.rts.game.units.custom,l,shadowFrame,shadowFrame,"""INI-verified: appears 3x in sections projectile_explode",projectile_nukeProjectile
field,com.corrodinggames.rts.game.units.custom,l,shadowOffsetX,shadowOffsetX,INI-verified: appears 87x in sections graphics,ini-verified-v16
field,com.corrodinggames.rts.game.units.custom,l,shadowOffsetY,shadowOffsetY,INI-verified: appears 87x in sections graphics,ini-verified-v16
field,com.corrodinggames.rts.game.units.custom,l,shieldDamageMultiplier,shieldDamageMultiplier,"""INI-verified: appears 7x in sections projectile_1",projectile_beam
field,com.corrodinggames.rts.game.units.custom,l,shieldDefectionMultiplier,shieldDefectionMultiplier,"""INI-verified: appears 6x in sections projectile_1","projectile_lightning"""
field,com.corrodinggames.rts.game.units.custom,l,shieldRegen,shieldRegen,INI-verified: appears 10x in sections core,ini-verified-v16
field,com.corrodinggames.rts.game.units.custom,l,shieldRenderRadius,shieldRenderRadius,INI-verified: appears 2x in sections core,ini-verified-v16
field,com.corrodinggames.rts.game.units.custom,l,shoot_flame,shoot_flame,"""INI-verified: appears 72x in sections turret_1",turret_2
field,com.corrodinggames.rts.game.units.custom,l,shoot_light,shoot_light,"""INI-verified: appears 75x in sections turret_1",turret_2
field,com.corrodinggames.rts.game.units.custom,l,shoot_sound,shoot_sound,"""INI-verified: appears 76x in sections turret_1",turret_2
field,com.corrodinggames.rts.game.units.custom,l,shoot_sound_vol,shoot_sound_vol,"""INI-verified: appears 76x in sections turret_1",turret_2
field,com.corrodinggames.rts.game.units.custom,l,shouldResetTurret,shouldResetTurret,"""INI-verified: appears 12x in sections turret_1",turret_2
field,com.corrodinggames.rts.game.units.custom,l,shouldRevealFog,shouldRevealFog,"""INI-verified: appears 3x in sections projectile_blink","projectile_nukeProjectile"""
field,com.corrodinggames.rts.game.units.custom,l,showInEditor,showInEditor,INI-verified: appears 21x in sections core,ini-verified-v16
field,com.corrodinggames.rts.game.units.custom,l,showOnMinimap,showOnMinimap,INI-verified: appears 2x in sections core,ini-verified-v16
field,com.corrodinggames.rts.game.units.custom,l,size,size,"""INI-verified: appears 69x in sections turret_1",turret_2
field,com.corrodinggames.rts.game.units.custom,l,slave,slave,"""INI-verified: appears 25x in sections turret_1",turret_2
field,com.corrodinggames.rts.game.units.custom,l,softCollisionOnAll,softCollisionOnAll,INI-verified: appears 48x in sections core,ini-verified-v16
field,com.corrodinggames.rts.game.units.custom,l,spawnChance,spawnChance,"""INI-verified: appears 2x in sections effect_nukeLaunch_smoke","effect_smoke"""
field,com.corrodinggames.rts.game.units.custom,l,spawnEffects,spawnEffects,"""INI-verified: appears 3x in sections action_dive",action_surface
field,com.corrodinggames.rts.game.units.custom,l,speed,speed,"""INI-verified: appears 97x in sections comment_projectile_torpedo_split",projectile_1
field,com.corrodinggames.rts.game.units.custom,l,speedSpread,speedSpread,"""INI-verified: appears 2x in sections projectile_1","projectile_fireProjectile1"""
field,com.corrodinggames.rts.game.units.custom,l,splastEffect,splastEffect,INI-verified: appears 10x in sections graphics,ini-verified-v16
field,com.corrodinggames.rts.game.units.custom,l,startFallingWhenStartingUnit,startFallingWhenStartingUnit,INI-verified: appears 3x in sections core,ini-verified-v16
field,com.corrodinggames.rts.game.units.custom,l,startShieldAtZero,startShieldAtZero,INI-verified: appears 2x in sections core,ini-verified-v16
field,com.corrodinggames.rts.game.units.custom,l,stayNeutral,stayNeutral,INI-verified: appears 2x in sections core,ini-verified-v16
field,com.corrodinggames.rts.game.units.custom,l,stripIndex,stripIndex,"""INI-verified: appears 22x in sections effect_attachedFlame",effect_dustL
method,com.corrodinggames.rts.game.units.custom,l,t,getModIdentifier,[V] 返回 J.a() 模组标识 (l.java:962),verified-exists
field,com.corrodinggames.rts.game.units.custom,l,tags,tags,"""INI-verified: appears 9x in sections action_blinkQueued",action_cancel
field,com.corrodinggames.rts.game.units.custom,l,targetGround,targetGround,"""INI-verified: appears 30x in sections projectile_1",projectile_2
field,com.corrodinggames.rts.game.units.custom,l,targetGroundSpread,targetGroundSpread,"""INI-verified: appears 11x in sections projectile_1",projectile_fireProjectile1
field,com.corrodinggames.rts.game.units.custom,l,targetSpeed,targetSpeed,"""INI-verified: appears 41x in sections comment_projectile_torpedo_split",projectile_1
field,com.corrodinggames.rts.game.units.custom,l,targetSpeedAcceleration,targetSpeedAcceleration,"""INI-verified: appears 18x in sections comment_projectile_torpedo_split",projectile_1
field,com.corrodinggames.rts.game.units.custom,l,teamColoringMode,teamColoringMode,INI-verified: appears 2x in sections graphics,ini-verified-v16
field,com.corrodinggames.rts.game.units.custom,l,teamColors,teamColors,"""INI-verified: appears 2x in sections decal_noAmmoIcon","decal_targetGuide"""
field,com.corrodinggames.rts.game.units.custom,l,teamColorsOnTurret,teamColorsOnTurret,INI-verified: appears 8x in sections graphics,ini-verified-v16
field,com.corrodinggames.rts.game.units.custom,l,tech,tech,"""INI-verified: appears 4x in sections canBuild_16",canBuild_4
field,com.corrodinggames.rts.game.units.custom,l,techLevel,techLevel,INI-verified: appears 98x in sections core,ini-verified-v16
field,com.corrodinggames.rts.game.units.custom,l,teleportSource,teleportSource,INI-verified: appears 2x in sections projectile_blink,ini-verified-v16
field,com.corrodinggames.rts.game.units.custom,l,textAddUnitName,textAddUnitName,"""INI-verified: appears 8x in sections action_selectSlot1",action_selectSlotBuild
field,com.corrodinggames.rts.game.units.custom,l,textPostFix,textPostFix,"""INI-verified: appears 2x in sections action_selectSlot1","action_selectSlotBuild"""
field,com.corrodinggames.rts.game.units.custom,l,total_frames,total_frames,"""INI-verified: appears 92x in sections effect_lightningShock","graphics"""
field,com.corrodinggames.rts.game.units.custom,l,trailEffect,trailEffect,"""INI-verified: appears 40x in sections comment_projectile_torpedo_split",projectile_1
field,com.corrodinggames.rts.game.units.custom,l,trailEffectRate,trailEffectRate,"""INI-verified: appears 6x in sections projectile_1",projectile_main
field,com.corrodinggames.rts.game.units.custom,l,transportSlotsNeeded,transportSlotsNeeded,INI-verified: appears 17x in sections core,ini-verified-v16
field,com.corrodinggames.rts.game.units.custom,l,transportUnitsCanUnloadUnits,transportUnitsCanUnloadUnits,INI-verified: appears 3x in sections core,ini-verified-v16
field,com.corrodinggames.rts.game.units.custom,l,transportUnitsKeepBuiltUnits,transportUnitsKeepBuiltUnits,INI-verified: appears 2x in sections core,ini-verified-v16
field,com.corrodinggames.rts.game.units.custom,l,transportUnitsRequireTag,transportUnitsRequireTag,INI-verified: appears 2x in sections core,ini-verified-v16
field,com.corrodinggames.rts.game.units.custom,l,turnSpeedAcceleration,turnSpeedAcceleration,"""INI-verified: appears 58x in sections turret_1",turret_2
field,com.corrodinggames.rts.game.units.custom,l,turnSpeedDeceleration,turnSpeedDeceleration,"""INI-verified: appears 3x in sections turret_1","turret_2"""
field,com.corrodinggames.rts.game.units.custom,l,turretImageScale,turretImageScale,INI-verified: appears 2x in sections graphics,ini-verified-v16
method,com.corrodinggames.rts.game.units.custom,l,u,getBaseCost,[V] 返回 ch (d.b 资源成本),verified-exists
field,com.corrodinggames.rts.game.units.custom,l,unitShownInUI,unitShownInUI,"""INI-verified: appears 3x in sections action_launchScoutBot",action_selectSlot1
field,com.corrodinggames.rts.game.units.custom,l,upgradedFrom,upgradedFrom,INI-verified: appears 15x in sections ai,ini-verified-v16
field,com.corrodinggames.rts.game.units.custom,l,useAsBuilder,useAsBuilder,INI-verified: appears 11x in sections ai,ini-verified-v16
method,com.corrodinggames.rts.game.units.custom,l,v,getUnitTypeName,[V] 返回 M,verified-exists
method,com.corrodinggames.rts.game.units.custom,l,w,isLocked,"""[V] 返回 cf/cg (cf=isLocked""",verified-exists
field,com.corrodinggames.rts.game.units.custom,l,warmup,warmup,"""INI-verified: appears 87x in sections turret_1",turret_2
field,com.corrodinggames.rts.game.units.custom,l,warmupCallDownRate,warmupCallDownRate,"""INI-verified: appears 5x in sections turret_1",turret_2
field,com.corrodinggames.rts.game.units.custom,l,warmupNoReset,warmupNoReset,"""INI-verified: appears 3x in sections turret_1","turret_2"""
field,com.corrodinggames.rts.game.units.custom,l,warmupShootDelayTransfer,warmupShootDelayTransfer,INI-verified: appears 2x in sections turret_2,ini-verified-v16
field,com.corrodinggames.rts.game.units.custom,l,whenBuilding_temporarilyConvertTo,whenBuilding_temporarilyConvertTo,"""INI-verified: appears 2x in sections action_dive","action_fly"""
field,com.corrodinggames.rts.game.units.custom,l,wobbleAmplitude,wobbleAmplitude,"""INI-verified: appears 7x in sections comment_projectile_torpedo_split",projectile_1
field,com.corrodinggames.rts.game.units.custom,l,wobbleFrequency,wobbleFrequency,"""INI-verified: appears 7x in sections comment_projectile_torpedo_split",projectile_1
method,com.corrodinggames.rts.game.units.custom,l,x,getUnitConfig,[V] 返回 O (h=UnitConfig),verified-exists
field,com.corrodinggames.rts.game.units.custom,l,xOffsetAbsoluteRandom,xOffsetAbsoluteRandom,"""INI-verified: appears 2x in sections effect_nukeLaunch_smoke","effect_smoke"""
field,com.corrodinggames.rts.game.units.custom,l,xOffsetRelative,xOffsetRelative,"""INI-verified: appears 6x in sections effect_dustL",effect_dustR
field,com.corrodinggames.rts.game.units.custom,l,xOffsetRelativeRandom,xOffsetRelativeRandom,"""INI-verified: appears 3x in sections effect_blinkSpark","effect_fireSmall"""
field,com.corrodinggames.rts.game.units.custom,l,xSpeedAbsoluteRandom,xSpeedAbsoluteRandom,"""INI-verified: appears 10x in sections effect_blinkSpark",effect_dustL
field,com.corrodinggames.rts.game.units.custom,l,xSpeedRelativeRandom,xSpeedRelativeRandom,"""INI-verified: appears 14x in sections effect_engineTrail",effect_scoutTrail
method,com.corrodinggames.rts.game.units.custom,l,y,usesCreditResources,[V] 返回 gr,verified-exists
field,com.corrodinggames.rts.game.units.custom,l,yOffsetAbsoluteRandom,yOffsetAbsoluteRandom,"""INI-verified: appears 2x in sections effect_nukeLaunch_smoke","effect_smoke"""
field,com.corrodinggames.rts.game.units.custom,l,yOffsetRelative,yOffsetRelative,"""INI-verified: appears 11x in sections effect_dustL",effect_dustR
field,com.corrodinggames.rts.game.units.custom,l,yOffsetRelativeRandom,yOffsetRelativeRandom,"""INI-verified: appears 3x in sections effect_blinkSpark","effect_fireSmall"""
field,com.corrodinggames.rts.game.units.custom,l,ySpeedAbsoluteRandom,ySpeedAbsoluteRandom,"""INI-verified: appears 10x in sections effect_blinkSpark",effect_dustL
field,com.corrodinggames.rts.game.units.custom,l,ySpeedRelative,ySpeedRelative,"""INI-verified: appears 25x in sections comment_effect_projectileTrail",effect_dustL
field,com.corrodinggames.rts.game.units.custom,l,ySpeedRelativeRandom,ySpeedRelativeRandom,"""INI-verified: appears 12x in sections effect_sparks","effect_sparks2"""
method,com.corrodinggames.rts.game.units.custom,l,z,getImageTexture,[V] 返回 aw (m.e 纹理),verified-exists
field,com.corrodinggames.rts.game.units.custom,m,a,useMainTurret,Use main turret for direction (boolean),verified-exists
field,com.corrodinggames.rts.game.units.custom,m,b,unitCount,Number of units in formation (float),verified-exists
field,com.corrodinggames.rts.game.units.custom,m,c,strideX,Unit spacing stride X (int),verified-exists
field,com.corrodinggames.rts.game.units.custom,m,d,strideY,Unit spacing stride Y (int),verified-exists
field,com.corrodinggames.rts.game.units.custom,m,e,startingAngle,Starting angle offset (float),verified-exists
field,com.corrodinggames.rts.game.units.custom,p,a,string1,real-class-inferred: com.corrodinggames.rts.game.units.custom.p,real-class-v1200
field,com.corrodinggames.rts.game.units.custom,p,b,float,real-class-inferred: com.corrodinggames.rts.game.units.custom.p,real-class-v1200
field,com.corrodinggames.rts.game.units.custom,p,c,boolean1,real-class-inferred: com.corrodinggames.rts.game.units.custom.p,real-class-v1200
field,com.corrodinggames.rts.game.units.custom,p,d,string2,real-class-inferred: com.corrodinggames.rts.game.units.custom.p,real-class-v1200
field,com.corrodinggames.rts.game.units.custom,p,e,boolean2,real-class-inferred: com.corrodinggames.rts.game.units.custom.p,real-class-v1200
field,com.corrodinggames.rts.game.units.custom,p,f,conditionScript,Activation condition (LogicBoolean),verified-exists
field,com.corrodinggames.rts.game.units.custom,p,g,descriptionText,Effect description (LocalizedString),verified-exists
field,com.corrodinggames.rts.game.units.custom,r,a,condition,Activation condition (LogicBoolean),verified-exists
field,com.corrodinggames.rts.game.units.custom,r,b,modifierName,Modifier display name (String),verified-exists
field,com.corrodinggames.rts.game.units.custom,r,c,modType,Modifier type enum (s=ModifierType),verified-exists
field,com.corrodinggames.rts.game.units.custom,r,d,targetParam,Target parameter name (String),verified-exists
field,com.corrodinggames.rts.game.units.custom,r,e,modifierValue,Modifier value (float),suspicious-bc-missing
field,com.corrodinggames.rts.game.units.custom,r,f,modifierFlags,Modifier flags (int),suspicious-bc-missing
method,com.corrodinggames.rts.game.units.custom,z,a,getstrictfp boolean,real-class-inferred: com.corrodinggames.rts.game.units.custom.z,real-class-v1200
field,com.corrodinggames.rts.game.units.custom,z,b,dataValue,Data value object (Object),verified-exists
field,com.corrodinggames.rts.game.units.custom.a,b,a,targetUnitType,Target unit type filter (String),suspicious-bc-missing
field,com.corrodinggames.rts.game.units.custom.a,b,b,bindingKey,Key binding string (String),verified-exists
field,com.corrodinggames.rts.game.units.custom.a,b,c,actionReference,Referenced action ID (String),verified-exists
method,com.corrodinggames.rts.game.units.custom.a,c,a,getb,real-class-inferred: com.corrodinggames.rts.game.units.custom.a.c,real-class-v1200
field,com.corrodinggames.rts.game.units.custom.a,c,b,activationCondition,Activation LogicBoolean condition,verified-exists
field,com.corrodinggames.rts.game.units.custom.a,c,c,targetCondition,Target check LogicBoolean condition,verified-exists
field,com.corrodinggames.rts.game.units.custom.a,c,d,primaryEffect,Primary status effect (aj),verified-exists
field,com.corrodinggames.rts.game.units.custom.a,c,e,effectCondition1,Effect condition 1 (LogicBoolean),verified-exists
field,com.corrodinggames.rts.game.units.custom.a,c,f,secondaryEffect,Secondary status effect (aj),verified-exists
field,com.corrodinggames.rts.game.units.custom.a,c,g,effectCondition2,Effect condition 2 (LogicBoolean),verified-exists
field,com.corrodinggames.rts.game.units.custom.a,c,h,tertiaryEffect,Tertiary status effect (aj),verified-exists
field,com.corrodinggames.rts.game.units.custom.a,c,i,isRepeatable,Action can repeat (boolean),verified-exists
field,com.corrodinggames.rts.game.units.custom.a,c,j,completionCondition,Completion LogicBoolean condition,verified-exists
field,com.corrodinggames.rts.game.units.custom.a,c,k,successBinding,Action success result binding (b),verified-exists
field,com.corrodinggames.rts.game.units.custom.a,c,l,failureBinding,Action failure result binding (b),verified-exists
field,com.corrodinggames.rts.game.units.custom.a,c,m,cancelBinding,Action cancel result binding (b),verified-exists
method,com.corrodinggames.rts.game.units.custom.a,d,a,getString,real-class-inferred: com.corrodinggames.rts.game.units.custom.a.d,real-class-v1200
field,com.corrodinggames.rts.game.units.custom.a,d,b,actionName,Action display name (LocalizedString),verified-exists
field,com.corrodinggames.rts.game.units.custom.a,d,c,actionDescription,Action description (LocalizedString),verified-exists
field,com.corrodinggames.rts.game.units.custom.a,d,d,actionIcon,Action icon path (String),verified-exists
field,com.corrodinggames.rts.game.units.custom.a,d,e,actionCategory,Action category enum (int),verified-exists
field,com.corrodinggames.rts.game.units.custom.a,d,f,actionPriority,Action sort priority (int),verified-exists
field,com.corrodinggames.rts.game.units.custom.a,d,g,actionCooldown,Action cooldown time (float),verified-exists
field,com.corrodinggames.rts.game.units.custom.a,d,h,requiresTarget,Requires target selection (boolean),verified-exists
field,com.corrodinggames.rts.game.units.custom.a,d,i,targetType,Target type filter (int),verified-exists
field,com.corrodinggames.rts.game.units.custom.a,d,j,actionCost,Action resource cost (float),verified-exists
field,com.corrodinggames.rts.game.units.custom.a,d,k,actionRange,Action range (float),verified-exists
field,com.corrodinggames.rts.game.units.custom.a,d,l,costResourceType,Cost resource type reference (e.f),verified-exists
field,com.corrodinggames.rts.game.units.custom.a,d,m,actionScript,Action LogicBoolean script,verified-exists
field,com.corrodinggames.rts.game.units.custom.a,d,n,actionFlags,Action behavior flags (int),verified-exists
field,com.corrodinggames.rts.game.units.custom.a,d,o,actionBindings,Key/mouse binding list (ArrayList),verified-exists
field,com.corrodinggames.rts.game.units.custom.a,d,p,targetUnitType,Target unit type filter (String),verified-exists
field,com.corrodinggames.rts.game.units.custom.a,d,q,actionSound,Action sound effect (String),verified-exists
field,com.corrodinggames.rts.game.units.custom.a,d,r,actionAnimation,Action animation reference (String),verified-exists
field,com.corrodinggames.rts.game.units.custom.a,d,s,requiredUpgrade,Required tech/upgrade (String),verified-exists
field,com.corrodinggames.rts.game.units.custom.a,d,t,actionHotkey,Keyboard hotkey char (int),verified-exists
field,com.corrodinggames.rts.game.units.custom.a,d,u,minSelectedUnits,Minimum selected units required (int),verified-exists
field,com.corrodinggames.rts.game.units.custom.a,d,v,maxSelectedUnits,Maximum selected units allowed (int),verified-exists
field,com.corrodinggames.rts.game.units.custom.a,d,w,actionButtonPos,Action button position index (int),verified-exists
field,com.corrodinggames.rts.game.units.custom.a,d,x,showInMenu,Show in context menu (boolean),verified-exists
field,com.corrodinggames.rts.game.units.custom.a,d,y,showInPanel,Show in action panel (boolean),verified-exists
field,com.corrodinggames.rts.game.units.custom.a,d,z,isEnabledByDefault,Enabled by default (boolean),verified-exists
method,com.corrodinggames.rts.game.units.custom.a,g,a,reset,real-class-inferred: com.corrodinggames.rts.game.units.custom.a.g,real-class-v1200
field,com.corrodinggames.rts.game.units.custom.a,g,b,groupName,Group display name (LocalizedString),verified-exists
field,com.corrodinggames.rts.game.units.custom.a,g,c,actionList,Grouped action IDs list (ArrayList),verified-exists
method,com.corrodinggames.rts.game.units.custom.b,d,a,getstrictfp int,real-class-inferred: com.corrodinggames.rts.game.units.custom.b.d,real-class-v1200
field,com.corrodinggames.rts.game.units.custom.b,d,b,canAttackFilter,Can attack filter (boolean),verified-exists
field,com.corrodinggames.rts.game.units.custom.b,d,c,canBuildFilter,Can build filter (boolean),verified-exists
field,com.corrodinggames.rts.game.units.custom.b,d,d,canMoveFilter,Can move filter (boolean),verified-exists
field,com.corrodinggames.rts.game.units.custom.b,d,e,canRepairFilter,Can repair filter (boolean),verified-exists
field,com.corrodinggames.rts.game.units.custom.b,d,f,canReclaimFilter,Can reclaim filter (boolean),verified-exists
field,com.corrodinggames.rts.game.units.custom.b,d,g,canTransportFilter,Can transport filter (boolean),verified-exists
field,com.corrodinggames.rts.game.units.custom.b,d,h,movementTypeFilter,Movement type filter (q enum),verified-exists
field,com.corrodinggames.rts.game.units.custom.b,d,i,checkOwnerTeam,Check owning team (boolean),verified-exists
field,com.corrodinggames.rts.game.units.custom.b,d,j,selectRange,Selection range (float),verified-exists
field,com.corrodinggames.rts.game.units.custom.b,d,k,filterEnemyUnits,Filter enemy units (boolean),verified-exists
field,com.corrodinggames.rts.game.units.custom.b,d,l,filterAllyUnits,Filter ally units (boolean),verified-exists
field,com.corrodinggames.rts.game.units.custom.b,d,m,filterNeutralUnits,Filter neutral units (boolean),verified-exists
field,com.corrodinggames.rts.game.units.custom.b,d,n,filterSelfUnit,Filter own unit (boolean),verified-exists
field,com.corrodinggames.rts.game.units.custom.b,d,o,teamFilterMode,Team filter mode (int  -1=all),verified-exists
field,com.corrodinggames.rts.game.units.custom.b,d,p,filterRadiusMultiplier,Filter radius multiplier (float, default 1.0)
field,com.corrodinggames.rts.game.units.custom.b,d,q,hasUnitTypeFilter,Has unit type filter (boolean),verified-exists
field,com.corrodinggames.rts.game.units.custom.b,d,r,activationCondition,Activation LogicBoolean condition,verified-exists
field,com.corrodinggames.rts.game.units.custom.b,d,s,targetFilterCondition,Target filter LogicBoolean condition,verified-exists
field,com.corrodinggames.rts.game.units.custom.b,d,t,executionCondition,Execution LogicBoolean condition,verified-exists
field,com.corrodinggames.rts.game.units.custom.b,d,u,requiresTarget,Requires valid target (boolean),verified-exists
field,com.corrodinggames.rts.game.units.custom.b,d,v,filterConfigRef,Reference to filter config (e),verified-exists
method,com.corrodinggames.rts.game.units.custom.b,e,a,getstrictfp void,real-class-inferred: com.corrodinggames.rts.game.units.custom.b.e,real-class-v1200
field,com.corrodinggames.rts.game.units.custom.b,e,b,frameTextures,Multiple frame textures array (m.e[]),verified-exists
field,com.corrodinggames.rts.game.units.custom.b,e,c,frameWidth,Frame width in pixels (int),verified-exists
field,com.corrodinggames.rts.game.units.custom.b,e,d,frameHeight,Frame height in pixels (int),verified-exists
field,com.corrodinggames.rts.game.units.custom.b,e,e,spriteColumns,Sprite sheet columns (int, default 1)
field,com.corrodinggames.rts.game.units.custom.b,e,f,spriteRows,Sprite sheet rows (int, default 1)
method,com.corrodinggames.rts.game.units.custom.b,i,a,get_a,"""[Phase3-method] returns boolean""",suspicious-bc-missing
method,com.corrodinggames.rts.game.units.custom.b,i,aG,do_aG,"""[Phase3-method] returns void""",suspicious-bc-missing
method,com.corrodinggames.rts.game.units.custom.b,i,b,get_b,"""[Phase3-method] returns int""",suspicious-bc-missing
field,com.corrodinggames.rts.game.units.custom.b,i,c,frictionValue,Friction coefficient (float),verified-exists
field,com.corrodinggames.rts.game.units.custom.b,i,d,accelerationValue,Acceleration rate (float, default 0.1)
field,com.corrodinggames.rts.game.units.custom.b,i,e,maxSpeedValue,Maximum speed (float),verified-exists
field,com.corrodinggames.rts.game.units.custom.b,i,f,turnRateValue,Turn rate (float),verified-exists
field,com.corrodinggames.rts.game.units.custom.b,i,g,brakingDistance,Braking distance (float),verified-exists
field,com.corrodinggames.rts.game.units.custom.b,i,h,waterSpeedMultiplier,Water speed multiplier (float),verified-exists
field,com.corrodinggames.rts.game.units.custom.b,i,i,airSpeedMultiplier,Air speed multiplier (float),verified-exists
field,com.corrodinggames.rts.game.units.custom.b,i,j,collisionEnabled,Collision enabled (boolean, default true)
field,com.corrodinggames.rts.game.units.custom.b,i,k,ignoreTerrain,Ignore terrain constraints (boolean),verified-exists
field,com.corrodinggames.rts.game.units.custom.b,i,l,canHoverOverride,Override hover capability (boolean),verified-exists
field,com.corrodinggames.rts.game.units.custom.b,i,m,pathfindingEnabled,Pathfinding enabled (boolean, default true)
field,com.corrodinggames.rts.game.units.custom.b,i,n,avoidanceEnabled,Unit avoidance enabled (boolean),verified-exists
field,com.corrodinggames.rts.game.units.custom.b,i,o,pushingEnabled,Unit pushing enabled (boolean, default true)
field,com.corrodinggames.rts.game.units.custom.b,i,p,pushStrengthValue,Push strength value (float),verified-exists
field,com.corrodinggames.rts.game.units.custom.b,i,q,formationSpacing,Formation spacing (float),verified-exists
field,com.corrodinggames.rts.game.units.custom.b,i,r,arrivalDistance,Arrival detection distance (float),verified-exists
field,com.corrodinggames.rts.game.units.custom.b,i,s,movementSpeedScale,Speed scale multiplier (float, default 1.0)
method,com.corrodinggames.rts.game.units.custom.b,n,A,get_A,"""[Phase3-method] returns int""",suspicious-bc-missing
method,com.corrodinggames.rts.game.units.custom.b,n,B,get_B,"""[Phase3-method] returns boolean""",suspicious-bc-missing
method,com.corrodinggames.rts.game.units.custom.b,n,C,get_C,"""[Phase3-method] returns int""",suspicious-bc-missing
method,com.corrodinggames.rts.game.units.custom.b,n,D,get_D,"""[Phase3-method] returns float""",suspicious-bc-missing
method,com.corrodinggames.rts.game.units.custom.b,n,E,get_E,"""[Phase3-method] returns float""",suspicious-bc-missing
method,com.corrodinggames.rts.game.units.custom.b,n,F,do_F,"""[Phase3-method] returns void""",suspicious-bc-missing
method,com.corrodinggames.rts.game.units.custom.b,n,G,get_G,"""[Phase3-method] returns int""",suspicious-bc-missing
method,com.corrodinggames.rts.game.units.custom.b,n,H,get_H,"""[Phase3-method] returns int""",suspicious-bc-missing
method,com.corrodinggames.rts.game.units.custom.b,n,I,do_I,"""[Phase3-method] returns void""",suspicious-bc-missing
method,com.corrodinggames.rts.game.units.custom.b,n,J,do_J,"""[Phase3-method] returns void""",suspicious-bc-missing
method,com.corrodinggames.rts.game.units.custom.b,n,K,get_K,"""[Phase3-method] returns int""",suspicious-bc-missing
method,com.corrodinggames.rts.game.units.custom.b,n,L,do_L,"""[Phase3-method] returns void""",suspicious-bc-missing
method,com.corrodinggames.rts.game.units.custom.b,n,M,get_M,"""[Phase3-method] returns int""",suspicious-bc-missing
method,com.corrodinggames.rts.game.units.custom.b,n,N,get_N,"""[Phase3-method] returns java.lang.String""",suspicious-bc-missing
method,com.corrodinggames.rts.game.units.custom.b,n,O,do_O,"""[Phase3-method] returns void""",suspicious-bc-missing
method,com.corrodinggames.rts.game.units.custom.b,n,P,do_P,"""[Phase3-method] returns void""",suspicious-bc-missing
method,com.corrodinggames.rts.game.units.custom.b,n,Q,do_Q,"""[Phase3-method] returns void""",suspicious-bc-missing
method,com.corrodinggames.rts.game.units.custom.b,n,R,get_R,"""[Phase3-method] returns int""",suspicious-bc-missing
method,com.corrodinggames.rts.game.units.custom.b,n,S,get_S,"""[Phase3-method] returns int""",suspicious-bc-missing
method,com.corrodinggames.rts.game.units.custom.b,n,T,do_T,"""[Phase3-method] returns void""",suspicious-bc-missing
method,com.corrodinggames.rts.game.units.custom.b,n,a,getstrictfp short,real-class-inferred: com.corrodinggames.rts.game.units.custom.b.n,real-class-v1200
method,com.corrodinggames.rts.game.units.custom.b,n,b,getString,real-class-inferred: com.corrodinggames.rts.game.units.custom.b.n,real-class-v1200
field,com.corrodinggames.rts.game.units.custom.b,n,c,cost1,Resource cost 1 (float),verified-exists
field,com.corrodinggames.rts.game.units.custom.b,n,d,cost2,Resource cost 2 (float),verified-exists
field,com.corrodinggames.rts.game.units.custom.b,n,e,buildTime,Build/research time (float),verified-exists
field,com.corrodinggames.rts.game.units.custom.b,n,f,field_f,"P3.1-inferred: type=int, was=value1",p3-auto-inferred
field,com.corrodinggames.rts.game.units.custom.b,n,g,field_g,"P3.1-inferred: type=com.corrodinggames.rts.game.n, was=value2",p3-auto-inferred
field,com.corrodinggames.rts.game.units.custom.b,n,h,isEnabled,Enabled flag (boolean),verified-exists
field,com.corrodinggames.rts.game.units.custom.b,n,i,isHidden,Hidden from UI (boolean),verified-exists
field,com.corrodinggames.rts.game.units.custom.b,n,j,modifyHp,Modifies HP (boolean),verified-exists
field,com.corrodinggames.rts.game.units.custom.b,n,k,modifySpeed,Modifies speed (boolean),verified-exists
field,com.corrodinggames.rts.game.units.custom.b,n,l,modifyDamage,Modifies damage (boolean),verified-exists
field,com.corrodinggames.rts.game.units.custom.b,n,m,modifyRange,Modifies range (boolean, default true)
field,com.corrodinggames.rts.game.units.custom.b,n,n,modifyBuildSpeed,Modifies build speed (boolean, default true)
field,com.corrodinggames.rts.game.units.custom.b,n,o,modifyCost,Modifies cost (boolean, default true)
field,com.corrodinggames.rts.game.units.custom.b,n,p,modifyArmor,Modifies armor (boolean, default true)
field,com.corrodinggames.rts.game.units.custom.b,n,q,modifyShield,Modifies shield (boolean),verified-exists
field,com.corrodinggames.rts.game.units.custom.b,n,r,modifySight,Modifies sight range (boolean, default true)
field,com.corrodinggames.rts.game.units.custom.b,n,s,modifyEnergy,Modifies energy (boolean, default true)
field,com.corrodinggames.rts.game.units.custom.b,n,t,modifyAmmo,Modifies ammo (boolean),verified-exists
field,com.corrodinggames.rts.game.units.custom.b,n,u,modifyTurnRate,Modifies turn rate (boolean),verified-exists
field,com.corrodinggames.rts.game.units.custom.b,n,v,boolean15,real-class-inferred: com.corrodinggames.rts.game.units.custom.b.n,real-class-v1200
field,com.corrodinggames.rts.game.units.custom.b,n,w,bp,real-class-inferred: com.corrodinggames.rts.game.units.custom.b.n,real-class-v1200
field,com.corrodinggames.rts.game.units.custom.b,n,x,boolean16,real-class-inferred: com.corrodinggames.rts.game.units.custom.b.n,real-class-v1200
field,com.corrodinggames.rts.game.units.custom.b,n,y,boolean17,real-class-inferred: com.corrodinggames.rts.game.units.custom.b.n,real-class-v1200
field,com.corrodinggames.rts.game.units.custom.b,n,z,boolean18,real-class-inferred: com.corrodinggames.rts.game.units.custom.b.n,real-class-v1200
field,com.corrodinggames.rts.game.units.custom.c,a,a,currentSection,Current parsing section (String),verified-exists
field,com.corrodinggames.rts.game.units.custom.c,a,b,currentKey,Current parsing key (String),verified-exists
field,com.corrodinggames.rts.game.units.custom.c,a,c,currentValue,Current parsing value (String),verified-exists
field,com.corrodinggames.rts.game.units.custom.c,a,d,sectionMap,Parsed sections map (HashMap),verified-exists
field,com.corrodinggames.rts.game.units.custom.c,a,e,parseLineNumber,Current line number (int),verified-exists
field,com.corrodinggames.rts.game.units.custom.c,f,A,field_A,"P3.1-inferred: type=boolean, was=flag0",p3-auto-inferred
field,com.corrodinggames.rts.game.units.custom.c,f,B,field_B,"P3.1-inferred: type=boolean, was=flag1",p3-auto-inferred
field,com.corrodinggames.rts.game.units.custom.c,f,C,field_C,"P3.1-inferred: type=boolean, was=flag2",p3-auto-inferred
field,com.corrodinggames.rts.game.units.custom.c,f,D,field_D,"P3.1-inferred: type=boolean, was=flag3",p3-auto-inferred
field,com.corrodinggames.rts.game.units.custom.c,f,E,field_E,"P3.1-inferred: type=boolean, was=flag4",p3-auto-inferred
field,com.corrodinggames.rts.game.units.custom.c,f,F,field_F,"P3.1-inferred: type=float, was=value5",p3-auto-inferred
field,com.corrodinggames.rts.game.units.custom.c,f,G,field_G,"P3.1-inferred: type=boolean, was=flag6",p3-auto-inferred
field,com.corrodinggames.rts.game.units.custom.c,f,H,field_H,"P3.1-inferred: type=float, was=value7",p3-auto-inferred
field,com.corrodinggames.rts.game.units.custom.c,f,I,field_I,"P3.1-inferred: type=float, was=value8",p3-auto-inferred
field,com.corrodinggames.rts.game.units.custom.c,f,J,field_J,"P3.1-inferred: type=float, was=value9",p3-auto-inferred
field,com.corrodinggames.rts.game.units.custom.c,f,K,field_K,"P3.1-inferred: type=float, was=value10",p3-auto-inferred
field,com.corrodinggames.rts.game.units.custom.c,f,L,field_L,"P3.1-inferred: type=float, was=value11",p3-auto-inferred
field,com.corrodinggames.rts.game.units.custom.c,f,M,field_M,"P3.1-inferred: type=boolean, was=flag12",p3-auto-inferred
field,com.corrodinggames.rts.game.units.custom.c,f,N,field_N,"P3.1-inferred: type=float, was=value13",p3-auto-inferred
field,com.corrodinggames.rts.game.units.custom.c,f,O,floatArray14,[Phase3-inferred] type=float[],suspicious-bc-missing
field,com.corrodinggames.rts.game.units.custom.c,f,P,short15,[Phase3-inferred] type=short,suspicious-bc-missing
field,com.corrodinggames.rts.game.units.custom.c,f,Q,short16,[Phase3-inferred] type=short,suspicious-bc-missing
field,com.corrodinggames.rts.game.units.custom.c,f,R,short17,[Phase3-inferred] type=short,suspicious-bc-missing
field,com.corrodinggames.rts.game.units.custom.c,f,S,field_S,"P3.1-inferred: type=boolean, was=flag18",p3-auto-inferred
field,com.corrodinggames.rts.game.units.custom.c,f,T,field_T,"P3.1-inferred: type=boolean, was=flag19",p3-auto-inferred
field,com.corrodinggames.rts.game.units.custom.c,f,a,curveType,Curve/interpolation type (int),verified-exists
field,com.corrodinggames.rts.game.units.custom.c,f,b,startValue,Start value (float),verified-exists
field,com.corrodinggames.rts.game.units.custom.c,f,c,endValue,End value (float),verified-exists
field,com.corrodinggames.rts.game.units.custom.c,f,d,durationSeconds,Duration in seconds (float),verified-exists
method,com.corrodinggames.rts.game.units.custom.d,a,a,setValue,real-class-inferred: com.corrodinggames.rts.game.units.custom.d.a,real-class-v1200
method,com.corrodinggames.rts.game.units.custom.d,a,b,hasam,real-class-inferred: com.corrodinggames.rts.game.units.custom.d.a,real-class-v1200
field,com.corrodinggames.rts.game.units.custom.d,a,c,storageAmount,Current storage amount (float),suspicious-bc-missing
field,com.corrodinggames.rts.game.units.custom.d,a,d,productionRate,Production per second (float),suspicious-bc-missing
field,com.corrodinggames.rts.game.units.custom.d,a,e,consumptionRate,Consumption per second (float),suspicious-bc-missing
field,com.corrodinggames.rts.game.units.custom.d,a,f,maxStorageCapacity,Maximum storage capacity (int),suspicious-bc-missing
field,com.corrodinggames.rts.game.units.custom.d,a,g,priorityLevel,Resource priority level (int),suspicious-bc-missing
field,com.corrodinggames.rts.game.units.custom.d,a,h,displayColor,UI display color ARGB (int),suspicious-bc-missing
field,com.corrodinggames.rts.game.units.custom.d,a,i,uiDisplayOrder,UI sort/display order (int),suspicious-bc-missing
field,com.corrodinggames.rts.game.units.custom.d,a,j,resourceFlags,Resource behavior flags (int),suspicious-bc-missing
field,com.corrodinggames.rts.game.units.custom.d,a,k,resourceTypeRef,Resource type definition reference (e.f),suspicious-bc-missing
field,com.corrodinggames.rts.game.units.custom.d,a,l,resourceBarColor,Resource bar color (static int ARGB),suspicious-bc-missing
field,com.corrodinggames.rts.game.units.custom.d,a,m,defaultResourceType,Default empty resource type (static e.f),suspicious-bc-missing
method,com.corrodinggames.rts.game.units.custom.d,b,a,get_a,"""[Phase3-method] returns int""",verified-exists
method,com.corrodinggames.rts.game.units.custom.d,b,b,isEnabled,real-class-inferred: com.corrodinggames.rts.game.units.custom.d.b,real-class-v1200
method,com.corrodinggames.rts.game.units.custom.d,b,c,isEnabled,real-class-inferred: com.corrodinggames.rts.game.units.custom.d.b,real-class-v1200
method,com.corrodinggames.rts.game.units.custom.d,b,c(),hasZeroCost,[v10.3-resolved: semantic match (0 params,verified-exists
method,com.corrodinggames.rts.game.units.custom.d,b,d,setValue,real-class-inferred: com.corrodinggames.rts.game.units.custom.d.b,real-class-v1200
method,com.corrodinggames.rts.game.units.custom.d,b,d(),isNonEmpty,[v10.3-resolved: semantic match (0 params,verified-exists
method,com.corrodinggames.rts.game.units.custom.d,b,e,setValue,real-class-inferred: com.corrodinggames.rts.game.units.custom.d.b,real-class-v1200
method,com.corrodinggames.rts.game.units.custom.d,b,e(),hasSimpleCostOrFlags,[v10.3-resolved: semantic match (0 params,verified-exists
field,com.corrodinggames.rts.game.units.custom.d,b,f,ammo,Ammo cost/amount,verified-exists
method,com.corrodinggames.rts.game.units.custom.d,b,f(com.corrodinggames.rts.game.units.am),checkFlagRequirements,Check requiredFlagMask + forbiddenFlagMask [sig-backfill: returns boolean],verified-exists
field,com.corrodinggames.rts.game.units.custom.d,b,g,setFlagMask,Bitmask of flags to set on unit,verified-exists
method,com.corrodinggames.rts.game.units.custom.d,b,g(com.corrodinggames.rts.game.units.am),refundToUnit,Add cost back to unit (conditional) [sig-backfill: returns void],verified-exists
field,com.corrodinggames.rts.game.units.custom.d,b,h,unsetFlagMask,Bitmask of flags to clear,verified-exists
method,com.corrodinggames.rts.game.units.custom.d,b,h(com.corrodinggames.rts.game.units.am),addToUnit,Add cost to unit unconditionally [sig-backfill: returns void],verified-exists
field,com.corrodinggames.rts.game.units.custom.d,b,i,requiredFlagMask,Required flags bitmask,verified-exists
method,com.corrodinggames.rts.game.units.custom.d,b,i(com.corrodinggames.rts.game.units.am),getDeficit,Return ResourceComponent showing shortfall [sig-backfill: returns com.corrodinggames.rts.game.units.custom.d.b],verified-exists
field,com.corrodinggames.rts.game.units.custom.d,b,j,forbiddenFlagMask,Forbidden flags bitmask,verified-exists
field,com.corrodinggames.rts.game.units.custom.d,b,k,customResources,Custom mod-defined resource map,verified-exists
field,com.corrodinggames.rts.game.units.custom.d,b,l,displayColor,Static dark green for UI display,verified-exists
field,com.corrodinggames.rts.game.units.custom.d,b,m,defaultCustomResources,Empty/default custom resource map sentinel,verified-exists
method,com.corrodinggames.rts.game.units.custom.d,c,a,hasint,real-class-inferred: com.corrodinggames.rts.game.units.custom.d.c,real-class-v1200
method,com.corrodinggames.rts.game.units.custom.d,c,b,hasint,real-class-inferred: com.corrodinggames.rts.game.units.custom.d.c,real-class-v1200
field,com.corrodinggames.rts.game.units.custom.d,c,c,storageLimit,Storage limit (float),verified-exists
method,com.corrodinggames.rts.game.units.custom.d,c,d,reset,real-class-inferred: com.corrodinggames.rts.game.units.custom.d.c,real-class-v1200
method,com.corrodinggames.rts.game.units.custom.d,c,e,reset,real-class-inferred: com.corrodinggames.rts.game.units.custom.d.c,real-class-v1200
field,com.corrodinggames.rts.game.units.custom.d,c,f,int4,real-class-inferred: com.corrodinggames.rts.game.units.custom.d.c,real-class-v1200
method,com.corrodinggames.rts.game.units.custom.d,c,g,isEnabled,real-class-inferred: com.corrodinggames.rts.game.units.custom.d.c,real-class-v1200
field,com.corrodinggames.rts.game.units.custom.d,d,a,currentAmount,Current resource amount (float),verified-exists
field,com.corrodinggames.rts.game.units.custom.d,d,b,maxAmount,Maximum resource amount (float),verified-exists
field,com.corrodinggames.rts.game.units.custom.d,d,c,changeRate,Change rate per tick (float),verified-exists
field,com.corrodinggames.rts.game.units.custom.e,a,A,arrayList1,real-class-inferred: com.corrodinggames.rts.game.units.custom.e.a,real-class-v1200
field,com.corrodinggames.rts.game.units.custom.e,a,B,arrayList2,real-class-inferred: com.corrodinggames.rts.game.units.custom.e.a,real-class-v1200
field,com.corrodinggames.rts.game.units.custom.e,a,D,effectResourceRef,"P3.3-deep-curated: class-context, was=a3",p3-deep-curated
method,com.corrodinggames.rts.game.units.custom.e,a,a,getstrictfp double,real-class-inferred: com.corrodinggames.rts.game.units.custom.e.a,real-class-v1200
method,com.corrodinggames.rts.game.units.custom.e,a,b,geta,real-class-inferred: com.corrodinggames.rts.game.units.custom.e.a,real-class-v1200
field,com.corrodinggames.rts.game.units.custom.e,a,c,displayName,Display name (LocalizedString),verified-exists
field,com.corrodinggames.rts.game.units.custom.e,a,d,descriptionText,Description text (LocalizedString),verified-exists
field,com.corrodinggames.rts.game.units.custom.e,a,e,isCurrencyType,Is currency/credit type (boolean),verified-exists
field,com.corrodinggames.rts.game.units.custom.e,a,f,showInResourceUI,Show in resource UI panel (boolean),verified-exists
field,com.corrodinggames.rts.game.units.custom.e,a,g,abbreviationName,Short abbreviation (LocalizedString),verified-exists
field,com.corrodinggames.rts.game.units.custom.e,a,h,formatString,Display format string (LocalizedString),verified-exists
field,com.corrodinggames.rts.game.units.custom.e,a,i,parentResourceType,Parent resource type reference (a),verified-exists
field,com.corrodinggames.rts.game.units.custom.e,a,j,isGlobalResource,Is global/shared resource (boolean),verified-exists
field,com.corrodinggames.rts.game.units.custom.e,a,k,isTransferable,Can transfer between players (boolean),verified-exists
field,com.corrodinggames.rts.game.units.custom.e,a,l,autoCollectEnabled,Auto-collect enabled (boolean, default true)
field,com.corrodinggames.rts.game.units.custom.e,a,m,uiColorValue,UI display color (Integer),verified-exists
field,com.corrodinggames.rts.game.units.custom.e,a,n,isHiddenResource,Is hidden/undisplayed resource (boolean),verified-exists
field,com.corrodinggames.rts.game.units.custom.e,a,o,isDepletable,Is depletable resource (boolean),verified-exists
field,com.corrodinggames.rts.game.units.custom.e,a,p,depletedWhenEmpty,Remove when depleted (boolean),verified-exists
field,com.corrodinggames.rts.game.units.custom.e,a,q,resourceCategory,Resource category enum (b),verified-exists
field,com.corrodinggames.rts.game.units.custom.e,a,r,isHiddenInEditor,Hidden in map editor (boolean),verified-exists
field,com.corrodinggames.rts.game.units.custom.e,a,s,defaultValue,Default starting value (float),verified-exists
field,com.corrodinggames.rts.game.units.custom.e,a,t,isPersistentState,State persists across saves (boolean),verified-exists
field,com.corrodinggames.rts.game.units.custom.e,a,u,isNetworkSynced,Synced across network (boolean),verified-exists
field,com.corrodinggames.rts.game.units.custom.e,a,v,linkedResourceType,Linked/secondary resource type (a),verified-exists
field,com.corrodinggames.rts.game.units.custom.e,a,w,hasMaxLimit,Has maximum limit (boolean),verified-exists
field,com.corrodinggames.rts.game.units.custom.e,d,a,unitConfigId,Unit configuration ID (String),verified-exists
field,com.corrodinggames.rts.game.units.custom.e,d,b,resourceType,Primary resource type (a),verified-exists
field,com.corrodinggames.rts.game.units.custom.e,d,c,buildCostValue,Build cost amount (float),verified-exists
field,com.corrodinggames.rts.game.units.custom.e,d,d,buildTimeValue,Build time seconds (Integer),verified-exists
field,com.corrodinggames.rts.game.units.custom.e,d,e,isHiddenUnit,Is hidden from build menu (boolean),verified-exists
field,com.corrodinggames.rts.game.units.custom.e,d,f,isBuildable,Is buildable/constructable (boolean),verified-exists
field,com.corrodinggames.rts.game.units.custom.e,d,g,unitDisplayName,Unit display name (LocalizedString),verified-exists
field,com.corrodinggames.rts.game.units.custom.e,d,h,unitDescription,Unit description (LocalizedString),verified-exists
field,com.corrodinggames.rts.game.units.custom.e,d,i,isLockedByTech,Locked until tech researched (boolean),verified-exists
field,com.corrodinggames.rts.game.units.custom.e,d,j,isUniqueUnit,Only one allowed (boolean),verified-exists
field,com.corrodinggames.rts.game.units.custom.e,d,k,isExperimentalUnit,Is experimental/T3 unit (boolean),verified-exists
field,com.corrodinggames.rts.game.units.custom.e,d,l,requiresWater,Requires water placement (boolean),verified-exists
field,com.corrodinggames.rts.game.units.custom.e,d,m,maxHitPoints,Maximum HP (float),verified-exists
field,com.corrodinggames.rts.game.units.custom.e,d,n,hasShieldGenerator,Has shield generator (boolean),verified-exists
field,com.corrodinggames.rts.game.units.custom.e,d,o,hasEnergyWeapon,Has energy weapon (boolean),verified-exists
field,com.corrodinggames.rts.game.units.custom.e,d,p,isSelfDestructUnit,Self-destructs on death (boolean),verified-exists
field,com.corrodinggames.rts.game.units.custom.e,d,q,unitEquipFlags,Unit equipment flags (boolean),verified-exists
field,com.corrodinggames.rts.game.units.custom.e,d,r,unitCategoryEnum,Unit category enum (b),verified-exists
field,com.corrodinggames.rts.game.units.custom.e,d,s,techLevelValue,Tech tier level (int),verified-exists
field,com.corrodinggames.rts.game.units.custom.e,d,t,unitTooltipText,Unit tooltip text (LocalizedString),verified-exists
field,com.corrodinggames.rts.game.units.custom.e,e,a,resourceTypeRef,Resource type reference (f),verified-exists
field,com.corrodinggames.rts.game.units.custom.e,e,b,amountValue,Amount/value (float),verified-exists
method,com.corrodinggames.rts.game.units.custom.e,f,a,get_a,"""[Phase3-method] returns com.corrodinggames.rts.game.units.custom.e.f""",verified-exists
method,com.corrodinggames.rts.game.units.custom.e,f,b,do_b,"""[Phase3-method] returns void""",verified-exists
method,com.corrodinggames.rts.game.units.custom.e,f,c,getstrictfp void,real-class-inferred: com.corrodinggames.rts.game.units.custom.e.f,real-class-v1200
method,com.corrodinggames.rts.game.units.custom.e,f,d,getstrictfp int,real-class-inferred: com.corrodinggames.rts.game.units.custom.e.f,real-class-v1200
method,com.corrodinggames.rts.game.units.custom.e,f,e,getstrictfp void,real-class-inferred: com.corrodinggames.rts.game.units.custom.e.f,real-class-v1200
field,com.corrodinggames.rts.game.units.custom.f,b,a,fieldDefinition,Field definition reference (d),verified-exists
field,com.corrodinggames.rts.game.units.custom.f,b,b,fieldValue,Field value reference (d),verified-exists
field,com.corrodinggames.rts.game.units.custom.f,b$1,a,parseIndex,Phase3-inferred: current char index into expression,verified-exists
method,com.corrodinggames.rts.game.units.custom.f,b$1,a(),advance,Phase3-inferred: tokenizer - advance to next char,verified-exists
field,com.corrodinggames.rts.game.units.custom.f,b$1,b,currentChar,"""Phase3-inferred: current char code (32=space""", 43=+
method,com.corrodinggames.rts.game.units.custom.f,b$1,b(),parseDouble,"""Phase3-inferred: parses full double expression""",verified-exists
field,com.corrodinggames.rts.game.units.custom.f,b$1,c,expression,Phase3-inferred: the formula string being parsed,verified-exists
method,com.corrodinggames.rts.game.units.custom.f,b$1,c(),parseAdditive,Phase3-inferred: additive parser (+/-),verified-exists
method,com.corrodinggames.rts.game.units.custom.f,b$1,d(),parseMultiplicative,Phase3-inferred: multiplicative parser (* / %),verified-exists
method,com.corrodinggames.rts.game.units.custom.f,b$1,e(),parseUnaryOrPrimary,Phase3-inferred: unary +/-/parens/numbers/sqrt/sin/cos... functions,verified-exists
method,com.corrodinggames.rts.game.units.custom.f,e,a,reset,real-class-inferred: com.corrodinggames.rts.game.units.custom.f.e,real-class-v1200
field,com.corrodinggames.rts.game.units.custom.f,p,animationCurves,Animation curves list (ArrayList),p: field animationCurves -> Animation curves list (ArrayList),unverifiable-rebuilt
field,com.corrodinggames.rts.game.units.custom.f,q,displayName,Display name (LocalizedString),q: field displayName -> Display name (LocalizedString),unverifiable-rebuilt
field,com.corrodinggames.rts.game.units.custom.k,b,attachmentRef,Attachment reference (j),b: field attachmentRef -> Attachment reference (j),unverifiable-rebuilt
field,com.corrodinggames.rts.game.units.custom.k,c,ownerUnit,Owner unit reference (UnitInstance),c: field ownerUnit -> Owner unit reference (UnitInstance),unverifiable-rebuilt
field,com.corrodinggames.rts.game.units.custom.k,d,variableScope,Variable scope for scripting,d: field variableScope -> Variable scope for scripting,unverifiable-rebuilt
field,com.corrodinggames.rts.game.units.custom.k,e,turretRotation,Turret rotation angle (float),e: field turretRotation -> Turret rotation angle (float),unverifiable-rebuilt
method,com.corrodinggames.rts.game.units.custom,d,,reloadModDirs,v19.111 保序对齐+arity指纹: javap方法表↔03声明 (位置8),order-align-v19.111
method,com.corrodinggames.rts.game.units.custom,o,,reloadAllTextures,v19.111 保序对齐+arity指纹: javap方法表↔03声明 (位置28),order-align-v19.111
method,com.corrodinggames.rts.game.units.custom,K,,getMuzzlePointWithRecoil,v19.111 保序对齐+arity指纹: javap方法表↔03声明 (位置0),order-align-v19.111
method,com.corrodinggames.rts.game.units.custom,D,,getMuzzleWorldPosition,v19.111 保序对齐+arity指纹: javap方法表↔03声明 (位置11),order-align-v19.111
method,com.corrodinggames.rts.game.units.custom,L,,getTurretRangeExtension,v19.111 保序对齐+arity指纹: javap方法表↔03声明 (位置13),order-align-v19.111
method,com.corrodinggames.rts.game.units.custom,E,,getTurretBasePosition,v19.111 保序对齐+arity指纹: javap方法表↔03声明 (位置140),order-align-v19.111
method,com.corrodinggames.rts.game.units.custom,du,,markLegsDirty,v19.111 保序对齐+arity指纹: javap方法表↔03声明 (位置201),order-align-v19.111
method,com.corrodinggames.rts.game.units.custom,dm,,getUsedTransportCapacity2,v19.111 保序对齐+arity指纹: javap方法表↔03声明 (位置276),order-align-v19.111
method,com.corrodinggames.rts.game.units.custom,bz,,do_,v19.111 保序对齐+arity指纹: javap方法表↔03声明 (位置282),order-align-v19.111
method,com.corrodinggames.rts.game.units.custom,w,,getCreditCost,v19.111 保序对齐+arity指纹: javap方法表↔03声明 (位置11),order-align-v19.111
method,com.corrodinggames.rts.game.units.custom,n,,getCostForTechLevel,v19.111 保序对齐+arity指纹: javap方法表↔03声明 (位置25),order-align-v19.111
method,com.corrodinggames.rts.game.units.custom.a.a,a,,onFavoritesListChanged,v19.111 保序对齐+arity指纹: javap方法表↔03声明 (位置0),order-align-v19.111
method,com.corrodinggames.rts.game.units.custom.b,b,,getString,v19.111 保序对齐+arity指纹: javap方法表↔03声明 (位置1),order-align-v19.111
method,com.corrodinggames.rts.game.units.custom.d,d,,CustomActionBase,v19.111 保序对齐+arity指纹: javap方法表↔03声明 (位置44),order-align-v19.111
method,com.corrodinggames.rts.game.units.custom.e,c,,clearOuterUnitParameterContext,v19.111 保序对齐+arity指纹: javap方法表↔03声明 (位置2),order-align-v19.111
method,com.corrodinggames.rts.game.units.custom.e,d,,enableContextEventSource,v19.111 保序对齐+arity指纹: javap方法表↔03声明 (位置3),order-align-v19.111
method,com.corrodinggames.rts.game.units.custom.e,h,,getParameters,v19.111 保序对齐+arity指纹: javap方法表↔03声明 (位置7),order-align-v19.111
method,com.corrodinggames.rts.game.units.custom.e,i,,isLocked,v19.111 保序对齐+arity指纹: javap方法表↔03声明 (位置8),order-align-v19.111
method,com.corrodinggames.rts.game.units.custom.e,j,,createLocked,v19.111 保序对齐+arity指纹: javap方法表↔03声明 (位置9),order-align-v19.111
field,com.corrodinggames.rts.game.units.custom.l,ch,,price,v19.111 参数对象dump: ch值=ini price (aa_beam_gunship 6000/bomber 4000/bug_generator 1000 全吻合); CustomActionBase 表达式对象 (支持动态造价),order-align-v19.111
field,com.corrodinggames.rts.game.units.custom.l,co,,buildSpeed,v19.111 参数对象dump: co值=ini buildSpeed (30/18/8/6 值域吻合; 参数文档 buildSpeed float+s),order-align-v19.111
field,com.corrodinggames.rts.game.units.custom,as,c,targetFilter,"field-order-zip-v19.114: 02b int c=- <-> 03 int targetFilter=- (位置2, WeaponConfig)",field-order-zip-v19.114
field,com.corrodinggames.rts.game.units.custom,as,g,bulletCount,"field-order-zip-v19.114: 02b int g=- <-> 03 int bulletCount=- (位置6, WeaponConfig)",field-order-zip-v19.114
field,com.corrodinggames.rts.game.units.custom.b,d,p,filterRadiusMultiplier,"field-order-zip-v19.114: 02b float p=- <-> 03 float filterRadiusMultiplier=1.0f (位置15, AnimationResourceCurve)",field-order-zip-v19.114
