type,obfuscated_package,obfuscated_class,obfuscated_member,meaningful_name,notes,verified
field,com.corrodinggames.rts.gameFramework,BackgroundWriter,a,writeQueue,Write queue (ConcurrentLinkedQueue),unverifiable-rebuilt
field,com.corrodinggames.rts.gameFramework,BackgroundWriter,b,writerThread,Writer background thread (Thread),unverifiable-rebuilt
field,com.corrodinggames.rts.gameFramework,DataBlock,h,blockIndex,Block index (int),unverifiable-rebuilt
field,com.corrodinggames.rts.gameFramework,DataBlock,i,dataLength,Data length (int),unverifiable-rebuilt
field,com.corrodinggames.rts.gameFramework,DataBlock,j,timeStamp,Timestamp value (float),unverifiable-rebuilt
field,com.corrodinggames.rts.gameFramework,DataBlock,k,dataValue,Data value (float),unverifiable-rebuilt
field,com.corrodinggames.rts.gameFramework,ExtraManager,b,extraCount,Extra feature count (int),verified-exists
field,com.corrodinggames.rts.gameFramework,ExtraManager,c,maxExtras,Max extras constant (static int=40),verified-exists
field,com.corrodinggames.rts.gameFramework,ExtraManager,d,enabledCount,Enabled features count (int),verified-exists
field,com.corrodinggames.rts.gameFramework,FrameCounter,a,frameTimes,Frame time array (long[]),verified-exists
field,com.corrodinggames.rts.gameFramework,FrameCounter,b,frameDurations,Frame duration array (long[]),verified-exists
field,com.corrodinggames.rts.gameFramework,FrameCounter,c,fpsValues,FPS values array (float[]),verified-exists
field,com.corrodinggames.rts.gameFramework,FrameCounter,d,updateTimes,Update time array (long[]),verified-exists
field,com.corrodinggames.rts.gameFramework,FrameCounter,e,renderTimes,Render time array (long[]),verified-exists
field,com.corrodinggames.rts.gameFramework,GameRenderer,a,rendererInstance,Renderer singleton (static aq),unverifiable-rebuilt
field,com.corrodinggames.rts.gameFramework,GameRenderer,s,useVSync,Use VSync flag (boolean),unverifiable-rebuilt
field,com.corrodinggames.rts.gameFramework,GameRenderer,t,rendererName,Renderer name (String),unverifiable-rebuilt
field,com.corrodinggames.rts.gameFramework,GameRenderer,u,renderToScreen,Render to screen flag (boolean),unverifiable-rebuilt
field,com.corrodinggames.rts.gameFramework,GameUtils,a,randomInstance,Random number generator (static Random),verified-exists
field,com.corrodinggames.rts.gameFramework,GameUtils,b,gameTickCounter,Game tick counter (static int),verified-exists
field,com.corrodinggames.rts.gameFramework,GameUtils,c,frameDeltaTime,Frame delta time (static float),verified-exists
field,com.corrodinggames.rts.gameFramework,GameUtils,d,screenWidth,Screen width (static int),verified-exists
field,com.corrodinggames.rts.gameFramework,GameUtils,e,screenHeight,Screen height (static int),verified-exists
field,com.corrodinggames.rts.gameFramework,GameUtils,f,tempPoint,Temporary Point (static Point),verified-exists
field,com.corrodinggames.rts.gameFramework,GameUtils,g,tempPointF,Temporary PointF (static PointF),verified-exists
field,com.corrodinggames.rts.gameFramework,GameUtils,h,tempRect,Temporary Rect (static Rect),verified-exists
field,com.corrodinggames.rts.gameFramework,GameUtils,i,tempRectF,Temporary RectF (static RectF),verified-exists
field,com.corrodinggames.rts.gameFramework,GameUtils,j,collisionPoint,Cached collision PointF (static PointF),verified-exists
field,com.corrodinggames.rts.gameFramework,GameUtils,k,segmentCount,Segment count for line ops (static int),verified-exists
field,com.corrodinggames.rts.gameFramework,GameUtils,l,tempArray,Temporary float array (static float[]),verified-exists
field,com.corrodinggames.rts.gameFramework,GameUtils,m,tempArray2,Temporary float array 2 (static float[]),verified-exists
field,com.corrodinggames.rts.gameFramework,KeyBinding,a,bindingName,Binding display name (String),verified-exists
field,com.corrodinggames.rts.gameFramework,KeyBinding,b,isActive,Binding active flag (boolean),verified-exists
field,com.corrodinggames.rts.gameFramework,KeyBinding,c,keyCodes,Assigned key codes (ArrayList),verified-exists
field,com.corrodinggames.rts.gameFramework,KeyBinding,d,mouseButtons,Assigned mouse buttons (ArrayList),verified-exists
field,com.corrodinggames.rts.gameFramework,SettingsEngine,aiDifficulty,aiDifficulty,Phase3: name verified from 02-decompiled SettingsEngine.java (obfuscated 2-char name unrecoverable - jar rebuilt; field name doubles as prefs key and was never obfuscated),verified-exists
field,com.corrodinggames.rts.gameFramework,SettingsEngine,allowGameRecording,allowGameRecording,Phase3: name verified from 02-decompiled SettingsEngine.java (obfuscated 2-char name unrecoverable - jar rebuilt; field name doubles as prefs key and was never obfuscated),verified-exists
field,com.corrodinggames.rts.gameFramework,SettingsEngine,androidNoSoundPrioritiesDebug,androidNoSoundPrioritiesDebug,Phase3: name verified from 02-decompiled SettingsEngine.java (obfuscated 2-char name unrecoverable - jar rebuilt; field name doubles as prefs key and was never obfuscated),verified-exists
field,com.corrodinggames.rts.gameFramework,SettingsEngine,autosaving,autosaving,Phase3: name verified from 02-decompiled SettingsEngine.java (obfuscated 2-char name unrecoverable - jar rebuilt; field name doubles as prefs key and was never obfuscated),verified-exists
field,com.corrodinggames.rts.gameFramework,SettingsEngine,banTimeInSecondsAfterKick,banTimeInSecondsAfterKick,Phase3: name verified from 02-decompiled SettingsEngine.java (obfuscated 2-char name unrecoverable - jar rebuilt; field name doubles as prefs key and was never obfuscated),verified-exists
field,com.corrodinggames.rts.gameFramework,SettingsEngine,batterySaving,batterySaving,Phase3: name verified from 02-decompiled SettingsEngine.java (obfuscated 2-char name unrecoverable - jar rebuilt; field name doubles as prefs key and was never obfuscated),verified-exists
field,com.corrodinggames.rts.gameFramework,SettingsEngine,classicInterface,classicInterface,Phase3: name verified from 02-decompiled SettingsEngine.java (obfuscated 2-char name unrecoverable - jar rebuilt; field name doubles as prefs key and was never obfuscated),verified-exists
field,com.corrodinggames.rts.gameFramework,SettingsEngine,disableDigitGrouping,disableDigitGrouping,Phase3: name verified from 02-decompiled SettingsEngine.java (obfuscated 2-char name unrecoverable - jar rebuilt; field name doubles as prefs key and was never obfuscated),verified-exists
field,com.corrodinggames.rts.gameFramework,SettingsEngine,disableModLazyLoad,disableModLazyLoad,Phase3: name verified from 02-decompiled SettingsEngine.java (obfuscated 2-char name unrecoverable - jar rebuilt; field name doubles as prefs key and was never obfuscated),verified-exists
field,com.corrodinggames.rts.gameFramework,SettingsEngine,displayOverCutout,displayOverCutout,Phase3: name verified from 02-decompiled SettingsEngine.java (obfuscated 2-char name unrecoverable - jar rebuilt; field name doubles as prefs key and was never obfuscated),verified-exists
field,com.corrodinggames.rts.gameFramework,SettingsEngine,doubleClickToAttackMove,doubleClickToAttackMove,Phase3: name verified from 02-decompiled SettingsEngine.java (obfuscated 2-char name unrecoverable - jar rebuilt; field name doubles as prefs key and was never obfuscated),verified-exists
field,com.corrodinggames.rts.gameFramework,SettingsEngine,dpad,dpad,Phase3: name verified from 02-decompiled SettingsEngine.java (obfuscated 2-char name unrecoverable - jar rebuilt; field name doubles as prefs key and was never obfuscated),verified-exists
field,com.corrodinggames.rts.gameFramework,SettingsEngine,edgeScrollSpeed,edgeScrollSpeed,Phase3: name verified from 02-decompiled SettingsEngine.java (obfuscated 2-char name unrecoverable - jar rebuilt; field name doubles as prefs key and was never obfuscated),verified-exists
field,com.corrodinggames.rts.gameFramework,SettingsEngine,enableMouseCapture,enableMouseCapture,Phase3: name verified from 02-decompiled SettingsEngine.java (obfuscated 2-char name unrecoverable - jar rebuilt; field name doubles as prefs key and was never obfuscated),verified-exists
field,com.corrodinggames.rts.gameFramework,SettingsEngine,enableSounds,enableSounds,Phase3: name verified from 02-decompiled SettingsEngine.java (obfuscated 2-char name unrecoverable - jar rebuilt; field name doubles as prefs key and was never obfuscated),verified-exists
field,com.corrodinggames.rts.gameFramework,SettingsEngine,externalSAFLink,externalSAFLink,Phase3: name verified from 02-decompiled SettingsEngine.java (obfuscated 2-char name unrecoverable - jar rebuilt; field name doubles as prefs key and was never obfuscated),verified-exists
field,com.corrodinggames.rts.gameFramework,SettingsEngine,externalSAFPathExtra,externalSAFPathExtra,Phase3: name verified from 02-decompiled SettingsEngine.java (obfuscated 2-char name unrecoverable - jar rebuilt; field name doubles as prefs key and was never obfuscated),verified-exists
field,com.corrodinggames.rts.gameFramework,SettingsEngine,externalSAFPathShown,externalSAFPathShown,Phase3: name verified from 02-decompiled SettingsEngine.java (obfuscated 2-char name unrecoverable - jar rebuilt; field name doubles as prefs key and was never obfuscated),verified-exists
field,com.corrodinggames.rts.gameFramework,SettingsEngine,externalSAFWorking,externalSAFWorking,Phase3: name verified from 02-decompiled SettingsEngine.java (obfuscated 2-char name unrecoverable - jar rebuilt; field name doubles as prefs key and was never obfuscated),verified-exists
field,com.corrodinggames.rts.gameFramework,SettingsEngine,forceEnglish,forceEnglish,Phase3: name verified from 02-decompiled SettingsEngine.java (obfuscated 2-char name unrecoverable - jar rebuilt; field name doubles as prefs key and was never obfuscated),verified-exists
field,com.corrodinggames.rts.gameFramework,SettingsEngine,gameVolume,gameVolume,Phase3: name verified from 02-decompiled SettingsEngine.java (obfuscated 2-char name unrecoverable - jar rebuilt; field name doubles as prefs key and was never obfuscated),verified-exists
field,com.corrodinggames.rts.gameFramework,SettingsEngine,gestureZoom,gestureZoom,Phase3: name verified from 02-decompiled SettingsEngine.java (obfuscated 2-char name unrecoverable - jar rebuilt; field name doubles as prefs key and was never obfuscated),verified-exists
method,com.corrodinggames.rts.gameFramework,SettingsEngine,getBooleanPref,getBooleanPref,Phase3: name verified from 02-decompiled SettingsEngine.java (obfuscated 2-char name unrecoverable - jar rebuilt),verified-exists
method,com.corrodinggames.rts.gameFramework,SettingsEngine,getFloatPref,getFloatPref,Phase3: name verified from 02-decompiled SettingsEngine.java (obfuscated 2-char name unrecoverable - jar rebuilt),verified-exists
method,com.corrodinggames.rts.gameFramework,SettingsEngine,getInstance,getInstance,Phase3: name verified from 02-decompiled SettingsEngine.java (obfuscated 2-char name unrecoverable - jar rebuilt),verified-exists
method,com.corrodinggames.rts.gameFramework,SettingsEngine,getIntPref,getIntPref,Phase3: name verified from 02-decompiled SettingsEngine.java (obfuscated 2-char name unrecoverable - jar rebuilt),verified-exists
method,com.corrodinggames.rts.gameFramework,SettingsEngine,getPreferencesPath,getPreferencesPath,Phase3: name verified from 02-decompiled SettingsEngine.java (obfuscated 2-char name unrecoverable - jar rebuilt),verified-exists
method,com.corrodinggames.rts.gameFramework,SettingsEngine,getStringPref,getStringPref,Phase3: name verified from 02-decompiled SettingsEngine.java (obfuscated 2-char name unrecoverable - jar rebuilt),verified-exists
method,com.corrodinggames.rts.gameFramework,SettingsEngine,getValueDynamic,getValueDynamic,Phase3: name verified from 02-decompiled SettingsEngine.java (obfuscated 2-char name unrecoverable - jar rebuilt),verified-exists
field,com.corrodinggames.rts.gameFramework,SettingsEngine,hadStoragePermissionInPast,hadStoragePermissionInPast,Phase3: name verified from 02-decompiled SettingsEngine.java (obfuscated 2-char name unrecoverable - jar rebuilt; field name doubles as prefs key and was never obfuscated),verified-exists
field,com.corrodinggames.rts.gameFramework,SettingsEngine,hasPlayedGameOrSeenHelp,hasPlayedGameOrSeenHelp,Phase3: name verified from 02-decompiled SettingsEngine.java (obfuscated 2-char name unrecoverable - jar rebuilt; field name doubles as prefs key and was never obfuscated),verified-exists
field,com.corrodinggames.rts.gameFramework,SettingsEngine,hasSelectedAStorageType,hasSelectedAStorageType,Phase3: name verified from 02-decompiled SettingsEngine.java (obfuscated 2-char name unrecoverable - jar rebuilt; field name doubles as prefs key and was never obfuscated),verified-exists
field,com.corrodinggames.rts.gameFramework,SettingsEngine,highGraphics,highGraphics,Phase3: name verified from 02-decompiled SettingsEngine.java (obfuscated 2-char name unrecoverable - jar rebuilt; field name doubles as prefs key and was never obfuscated),verified-exists
field,com.corrodinggames.rts.gameFramework,SettingsEngine,highRefreshRate,highRefreshRate,Phase3: name verified from 02-decompiled SettingsEngine.java (obfuscated 2-char name unrecoverable - jar rebuilt; field name doubles as prefs key and was never obfuscated),verified-exists
field,com.corrodinggames.rts.gameFramework,SettingsEngine,immersiveFullScreen,immersiveFullScreen,Phase3: name verified from 02-decompiled SettingsEngine.java (obfuscated 2-char name unrecoverable - jar rebuilt; field name doubles as prefs key and was never obfuscated),verified-exists
field,com.corrodinggames.rts.gameFramework,SettingsEngine,interfaceVolume,interfaceVolume,Phase3: name verified from 02-decompiled SettingsEngine.java (obfuscated 2-char name unrecoverable - jar rebuilt; field name doubles as prefs key and was never obfuscated),verified-exists
field,com.corrodinggames.rts.gameFramework,SettingsEngine,keyAction,keyAction,Phase3: name verified from 02-decompiled SettingsEngine.java (obfuscated 2-char name unrecoverable - jar rebuilt; field name doubles as prefs key and was never obfuscated),verified-exists
field,com.corrodinggames.rts.gameFramework,SettingsEngine,keyDown,keyDown,Phase3: name verified from 02-decompiled SettingsEngine.java (obfuscated 2-char name unrecoverable - jar rebuilt; field name doubles as prefs key and was never obfuscated),verified-exists
field,com.corrodinggames.rts.gameFramework,SettingsEngine,keyJump,keyJump,Phase3: name verified from 02-decompiled SettingsEngine.java (obfuscated 2-char name unrecoverable - jar rebuilt; field name doubles as prefs key and was never obfuscated),verified-exists
field,com.corrodinggames.rts.gameFramework,SettingsEngine,keyLeft,keyLeft,Phase3: name verified from 02-decompiled SettingsEngine.java (obfuscated 2-char name unrecoverable - jar rebuilt; field name doubles as prefs key and was never obfuscated),verified-exists
field,com.corrodinggames.rts.gameFramework,SettingsEngine,keyRight,keyRight,Phase3: name verified from 02-decompiled SettingsEngine.java (obfuscated 2-char name unrecoverable - jar rebuilt; field name doubles as prefs key and was never obfuscated),verified-exists
field,com.corrodinggames.rts.gameFramework,SettingsEngine,keyboardSupport,keyboardSupport,Phase3: name verified from 02-decompiled SettingsEngine.java (obfuscated 2-char name unrecoverable - jar rebuilt; field name doubles as prefs key and was never obfuscated),verified-exists
field,com.corrodinggames.rts.gameFramework,SettingsEngine,landscapeOrientation,landscapeOrientation,Phase3: name verified from 02-decompiled SettingsEngine.java (obfuscated 2-char name unrecoverable - jar rebuilt; field name doubles as prefs key and was never obfuscated),verified-exists
field,com.corrodinggames.rts.gameFramework,SettingsEngine,lastDebugOption,lastDebugOption,Phase3: name verified from 02-decompiled SettingsEngine.java (obfuscated 2-char name unrecoverable - jar rebuilt; field name doubles as prefs key and was never obfuscated),verified-exists
field,com.corrodinggames.rts.gameFramework,SettingsEngine,lastModCount,lastModCount,Phase3: name verified from 02-decompiled SettingsEngine.java (obfuscated 2-char name unrecoverable - jar rebuilt; field name doubles as prefs key and was never obfuscated),verified-exists
field,com.corrodinggames.rts.gameFramework,SettingsEngine,lastNetworkIP,lastNetworkIP,Phase3: name verified from 02-decompiled SettingsEngine.java (obfuscated 2-char name unrecoverable - jar rebuilt; field name doubles as prefs key and was never obfuscated),verified-exists
field,com.corrodinggames.rts.gameFramework,SettingsEngine,lastNetworkPlayerName,lastNetworkPlayerName,Phase3: name verified from 02-decompiled SettingsEngine.java (obfuscated 2-char name unrecoverable - jar rebuilt; field name doubles as prefs key and was never obfuscated),verified-exists
field,com.corrodinggames.rts.gameFramework,SettingsEngine,lastSeenMessageId,lastSeenMessageId,Phase3: name verified from 02-decompiled SettingsEngine.java (obfuscated 2-char name unrecoverable - jar rebuilt; field name doubles as prefs key and was never obfuscated),verified-exists
field,com.corrodinggames.rts.gameFramework,SettingsEngine,lastSeenMessageIds,lastSeenMessageIds,Phase3: name verified from 02-decompiled SettingsEngine.java (obfuscated 2-char name unrecoverable - jar rebuilt; field name doubles as prefs key and was never obfuscated),verified-exists
field,com.corrodinggames.rts.gameFramework,SettingsEngine,liveReloading,liveReloading,Phase3: name verified from 02-decompiled SettingsEngine.java (obfuscated 2-char name unrecoverable - jar rebuilt; field name doubles as prefs key and was never obfuscated),verified-exists
field,com.corrodinggames.rts.gameFramework,SettingsEngine,loadDisabledModData,loadDisabledModData,Phase3: name verified from 02-decompiled SettingsEngine.java (obfuscated 2-char name unrecoverable - jar rebuilt; field name doubles as prefs key and was never obfuscated),verified-exists
method,com.corrodinggames.rts.gameFramework,SettingsEngine,loadFromFileSystem,loadFromFileSystem,Phase3: name verified from 02-decompiled SettingsEngine.java (obfuscated 2-char name unrecoverable - jar rebuilt),verified-exists
method,com.corrodinggames.rts.gameFramework,SettingsEngine,loadMainExternalFolder,loadMainExternalFolder,Phase3: name verified from 02-decompiled SettingsEngine.java (obfuscated 2-char name unrecoverable - jar rebuilt),verified-exists
field,com.corrodinggames.rts.gameFramework,SettingsEngine,locationAction,locationAction,Phase3: name verified from 02-decompiled SettingsEngine.java (obfuscated 2-char name unrecoverable - jar rebuilt; field name doubles as prefs key and was never obfuscated),verified-exists
field,com.corrodinggames.rts.gameFramework,SettingsEngine,locationDpad,locationDpad,Phase3: name verified from 02-decompiled SettingsEngine.java (obfuscated 2-char name unrecoverable - jar rebuilt; field name doubles as prefs key and was never obfuscated),verified-exists
field,com.corrodinggames.rts.gameFramework,SettingsEngine,masterVolume,masterVolume,Phase3: name verified from 02-decompiled SettingsEngine.java (obfuscated 2-char name unrecoverable - jar rebuilt; field name doubles as prefs key and was never obfuscated),verified-exists
field,com.corrodinggames.rts.gameFramework,SettingsEngine,modSAFlinks,modSAFlinks,Phase3: name verified from 02-decompiled SettingsEngine.java (obfuscated 2-char name unrecoverable - jar rebuilt; field name doubles as prefs key and was never obfuscated),verified-exists
field,com.corrodinggames.rts.gameFramework,SettingsEngine,modSettings,modSettings,Phase3: name verified from 02-decompiled SettingsEngine.java (obfuscated 2-char name unrecoverable - jar rebuilt; field name doubles as prefs key and was never obfuscated),verified-exists
field,com.corrodinggames.rts.gameFramework,SettingsEngine,modSettingsVersion,modSettingsVersion,Phase3: name verified from 02-decompiled SettingsEngine.java (obfuscated 2-char name unrecoverable - jar rebuilt; field name doubles as prefs key and was never obfuscated),verified-exists
field,com.corrodinggames.rts.gameFramework,SettingsEngine,mouseOrders,mouseOrders,Phase3: name verified from 02-decompiled SettingsEngine.java (obfuscated 2-char name unrecoverable - jar rebuilt; field name doubles as prefs key and was never obfuscated),verified-exists
field,com.corrodinggames.rts.gameFramework,SettingsEngine,mousePlacement,mousePlacement,Phase3: name verified from 02-decompiled SettingsEngine.java (obfuscated 2-char name unrecoverable - jar rebuilt; field name doubles as prefs key and was never obfuscated),verified-exists
field,com.corrodinggames.rts.gameFramework,SettingsEngine,mouseSupport,mouseSupport,Phase3: name verified from 02-decompiled SettingsEngine.java (obfuscated 2-char name unrecoverable - jar rebuilt; field name doubles as prefs key and was never obfuscated),verified-exists
field,com.corrodinggames.rts.gameFramework,SettingsEngine,musicVolume,musicVolume,Phase3: name verified from 02-decompiled SettingsEngine.java (obfuscated 2-char name unrecoverable - jar rebuilt; field name doubles as prefs key and was never obfuscated),verified-exists
field,com.corrodinggames.rts.gameFramework,SettingsEngine,networkClientId,networkClientId,Phase3: name verified from 02-decompiled SettingsEngine.java (obfuscated 2-char name unrecoverable - jar rebuilt; field name doubles as prefs key and was never obfuscated),verified-exists
field,com.corrodinggames.rts.gameFramework,SettingsEngine,networkClientIdMachineKey,networkClientIdMachineKey,Phase3: name verified from 02-decompiled SettingsEngine.java (obfuscated 2-char name unrecoverable - jar rebuilt; field name doubles as prefs key and was never obfuscated),verified-exists
field,com.corrodinggames.rts.gameFramework,SettingsEngine,networkPort,networkPort,Phase3: name verified from 02-decompiled SettingsEngine.java (obfuscated 2-char name unrecoverable - jar rebuilt; field name doubles as prefs key and was never obfuscated),verified-exists
field,com.corrodinggames.rts.gameFramework,SettingsEngine,networkServerId,networkServerId,Phase3: name verified from 02-decompiled SettingsEngine.java (obfuscated 2-char name unrecoverable - jar rebuilt; field name doubles as prefs key and was never obfuscated),verified-exists
field,com.corrodinggames.rts.gameFramework,SettingsEngine,newRender,newRender,Phase3: name verified from 02-decompiled SettingsEngine.java (obfuscated 2-char name unrecoverable - jar rebuilt; field name doubles as prefs key and was never obfuscated),verified-exists
field,com.corrodinggames.rts.gameFramework,SettingsEngine,nextBackgroundMap,nextBackgroundMap,Phase3: name verified from 02-decompiled SettingsEngine.java (obfuscated 2-char name unrecoverable - jar rebuilt; field name doubles as prefs key and was never obfuscated),verified-exists
field,com.corrodinggames.rts.gameFramework,SettingsEngine,numIncompleteLoadAttempts,numIncompleteLoadAttempts,Phase3: name verified from 02-decompiled SettingsEngine.java (obfuscated 2-char name unrecoverable - jar rebuilt; field name doubles as prefs key and was never obfuscated),verified-exists
field,com.corrodinggames.rts.gameFramework,SettingsEngine,numLoadsSinceRunningGameOrNormalExit,numLoadsSinceRunningGameOrNormalExit,Phase3: name verified from 02-decompiled SettingsEngine.java (obfuscated 2-char name unrecoverable - jar rebuilt; field name doubles as prefs key and was never obfuscated),verified-exists
field,com.corrodinggames.rts.gameFramework,SettingsEngine,numberOfWins,numberOfWins,Phase3: name verified from 02-decompiled SettingsEngine.java (obfuscated 2-char name unrecoverable - jar rebuilt; field name doubles as prefs key and was never obfuscated),verified-exists
field,com.corrodinggames.rts.gameFramework,SettingsEngine,onscreenControls,onscreenControls,Phase3: name verified from 02-decompiled SettingsEngine.java (obfuscated 2-char name unrecoverable - jar rebuilt; field name doubles as prefs key and was never obfuscated),verified-exists
field,com.corrodinggames.rts.gameFramework,SettingsEngine,overrideLanguageCode,overrideLanguageCode,Phase3: name verified from 02-decompiled SettingsEngine.java (obfuscated 2-char name unrecoverable - jar rebuilt; field name doubles as prefs key and was never obfuscated),verified-exists
field,com.corrodinggames.rts.gameFramework,SettingsEngine,quickRally,quickRally,Phase3: name verified from 02-decompiled SettingsEngine.java (obfuscated 2-char name unrecoverable - jar rebuilt; field name doubles as prefs key and was never obfuscated),verified-exists
field,com.corrodinggames.rts.gameFramework,SettingsEngine,rateGameShown,rateGameShown,Phase3: name verified from 02-decompiled SettingsEngine.java (obfuscated 2-char name unrecoverable - jar rebuilt; field name doubles as prefs key and was never obfuscated),verified-exists
field,com.corrodinggames.rts.gameFramework,SettingsEngine,renderAntiAlias,renderAntiAlias,Phase3: name verified from 02-decompiled SettingsEngine.java (obfuscated 2-char name unrecoverable - jar rebuilt; field name doubles as prefs key and was never obfuscated),verified-exists
field,com.corrodinggames.rts.gameFramework,SettingsEngine,renderBackground,renderBackground,Phase3: name verified from 02-decompiled SettingsEngine.java (obfuscated 2-char name unrecoverable - jar rebuilt; field name doubles as prefs key and was never obfuscated),verified-exists
field,com.corrodinggames.rts.gameFramework,SettingsEngine,renderClouds,renderClouds,Phase3: name verified from 02-decompiled SettingsEngine.java (obfuscated 2-char name unrecoverable - jar rebuilt; field name doubles as prefs key and was never obfuscated),verified-exists
field,com.corrodinggames.rts.gameFramework,SettingsEngine,renderControls,renderControls,Phase3: name verified from 02-decompiled SettingsEngine.java (obfuscated 2-char name unrecoverable - jar rebuilt; field name doubles as prefs key and was never obfuscated),verified-exists
field,com.corrodinggames.rts.gameFramework,SettingsEngine,renderDensity,renderDensity,Phase3: name verified from 02-decompiled SettingsEngine.java (obfuscated 2-char name unrecoverable - jar rebuilt; field name doubles as prefs key and was never obfuscated),verified-exists
field,com.corrodinggames.rts.gameFramework,SettingsEngine,renderDoubleScale,renderDoubleScale,Phase3: name verified from 02-decompiled SettingsEngine.java (obfuscated 2-char name unrecoverable - jar rebuilt; field name doubles as prefs key and was never obfuscated),verified-exists
field,com.corrodinggames.rts.gameFramework,SettingsEngine,renderExtraLayers,renderExtraLayers,Phase3: name verified from 02-decompiled SettingsEngine.java (obfuscated 2-char name unrecoverable - jar rebuilt; field name doubles as prefs key and was never obfuscated),verified-exists
field,com.corrodinggames.rts.gameFramework,SettingsEngine,renderExtraShadows,renderExtraShadows,Phase3: name verified from 02-decompiled SettingsEngine.java (obfuscated 2-char name unrecoverable - jar rebuilt; field name doubles as prefs key and was never obfuscated),verified-exists
field,com.corrodinggames.rts.gameFramework,SettingsEngine,renderFancyWater,renderFancyWater,Phase3: name verified from 02-decompiled SettingsEngine.java (obfuscated 2-char name unrecoverable - jar rebuilt; field name doubles as prefs key and was never obfuscated),verified-exists
field,com.corrodinggames.rts.gameFramework,SettingsEngine,renderSmoothDelta,renderSmoothDelta,Phase3: name verified from 02-decompiled SettingsEngine.java (obfuscated 2-char name unrecoverable - jar rebuilt; field name doubles as prefs key and was never obfuscated),verified-exists
field,com.corrodinggames.rts.gameFramework,SettingsEngine,renderVsync,renderVsync,Phase3: name verified from 02-decompiled SettingsEngine.java (obfuscated 2-char name unrecoverable - jar rebuilt; field name doubles as prefs key and was never obfuscated),verified-exists
field,com.corrodinggames.rts.gameFramework,SettingsEngine,renderWithLineWidth,renderWithLineWidth,Phase3: name verified from 02-decompiled SettingsEngine.java (obfuscated 2-char name unrecoverable - jar rebuilt; field name doubles as prefs key and was never obfuscated),verified-exists
field,com.corrodinggames.rts.gameFramework,SettingsEngine,replayTracing,replayTracing,Phase3: name verified from 02-decompiled SettingsEngine.java (obfuscated 2-char name unrecoverable - jar rebuilt; field name doubles as prefs key and was never obfuscated),verified-exists
field,com.corrodinggames.rts.gameFramework,SettingsEngine,replaysShowRecordedChat,replaysShowRecordedChat,Phase3: name verified from 02-decompiled SettingsEngine.java (obfuscated 2-char name unrecoverable - jar rebuilt; field name doubles as prefs key and was never obfuscated),verified-exists
field,com.corrodinggames.rts.gameFramework,SettingsEngine,resizeFontWithUIScale,resizeFontWithUIScale,Phase3: name verified from 02-decompiled SettingsEngine.java (obfuscated 2-char name unrecoverable - jar rebuilt; field name doubles as prefs key and was never obfuscated),verified-exists
method,com.corrodinggames.rts.gameFramework,SettingsEngine,save,save,Phase3: name verified from 02-decompiled SettingsEngine.java (obfuscated 2-char name unrecoverable - jar rebuilt),verified-exists
field,com.corrodinggames.rts.gameFramework,SettingsEngine,saveMultiplayerReplays,saveMultiplayerReplays,Phase3: name verified from 02-decompiled SettingsEngine.java (obfuscated 2-char name unrecoverable - jar rebuilt; field name doubles as prefs key and was never obfuscated),verified-exists
method,com.corrodinggames.rts.gameFramework,SettingsEngine,saveToFileSystem,saveToFileSystem,Phase3: name verified from 02-decompiled SettingsEngine.java (obfuscated 2-char name unrecoverable - jar rebuilt),verified-exists
field,com.corrodinggames.rts.gameFramework,SettingsEngine,scrollSpeed,scrollSpeed,Phase3: name verified from 02-decompiled SettingsEngine.java (obfuscated 2-char name unrecoverable - jar rebuilt; field name doubles as prefs key and was never obfuscated),verified-exists
field,com.corrodinggames.rts.gameFramework,SettingsEngine,sendReports,sendReports,Phase3: name verified from 02-decompiled SettingsEngine.java (obfuscated 2-char name unrecoverable - jar rebuilt; field name doubles as prefs key and was never obfuscated),verified-exists
method,com.corrodinggames.rts.gameFramework,SettingsEngine,setValueDynamic,setValueDynamic,Phase3: name verified from 02-decompiled SettingsEngine.java (obfuscated 2-char name unrecoverable - jar rebuilt),verified-exists
field,com.corrodinggames.rts.gameFramework,SettingsEngine,settingsEngine,settingsEngine,Phase3: name verified from 02-decompiled SettingsEngine.java (obfuscated 2-char name unrecoverable - jar rebuilt; field name doubles as prefs key and was never obfuscated),verified-exists
field,com.corrodinggames.rts.gameFramework,SettingsEngine,settingsGameVersion,settingsGameVersion,Phase3: name verified from 02-decompiled SettingsEngine.java (obfuscated 2-char name unrecoverable - jar rebuilt; field name doubles as prefs key and was never obfuscated),verified-exists
field,com.corrodinggames.rts.gameFramework,SettingsEngine,settingsGameVersionFirst,settingsGameVersionFirst,Phase3: name verified from 02-decompiled SettingsEngine.java (obfuscated 2-char name unrecoverable - jar rebuilt; field name doubles as prefs key and was never obfuscated),verified-exists
field,com.corrodinggames.rts.gameFramework,SettingsEngine,shaderEffects,shaderEffects,Phase3: name verified from 02-decompiled SettingsEngine.java (obfuscated 2-char name unrecoverable - jar rebuilt; field name doubles as prefs key and was never obfuscated),verified-exists
field,com.corrodinggames.rts.gameFramework,SettingsEngine,showActionInfoHoverNearMouse,showActionInfoHoverNearMouse,Phase3: name verified from 02-decompiled SettingsEngine.java (obfuscated 2-char name unrecoverable - jar rebuilt; field name doubles as prefs key and was never obfuscated),verified-exists
field,com.corrodinggames.rts.gameFramework,SettingsEngine,showChatAndPingShortcuts,showChatAndPingShortcuts,Phase3: name verified from 02-decompiled SettingsEngine.java (obfuscated 2-char name unrecoverable - jar rebuilt; field name doubles as prefs key and was never obfuscated),verified-exists
field,com.corrodinggames.rts.gameFramework,SettingsEngine,showFps,showFps,Phase3: name verified from 02-decompiled SettingsEngine.java (obfuscated 2-char name unrecoverable - jar rebuilt; field name doubles as prefs key and was never obfuscated),verified-exists
field,com.corrodinggames.rts.gameFramework,SettingsEngine,showHp,showHp,Phase3: name verified from 02-decompiled SettingsEngine.java (obfuscated 2-char name unrecoverable - jar rebuilt; field name doubles as prefs key and was never obfuscated),verified-exists
field,com.corrodinggames.rts.gameFramework,SettingsEngine,showHpChanges,showHpChanges,Phase3: name verified from 02-decompiled SettingsEngine.java (obfuscated 2-char name unrecoverable - jar rebuilt; field name doubles as prefs key and was never obfuscated),verified-exists
field,com.corrodinggames.rts.gameFramework,SettingsEngine,showMapPingsOnBattlefield,showMapPingsOnBattlefield,Phase3: name verified from 02-decompiled SettingsEngine.java (obfuscated 2-char name unrecoverable - jar rebuilt; field name doubles as prefs key and was never obfuscated),verified-exists
field,com.corrodinggames.rts.gameFramework,SettingsEngine,showMapPingsOnMinimap,showMapPingsOnMinimap,Phase3: name verified from 02-decompiled SettingsEngine.java (obfuscated 2-char name unrecoverable - jar rebuilt; field name doubles as prefs key and was never obfuscated),verified-exists
field,com.corrodinggames.rts.gameFramework,SettingsEngine,showPlayerChatInGame,showPlayerChatInGame,Phase3: name verified from 02-decompiled SettingsEngine.java (obfuscated 2-char name unrecoverable - jar rebuilt; field name doubles as prefs key and was never obfuscated),verified-exists
field,com.corrodinggames.rts.gameFramework,SettingsEngine,showSelectedUnitsList,showSelectedUnitsList,Phase3: name verified from 02-decompiled SettingsEngine.java (obfuscated 2-char name unrecoverable - jar rebuilt; field name doubles as prefs key and was never obfuscated),verified-exists
field,com.corrodinggames.rts.gameFramework,SettingsEngine,showUnitGroups,showUnitGroups,Phase3: name verified from 02-decompiled SettingsEngine.java (obfuscated 2-char name unrecoverable - jar rebuilt; field name doubles as prefs key and was never obfuscated),verified-exists
field,com.corrodinggames.rts.gameFramework,SettingsEngine,showUnitIcons,showUnitIcons,Phase3: name verified from 02-decompiled SettingsEngine.java (obfuscated 2-char name unrecoverable - jar rebuilt; field name doubles as prefs key and was never obfuscated),verified-exists
field,com.corrodinggames.rts.gameFramework,SettingsEngine,showUnitWaypoints,showUnitWaypoints,Phase3: name verified from 02-decompiled SettingsEngine.java (obfuscated 2-char name unrecoverable - jar rebuilt; field name doubles as prefs key and was never obfuscated),verified-exists
field,com.corrodinggames.rts.gameFramework,SettingsEngine,showWarLogOnScreen,showWarLogOnScreen,Phase3: name verified from 02-decompiled SettingsEngine.java (obfuscated 2-char name unrecoverable - jar rebuilt; field name doubles as prefs key and was never obfuscated),verified-exists
field,com.corrodinggames.rts.gameFramework,SettingsEngine,showZoomButton,showZoomButton,Phase3: name verified from 02-decompiled SettingsEngine.java (obfuscated 2-char name unrecoverable - jar rebuilt; field name doubles as prefs key and was never obfuscated),verified-exists
field,com.corrodinggames.rts.gameFramework,SettingsEngine,shownAudioWarning,shownAudioWarning,Phase3: name verified from 02-decompiled SettingsEngine.java (obfuscated 2-char name unrecoverable - jar rebuilt; field name doubles as prefs key and was never obfuscated),verified-exists
field,com.corrodinggames.rts.gameFramework,SettingsEngine,slick2dBorderless,slick2dBorderless,Phase3: name verified from 02-decompiled SettingsEngine.java (obfuscated 2-char name unrecoverable - jar rebuilt; field name doubles as prefs key and was never obfuscated),verified-exists
field,com.corrodinggames.rts.gameFramework,SettingsEngine,slick2dFullScreen,slick2dFullScreen,Phase3: name verified from 02-decompiled SettingsEngine.java (obfuscated 2-char name unrecoverable - jar rebuilt; field name doubles as prefs key and was never obfuscated),verified-exists
field,com.corrodinggames.rts.gameFramework,SettingsEngine,slick2dFullScreenResolution,slick2dFullScreenResolution,Phase3: name verified from 02-decompiled SettingsEngine.java (obfuscated 2-char name unrecoverable - jar rebuilt; field name doubles as prefs key and was never obfuscated),verified-exists
field,com.corrodinggames.rts.gameFramework,SettingsEngine,slick2dResolution,slick2dResolution,Phase3: name verified from 02-decompiled SettingsEngine.java (obfuscated 2-char name unrecoverable - jar rebuilt; field name doubles as prefs key and was never obfuscated),verified-exists
field,com.corrodinggames.rts.gameFramework,SettingsEngine,smartSelection_v2,smartSelection_v2,Phase3: name verified from 02-decompiled SettingsEngine.java (obfuscated 2-char name unrecoverable - jar rebuilt; field name doubles as prefs key and was never obfuscated),verified-exists
field,com.corrodinggames.rts.gameFramework,SettingsEngine,softFogFading,softFogFading,Phase3: name verified from 02-decompiled SettingsEngine.java (obfuscated 2-char name unrecoverable - jar rebuilt; field name doubles as prefs key and was never obfuscated),verified-exists
field,com.corrodinggames.rts.gameFramework,SettingsEngine,storageType,storageType,Phase3: name verified from 02-decompiled SettingsEngine.java (obfuscated 2-char name unrecoverable - jar rebuilt; field name doubles as prefs key and was never obfuscated),verified-exists
field,com.corrodinggames.rts.gameFramework,SettingsEngine,teamColors,teamColors,Phase3: name verified from 02-decompiled SettingsEngine.java (obfuscated 2-char name unrecoverable - jar rebuilt; field name doubles as prefs key and was never obfuscated),verified-exists
field,com.corrodinggames.rts.gameFramework,SettingsEngine,teamColorsNames,teamColorsNames,Phase3: name verified from 02-decompiled SettingsEngine.java (obfuscated 2-char name unrecoverable - jar rebuilt; field name doubles as prefs key and was never obfuscated),verified-exists
field,com.corrodinggames.rts.gameFramework,SettingsEngine,teamShaders,teamShaders,Phase3: name verified from 02-decompiled SettingsEngine.java (obfuscated 2-char name unrecoverable - jar rebuilt; field name doubles as prefs key and was never obfuscated),verified-exists
field,com.corrodinggames.rts.gameFramework,SettingsEngine,teamUnitCapHostedGame,teamUnitCapHostedGame,Phase3: name verified from 02-decompiled SettingsEngine.java (obfuscated 2-char name unrecoverable - jar rebuilt; field name doubles as prefs key and was never obfuscated),verified-exists
field,com.corrodinggames.rts.gameFramework,SettingsEngine,teamUnitCapSinglePlayer,teamUnitCapSinglePlayer,Phase3: name verified from 02-decompiled SettingsEngine.java (obfuscated 2-char name unrecoverable - jar rebuilt; field name doubles as prefs key and was never obfuscated),verified-exists
field,com.corrodinggames.rts.gameFramework,SettingsEngine,trackpad,trackpad,Phase3: name verified from 02-decompiled SettingsEngine.java (obfuscated 2-char name unrecoverable - jar rebuilt; field name doubles as prefs key and was never obfuscated),verified-exists
field,com.corrodinggames.rts.gameFramework,SettingsEngine,udpInMultiplayer,udpInMultiplayer,Phase3: name verified from 02-decompiled SettingsEngine.java (obfuscated 2-char name unrecoverable - jar rebuilt; field name doubles as prefs key and was never obfuscated),verified-exists
field,com.corrodinggames.rts.gameFramework,SettingsEngine,uiRenderScale,uiRenderScale,Phase3: name verified from 02-decompiled SettingsEngine.java (obfuscated 2-char name unrecoverable - jar rebuilt; field name doubles as prefs key and was never obfuscated),verified-exists
field,com.corrodinggames.rts.gameFramework,SettingsEngine,unlockedScreenRotation,unlockedScreenRotation,Phase3: name verified from 02-decompiled SettingsEngine.java (obfuscated 2-char name unrecoverable - jar rebuilt; field name doubles as prefs key and was never obfuscated),verified-exists
field,com.corrodinggames.rts.gameFramework,SettingsEngine,upgradedToNoPublicStorage,upgradedToNoPublicStorage,Phase3: name verified from 02-decompiled SettingsEngine.java (obfuscated 2-char name unrecoverable - jar rebuilt; field name doubles as prefs key and was never obfuscated),verified-exists
field,com.corrodinggames.rts.gameFramework,SettingsEngine,upgradedToNoPublicStorageWarningShown,upgradedToNoPublicStorageWarningShown,Phase3: name verified from 02-decompiled SettingsEngine.java (obfuscated 2-char name unrecoverable - jar rebuilt; field name doubles as prefs key and was never obfuscated),verified-exists
field,com.corrodinggames.rts.gameFramework,SettingsEngine,useCircleSelect,useCircleSelect,Phase3: name verified from 02-decompiled SettingsEngine.java (obfuscated 2-char name unrecoverable - jar rebuilt; field name doubles as prefs key and was never obfuscated),verified-exists
field,com.corrodinggames.rts.gameFramework,SettingsEngine,useMinimapAllyColors,useMinimapAllyColors,Phase3: name verified from 02-decompiled SettingsEngine.java (obfuscated 2-char name unrecoverable - jar rebuilt; field name doubles as prefs key and was never obfuscated),verified-exists
field,com.corrodinggames.rts.gameFramework,SettingsEngine,uuid,uuid,Phase3: name verified from 02-decompiled SettingsEngine.java (obfuscated 2-char name unrecoverable - jar rebuilt; field name doubles as prefs key and was never obfuscated),verified-exists
field,com.corrodinggames.rts.gameFramework,StatsRecord,a,unitsBuilt,Units built count (int),verified-exists
field,com.corrodinggames.rts.gameFramework,StatsRecord,b,unitsDestroyed,Units destroyed count (int),verified-exists
field,com.corrodinggames.rts.gameFramework,StatsRecord,c,buildingsBuilt,Buildings built count (int),verified-exists
field,com.corrodinggames.rts.gameFramework,StatsRecord,d,buildingsDestroyed,Buildings destroyed count (int),verified-exists
field,com.corrodinggames.rts.gameFramework,StatsRecord,e,resourcesProduced,Resources produced (int),verified-exists
field,com.corrodinggames.rts.gameFramework,StatsRecord,f,resourcesConsumed,Resources consumed (int),verified-exists
field,com.corrodinggames.rts.gameFramework,StatsRecord,g,damageDealt,Total damage dealt (int),verified-exists
field,com.corrodinggames.rts.gameFramework,StatsRecord,h,damageReceived,Total damage received (int),verified-exists
field,com.corrodinggames.rts.gameFramework,StatsRecord,i,killsCount,Total kill count (int),verified-exists
field,com.corrodinggames.rts.gameFramework,StatsRecord,j,deathsCount,Total death count (int),verified-exists
field,com.corrodinggames.rts.gameFramework,StatsRecord,k,totalPlayTimeMs,Total play time ms (long),verified-exists
field,com.corrodinggames.rts.gameFramework,StatsRecord,l,modRegistryRef,Mod registry reference (bn),verified-exists
field,com.corrodinggames.rts.gameFramework,TextureCache,a,textureId,Cached texture ID (int  -1=invalid),verified-exists
field,com.corrodinggames.rts.gameFramework,TextureCache,b,referenceCount,Reference count (int),verified-exists
field,com.corrodinggames.rts.gameFramework,TextureCache,c,isLoaded,Texture loaded flag (protected boolean),verified-exists
field,com.corrodinggames.rts.gameFramework,TextureCache,d,isDirty,Needs reload flag (boolean),verified-exists
field,com.corrodinggames.rts.gameFramework,UnitGroup,a,groupId,Group identifier (int),verified-exists
field,com.corrodinggames.rts.gameFramework,UnitGroup,b,groupName,Group display name (String),verified-exists
field,com.corrodinggames.rts.gameFramework,UnitGroup,c,unitCount,Units in group (int),verified-exists
field,com.corrodinggames.rts.gameFramework,UnitGroup,d,isActive,Group active flag (boolean),verified-exists
field,com.corrodinggames.rts.gameFramework,UnitGroup,e,isAttacking,Attacking flag (boolean),verified-exists
field,com.corrodinggames.rts.gameFramework,UnitGroup,f,isDefending,Defending flag (boolean),verified-exists
field,com.corrodinggames.rts.gameFramework,UnitGroup,g,creationTime,Creation timestamp (long),verified-exists
field,com.corrodinggames.rts.gameFramework,UnitGroup,h,targetZoneId,Target zone ID (int),verified-exists
method,com.corrodinggames.rts.gameFramework,a,a,getb,real-class-inferred: com.corrodinggames.rts.gameFramework.a,real-class-v1200
method,com.corrodinggames.rts.gameFramework,ac,a(String,String),loadKeyConfig | KeyBindingManager: void - parse config line,verified-exists
method,com.corrodinggames.rts.gameFramework,ac,a(ad,int),isKeyConflicting,verified-exists
field,com.corrodinggames.rts.gameFramework,ac,A,selectAllKey,Select all (CTRL+A) binding,verified-exists
field,com.corrodinggames.rts.gameFramework,ac,B,selectCommandCenter,Select command center (CTRL+C) binding,verified-exists
field,com.corrodinggames.rts.gameFramework,ac,C,cycleBuilders,Cycle builders (CTRL+B) binding,verified-exists
field,com.corrodinggames.rts.gameFramework,ac,D,cycleExtractors,Cycle extractors (CTRL+E) binding,verified-exists
field,com.corrodinggames.rts.gameFramework,ac,E,cycleFactories,Cycle factories (CTRL+F) binding,verified-exists
field,com.corrodinggames.rts.gameFramework,ac,F,cycleLandFactories,Cycle land factories (CTRL+L) binding,verified-exists
field,com.corrodinggames.rts.gameFramework,ac,G,cycleAirFactories,Cycle air factories (CTRL+K) binding,verified-exists
field,com.corrodinggames.rts.gameFramework,ac,H,nextTrackKey,Next music track (CTRL+N) binding,verified-exists
field,com.corrodinggames.rts.gameFramework,ac,I,speedCategory,Game speed category header,verified-exists
field,com.corrodinggames.rts.gameFramework,ac,J,slowerSpeed,Slower game speed binding,verified-exists
field,com.corrodinggames.rts.gameFramework,ac,K,fasterSpeed,Faster game speed binding,verified-exists
field,com.corrodinggames.rts.gameFramework,ac,L,pauseGame,Pause game (BREAK) binding,verified-exists
field,com.corrodinggames.rts.gameFramework,ac,M,unitActionsCategory,Unit actions category header,verified-exists
field,com.corrodinggames.rts.gameFramework,ac,N,attackMoveKey,Attack-move (A) binding,verified-exists
field,com.corrodinggames.rts.gameFramework,ac,O,stopKey,Stop (S) binding,verified-exists
field,com.corrodinggames.rts.gameFramework,ac,P,guardKey,Guard (G) binding,verified-exists
field,com.corrodinggames.rts.gameFramework,ac,Q,patrolKey,Patrol (P) binding,verified-exists
field,com.corrodinggames.rts.gameFramework,ac,R,reclaimKey,Reclaim binding,verified-exists
field,com.corrodinggames.rts.gameFramework,ac,S,upgradeKey,Upgrade (U) binding,verified-exists
field,com.corrodinggames.rts.gameFramework,ac,T,rallyKey,Rally point (R) binding,verified-exists
field,com.corrodinggames.rts.gameFramework,ac,U,editorKey,Debug editor binding,verified-exists
field,com.corrodinggames.rts.gameFramework,ac,V,ad44,real-class-inferred: com.corrodinggames.rts.gameFramework.ac,real-class-v1200
field,com.corrodinggames.rts.gameFramework,ac,W,ad45,real-class-inferred: com.corrodinggames.rts.gameFramework.ac,real-class-v1200
field,com.corrodinggames.rts.gameFramework,ac,X,ad46,real-class-inferred: com.corrodinggames.rts.gameFramework.ac,real-class-v1200
field,com.corrodinggames.rts.gameFramework,ac,Y,ad47,real-class-inferred: com.corrodinggames.rts.gameFramework.ac,real-class-v1200
field,com.corrodinggames.rts.gameFramework,ac,Z,ad48,real-class-inferred: com.corrodinggames.rts.gameFramework.ac,real-class-v1200
method,com.corrodinggames.rts.gameFramework,ac,a,setupGamepadBindings,KeyBindingManager: void - init controller mappings,body-verified-v1500
method,com.corrodinggames.rts.gameFramework,ac,a(String),createBinding,KeyBindingManager: ad - create non-editable binding,body-verified-v1500
method,com.corrodinggames.rts.gameFramework,ac,a(ad),serializeBinding,KeyBindingManager: String - serialize to config format,body-verified-v1500
method,com.corrodinggames.rts.gameFramework,ac,a(int),digitToKeycode,KeyBindingManager: int - digit 0-9 to keycode,body-verified-v1500
field,com.corrodinggames.rts.gameFramework,ac,aa,quickLoadKey,KeyBindingManager: int - quickload key,body-verified-v1300
field,com.corrodinggames.rts.gameFramework,ac,ab,ad50,real-class-inferred: com.corrodinggames.rts.gameFramework.ac,real-class-v1200
field,com.corrodinggames.rts.gameFramework,ac,ac,ad51,real-class-inferred: com.corrodinggames.rts.gameFramework.ac,real-class-v1200
field,com.corrodinggames.rts.gameFramework,ac,ad,ad52,real-class-inferred: com.corrodinggames.rts.gameFramework.ac,real-class-v1200
field,com.corrodinggames.rts.gameFramework,ac,ae,ad53,real-class-inferred: com.corrodinggames.rts.gameFramework.ac,real-class-v1200
field,com.corrodinggames.rts.gameFramework,ac,af,ad54,real-class-inferred: com.corrodinggames.rts.gameFramework.ac,real-class-v1200
field,com.corrodinggames.rts.gameFramework,ac,ag,unitActionKeys,Unit action key array [10],verified-exists
field,com.corrodinggames.rts.gameFramework,ac,ah,ae3,real-class-inferred: com.corrodinggames.rts.gameFramework.ac,real-class-v1200
field,com.corrodinggames.rts.gameFramework,ac,ai,selectGroupKeys,Select group key array [10],verified-exists
field,com.corrodinggames.rts.gameFramework,ac,aj,addToGroupKeys,Add to group key array [10],verified-exists
field,com.corrodinggames.rts.gameFramework,ac,ak,createGroupKeys,Create group key array [10],verified-exists
field,com.corrodinggames.rts.gameFramework,ac,al,allBindings,Master list of all key bindings,verified-exists
field,com.corrodinggames.rts.gameFramework,ac,am,savedKeyConfig,Saved key config Properties,verified-exists
field,com.corrodinggames.rts.gameFramework,ac,an,controllerCount,Connected controller count,verified-exists
field,com.corrodinggames.rts.gameFramework,ac,ao,lastControllerCount,Previous controller count,verified-exists
method,com.corrodinggames.rts.gameFramework,ac,b,updateControllerCount,KeyBindingManager: void - detect controller changes,body-verified-v1500
method,com.corrodinggames.rts.gameFramework,ac,b(String),createEditableBinding,KeyBindingManager: ad - create editable binding,body-verified-v1500
method,com.corrodinggames.rts.gameFramework,ac,c,getae,real-class-inferred: com.corrodinggames.rts.gameFramework.ac,real-class-v1200
method,com.corrodinggames.rts.gameFramework,ac,c(String),createAxisBinding,KeyBindingManager: ae - create axis binding,body-verified-v1500
method,com.corrodinggames.rts.gameFramework,ac,d,getint,real-class-inferred: com.corrodinggames.rts.gameFramework.ac,real-class-v1200
method,com.corrodinggames.rts.gameFramework,ac,d(String),parseKeycode,KeyBindingManager: static int - name string to code,body-verified-v1500
field,com.corrodinggames.rts.gameFramework,ac,e,debugLeftAlt,KeyBindingManager: boolean - debug left Alt pressed,body-verified-v1300
field,com.corrodinggames.rts.gameFramework,ac,f,debugRightAlt,KeyBindingManager: boolean - debug right Alt pressed,body-verified-v1300
field,com.corrodinggames.rts.gameFramework,ac,g,debugLeftCtrl,KeyBindingManager: boolean - debug left Ctrl pressed,body-verified-v1300
field,com.corrodinggames.rts.gameFramework,ac,h,debugRightCtrl,KeyBindingManager: boolean - debug right Ctrl pressed,body-verified-v1300
field,com.corrodinggames.rts.gameFramework,ac,i,debugLeftShift,KeyBindingManager: boolean - debug left Shift pressed,body-verified-v1300
field,com.corrodinggames.rts.gameFramework,ac,j,debugRightShift,KeyBindingManager: boolean - debug right Shift pressed,body-verified-v1300
field,com.corrodinggames.rts.gameFramework,ac,k,keyRepeatTimer,KeyBindingManager: float - key repeat delay timer,body-verified-v1300
field,com.corrodinggames.rts.gameFramework,ac,l,keyRepeatRate,KeyBindingManager: float - key repeat rate,body-verified-v1300
field,com.corrodinggames.rts.gameFramework,ac,m,isKeyRepeatEnabled,KeyBindingManager: boolean - key repeat enabled,body-verified-v1300
field,com.corrodinggames.rts.gameFramework,ac,n,cameraUpKey,Camera scroll up binding,verified-exists
field,com.corrodinggames.rts.gameFramework,ac,o,cameraDownKey,Camera scroll down binding,verified-exists
field,com.corrodinggames.rts.gameFramework,ac,p,cameraLeftKey,Camera scroll left binding,verified-exists
field,com.corrodinggames.rts.gameFramework,ac,q,cameraRightKey,Camera scroll right binding,verified-exists
field,com.corrodinggames.rts.gameFramework,ac,r,zoomInKey,Zoom in key binding,verified-exists
field,com.corrodinggames.rts.gameFramework,ac,s,zoomOutKey,Zoom out key binding,verified-exists
field,com.corrodinggames.rts.gameFramework,ac,t,sendChatKey,Send chat (ENTER) binding,verified-exists
field,com.corrodinggames.rts.gameFramework,ac,u,sendTeamChat,Send team chat binding,verified-exists
field,com.corrodinggames.rts.gameFramework,ac,v,pingMap,Map ping key binding,verified-exists
field,com.corrodinggames.rts.gameFramework,ac,w,showMenu,Show menu (ESC) binding,verified-exists
field,com.corrodinggames.rts.gameFramework,ac,x,saveGameKey,Save game (CTRL+S) binding,verified-exists
field,com.corrodinggames.rts.gameFramework,ac,y,deselectKey,Deselect (SPACE) binding,verified-exists
field,com.corrodinggames.rts.gameFramework,ac,z,gotoNotification,Go to notification binding,verified-exists
field,com.corrodinggames.rts.gameFramework,aj,a,bindingMapA,Key binding map A (static aj),suspicious-bc-missing
field,com.corrodinggames.rts.gameFramework,aj,b,bindingMapB,Key binding map B (static ai),suspicious-bc-missing
field,com.corrodinggames.rts.gameFramework,aj,c,debugLeft,Debug Left key binding (ad),suspicious-bc-missing
field,com.corrodinggames.rts.gameFramework,aj,d,debugRight,Debug Right key binding (ad),suspicious-bc-missing
field,com.corrodinggames.rts.gameFramework,aj,e,cameraUpKey,Camera Up key binding (ad),suspicious-bc-missing
field,com.corrodinggames.rts.gameFramework,aj,f,cameraDownKey,Camera Down key binding (ad),suspicious-bc-missing
field,com.corrodinggames.rts.gameFramework,aj,g,cameraLeftKey,Camera Left key binding (ad),suspicious-bc-missing
field,com.corrodinggames.rts.gameFramework,aj,h,cameraRightKey,Camera Right key binding (ad),suspicious-bc-missing
field,com.corrodinggames.rts.gameFramework,aj,i,zoomInKey,Zoom In key binding (ad),suspicious-bc-missing
field,com.corrodinggames.rts.gameFramework,aj,j,zoomOutKey,Zoom Out key binding (ad),suspicious-bc-missing
field,com.corrodinggames.rts.gameFramework,aj,k,sendChatKey,Send Chat key binding (ad),suspicious-bc-missing
field,com.corrodinggames.rts.gameFramework,aj,l,debugLeftAlt,Debug Left alternate binding (ad,suspicious-bc-missing
field,com.corrodinggames.rts.gameFramework,aj,m,debugRightAlt,Debug Right alternate binding (ad,suspicious-bc-missing
field,com.corrodinggames.rts.gameFramework,aj,n,cameraUpAlt,Camera Up alternate binding (ad,suspicious-bc-missing
field,com.corrodinggames.rts.gameFramework,aj,o,cameraDownAlt,Camera Down alternate binding (ad,suspicious-bc-missing
field,com.corrodinggames.rts.gameFramework,aj,p,cameraLeftAlt,Camera Left alternate binding (ad,suspicious-bc-missing
field,com.corrodinggames.rts.gameFramework,aj,q,cameraRightAlt,Camera Right alternate binding (ad,suspicious-bc-missing
field,com.corrodinggames.rts.gameFramework,aj,r,zoomInAlt,Zoom In alternate binding (ad,suspicious-bc-missing
field,com.corrodinggames.rts.gameFramework,aj,s,zoomOutAlt,Zoom Out alternate binding (ad,suspicious-bc-missing
field,com.corrodinggames.rts.gameFramework,aj,t,sendChatAlt,Send Chat alternate binding (ad,suspicious-bc-missing
field,com.corrodinggames.rts.gameFramework,aj,u,sendTeamChat,Team Chat key binding (ad,suspicious-bc-missing
field,com.corrodinggames.rts.gameFramework,aj,v,pingMap,Ping Map key binding (ad,suspicious-bc-missing
field,com.corrodinggames.rts.gameFramework,aj,w,showMenu,Show Menu key binding (ad,suspicious-bc-missing
field,com.corrodinggames.rts.gameFramework,aj,x,saveGameKey,Save Game key binding (ad,suspicious-bc-missing
field,com.corrodinggames.rts.gameFramework,aj,y,deselectKey,Deselect units binding (ad,suspicious-bc-missing
field,com.corrodinggames.rts.gameFramework,aj,z,gotoNotification,Go to notification binding (ad,suspicious-bc-missing
method,com.corrodinggames.rts.gameFramework,at,a,getString,real-class-inferred: com.corrodinggames.rts.gameFramework.at,real-class-v1200
method,com.corrodinggames.rts.gameFramework,at,b,getString,real-class-inferred: com.corrodinggames.rts.gameFramework.at,real-class-v1200
method,com.corrodinggames.rts.gameFramework,at,c,reset,real-class-inferred: com.corrodinggames.rts.gameFramework.at,real-class-v1200
method,com.corrodinggames.rts.gameFramework,at,d,getString,real-class-inferred: com.corrodinggames.rts.gameFramework.at,real-class-v1200
field,com.corrodinggames.rts.gameFramework,at,e,at4,real-class-inferred: com.corrodinggames.rts.gameFramework.at,real-class-v1200
field,com.corrodinggames.rts.gameFramework,ba,N,loadingGameSave,True during game-save deserialization (suppresses effects),verified-exists
field,com.corrodinggames.rts.gameFramework,ba,O,gameSetupRead,Game setup read flag (false before load, checked after)
field,com.corrodinggames.rts.gameFramework,ba,P,isReplayActive,Whether replay playback is active,verified-exists
method,com.corrodinggames.rts.gameFramework,ba,a,hasba,real-class-inferred: com.corrodinggames.rts.gameFramework.ba,real-class-v1200
method,com.corrodinggames.rts.gameFramework,ba,b,getstrictfp void,real-class-inferred: com.corrodinggames.rts.gameFramework.ba,real-class-v1200
method,com.corrodinggames.rts.gameFramework,ba,c,getstrictfp boolean,real-class-inferred: com.corrodinggames.rts.gameFramework.ba,real-class-v1200
method,com.corrodinggames.rts.gameFramework,ba,d,getstrictfp void,real-class-inferred: com.corrodinggames.rts.gameFramework.ba,real-class-v1200
method,com.corrodinggames.rts.gameFramework,ba,e,getstrictfp void,real-class-inferred: com.corrodinggames.rts.gameFramework.ba,real-class-v1200
field,com.corrodinggames.rts.gameFramework,ba,f,traceChecksumsWriting,v19.100 冲突修正: d(String)中 f=bQ.replayTracing (原compressReplay错误),verified
method,com.corrodinggames.rts.gameFramework,ba,f(),calculateChecksum,"v19.100 冲突修正: 遍历w.er中y单位eo/ep/cu/eh求和 (原cyclePlaybackSpeed错误, sig-backfill批)",verified
field,com.corrodinggames.rts.gameFramework,ba,g,checksumCalc,Checksum calculator (ak),verified-exists
method,com.corrodinggames.rts.gameFramework,ba,g(),stopIfRecording,v19.100 冲突修正: if(!N) e() 停止录制 (原captureFogSnapshot错误),verified
field,com.corrodinggames.rts.gameFramework,ba,h,skipBotSetup,"v19.100 冲突修正: a(String,File)中 !h时调用l() (原isActive错误)",verified
method,com.corrodinggames.rts.gameFramework,ba,h(),updateGameFrameReadRecord,v19.100 冲突修正: rc/wait/cs/es/resync/chat/end 块解析读单记录 (原startPlaybackThread错误),verified
method,com.corrodinggames.rts.gameFramework,ba,i(),isActive,v19.100 冲突修正: return P 访问器 (原stopPlaybackThread错误),verified
method,com.corrodinggames.rts.gameFramework,ba,j(),isPlaying,v19.100 冲突修正: return P&&u 访问器 (原writeCommandSnapshot错误),verified
method,com.corrodinggames.rts.gameFramework,ba,k(),isRecording,v19.100 冲突修正: return P&&!u 访问器 (原showDesyncWarning错误),verified
method,com.corrodinggames.rts.gameFramework,ba,l(),markAIPlayersForRecording,v19.100 冲突修正: 遍历n.c标记a.a玩家aX=true (原incrementDesyncCount错误),verified
field,com.corrodinggames.rts.gameFramework,ba,n,skipChecksumValidation,v19.100 冲突修正: h()中 if(!n) 校验比对 (原autoSave错误),verified
field,com.corrodinggames.rts.gameFramework,ba,o,lastCommandFrame,v19.100 冲突修正: h()中 this.o=bd2.a 帧号 (原currentSpeedIndex错误),verified
field,com.corrodinggames.rts.gameFramework,ba,p,commandsRead,v19.100 冲突修正: h()中 ++this.p (原targetSpeedIndex错误),verified
field,com.corrodinggames.rts.gameFramework,ba,q,replayVersion,"v19.100 冲突修正: a(String,File)中 this.q=n3 版本号 (原commandSnapshotCounter错误)",verified
field,com.corrodinggames.rts.gameFramework,ba,r,replayVersionString,v19.100 冲突修正: this.r=string6 版本串 (原commandSnapshotCounter错误),verified
field,com.corrodinggames.rts.gameFramework,ba,v,unusedReservedInt,"v19.100 冲突修正: e()中重置=1, 无其他使用 (原totalCommandsRecorded错误)",verified
field,com.corrodinggames.rts.gameFramework,bh,a,time,GraphPoint: sample timestamp,body-verified-v1200
field,com.corrodinggames.rts.gameFramework,bh,b,value,GraphPoint: sample value,body-verified-v1200
method,com.corrodinggames.rts.gameFramework,bn,a(n,int,"""boolean)""",addSample
method,com.corrodinggames.rts.gameFramework,bn,a,reset,TeamHistory: clear all series data,body-verified-v1200
method,com.corrodinggames.rts.gameFramework,bn,a(as),writeToPacket,TeamHistory: write delta-encoded history to network packet,body-verified-v1200
method,com.corrodinggames.rts.gameFramework,bn,a(bj),getSeries,TeamHistory: get GraphPointList for category,body-verified-v1200
method,com.corrodinggames.rts.gameFramework,bn,a(bn),mergeWith,TeamHistory: merge two histories (pointwise sum),body-verified-v1200
method,com.corrodinggames.rts.gameFramework,bn,a(k),readFromPacket,TeamHistory: read delta-compressed history from network packet,body-verified-v1200
field,com.corrodinggames.rts.gameFramework,bn,b,seriesByCategory,TeamHistory: GraphPointList[] per StatsCategory,body-verified-v1200
method,com.corrodinggames.rts.gameFramework,bn,c,hasData,TeamHistory: check if any series has data,body-verified-v1200
method,com.corrodinggames.rts.gameFramework,bo,a(as),writeToPacket,TeamStats: write stats to network packet,body-verified-v1200
method,com.corrodinggames.rts.gameFramework,bo,a(k),readFromPacket,TeamStats: read stats from network packet,body-verified-v1200
field,com.corrodinggames.rts.gameFramework,bo,c,unitsKilled,TeamStats: total units killed,body-verified-v1200
field,com.corrodinggames.rts.gameFramework,bo,d,buildingsKilled,TeamStats: total buildings killed,body-verified-v1200
field,com.corrodinggames.rts.gameFramework,bo,e,experimentalsKilled,TeamStats: total experimental units killed,body-verified-v1200
field,com.corrodinggames.rts.gameFramework,bo,f,unitsLost,TeamStats: total units lost,body-verified-v1200
field,com.corrodinggames.rts.gameFramework,bo,g,buildingsLost,TeamStats: total buildings lost,body-verified-v1200
field,com.corrodinggames.rts.gameFramework,bo,h,experimentalsLost,TeamStats: total experimental units lost,body-verified-v1200
field,com.corrodinggames.rts.gameFramework,bo,l,history,TeamStats: TeamHistory time series,body-verified-v1200
method,com.corrodinggames.rts.gameFramework,bq,a,reset,real-class-inferred: com.corrodinggames.rts.gameFramework.bq,real-class-v1200
method,com.corrodinggames.rts.gameFramework,bq,a(as),serializeToStream,"""Phase3-inferred: abstract void a(j.as=OutputNetStream) writes self fields to stream (see w.java:37). Subclasses: PlayerState(n)""", InGameUI(f.g)
method,com.corrodinggames.rts.gameFramework,c,a,gete,real-class-inferred: com.corrodinggames.rts.gameFramework.c,real-class-v1200
method,com.corrodinggames.rts.gameFramework,c,b,gete,real-class-inferred: com.corrodinggames.rts.gameFramework.c,real-class-v1200
method,com.corrodinggames.rts.gameFramework,c,c,getstrictfp void,real-class-inferred: com.corrodinggames.rts.gameFramework.c,real-class-v1200
method,com.corrodinggames.rts.gameFramework,c,d,getstrictfp void,real-class-inferred: com.corrodinggames.rts.gameFramework.c,real-class-v1200
field,com.corrodinggames.rts.gameFramework,c,e,int,real-class-inferred: com.corrodinggames.rts.gameFramework.c,real-class-v1200
method,com.corrodinggames.rts.gameFramework,c,e(),processTickCommands,Dispatch commands at exact tick boundary [sig-backfill: returns void],verified-exists
method,com.corrodinggames.rts.gameFramework,d,a,getstrictfp void,real-class-inferred: com.corrodinggames.rts.gameFramework.d,real-class-v1200
field,com.corrodinggames.rts.gameFramework,d,b,long,real-class-inferred: com.corrodinggames.rts.gameFramework.d,real-class-v1200
field,com.corrodinggames.rts.gameFramework,d,c,float1,real-class-inferred: com.corrodinggames.rts.gameFramework.d,real-class-v1200
field,com.corrodinggames.rts.gameFramework,d,d,float2,real-class-inferred: com.corrodinggames.rts.gameFramework.d,real-class-v1200
field,com.corrodinggames.rts.gameFramework,d,e,float3,real-class-inferred: com.corrodinggames.rts.gameFramework.d,real-class-v1200
field,com.corrodinggames.rts.gameFramework,d,f,float4,real-class-inferred: com.corrodinggames.rts.gameFramework.d,real-class-v1200
field,com.corrodinggames.rts.gameFramework,d,g,int,real-class-inferred: com.corrodinggames.rts.gameFramework.d,real-class-v1200
field,com.corrodinggames.rts.gameFramework,d,h,ao,real-class-inferred: com.corrodinggames.rts.gameFramework.d,real-class-v1200
field,com.corrodinggames.rts.gameFramework,e,A,longArgs,v19.101: 写侧 A迭代 Long 列表 (argCount合并),verified
method,com.corrodinggames.rts.gameFramework,e,a(boolean),setQueued,Set queued flag,verified-exists
method,com.corrodinggames.rts.gameFramework,e,e(),isIdleCommand,[v10.3-resolved: semantic match (0 params,verified-exists
field,com.corrodinggames.rts.gameFramework,e,g,stopOrUndo,Cancel/undo flag for current action,verified-exists
method,com.corrodinggames.rts.gameFramework,e,g(),convertUnitRefsToIds,Convert unit refs to entity IDs for serialization [sig-backfill: returns void],verified-exists
field,com.corrodinggames.rts.gameFramework,e,h,flagH,v19.101: 写侧尾部 flag_h bool,verified
method,com.corrodinggames.rts.gameFramework,e,h(),enablePathfinding,Set requiresPathfinding=true [sig-backfill: returns void],verified-exists
field,com.corrodinggames.rts.gameFramework,e,i,team,v19.101: 写侧team byte (i.k); play2日志 Command: {i.v} ({i.k}),verified
method,com.corrodinggames.rts.gameFramework,e,i(),resolveUnitReferences,Convert entity IDs back to unit refs (post-deserialization) [sig-backfill: returns void],verified-exists
field,com.corrodinggames.rts.gameFramework,e,j,waypoint,v19.101: 写侧 wp bool+j内联; play2日志 Waypoint: {j.d().name()},verified
method,com.corrodinggames.rts.gameFramework,e,j(),applySpecialActions,Apply special ability with cancel flag to all target units [sig-backfill: returns void],verified-exists
field,com.corrodinggames.rts.gameFramework,e,k,specialAction,v19.101: 写侧 attackMode枚举后 k.a()动作名; 日志 SpecialAction,verified
method,com.corrodinggames.rts.gameFramework,e,k(),execute,Execute command,verified-exists
field,com.corrodinggames.rts.gameFramework,e,l,targetPosition,Target world position (PointF),verified-exists
method,com.corrodinggames.rts.gameFramework,e,l(),validate,Validate command pre-execution,verified-exists
field,com.corrodinggames.rts.gameFramework,e,m,targetUnit,Target unit (UnitInstance),verified-exists
field,com.corrodinggames.rts.gameFramework,e,n,attackMode,Forced attack stance (hold fire, return fire
field,com.corrodinggames.rts.gameFramework,e,o,flagO,v19.101: 写侧 flag_o bool,verified
field,com.corrodinggames.rts.gameFramework,e,p,commandingPlayer,v19.101: ba日志 Precommand Team: commandingPlayer==null (p=Team),verified
field,com.corrodinggames.rts.gameFramework,e,q,preExecPlayerState,Pre-execution player snapshot for team validation,verified-exists
field,com.corrodinggames.rts.gameFramework,e,r,hasStepRate,v19.101: 日志 changeStepRate:{s} 检查e2.r; 写侧步速bool,verified
field,com.corrodinggames.rts.gameFramework,e,s,stepRateX,v19.101: 写侧步速块float s,verified
field,com.corrodinggames.rts.gameFramework,e,t,stepRateY,v19.101: 写侧步速块float t,verified
field,com.corrodinggames.rts.gameFramework,e,u,systemAction,v19.101: 日志 systemAction_action:{u}; 写侧步速块int,verified
field,com.corrodinggames.rts.gameFramework,e,v,unitRefs,v19.101: 写侧 v迭代 y.eh 单位实体id列表 (argCount),verified
field,com.corrodinggames.rts.gameFramework,e,w,pathParts,v19.101: 写侧 w迭代 gameFramework.d=CommandPathPart 列表,verified
field,com.corrodinggames.rts.gameFramework,e,x,isExecuted,Command executed flag,verified-exists
field,com.corrodinggames.rts.gameFramework,e,y,commandController,Parent CommandController (c),verified-exists
field,com.corrodinggames.rts.gameFramework,e,z,backupPosition,Backup fallback position (private),verified-exists
method,com.corrodinggames.rts.gameFramework,f,a(CharSequence,Iterable),join | GameUtils: join iterable with separator,verified-exists
method,com.corrodinggames.rts.gameFramework,f,a(Class,int),getFieldNameByValue,verified-exists
method,com.corrodinggames.rts.gameFramework,f,a(InputStream,OutputStream),copyStream | GameUtils: copy input stream to output stream,verified-exists
method,com.corrodinggames.rts.gameFramework,f,a(Rect,RectF),overlaps | GameUtils: test if Rect and RectF overlap,verified-exists
method,com.corrodinggames.rts.gameFramework,f,a(String,int,"""String)""",padLeft
method,com.corrodinggames.rts.gameFramework,f,a(float,boolean),normalizeAngle | GameUtils: normalize angle to 0-360,verified-exists
method,com.corrodinggames.rts.gameFramework,f,a(int,int,"""int)""",randomIntRange
method,com.corrodinggames.rts.gameFramework,f,b(float,float,"""float)""",clamp
method,com.corrodinggames.rts.gameFramework,f,b(int,int,int,verified-exists
method,com.corrodinggames.rts.gameFramework,f,f(float,float,"""float)""",lerp
method,com.corrodinggames.rts.gameFramework,f,i(float,float),atan2 | GameUtils: atan2 via LUT with Math.atan2 fallback,verified-exists
method,com.corrodinggames.rts.gameFramework,f,a,do_a,"""[Phase3-method] returns void""",verified-exists
method,com.corrodinggames.rts.gameFramework,f,a(Exception),stackTraceToString,GameUtils: exception stack trace to string,body-verified-v1200
method,com.corrodinggames.rts.gameFramework,f,a(String),formatDate,GameUtils: format timestamp to date string,body-verified-v1200
method,com.corrodinggames.rts.gameFramework,f,a(byte[]),bytesToHex,GameUtils: convert bytes to hex string,body-verified-v1200
method,com.corrodinggames.rts.gameFramework,f,a(float),sqrt,GameUtils: sqrt via lookup table,body-verified-v1200
method,com.corrodinggames.rts.gameFramework,f,a(long),formatDuration,GameUtils: format duration as H:MM:SS,body-verified-v1200
method,com.corrodinggames.rts.gameFramework,f,b,getstrictfp int,real-class-inferred: com.corrodinggames.rts.gameFramework.f,real-class-v1200
method,com.corrodinggames.rts.gameFramework,f,b(String),md5Hex,GameUtils: MD5 hash as hex string,body-verified-v1200
method,com.corrodinggames.rts.gameFramework,f,c,getstrictfp boolean,real-class-inferred: com.corrodinggames.rts.gameFramework.f,real-class-v1200
method,com.corrodinggames.rts.gameFramework,f,c(String),sha256Short,GameUtils: SHA-256 truncated to 14 chars,body-verified-v1200
method,com.corrodinggames.rts.gameFramework,f,c(int),randomInt,GameUtils: random int,body-verified-v1200
method,com.corrodinggames.rts.gameFramework,f,d,getstrictfp boolean,real-class-inferred: com.corrodinggames.rts.gameFramework.f,real-class-v1200
method,com.corrodinggames.rts.gameFramework,f,e,getString,real-class-inferred: com.corrodinggames.rts.gameFramework.f,real-class-v1200
method,com.corrodinggames.rts.gameFramework,f,f,getString,real-class-inferred: com.corrodinggames.rts.gameFramework.f,real-class-v1200
method,com.corrodinggames.rts.gameFramework,f,g,getString,real-class-inferred: com.corrodinggames.rts.gameFramework.f,real-class-v1200
method,com.corrodinggames.rts.gameFramework,f,g(int),formatBytes,GameUtils: format byte count to human readable,body-verified-v1200
method,com.corrodinggames.rts.gameFramework,f,h,getString,real-class-inferred: com.corrodinggames.rts.gameFramework.f,real-class-v1200
method,com.corrodinggames.rts.gameFramework,f,h(float),formatSeconds,GameUtils: format seconds to readable duration,body-verified-v1200
method,com.corrodinggames.rts.gameFramework,f,i,getString,real-class-inferred: com.corrodinggames.rts.gameFramework.f,real-class-v1200
method,com.corrodinggames.rts.gameFramework,f,i(float),smoothstep,GameUtils: smoothstep function,body-verified-v1200
method,com.corrodinggames.rts.gameFramework,f,j,getstrictfp float,real-class-inferred: com.corrodinggames.rts.gameFramework.f,real-class-v1200
method,com.corrodinggames.rts.gameFramework,f,j(float),sinFast,GameUtils: fast sin via 8192-entry lookup table,body-verified-v1200
method,com.corrodinggames.rts.gameFramework,f,k,getstrictfp float,real-class-inferred: com.corrodinggames.rts.gameFramework.f,real-class-v1200
method,com.corrodinggames.rts.gameFramework,f,k(float),cosFast,GameUtils: fast cos via lookup table,body-verified-v1200
field,com.corrodinggames.rts.gameFramework,f,l,atanOctant1,atan(x) lookup [0..PI/2], 1025 entries
method,com.corrodinggames.rts.gameFramework,f,l(java.lang.String),parseInt,Safe Integer.parseInt [sig-backfill: returns java.lang.Integer], null on error
field,com.corrodinggames.rts.gameFramework,f,m,atanOctant2,PI/2 - atan(x) lookup, 1025 entries
method,com.corrodinggames.rts.gameFramework,f,m(java.lang.String),parseLong,Safe Long.parseLong [sig-backfill: returns java.lang.Long], null on error
field,com.corrodinggames.rts.gameFramework,f,n,atanOctant3,-atan(x) lookup, 1025 entries
method,com.corrodinggames.rts.gameFramework,f,n(java.lang.String),containsNonAscii,True if any codePoint > 128 [sig-backfill: returns boolean],verified-exists
field,com.corrodinggames.rts.gameFramework,f,o,atanOctant4,atan(x) - PI/2 lookup, 1025 entries
method,com.corrodinggames.rts.gameFramework,f,o(java.lang.String),unescapeHtml,Replace &lt; &gt; &apos; &quot; &amp; [sig-backfill: returns java.lang.String],verified-exists
field,com.corrodinggames.rts.gameFramework,f,p,atanOctant5,PI - atan(x) lookup, 1025 entries
method,com.corrodinggames.rts.gameFramework,f,p(java.lang.String),unescapeQuotedString,Remove quotes [sig-backfill: returns java.lang.String], unescape backslash seqs
field,com.corrodinggames.rts.gameFramework,f,q,atanOctant6,atan(x) + PI/2 lookup, 1025 entries
method,com.corrodinggames.rts.gameFramework,f,q(java.lang.String),stripBackslashes,Remove all backslash characters [sig-backfill: returns java.lang.String],verified-exists
field,com.corrodinggames.rts.gameFramework,f,r,atanOctant7,atan(x) - PI lookup, 1025 entries
method,com.corrodinggames.rts.gameFramework,f,r(java.lang.String),isLenientNumeric,True if digits + dots + leading minus [sig-backfill: returns boolean],verified-exists
field,com.corrodinggames.rts.gameFramework,f,s,atanOctant8,-PI/2 - atan(x) lookup, 1025 entries
method,com.corrodinggames.rts.gameFramework,f,s(java.lang.String),isStrictDecimal,True if valid decimal (at most one dot) [sig-backfill: returns boolean],verified-exists
field,com.corrodinggames.rts.gameFramework,f,t,sinLookupTable,sin(theta) lookup, 8192 entries
field,com.corrodinggames.rts.gameFramework,f,u,cosLookupTable,cos(theta) lookup, 8192 entries
method,com.corrodinggames.rts.gameFramework,l,A(),isRedrawNeeded,Check if redraw is needed (forceRedraw || drawScale),verified-exists
method,com.corrodinggames.rts.gameFramework,l,B(),getInstance,Get singleton instance,verified-exists
method,com.corrodinggames.rts.gameFramework,l,C,get_C,"""[Phase3-method] returns boolean""",verified-exists
method,com.corrodinggames.rts.gameFramework,l,D,get_D,"""[Phase3-method] returns boolean""",verified-exists
method,com.corrodinggames.rts.gameFramework,l,E(),isEngineSupported,Check if engine is supported (always true, hook)
method,com.corrodinggames.rts.gameFramework,l,F,do_F,"""[Phase3-method] returns void""",verified-exists
method,com.corrodinggames.rts.gameFramework,l,G(),getPlatformName,"""Get platform name: ""PC""/""IOS [ver]""/""SERVER""/Build.MODEL""",verified-exists
method,com.corrodinggames.rts.gameFramework,l,H(),getDeviceModel,Get device model string,verified-exists
method,com.corrodinggames.rts.gameFramework,l,I(),isRenderPaused,Check if rendering is currently paused,verified-exists
method,com.corrodinggames.rts.gameFramework,l,J(),startGameThread,Start game thread (music + battleRoom launch),verified-exists
method,com.corrodinggames.rts.gameFramework,l,K(),stopGameThreadIfNotCurrent,Stop game thread only if called from outside it,verified-exists
method,com.corrodinggames.rts.gameFramework,l,L(),stopGameThread,Stop game thread (join thread + stop music + release surface),verified-exists
method,com.corrodinggames.rts.gameFramework,l,M(),isMultiplayerConnected,Check if connected to multiplayer (not replay),verified-exists
method,com.corrodinggames.rts.gameFramework,l,N(),isInMultiplayerGame,Check if in multiplayer game (netEngine.B),verified-exists
method,com.corrodinggames.rts.gameFramework,l,O(),isInMultiplayerOrReplay,Check if in multiplayer OR replay mode,verified-exists
method,com.corrodinggames.rts.gameFramework,l,P(),isSinglePlayer,Check if in single player mode,verified-exists
method,com.corrodinggames.rts.gameFramework,l,Q(),clampCameraToBounds,Clamp camera position within map boundaries,verified-exists
method,com.corrodinggames.rts.gameFramework,l,R(),applyRenderScale,Apply render DPI scaling to canvas,verified-exists
method,com.corrodinggames.rts.gameFramework,l,S(),removeRenderScale,Remove render DPI scaling from canvas,verified-exists
method,com.corrodinggames.rts.gameFramework,l,T(),printStackTrace,Print current thread stack trace via logging,verified-exists
method,com.corrodinggames.rts.gameFramework,l,U(),getStackTraceString,Get current thread stack trace as String,verified-exists
method,com.corrodinggames.rts.gameFramework,l,V(),getCurrentTimeMs,Get current time ms,verified-exists
method,com.corrodinggames.rts.gameFramework,l,W(),getEffectiveUIScale,Calculate effective UI scale (density × uiScale × doubleScale),verified-exists
method,com.corrodinggames.rts.gameFramework,l,X(),notifyZoomChanged,Notify all zoom/density change listeners,verified-exists
method,com.corrodinggames.rts.gameFramework,l,Y(),applyInitialZoomPaints,Apply all registered zoom-listener paints (protected),verified-exists
method,com.corrodinggames.rts.gameFramework,l,Z(),clearSavePath,Clear current save path,verified-exists
method,com.corrodinggames.rts.gameFramework,l,a,onFrameStart,GlobalState: called at start of each game frame,body-verified-v1200
method,com.corrodinggames.rts.gameFramework,l,a(String,int),showAlert,Show alert dialog
field,com.corrodinggames.rts.gameFramework,l,aA,usePerThreadCrashHandler,Thread-local (vs global) crash handler flag,verified-exists
method,com.corrodinggames.rts.gameFramework,l,aA(),isShaderEffectsSupported,Check if shader effects are supported,verified-exists
method,com.corrodinggames.rts.gameFramework,l,aB,getstrictfp boolean,real-class-inferred: com.corrodinggames.rts.gameFramework.l,real-class-v1200
field,com.corrodinggames.rts.gameFramework,l,aC,textureAtlasDisabled,main-deobf-anchored: Main.class 用法/字节码锚定 (2026-08-16): 原 debugAllocations 有误; -disable_atlas 置真,main-deobf-anchored
method,com.corrodinggames.rts.gameFramework,l,aC(),printMemoryInfo,Print JVM memory stats to stdout,verified-exists
method,com.corrodinggames.rts.gameFramework,l,aD,getContext,real-class-inferred: com.corrodinggames.rts.gameFramework.l,real-class-v1200
field,com.corrodinggames.rts.gameFramework,l,aE,printUnitsEnabled,main-deobf-anchored: Main.class 用法/字节码锚定 (2026-08-16): 原 logNetwork 有误; -printunits 置真,main-deobf-anchored
method,com.corrodinggames.rts.gameFramework,l,aE(),checkMemoryAndShowWarnings,Check low memory/OOM and show warning dialogs,verified-exists
field,com.corrodinggames.rts.gameFramework,l,aF,outputUnitImagesEnabled,main-deobf-anchored: Main.class 用法/字节码锚定 (2026-08-16): 原 logAudio 有误; -outputunitimages 置真,main-deobf-anchored
method,com.corrodinggames.rts.gameFramework,l,aF(),testMemoryIntegrity,Allocate 5MB integrity test (anti-tamper),verified-exists
field,com.corrodinggames.rts.gameFramework,l,aG,oldReplayFormatEnabled,main-deobf-anchored: Main.class 用法/字节码锚定 (2026-08-16): 原 logRendering 有误; -oldreplays 置真,main-deobf-anchored
field,com.corrodinggames.rts.gameFramework,l,aH,logInput,Log input/keyboard events,verified-exists
field,com.corrodinggames.rts.gameFramework,l,aI,sandboxModeEnabled,main-deobf-anchored: Main.class 用法/字节码锚定 (2026-08-16): 原 logMemory 有误; -sandbox 置真,main-deobf-anchored
field,com.corrodinggames.rts.gameFramework,l,aJ,modsDisabled,main-deobf-anchored: Main.class 用法/字节码锚定 (2026-08-16): 原 logLifecycle 有误; -nomods 置真,main-deobf-anchored
field,com.corrodinggames.rts.gameFramework,l,aK,lobbyAddress,main-deobf-anchored: Main.class 用法/字节码锚定 (2026-08-16): 原 logTagPrefix 有误; +connect_lobby 赋值地址串,main-deobf-anchored
field,com.corrodinggames.rts.gameFramework,l,aL,useGLES30,Use OpenGL ES 3.0 backend flag,verified-exists
field,com.corrodinggames.rts.gameFramework,l,aM,postProcessingEnabled,main-deobf-anchored: Main.class 用法/字节码锚定 (2026-08-16): 原 shaderEffectsSupported 有误; -postprocessing 置真,main-deobf-anchored
field,com.corrodinggames.rts.gameFramework,l,aN,teamShadersSupported,Team color shaders supported flag,verified-exists
field,com.corrodinggames.rts.gameFramework,l,aO,safeModeEnabled,main-deobf-anchored: Main.class 用法/字节码锚定 (2026-08-16): 原 useVulkan 有误; -safemode 置真,main-deobf-anchored
field,com.corrodinggames.rts.gameFramework,l,aP,extraSafeModeEnabled,main-deobf-anchored: Main.class 用法/字节码锚定 (2026-08-16): 原 useANGLE 有误; -extrasafemode 置真,main-deobf-anchored
field,com.corrodinggames.rts.gameFramework,l,aQ,devDebugParameter,main-deobf-anchored: Main.class 用法/字节码锚定 (2026-08-16): 原 gpuRendererString 有误; -devdebug 赋字符串,main-deobf-anchored
field,com.corrodinggames.rts.gameFramework,l,aR,supportsInstancing,GPU supports hardware instancing flag,verified-exists
field,com.corrodinggames.rts.gameFramework,l,aS,isSurfaceReady,Is render surface ready,verified-exists
field,com.corrodinggames.rts.gameFramework,l,aT,debugNetwork,Debug network flag,verified-exists
field,com.corrodinggames.rts.gameFramework,l,aU,isDedicatedServer,Is dedicated server mode,verified-exists
field,com.corrodinggames.rts.gameFramework,l,aV,debugActive,Debug mode active,verified-exists
field,com.corrodinggames.rts.gameFramework,l,aW,resourcesEnabled,main-deobf-anchored: Main.class 用法/字节码锚定 (2026-08-16): 原 reloadAssets 有误; 仅资源启用分支置真 (低置信),main-deobf-anchored
field,com.corrodinggames.rts.gameFramework,l,aX,skipRendering,Skip rendering flag,verified-exists
field,com.corrodinggames.rts.gameFramework,l,aY,isDesktop,Is desktop platform flag,verified-exists
field,com.corrodinggames.rts.gameFramework,l,aZ,isIOS,Is iOS platform flag,verified-exists
method,com.corrodinggames.rts.gameFramework,l,aa(),hasPendingPlayerCallback,Check if local player has pending callback,verified-exists
method,com.corrodinggames.rts.gameFramework,l,ab(),finalizeFilesystemInit,Finalize filesystem init under sync lock,verified-exists
method,com.corrodinggames.rts.gameFramework,l,ac(),isRenderSurfaceReady,Check if render surface has view and is ready,verified-exists
method,com.corrodinggames.rts.gameFramework,l,ad(),activateRenderSurface,Activate/set render surface,verified-exists
method,com.corrodinggames.rts.gameFramework,l,ae(),getRenderSurfaceStatus,Get render surface initialization status,verified-exists
method,com.corrodinggames.rts.gameFramework,l,af(),getTouchX,Get touch X coordinate (pointer 0),verified-exists
method,com.corrodinggames.rts.gameFramework,l,ag(),getTouchY,Get touch Y coordinate (pointer 0),verified-exists
method,com.corrodinggames.rts.gameFramework,l,ah(),getModifierMask,Get current modifier key bitmask (shift=2,ctrl=1
method,com.corrodinggames.rts.gameFramework,l,ai(),getAndroidApiLevel,Get Android API level,verified-exists
field,com.corrodinggames.rts.gameFramework,l,aj,renderLock,Render thread lock object,verified-exists
method,com.corrodinggames.rts.gameFramework,l,aj(),processPendingCommands,Process all queued pending commands (protected),verified-exists
field,com.corrodinggames.rts.gameFramework,l,ak,updateLock,Update thread lock object,verified-exists
method,com.corrodinggames.rts.gameFramework,l,ak(),getCurrentMapName,Get raw current map name,verified-exists
field,com.corrodinggames.rts.gameFramework,l,al,singleton,Singleton GlobalState instance (static l),type-aware-fp-v19.114
method,com.corrodinggames.rts.gameFramework,l,al(),getDisplayMapName,Get display-safe map name (for network display),verified-exists
field,com.corrodinggames.rts.gameFramework,l,am,androidContext,Android application context,verified-exists
method,com.corrodinggames.rts.gameFramework,l,am(),getSanitizedMapName,Get sanitized/safe map name,verified-exists
field,com.corrodinggames.rts.gameFramework,l,an,gameContext,Game activity context,verified-exists
method,com.corrodinggames.rts.gameFramework,l,an(),getMapType,Get map type (custom=ai.a vs campaign=ai.b),verified-exists
field,com.corrodinggames.rts.gameFramework,l,ao,renderSurface,Render surface frontend,verified-exists
method,com.corrodinggames.rts.gameFramework,l,ao(),getCrashLogFile,Get File handle for crashes.txt,verified-exists
field,com.corrodinggames.rts.gameFramework,l,ap,renderSurfaceBack,Render surface backend,verified-exists
method,com.corrodinggames.rts.gameFramework,l,ap(),setupANRWatchdog,Setup ANR watchdog with 4000ms timeout,verified-exists
field,com.corrodinggames.rts.gameFramework,l,aq,isInitialized,Is engine initialized,verified-exists
method,com.corrodinggames.rts.gameFramework,l,aq(),initIntegrityAndCrashHandler,Allocate integrity buffer + install crash handler,verified-exists
method,com.corrodinggames.rts.gameFramework,l,ar,getstrictfp boolean,real-class-inferred: com.corrodinggames.rts.gameFramework.l,real-class-v1200
method,com.corrodinggames.rts.gameFramework,l,as,getstrictfp boolean,real-class-inferred: com.corrodinggames.rts.gameFramework.l,real-class-v1200
field,com.corrodinggames.rts.gameFramework,l,at,isPaused,Is game paused,verified-exists
method,com.corrodinggames.rts.gameFramework,l,at(),isNotDedicatedServer,Check if NOT dedicated server,verified-exists
method,com.corrodinggames.rts.gameFramework,l,au,getstrictfp boolean,real-class-inferred: com.corrodinggames.rts.gameFramework.l,real-class-v1200
field,com.corrodinggames.rts.gameFramework,l,av,lastCrashException,Last uncaught crash Throwable (static),verified-exists
method,com.corrodinggames.rts.gameFramework,l,av(),isDesktopPlatform,Check if desktop platform (aW && !aZ),verified-exists
method,com.corrodinggames.rts.gameFramework,l,aw,getstrictfp boolean,real-class-inferred: com.corrodinggames.rts.gameFramework.l,real-class-v1200
field,com.corrodinggames.rts.gameFramework,l,ax,colorLogOutput,main-deobf-anchored: Main.class 用法/字节码锚定 (2026-08-16): 原 crashOnUpdateThread 有误; -logcolor 置真,main-deobf-anchored
method,com.corrodinggames.rts.gameFramework,l,ax(),isDedicatedServer,Check if dedicated server (aU && !aW),verified-exists
field,com.corrodinggames.rts.gameFramework,l,ay,backgroundDisabled,main-deobf-anchored: Main.class 用法/字节码锚定 (2026-08-16): 原 nativeCrashDetected 有误; -nobackground 置真,main-deobf-anchored
method,com.corrodinggames.rts.gameFramework,l,ay(),isNetworkedOrReplay,Check if networked multiplayer or replay,verified-exists
field,com.corrodinggames.rts.gameFramework,l,az,outOfMemoryDetected,Out of memory detected flag,verified-exists
method,com.corrodinggames.rts.gameFramework,l,az(),isTeamShadersSupported,Check if team-colored shaders are supported,verified-exists
method,com.corrodinggames.rts.gameFramework,l,b,updateGameLogic,GlobalState: main game logic update loop,body-verified-v1200
method,com.corrodinggames.rts.gameFramework,l,b(float,float),setCameraCenter | Set camera center (converts center→topLeft),verified-exists
field,com.corrodinggames.rts.gameFramework,l,bA,screenHeight,Screen height in physical pixels,verified-exists
field,com.corrodinggames.rts.gameFramework,l,bB,viewportWidth,Viewport/logical width,verified-exists
field,com.corrodinggames.rts.gameFramework,l,bC,viewportHeight,Viewport/logical height,verified-exists
field,com.corrodinggames.rts.gameFramework,l,bD,screenResized,Screen size changed flag,verified-exists
field,com.corrodinggames.rts.gameFramework,l,bE,methodTracing,Method tracing enabled (Debug.stopMethodTracing),verified-exists
field,com.corrodinggames.rts.gameFramework,l,bF,renderThreadRunning,Render thread is running (volatile),verified-exists
field,com.corrodinggames.rts.gameFramework,l,bG,updateThreadRunning,Update thread is running (volatile),verified-exists
field,com.corrodinggames.rts.gameFramework,l,bH,renderPaused,Render thread paused (volatile),verified-exists
field,com.corrodinggames.rts.gameFramework,l,bI,updatePaused,Update thread paused (volatile),verified-exists
field,com.corrodinggames.rts.gameFramework,l,bJ,targetFpsInt,Target FPS as integer,verified-exists
field,com.corrodinggames.rts.gameFramework,l,bK,versionInfo,Version info object (i = VersionInfo),verified-exists
field,com.corrodinggames.rts.gameFramework,l,bL,gameRenderer,OpenGL game renderer (b = GameRenderer),verified-exists
field,com.corrodinggames.rts.gameFramework,l,bM,soundEngine,Sound engine,verified-exists
field,com.corrodinggames.rts.gameFramework,l,bN,musicController,Music controller,verified-exists
field,com.corrodinggames.rts.gameFramework,l,bO,canvas,Main canvas,verified-exists
field,com.corrodinggames.rts.gameFramework,l,bP,audioEngine,Audio engine (gameFramework.a = SoundRegistry),verified-exists
field,com.corrodinggames.rts.gameFramework,l,bQ,settingsEngine,Settings/config engine (SettingsEngine),verified-exists
field,com.corrodinggames.rts.gameFramework,l,bR,effectManager,Effect manager,verified-exists
field,com.corrodinggames.rts.gameFramework,l,bS,unitFactory,Unit factory / HUD,verified-exists
field,com.corrodinggames.rts.gameFramework,l,bT,inputController,Input controller,verified-exists
field,com.corrodinggames.rts.gameFramework,l,bU,pathEngine,Pathfinding engine (k.l = PathEngine),verified-exists
field,com.corrodinggames.rts.gameFramework,l,bV,hudManager,HUD/UI manager (aa = HUDManager),verified-exists
field,com.corrodinggames.rts.gameFramework,l,bW,minimapHandler,Minimap handler,verified-exists
field,com.corrodinggames.rts.gameFramework,l,bX,netEngine,Network engine (ad = NetEngine),verified-exists
field,com.corrodinggames.rts.gameFramework,l,bY,commandProcessor,Command processor (bg),verified-exists
field,com.corrodinggames.rts.gameFramework,l,bZ,localizationEngine,Localization/mod manager (i.a),verified-exists
field,com.corrodinggames.rts.gameFramework,l,ba,isSteam,Is Steam platform flag,verified-exists
field,com.corrodinggames.rts.gameFramework,l,bb,displayInitialized,main-deobf-anchored: Main.class 用法/字节码锚定 (2026-08-16): 原 isAmazon 有误; 桌面启动置真 (低置信派生),main-deobf-anchored
field,com.corrodinggames.rts.gameFramework,l,bc,useNewAudio,Use new audio engine,verified-exists
field,com.corrodinggames.rts.gameFramework,l,bd,useOpenAL,Use OpenAL audio backend,verified-exists
field,com.corrodinggames.rts.gameFramework,l,be,useLWJGLAudio,Use LWJGL audio backend,verified-exists
field,com.corrodinggames.rts.gameFramework,l,bf,useAndroidAudio,Use Android audio backend,verified-exists
field,com.corrodinggames.rts.gameFramework,l,bg,rendererClass,main-deobf-anchored: Main.class 用法/字节码锚定 (2026-08-16): 原 mainActivityClass 有误; 值为渲染器 Class 对象,main-deobf-anchored
field,com.corrodinggames.rts.gameFramework,l,bh,textureAtlas,Global texture atlas/manager (m.y),verified-exists
field,com.corrodinggames.rts.gameFramework,l,bi,isMenuMode,Is in menu mode,verified-exists
field,com.corrodinggames.rts.gameFramework,l,bj,showConsole,Show debug console,verified-exists
field,com.corrodinggames.rts.gameFramework,l,bk,isConsoleOpen,Is console currently open,verified-exists
field,com.corrodinggames.rts.gameFramework,l,bl,isInMatch,Is in match,verified-exists
field,com.corrodinggames.rts.gameFramework,l,bm,isReplayMode,Is replay playback mode,verified-exists
field,com.corrodinggames.rts.gameFramework,l,bn,isReplayRecording,Is recording replay,verified-exists
field,com.corrodinggames.rts.gameFramework,l,bo,isReplayPaused,Is replay paused,verified-exists
field,com.corrodinggames.rts.gameFramework,l,bp,isFastForward,Is fast-forward mode,verified-exists
field,com.corrodinggames.rts.gameFramework,l,bq,isSlowMotion,Is slow-motion mode,verified-exists
field,com.corrodinggames.rts.gameFramework,l,br,isStepFrame,Is single-step frame mode,verified-exists
field,com.corrodinggames.rts.gameFramework,l,bs,currentPlayer,Current local player,verified-exists
field,com.corrodinggames.rts.gameFramework,l,bt,gameSpeed,Game speed multiplier,verified-exists
field,com.corrodinggames.rts.gameFramework,l,bu,targetFps,Target FPS (-1.0=auto, set by settings)
field,com.corrodinggames.rts.gameFramework,l,bv,vsyncEnabled,VSync enabled flag,verified-exists
field,com.corrodinggames.rts.gameFramework,l,bw,fpsLimited,FPS limited flag,verified-exists
field,com.corrodinggames.rts.gameFramework,l,bx,gameTick,Game tick counter,verified-exists
field,com.corrodinggames.rts.gameFramework,l,by,currentFrame,Current frame,verified-exists
field,com.corrodinggames.rts.gameFramework,l,bz,screenWidth,Screen width in physical pixels,verified-exists
method,com.corrodinggames.rts.gameFramework,l,c,renderFrame,GlobalState: render current frame,body-verified-v1200
method,com.corrodinggames.rts.gameFramework,l,c(String,String),showMessageBox,Show message box dialog (title
field,com.corrodinggames.rts.gameFramework,l,cA,viewportWorldWidth,Viewport width in world units,verified-exists
field,com.corrodinggames.rts.gameFramework,l,cB,viewportWorldHeight,Viewport height in world units,verified-exists
field,com.corrodinggames.rts.gameFramework,l,cC,lastFrameTimeMs,Last frame timestamp (ms),verified-exists
field,com.corrodinggames.rts.gameFramework,l,cD,deltaTime,Frame delta time (seconds),verified-exists
field,com.corrodinggames.rts.gameFramework,l,cE,renderDeltaTime,Render thread delta time (smoothed),verified-exists
field,com.corrodinggames.rts.gameFramework,l,cF,fpsAccumulator,FPS frame counter accumulator,verified-exists
field,com.corrodinggames.rts.gameFramework,l,cG,currentFps,Current frames-per-second,verified-exists
field,com.corrodinggames.rts.gameFramework,l,cH,averageFps,Running average FPS,verified-exists
field,com.corrodinggames.rts.gameFramework,l,cI,minFps,Minimum recorded FPS,verified-exists
field,com.corrodinggames.rts.gameFramework,l,cJ,maxFps,Maximum recorded FPS,verified-exists
field,com.corrodinggames.rts.gameFramework,l,cK,screenRect,Screen rectangle (Rect, int)
field,com.corrodinggames.rts.gameFramework,l,cL,viewportRect,Viewport rectangle (Rect, int)
field,com.corrodinggames.rts.gameFramework,l,cM,screenRectF,Screen rectangle (RectF, float)
field,com.corrodinggames.rts.gameFramework,l,cN,clippedDrawRect,Clipped draw region (Rect),verified-exists
field,com.corrodinggames.rts.gameFramework,l,cO,worldViewRect,Visible world region (RectF),verified-exists
field,com.corrodinggames.rts.gameFramework,l,cP,uiClipRect,UI clipping rectangle (RectF),verified-exists
field,com.corrodinggames.rts.gameFramework,l,cQ,worldBoundsRect,World bounds rectangle (Rect),verified-exists
field,com.corrodinggames.rts.gameFramework,l,cR,isDrawing,Currently drawing a frame flag,verified-exists
field,com.corrodinggames.rts.gameFramework,l,cS,forceRedraw,Force full redraw next frame,verified-exists
field,com.corrodinggames.rts.gameFramework,l,cT,drawScale,Draw scale multiplier,verified-exists
field,com.corrodinggames.rts.gameFramework,l,cU,useHighResTimer,Use high-resolution timer flag,verified-exists
field,com.corrodinggames.rts.gameFramework,l,cV,timeScale,Game time scale (1.0=normal),verified-exists
field,com.corrodinggames.rts.gameFramework,l,cW,renderingEnabled,Rendering enabled flag,verified-exists
field,com.corrodinggames.rts.gameFramework,l,cX,renderScale,Render resolution scale,verified-exists
field,com.corrodinggames.rts.gameFramework,l,cY,uiRenderScale,UI render resolution scale,verified-exists
field,com.corrodinggames.rts.gameFramework,l,cZ,renderToTexture,Render-to-texture mode flag,verified-exists
field,com.corrodinggames.rts.gameFramework,l,ca,gameSaver,Game save/load engine (y = GameSaver),verified-exists
field,com.corrodinggames.rts.gameFramework,l,cb,replayEngine,Replay record/playback engine (ba = ReplayEngine),verified-exists
field,com.corrodinggames.rts.gameFramework,l,cc,spaceQuery,Spatial query engine (units.f.c),verified-exists
field,com.corrodinggames.rts.gameFramework,l,cd,spriteBatch,Sprite batch renderer (br),verified-exists
field,com.corrodinggames.rts.gameFramework,l,ce,aiSpawner,AI wave spawn controller (n.f),verified-exists
field,com.corrodinggames.rts.gameFramework,l,cf,commandController,Command controller (c = CommandController),verified-exists
field,com.corrodinggames.rts.gameFramework,l,cg,dataSerializer,Game data serializer (g.a = DataFieldProvider),verified-exists
field,com.corrodinggames.rts.gameFramework,l,ch,cameraFollowing,Camera follow mode active flag,verified-exists
field,com.corrodinggames.rts.gameFramework,l,ci,viewScale,Current view/zoom scale,verified-exists
field,com.corrodinggames.rts.gameFramework,l,cj,targetViewScale,Target view scale (smooth zoom),verified-exists
field,com.corrodinggames.rts.gameFramework,l,ck,screenSize,"main-deobf-anchored: Main.class 用法/字节码锚定 (2026-08-16): 原 mouseScreenPos 有误; new Point(宽,高)",main-deobf-anchored
field,com.corrodinggames.rts.gameFramework,l,cl,cameraTargetX,Soft camera target X (smooth follow),verified-exists
field,com.corrodinggames.rts.gameFramework,l,cm,cameraTargetY,Soft camera target Y (smooth follow),verified-exists
field,com.corrodinggames.rts.gameFramework,l,cn,minZoom,Minimum zoom level (default 1.0),verified-exists
field,com.corrodinggames.rts.gameFramework,l,co,maxZoom,Maximum zoom level,verified-exists
field,com.corrodinggames.rts.gameFramework,l,cp,uiScale,UI/interface scale factor,verified-exists
field,com.corrodinggames.rts.gameFramework,l,cq,cameraShakeOffsetX,Camera shake offset X,verified-exists
field,com.corrodinggames.rts.gameFramework,l,cr,cameraShakeOffsetY,Camera shake offset Y,verified-exists
field,com.corrodinggames.rts.gameFramework,l,cs,cameraShakeIntensity,Camera shake intensity/magnitude,verified-exists
field,com.corrodinggames.rts.gameFramework,l,ct,cameraBoundsClamped,Camera bounds were clamped this frame,verified-exists
field,com.corrodinggames.rts.gameFramework,l,cu,cameraIntX,Camera X as integer pixels,verified-exists
field,com.corrodinggames.rts.gameFramework,l,cv,cameraIntY,Camera Y as integer pixels,verified-exists
field,com.corrodinggames.rts.gameFramework,l,cw,cameraX,Camera X offset,verified-exists
field,com.corrodinggames.rts.gameFramework,l,cx,cameraY,Camera Y offset,verified-exists
field,com.corrodinggames.rts.gameFramework,l,cy,cameraRawX,Camera raw X (continuous, pre-quantize)
field,com.corrodinggames.rts.gameFramework,l,cz,cameraRawY,Camera raw Y (continuous, pre-quantize)
method,com.corrodinggames.rts.gameFramework,l,d,onGameInit,GlobalState: initialize game state,body-verified-v1200
method,com.corrodinggames.rts.gameFramework,l,d(String,String),initFilesystem,verified-exists
field,com.corrodinggames.rts.gameFramework,l,dD,mainThreadHandler,Main/UI thread Handler (Looper.b()),verified-exists
field,com.corrodinggames.rts.gameFramework,l,dE,installSource,App installation source (e.g. Google Play),verified-exists
field,com.corrodinggames.rts.gameFramework,l,dF,androidDeviceId,Android device unique ID,verified-exists
field,com.corrodinggames.rts.gameFramework,l,dG,deviceDisplayName,Human-readable device name,verified-exists
field,com.corrodinggames.rts.gameFramework,l,dH,localPlayer,Local player state (n = PlayerState),verified-exists
field,com.corrodinggames.rts.gameFramework,l,dI,currentSavePath,Current save file path (transient),verified-exists
field,com.corrodinggames.rts.gameFramework,l,dM,permissionsGranted,Android permissions granted flags (boolean[10]),verified-exists
field,com.corrodinggames.rts.gameFramework,l,dN,pendingCommandQueue,Queued pending commands (ConcurrentLinkedQueue),verified-exists
field,com.corrodinggames.rts.gameFramework,l,dO,nativeLibraryLoaded,Native (C++) library loaded flag,verified-exists
field,com.corrodinggames.rts.gameFramework,l,dP,integrityTable1,Anti-tamper integrity table 1 (byte[]),verified-exists
field,com.corrodinggames.rts.gameFramework,l,dQ,integrityTable2,Anti-tamper integrity table 2 (byte[]),verified-exists
field,com.corrodinggames.rts.gameFramework,l,dR,integrityTable3,Anti-tamper integrity table 3 (byte[]),verified-exists
field,com.corrodinggames.rts.gameFramework,l,dS,overlayRenderer,Debug overlay renderer (d),verified-exists
field,com.corrodinggames.rts.gameFramework,l,dT,antiCheatEnabled,Anti-cheat system enabled flag,verified-exists
field,com.corrodinggames.rts.gameFramework,l,dU,problemReportCount,Problem report counter (max 1000),verified-exists
field,com.corrodinggames.rts.gameFramework,l,dV,tamperDetected,Tampering detected flag,verified-exists
field,com.corrodinggames.rts.gameFramework,l,dW,oomPhase,Out-of-memory phase tracker (u enum),verified-exists
field,com.corrodinggames.rts.gameFramework,l,dX,lowMemoryDetected,Low memory condition detected flag,verified-exists
field,com.corrodinggames.rts.gameFramework,l,dY,lowMemoryWarningShown,Low memory warning dialog shown,verified-exists
field,com.corrodinggames.rts.gameFramework,l,dZ,integrityToken1,Anti-tamper integrity token byte 1,verified-exists
field,com.corrodinggames.rts.gameFramework,l,da,menuTransitionProgress,Menu transition progress (0→1),verified-exists
field,com.corrodinggames.rts.gameFramework,l,db,menuTransitionTarget,Menu transition target state,verified-exists
field,com.corrodinggames.rts.gameFramework,l,dc,debugShowFps,Debug: show FPS counter,verified-exists
field,com.corrodinggames.rts.gameFramework,l,dd,debugShowUnitInfo,Debug: show unit counts/info,verified-exists
field,com.corrodinggames.rts.gameFramework,l,de,debugShowNetworkInfo,Debug: show network statistics,verified-exists
field,com.corrodinggames.rts.gameFramework,l,df,debugShowMemoryInfo,Debug: show memory statistics,verified-exists
field,com.corrodinggames.rts.gameFramework,l,dg,debugShowHitboxes,Debug: show collision hitboxes,verified-exists
field,com.corrodinggames.rts.gameFramework,l,dh,soundVolume,Sound effects volume (0.0-1.0),verified-exists
field,com.corrodinggames.rts.gameFramework,l,di,musicVolume,Music volume (0.0-1.0),verified-exists
field,com.corrodinggames.rts.gameFramework,l,dj,audioMuted,All audio muted flag,verified-exists
field,com.corrodinggames.rts.gameFramework,l,dk,battleRoom,Battle room / lobby instance (z),verified-exists
field,com.corrodinggames.rts.gameFramework,l,dl,currentMapName,Currently loaded map name,verified-exists
field,com.corrodinggames.rts.gameFramework,l,dm,inputHandler,Input handler (k = GameInput),verified-exists
field,com.corrodinggames.rts.gameFramework,l,dn,backgroundPaint,Background drawing paint,verified-exists
field,com.corrodinggames.rts.gameFramework,l,do,uiForegroundPaint,UI foreground drawing paint,verified-exists
field,com.corrodinggames.rts.gameFramework,l,dp,textPaint,Text drawing paint,verified-exists
field,com.corrodinggames.rts.gameFramework,l,dq,loadingComplete,Asset loading complete flag,verified-exists
field,com.corrodinggames.rts.gameFramework,l,dr,assetsReloaded,Assets were hot-reloaded flag,verified-exists
field,com.corrodinggames.rts.gameFramework,l,ds,loadProgress,Asset loading progress (0.0-1.0),verified-exists
field,com.corrodinggames.rts.gameFramework,l,dt,showingLoadScreen,Loading screen visible flag,verified-exists
field,com.corrodinggames.rts.gameFramework,l,du,showingMenu,Menu screen visible flag,verified-exists
field,com.corrodinggames.rts.gameFramework,l,dv,backKeyPressed,Back key was pressed flag,verified-exists
field,com.corrodinggames.rts.gameFramework,l,dw,screenOrientation,Current screen orientation,verified-exists
field,com.corrodinggames.rts.gameFramework,l,dx,batteryLevel,Device battery level (0.0-1.0),verified-exists
field,com.corrodinggames.rts.gameFramework,l,dy,steamManager,Steam platform manager (o),verified-exists
field,com.corrodinggames.rts.gameFramework,l,dz,deviceModelName,Device model name string (static),verified-exists
method,com.corrodinggames.rts.gameFramework,l,e,onGameExit,GlobalState: cleanup on game exit,body-verified-v1200
method,com.corrodinggames.rts.gameFramework,l,e(String,String),writeCrashToFile | Append crash report to crash log file,verified-exists
field,com.corrodinggames.rts.gameFramework,l,ea,integrityToken2,Anti-tamper integrity token byte 2,verified-exists
field,com.corrodinggames.rts.gameFramework,l,eb,lockA,Synchronization lock A (q),verified-exists
field,com.corrodinggames.rts.gameFramework,l,ec,lockB,Synchronization lock B (q = used for runnable dispatch),verified-exists
field,com.corrodinggames.rts.gameFramework,l,ed,lockC,Synchronization lock C (q),verified-exists
field,com.corrodinggames.rts.gameFramework,l,ee,gameStarted,Game has started flag,verified-exists
field,com.corrodinggames.rts.gameFramework,l,ef,gameEnding,Game is ending/shutting down flag,verified-exists
field,com.corrodinggames.rts.gameFramework,l,eg,lastErrorString,Last error message string,verified-exists
field,com.corrodinggames.rts.gameFramework,l,eh,crashReported,Crash has been reported flag,verified-exists
field,com.corrodinggames.rts.gameFramework,l,ei,developerMode,Developer/debug mode enabled,verified-exists
field,com.corrodinggames.rts.gameFramework,l,ej,errorReportCount,Error report counter (max 10),verified-exists
method,com.corrodinggames.rts.gameFramework,l,f,getDeltaTime,GlobalState: get frame delta time,body-verified-v1200
method,com.corrodinggames.rts.gameFramework,l,f(String,String),sendChatMessage | Send chat message via interface engine,verified-exists
method,com.corrodinggames.rts.gameFramework,l,g,getElapsedTime,GlobalState: get total elapsed game time,body-verified-v1200
method,com.corrodinggames.rts.gameFramework,l,g(int),isKeyJustPressed,Check if key just transitioned up→down (edge trigger),verified-exists
method,com.corrodinggames.rts.gameFramework,l,h,isPaused,GlobalState: check if game is paused,body-verified-v1200
method,com.corrodinggames.rts.gameFramework,l,h(int),isKeyDown,Check if key is currently held down,verified-exists
method,com.corrodinggames.rts.gameFramework,l,i,setPaused,GlobalState: toggle game pause state,body-verified-v1200
method,com.corrodinggames.rts.gameFramework,l,i(String),showToast,Show toast message,verified-exists
method,com.corrodinggames.rts.gameFramework,l,j,getGameSpeed,GlobalState: get current game speed multiplier,body-verified-v1200
method,com.corrodinggames.rts.gameFramework,l,j(int),modifierMaskToString,"""Convert modifier bitmask to string (""shift+ctrl+alt+"")""",verified-exists
method,com.corrodinggames.rts.gameFramework,l,k,setGameSpeed,GlobalState: set game speed multiplier,body-verified-v1200
method,com.corrodinggames.rts.gameFramework,l,k(int),enqueueKeyEvent,Enqueue key event to pending command queue,verified-exists
method,com.corrodinggames.rts.gameFramework,l,l,getFPS,GlobalState: get current frames per second,body-verified-v1200
method,com.corrodinggames.rts.gameFramework,l,l(String),extractMapLevel,Extract map level number from file name,verified-exists
method,com.corrodinggames.rts.gameFramework,l,m,isMultiplayer,GlobalState: check if multiplayer game,body-verified-v1200
method,com.corrodinggames.rts.gameFramework,l,m(String),findNextMapLevel,Find next higher-level map in same directory,verified-exists
method,com.corrodinggames.rts.gameFramework,l,n,isReplay,GlobalState: check if replay playback,body-verified-v1200
method,com.corrodinggames.rts.gameFramework,l,n(String),reportProblem,Report problem (rate-limited: 1000×log, 10×alert)
method,com.corrodinggames.rts.gameFramework,l,o,getRandom,GlobalState: get shared random number generator,body-verified-v1200
method,com.corrodinggames.rts.gameFramework,l,o(String),hasPermission,Check if permission string is granted,verified-exists
method,com.corrodinggames.rts.gameFramework,l,p,getScreenSize,GlobalState: get screen dimensions,body-verified-v1200
method,com.corrodinggames.rts.gameFramework,l,p(String),logAndNetworkSend,Log warning + stack trace + network send (rate-limited 10×),verified-exists
method,com.corrodinggames.rts.gameFramework,l,q,getCameraPosition,GlobalState: get camera view position,body-verified-v1200
method,com.corrodinggames.rts.gameFramework,l,r,setCameraPosition,GlobalState: set camera view position,body-verified-v1200
method,com.corrodinggames.rts.gameFramework,l,s,getCameraZoom,GlobalState: get camera zoom level,body-verified-v1200
method,com.corrodinggames.rts.gameFramework,l,t,setCameraZoom,GlobalState: set camera zoom level,body-verified-v1200
method,com.corrodinggames.rts.gameFramework,l,u,getInputState,GlobalState: get current input/touch state,body-verified-v1200
method,com.corrodinggames.rts.gameFramework,l,u(),getVersion,Get game version string,verified-exists
method,com.corrodinggames.rts.gameFramework,l,v,getNetworkEngine,GlobalState: get network engine reference,body-verified-v1200
method,com.corrodinggames.rts.gameFramework,l,v(),getBuildNumber,Get build number,verified-exists
method,com.corrodinggames.rts.gameFramework,l,w,getRenderEngine,GlobalState: get rendering engine reference,body-verified-v1200
method,com.corrodinggames.rts.gameFramework,l,x,getAudioEngine,GlobalState: get audio engine reference,body-verified-v1200
method,com.corrodinggames.rts.gameFramework,l,y,getPlayerState,GlobalState: get local player state,body-verified-v1200
method,com.corrodinggames.rts.gameFramework,l,z,getGameWorld,GlobalState: get game world reference,body-verified-v1200
method,com.corrodinggames.rts.gameFramework,w,S,getstrictfp void,real-class-inferred: com.corrodinggames.rts.gameFramework.w,real-class-v1200
field,com.corrodinggames.rts.gameFramework,w,a,o,real-class-inferred: com.corrodinggames.rts.gameFramework.w,real-class-v1200
method,com.corrodinggames.rts.gameFramework,w,b(long, boolean),readFromStream,verified-exists
method,com.corrodinggames.rts.gameFramework,w,c(float),getEntityId,Return unique entity handle (eh) [sig-backfill: returns boolean],verified-exists
method,com.corrodinggames.rts.gameFramework,w,d(float),getEntityType,Return entity type identifier [sig-backfill: returns void],verified-exists
method,com.corrodinggames.rts.gameFramework,w,dK,geto,real-class-inferred: com.corrodinggames.rts.gameFramework.w,real-class-v1200
method,com.corrodinggames.rts.gameFramework,w,dL,getstrictfp void,real-class-inferred: com.corrodinggames.rts.gameFramework.w,real-class-v1200
method,com.corrodinggames.rts.gameFramework,w,e(float),isValid,Check if object is valid/not disposed [sig-backfill: returns void],verified-exists
field,com.corrodinggames.rts.gameFramework,w,eh,long,real-class-inferred: com.corrodinggames.rts.gameFramework.w,real-class-v1200
field,com.corrodinggames.rts.gameFramework,w,ei,zComparator,Static z-order comparator for render sorting,verified-exists
field,com.corrodinggames.rts.gameFramework,w,ej,boolean1,real-class-inferred: com.corrodinggames.rts.gameFramework.w,real-class-v1200
field,com.corrodinggames.rts.gameFramework,w,ek,boolean2,real-class-inferred: com.corrodinggames.rts.gameFramework.w,real-class-v1200
field,com.corrodinggames.rts.gameFramework,w,el,boolean3,real-class-inferred: com.corrodinggames.rts.gameFramework.w,real-class-v1200
field,com.corrodinggames.rts.gameFramework,w,em,renderLayer,Render layer (0=world, 10=top overlay)
field,com.corrodinggames.rts.gameFramework,w,en,depthIndex,Sort order within render layer,verified-exists
field,com.corrodinggames.rts.gameFramework,w,eo,worldX,World X position,verified-exists
field,com.corrodinggames.rts.gameFramework,w,ep,worldY,World Y position (also tertiary sort key),verified-exists
field,com.corrodinggames.rts.gameFramework,w,eq,altitude,Height above ground / Z-coordinate,verified-exists
field,com.corrodinggames.rts.gameFramework,w,er,isDisposed,Object disposed/destroyed flag,verified-exists
field,com.corrodinggames.rts.gameFramework,w,es,objectWidth,Object bounding width,suspicious-bc-missing
field,com.corrodinggames.rts.gameFramework,w,et,objectHeight,Object bounding height,suspicious-bc-missing
field,com.corrodinggames.rts.gameFramework,w,eu,boundingRadius,Circular bounding radius,suspicious-bc-missing
method,com.corrodinggames.rts.gameFramework,w,f(float),dispose,Mark object as disposed/destroyed [sig-backfill: returns boolean],verified-exists
method,com.corrodinggames.rts.gameFramework,w,g,onPositionChanged,[[MANUAL: GameObject base overload]: multi-overload — needs manual disambiguation] Callback when position changes (0 overloads),suspicious-bc-missing
method,com.corrodinggames.rts.gameFramework,w,h,getSortPriority,[[MANUAL: GameObject base overload]: multi-overload — needs manual disambiguation] Return render sort priority (0 overloads),suspicious-bc-missing
method,com.corrodinggames.rts.gameFramework,w,i,isSelectable,[[MANUAL: GameObject base overload]: multi-overload — needs manual disambiguation] Whether object can be selected (0 overloads),suspicious-bc-missing
method,com.corrodinggames.rts.gameFramework,w,j,getDisplayName,[[MANUAL: GameObject base overload]: multi-overload — needs manual disambiguation] Return display name for debug/UI (0 overloads),suspicious-bc-missing
method,com.corrodinggames.rts.gameFramework,w,k,onAddedToWorld,[[MANUAL: GameObject base overload]: multi-overload — needs manual disambiguation] Callback when added to game world (0 overloads),suspicious-bc-missing
method,com.corrodinggames.rts.gameFramework,w,l,onRemovedFromWorld,[[MANUAL: GameObject base overload]: multi-overload — needs manual disambiguation] Callback when removed from world (0 overloads),suspicious-bc-missing
method,com.corrodinggames.rts.gameFramework,w,m,getBounds,[[MANUAL: GameObject base overload]: multi-overload — needs manual disambiguation] Return bounding rectangle (0 overloads),suspicious-bc-missing
method,com.corrodinggames.rts.gameFramework,w,n,onTick,[[MANUAL: GameObject base overload]: multi-overload — needs manual disambiguation] Per-frame update callback (0 overloads),suspicious-bc-missing
method,com.corrodinggames.rts.gameFramework,w,o,isVisible,[[MANUAL: GameObject base overload]: multi-overload — needs manual disambiguation] Check if currently visible on screen (0 overloads),suspicious-bc-missing
method,com.corrodinggames.rts.gameFramework,w,p(float),getDrawLayer,Return draw layer for z-ordering [sig-backfill: returns void],verified-exists
method,com.corrodinggames.rts.gameFramework,y,a,getstrictfp boolean,real-class-inferred: com.corrodinggames.rts.gameFramework.y,real-class-v1200
method,com.corrodinggames.rts.gameFramework,y,b,getstrictfp void,real-class-inferred: com.corrodinggames.rts.gameFramework.y,real-class-v1200
method,com.corrodinggames.rts.gameFramework,y,c,getstrictfp void,real-class-inferred: com.corrodinggames.rts.gameFramework.y,real-class-v1200
field,com.corrodinggames.rts.gameFramework.b,GLUniform,a,uniformName,Uniform variable name (String),verified-exists
field,com.corrodinggames.rts.gameFramework.b,GLUniform,b,uniformType,Uniform type enum (int),verified-exists
field,com.corrodinggames.rts.gameFramework.b,GLUniform,c,uniformLocation,GL uniform location handle (int),verified-exists
field,com.corrodinggames.rts.gameFramework.b,IntStack,a,stackData,Stack data array (int[]),verified-exists
field,com.corrodinggames.rts.gameFramework.b,IntStack,b,stackPointer,Current stack pointer (int),verified-exists
field,com.corrodinggames.rts.gameFramework.b,LineStyle,a,lineWidth,Line width (float),verified-exists
field,com.corrodinggames.rts.gameFramework.b,LineStyle,b,lineColor,Line color ARGB (int),verified-exists
field,com.corrodinggames.rts.gameFramework.b,LineStyle,c,lineStyle,Line Paint.Style (int),unverifiable-rebuilt
field,com.corrodinggames.rts.gameFramework.b,TextureConfig,a,filterMode,GL filter mode (int),verified-exists
field,com.corrodinggames.rts.gameFramework.b,TextureConfig,b,wrapMode,GL wrap mode (int),unverifiable-rebuilt
field,com.corrodinggames.rts.gameFramework.b,TextureConfig,c,generateMipmaps,Generate mipmaps flag (boolean),verified-exists
method,com.corrodinggames.rts.gameFramework.b,ah,a,reset,real-class-inferred: com.corrodinggames.rts.gameFramework.b.ah,real-class-v1200
field,com.corrodinggames.rts.gameFramework.b,ah,l,bitmapCache,Cached bitmap edge pixels (static HashMap),verified-exists
field,com.corrodinggames.rts.gameFramework.b,ah,n,filterMode,GL texture filter mode (9729=GL_LINEAR, package-private int)
field,com.corrodinggames.rts.gameFramework.b,ah,o,cacheKey,Reusable cache lookup key (static ai),verified-exists
field,com.corrodinggames.rts.gameFramework.b,ah,p,contentValid,GL content in sync with bitmap (private boolean),verified-exists
field,com.corrodinggames.rts.gameFramework.b,ah,t,throttleSkip,Throttle skip flag (private boolean),verified-exists
field,com.corrodinggames.rts.gameFramework.b,ah,u,throttleCount,Throttle counter (private static int),verified-exists
field,com.corrodinggames.rts.gameFramework.b,ah,v,borderSize,Pixel padding at texture edges (private int),verified-exists
method,com.corrodinggames.rts.gameFramework.b,al,a,setValue,real-class-inferred: com.corrodinggames.rts.gameFramework.b.al,real-class-v1200
method,com.corrodinggames.rts.gameFramework.b,al,b,uploadToVbo,[V] b()->void; upload vertex buffer to GPU (al.java:37),verified-exists
method,com.corrodinggames.rts.gameFramework.b,al,c,reset,real-class-inferred: com.corrodinggames.rts.gameFramework.b.al,real-class-v1200
method,com.corrodinggames.rts.gameFramework.b,al,d,reset,real-class-inferred: com.corrodinggames.rts.gameFramework.b.al,real-class-v1200
method,com.corrodinggames.rts.gameFramework.b,al,e,reset,real-class-inferred: com.corrodinggames.rts.gameFramework.b.al,real-class-v1200
field,com.corrodinggames.rts.gameFramework.b,al,f,parentDrawCall,Parent DrawCall reference (final aj),verified-exists
method,com.corrodinggames.rts.gameFramework.b,b,a,reset,real-class-inferred: com.corrodinggames.rts.gameFramework.b.b,real-class-v1200
method,com.corrodinggames.rts.gameFramework.b,b,b,reset,real-class-inferred: com.corrodinggames.rts.gameFramework.b.b,real-class-v1200
method,com.corrodinggames.rts.gameFramework.b,b,c,isEnabled,real-class-inferred: com.corrodinggames.rts.gameFramework.b.b,real-class-v1200
method,com.corrodinggames.rts.gameFramework.b,b,d,getint,real-class-inferred: com.corrodinggames.rts.gameFramework.b.b,real-class-v1200
method,com.corrodinggames.rts.gameFramework.b,b,e,getint,real-class-inferred: com.corrodinggames.rts.gameFramework.b.b,real-class-v1200
method,com.corrodinggames.rts.gameFramework.b,b,f,isEnabled,real-class-inferred: com.corrodinggames.rts.gameFramework.b.b,real-class-v1200
field,com.corrodinggames.rts.gameFramework.b,b,g,texCoordScaleU,Texture coordinate U scale (1.0/textureWidth),verified-exists
method,com.corrodinggames.rts.gameFramework.b,b,g(),rebindAllShaderPrograms,[v10.3-resolved: unique match,verified-exists
field,com.corrodinggames.rts.gameFramework.b,b,h,texCoordScaleV,Texture coordinate V scale (1.0/textureHeight),verified-exists
method,com.corrodinggames.rts.gameFramework.b,b,h(),getBaseAlpha,[v10.3-resolved: unique match,verified-exists
field,com.corrodinggames.rts.gameFramework.b,b,i,useCount,Usage/reference count (int),verified-exists
method,com.corrodinggames.rts.gameFramework.b,b,i(),getCurrentMatrix,[v10.3-resolved: unique match,verified-exists
field,com.corrodinggames.rts.gameFramework.b,b,j,dirtyFlag,Dirty/invalidation flag (boolean),type-aware-fp-v19.114
method,com.corrodinggames.rts.gameFramework.b,b,j(),pushTransform,[v10.3-resolved: unique match | returns void] Push transform onto stack,verified-exists
field,com.corrodinggames.rts.gameFramework.b,b,k,renderer,GLRenderer reference (k = GLRenderer),verified-exists
method,com.corrodinggames.rts.gameFramework.b,b,k(),popTransform,[v10.3-resolved: unique match | returns void] Pop transform from stack,verified-exists
method,com.corrodinggames.rts.gameFramework.b,b,l,resetRendererState,[[MANUAL: GL batch renderer overload - low-level]: multi-overload — needs manual disambiguation] Reset all cached GL state,suspicious-bc-missing
method,com.corrodinggames.rts.gameFramework.b,b,m,beginBatchMode,[[MANUAL: GL batch renderer overload - low-level]: multi-overload — needs manual disambiguation] Enter batch rendering mode,suspicious-bc-missing
method,com.corrodinggames.rts.gameFramework.b,b,n,beginImmediateMode,[[MANUAL: GL batch renderer overload - low-level]: multi-overload — needs manual disambiguation] Enter immediate rendering mode,suspicious-bc-missing
method,com.corrodinggames.rts.gameFramework.b,b,o,flushBatch,[[MANUAL: GL batch renderer overload - low-level]: multi-overload — needs manual disambiguation] Flush batch drawer,suspicious-bc-missing
method,com.corrodinggames.rts.gameFramework.b,b,p,clearGlErrors,[[MANUAL: GL batch renderer overload - low-level]: multi-overload — needs manual disambiguation] Consume all pending GL error codes,suspicious-bc-missing
method,com.corrodinggames.rts.gameFramework.b,b,q,checkGlError,[[MANUAL: GL batch renderer overload - low-level]: multi-overload — needs manual disambiguation] Check GL error if debug enabled,suspicious-bc-missing
method,com.corrodinggames.rts.gameFramework.b,b,r,checkGlErrorAlways,[[MANUAL: GL batch renderer overload - low-level]: multi-overload — needs manual disambiguation] Check GL error unconditionally,suspicious-bc-missing
method,com.corrodinggames.rts.gameFramework.b,b,s,getTag,[[MANUAL: GL batch renderer overload - low-level]: multi-overload — needs manual disambiguation] Return TAG constant (class simple name),suspicious-bc-missing
method,com.corrodinggames.rts.gameFramework.b,b,t,getCurrentRenderTarget,[[MANUAL: GL batch renderer overload - low-level]: multi-overload — needs manual disambiguation] Return top of render-target stack,suspicious-bc-missing
method,com.corrodinggames.rts.gameFramework.b,b,u,checkFramebufferGLES20,[[MANUAL: GL batch renderer overload - low-level]: multi-overload — needs manual disambiguation] Check GLES20 framebuffer completeness,suspicious-bc-missing
method,com.corrodinggames.rts.gameFramework.b,b,v,checkFramebufferOES,[[MANUAL: GL batch renderer overload - low-level]: multi-overload — needs manual disambiguation] Check OES framebuffer completeness,suspicious-bc-missing
method,com.corrodinggames.rts.gameFramework.b,e,a,reset,real-class-inferred: com.corrodinggames.rts.gameFramework.b.e,real-class-v1200
field,com.corrodinggames.rts.gameFramework.b,e,l,sourceBitmap,Source bitmap (protected Bitmap),verified-exists
method,com.corrodinggames.rts.gameFramework.b,i,a,get_a,"""[Phase3-method] returns boolean""",verified-exists
method,com.corrodinggames.rts.gameFramework.b,i,aG,do_aG,"""[Phase3-method] returns void""",suspicious-bc-missing
method,com.corrodinggames.rts.gameFramework.b,i,b,get_b,"""[Phase3-method] returns int""",suspicious-bc-missing
field,com.corrodinggames.rts.gameFramework.b,i,c,lastCachedResult,Last cached blur result (private b),verified-exists
field,com.corrodinggames.rts.gameFramework.b,i,d,previousInput,Previous input texture reference (private b),verified-exists
method,com.corrodinggames.rts.gameFramework.b,n,A,get_A,"""[Phase3-method] returns int""",suspicious-bc-missing
method,com.corrodinggames.rts.gameFramework.b,n,B,get_B,"""[Phase3-method] returns boolean""",suspicious-bc-missing
method,com.corrodinggames.rts.gameFramework.b,n,C,get_C,"""[Phase3-method] returns int""",suspicious-bc-missing
method,com.corrodinggames.rts.gameFramework.b,n,D,get_D,"""[Phase3-method] returns float""",suspicious-bc-missing
method,com.corrodinggames.rts.gameFramework.b,n,E,get_E,"""[Phase3-method] returns float""",suspicious-bc-missing
method,com.corrodinggames.rts.gameFramework.b,n,F,do_F,"""[Phase3-method] returns void""",suspicious-bc-missing
method,com.corrodinggames.rts.gameFramework.b,n,G,get_G,"""[Phase3-method] returns int""",suspicious-bc-missing
method,com.corrodinggames.rts.gameFramework.b,n,H,get_H,"""[Phase3-method] returns int""",suspicious-bc-missing
method,com.corrodinggames.rts.gameFramework.b,n,I,do_I,"""[Phase3-method] returns void""",suspicious-bc-missing
method,com.corrodinggames.rts.gameFramework.b,n,J,do_J,"""[Phase3-method] returns void""",suspicious-bc-missing
method,com.corrodinggames.rts.gameFramework.b,n,K,get_K,"""[Phase3-method] returns int""",suspicious-bc-missing
method,com.corrodinggames.rts.gameFramework.b,n,L,do_L,"""[Phase3-method] returns void""",suspicious-bc-missing
method,com.corrodinggames.rts.gameFramework.b,n,M,get_M,"""[Phase3-method] returns int""",suspicious-bc-missing
method,com.corrodinggames.rts.gameFramework.b,n,N,get_N,"""[Phase3-method] returns java.lang.String""",suspicious-bc-missing
method,com.corrodinggames.rts.gameFramework.b,n,O,do_O,"""[Phase3-method] returns void""",suspicious-bc-missing
method,com.corrodinggames.rts.gameFramework.b,n,P,do_P,"""[Phase3-method] returns void""",suspicious-bc-missing
method,com.corrodinggames.rts.gameFramework.b,n,Q,do_Q,"""[Phase3-method] returns void""",suspicious-bc-missing
method,com.corrodinggames.rts.gameFramework.b,n,R,get_R,"""[Phase3-method] returns int""",suspicious-bc-missing
method,com.corrodinggames.rts.gameFramework.b,n,S,get_S,"""[Phase3-method] returns int""",suspicious-bc-missing
method,com.corrodinggames.rts.gameFramework.b,n,T,do_T,"""[Phase3-method] returns void""",suspicious-bc-missing
field,com.corrodinggames.rts.gameFramework.b,n,U,framebufferLock,Framebuffer synchronization lock (final w),verified-exists
field,com.corrodinggames.rts.gameFramework.b,n,V,framebufferName,Framebuffer object name array (int[]),verified-exists
field,com.corrodinggames.rts.gameFramework.b,n,W,renderTargetStack,Render target stack (ArrayList),verified-exists
field,com.corrodinggames.rts.gameFramework.b,n,X,tempMatrix,Temporary MVP matrix (final float[16]),verified-exists
field,com.corrodinggames.rts.gameFramework.b,n,Y,tempColor,Temporary color array (final float[4]),verified-exists
field,com.corrodinggames.rts.gameFramework.b,n,Z,tempRect1,Reusable rectangle 1 (final RectF),verified-exists
method,com.corrodinggames.rts.gameFramework.b,n,a,glEnable,GLHelper: void - enable GL state,body-verified-v1300
field,com.corrodinggames.rts.gameFramework.b,n,aa,tempRect2,Reusable rectangle 2 (final RectF),verified-exists
field,com.corrodinggames.rts.gameFramework.b,n,ab,linkStatus,Shader link status array (final int[1]),verified-exists
field,com.corrodinggames.rts.gameFramework.b,n,ac,textureIdGenerator,Default texture ID generator (static final u),verified-exists
field,com.corrodinggames.rts.gameFramework.b,n,ae,paint0,[Phase3-inferred] type=android.graphics.Paint,suspicious-bc-missing
field,com.corrodinggames.rts.gameFramework.b,n,af,paint1,[Phase3-inferred] type=android.graphics.Paint,suspicious-bc-missing
field,com.corrodinggames.rts.gameFramework.b,n,ag,intArray2,[Phase3-inferred] type=int[],suspicious-bc-missing
field,com.corrodinggames.rts.gameFramework.b,n,ah,java.lang.stringArray3,[Phase3-inferred] type=java.lang.String[],suspicious-bc-missing
field,com.corrodinggames.rts.gameFramework.b,n,aj,counter4,[Phase3-inferred] type=int,suspicious-bc-missing
field,com.corrodinggames.rts.gameFramework.b,n,am,field_am,"P3.1-inferred: type=com.corrodinggames.rts.game.units.custom.e.c, was=c5",p3-auto-inferred
field,com.corrodinggames.rts.gameFramework.b,n,an,field_an,"P3.1-inferred: type=float, was=value6",p3-auto-inferred
field,com.corrodinggames.rts.gameFramework.b,n,ao,field_ao,"P3.1-inferred: type=float, was=value7",p3-auto-inferred
field,com.corrodinggames.rts.gameFramework.b,n,ap,field_ap,"P3.1-inferred: type=float, was=value8",p3-auto-inferred
field,com.corrodinggames.rts.gameFramework.b,n,as,com.corrodinggames.rts.game.nArray9,[Phase3-inferred] type=com.corrodinggames.rts.game.n[],suspicious-bc-missing
field,com.corrodinggames.rts.gameFramework.b,n,at,field_at,"P3.1-inferred: type=boolean, was=flag10",p3-auto-inferred
field,com.corrodinggames.rts.gameFramework.b,n,au,counter11,[Phase3-inferred] type=int,suspicious-bc-missing
field,com.corrodinggames.rts.gameFramework.b,n,av,counter12,[Phase3-inferred] type=int,suspicious-bc-missing
method,com.corrodinggames.rts.gameFramework.b,n,b,glDisable,GLHelper: void - disable GL state,body-verified-v1300
method,com.corrodinggames.rts.gameFramework.b,n,c,glBlendFunc,GLHelper: void - set blending mode,body-verified-v1300
method,com.corrodinggames.rts.gameFramework.b,n,d,glClearColor,GLHelper: void - set clear color,body-verified-v1300
method,com.corrodinggames.rts.gameFramework.b,n,e,glViewport,GLHelper: void - set viewport,body-verified-v1300
method,com.corrodinggames.rts.gameFramework.b,n,f,glScissor,GLHelper: void - set scissor rect,body-verified-v1300
method,com.corrodinggames.rts.gameFramework.b,n,g,glBindTexture,GLHelper: void - bind texture,body-verified-v1300
method,com.corrodinggames.rts.gameFramework.b,n,h,glActiveTexture,GLHelper: void - activate texture unit,body-verified-v1300
method,com.corrodinggames.rts.gameFramework.b,n,i,glUseProgram,GLHelper: void - use shader program,body-verified-v1300
method,com.corrodinggames.rts.gameFramework.b,n,j,glUniformMatrix,GLHelper: void - set uniform matrix,body-verified-v1300
method,com.corrodinggames.rts.gameFramework.b,n,k,glDrawArrays,GLHelper: void - draw arrays,body-verified-v1300
method,com.corrodinggames.rts.gameFramework.b,n,l,glDrawElements,GLHelper: void - draw indexed elements,body-verified-v1300
method,com.corrodinggames.rts.gameFramework.b,n,m,beginBatch,GLHelper: void - start batched rendering,body-verified-v1300
method,com.corrodinggames.rts.gameFramework.b,n,n,endBatch,GLHelper: void - flush batched render,body-verified-v1300
method,com.corrodinggames.rts.gameFramework.b,n,o,flush,GLHelper: void - force GPU flush,body-verified-v1300
method,com.corrodinggames.rts.gameFramework.b,n,p,getMaxTextureSize,GLHelper: int - max texture size,body-verified-v1300
method,com.corrodinggames.rts.gameFramework.b,n,q,checkGLError,GLHelper: void - check for GL errors,body-verified-v1300
method,com.corrodinggames.rts.gameFramework.b,n,r,getGLVersion,GLHelper: String - GL version string,body-verified-v1300
method,com.corrodinggames.rts.gameFramework.b,n,s,isExtensionSupported,GLHelper: boolean - check GL extension,body-verified-v1300
method,com.corrodinggames.rts.gameFramework.b,n,t,genTexture,GLHelper: int - generate texture ID,body-verified-v1300
method,com.corrodinggames.rts.gameFramework.b,n,u,deleteTexture,GLHelper: void - delete texture,body-verified-v1300
method,com.corrodinggames.rts.gameFramework.b,n,v,genFramebuffer,GLHelper: int - generate FBO,body-verified-v1300
method,com.corrodinggames.rts.gameFramework.b,n,w,bindFramebuffer,GLHelper: void - bind framebuffer,body-verified-v1300
field,com.corrodinggames.rts.gameFramework.b,n,x,totalTextureAllocations,Total texture creation count (static int),verified-exists
field,com.corrodinggames.rts.gameFramework.b,n,y,totalTextureBytes,Total texture bytes allocated (static int),verified-exists
field,com.corrodinggames.rts.gameFramework.b,n,z,boundTexture,Currently bound texture object (ab=GLObject),verified-exists
field,com.corrodinggames.rts.gameFramework.f,GameResult,a,resultLabel,Result label (String),verified-exists
field,com.corrodinggames.rts.gameFramework.f,GameResult,b,resultValue,Result value (String),verified-exists
field,com.corrodinggames.rts.gameFramework.f,GameResult,c,scoreValue,Score value (float),verified-exists
field,com.corrodinggames.rts.gameFramework.f,GameResult,d,survivalWaves,Survival waves survived (float),verified-exists
method,com.corrodinggames.rts.gameFramework.f,InGameUI,A,hasBuilderSelected,[[MANUAL: InGameUI overload - needs source reading]: multi-overload — needs manual disambiguation] Any builder unit in selection,verified-exists
method,com.corrodinggames.rts.gameFramework.f,InGameUI,B,hasFactorySelected,[[MANUAL: InGameUI overload - needs source reading]: multi-overload — needs manual disambiguation] Any factory unit in selection,verified-exists
method,com.corrodinggames.rts.gameFramework.f,InGameUI,C,hasTransporterSelected,[[MANUAL: InGameUI overload - needs source reading]: multi-overload — needs manual disambiguation] Any transport unit in selection,verified-exists
method,com.corrodinggames.rts.gameFramework.f,InGameUI,D,canAllBuild,[[MANUAL: InGameUI overload - needs source reading]: multi-overload — needs manual disambiguation] All selected units can build,verified-exists
method,com.corrodinggames.rts.gameFramework.f,InGameUI,G,surrender,[[MANUAL: InGameUI overload - needs source reading]: multi-overload — needs manual disambiguation] Handle surrender action,verified-exists
method,com.corrodinggames.rts.gameFramework.f,InGameUI,H,resign,[[MANUAL: InGameUI overload - needs source reading]: multi-overload — needs manual disambiguation] Handle resign action,verified-exists
method,com.corrodinggames.rts.gameFramework.f,InGameUI,I,setPingAction,[[MANUAL: InGameUI overload - needs source reading]: multi-overload — needs manual disambiguation] Set uiStateTracker to map ping action,type-aware-fp-v19.114
method,com.corrodinggames.rts.gameFramework.f,InGameUI,J,isNotPlacing,[[MANUAL: InGameUI overload - needs source reading]: multi-overload — needs manual disambiguation] Not in build placement mode,type-aware-fp-v19.114
method,com.corrodinggames.rts.gameFramework.f,InGameUI,K,invalidateUI,[[MANUAL: InGameUI overload - needs source reading]: multi-overload — needs manual disambiguation] Trigger UI redraw on next frame,verified-exists
method,com.corrodinggames.rts.gameFramework.f,InGameUI,e,clearActionPanel,[[MANUAL: InGameUI overload - needs source reading]: multi-overload — needs manual disambiguation] Clear action panel contents,verified-exists
method,com.corrodinggames.rts.gameFramework.f,InGameUI,f,setupDebugModes,[[MANUAL: InGameUI overload - needs source reading]: multi-overload — needs manual disambiguation] Configure debug overlay flags,verified-exists
method,com.corrodinggames.rts.gameFramework.f,InGameUI,g,clearSelection,[[MANUAL: InGameUI overload - needs source reading]: multi-overload — needs manual disambiguation] Clear selection group and waypoints,verified-exists
method,com.corrodinggames.rts.gameFramework.f,InGameUI,h,clearDebugFactory,[[MANUAL: InGameUI overload - needs source reading]: multi-overload — needs manual disambiguation] Clear selected debug editor factory,verified-exists
method,com.corrodinggames.rts.gameFramework.f,InGameUI,i,getDebugFactory,[[MANUAL: InGameUI overload - needs source reading]: multi-overload — needs manual disambiguation] Get currently selected debug editor factory,verified-exists
method,com.corrodinggames.rts.gameFramework.f,InGameUI,j,emptyUpdate,[[MANUAL: InGameUI overload - needs source reading]: multi-overload — needs manual disambiguation] Empty update method (no-op),verified-exists
method,com.corrodinggames.rts.gameFramework.f,InGameUI,k,drawNoButton,[[MANUAL: InGameUI overload - needs source reading]: multi-overload — needs manual disambiguation] Draw No/Cancel button, return hover state
method,com.corrodinggames.rts.gameFramework.f,InGameUI,u,canAnySelectedBuild,[[MANUAL: InGameUI overload - needs source reading]: multi-overload — needs manual disambiguation] Can any selected unit build something,verified-exists
method,com.corrodinggames.rts.gameFramework.f,InGameUI,v,issueStopCommand,[[MANUAL: InGameUI overload - needs source reading]: multi-overload — needs manual disambiguation] Issue stop command to all selected units,verified-exists
method,com.corrodinggames.rts.gameFramework.f,InGameUI,w,createCommand,[[MANUAL: InGameUI overload - needs source reading]: multi-overload — needs manual disambiguation] Create command object from command pool,verified-exists
method,com.corrodinggames.rts.gameFramework.f,InGameUI,x,createCommandAll,[[MANUAL: InGameUI overload - needs source reading]: multi-overload — needs manual disambiguation] Create command for all selected units,verified-exists
method,com.corrodinggames.rts.gameFramework.f,InGameUI,y,clearFullSelection,[[MANUAL: InGameUI overload - needs source reading]: multi-overload — needs manual disambiguation] Clear entire selection: deselect all units,verified-exists
method,com.corrodinggames.rts.gameFramework.f,InGameUI,z,getLastSelectedCustomType,[[MANUAL: InGameUI overload - needs source reading]: multi-overload — needs manual disambiguation] Get custom unit type of last selected unit,verified-exists
field,com.corrodinggames.rts.gameFramework.f,IntArray,a,arraySize,Array size (private int),verified-exists
field,com.corrodinggames.rts.gameFramework.f,IntArray,b,dataArray,Data array (private int[]),verified-exists
field,com.corrodinggames.rts.gameFramework.f,IntArray,c,markPosition,Mark position (private int  -1=none),verified-exists
field,com.corrodinggames.rts.gameFramework.f,MinimapConfig,a,minimapWidth,Minimap width (int),verified-exists
field,com.corrodinggames.rts.gameFramework.f,MinimapConfig,b,minimapHeight,Minimap height (int),verified-exists
field,com.corrodinggames.rts.gameFramework.f,MinimapConfig,c,worldScaleX,World scale X (float, default 1.0)
field,com.corrodinggames.rts.gameFramework.f,MinimapConfig,d,worldScaleY,World scale Y (float, default 1.0)
field,com.corrodinggames.rts.gameFramework.f,MinimapConfig,e,renderMode,Render mode enum (r, default r.a)
field,com.corrodinggames.rts.gameFramework.f,MinimapMarker,a,isVisible,Visible flag (boolean),verified-exists
field,com.corrodinggames.rts.gameFramework.f,MinimapMarker,b,markerX,Marker X position (int),verified-exists
field,com.corrodinggames.rts.gameFramework.f,MinimapMarker,c,markerY,Marker Y position (int),verified-exists
field,com.corrodinggames.rts.gameFramework.f,MinimapMarker,d,markerRadius,Marker radius (float),verified-exists
field,com.corrodinggames.rts.gameFramework.f,MinimapMarker,e,markerValue,Marker value (float),verified-exists
field,com.corrodinggames.rts.gameFramework.f,MinimapTile,a,tileX,Tile X coordinate (int),verified-exists
field,com.corrodinggames.rts.gameFramework.f,MinimapTile,b,tileY,Tile Y coordinate (int),verified-exists
field,com.corrodinggames.rts.gameFramework.f,MinimapTile,c,lastDrawFrame,Last drawn frame (int),verified-exists
field,com.corrodinggames.rts.gameFramework.f,MinimapTile,d,tileColor,Tile color ARGB (int),verified-exists
field,com.corrodinggames.rts.gameFramework.f,MinimapTile,e,needsRedraw,Needs redraw flag (boolean),verified-exists
field,com.corrodinggames.rts.gameFramework.f,aa,a,historySource,LineGraphStyle: TeamHistory data source,body-verified-v1200
field,com.corrodinggames.rts.gameFramework.f,aa,b,displayName,LineGraphStyle: team display name,body-verified-v1200
field,com.corrodinggames.rts.gameFramework.f,aa,c,teamColor,LineGraphStyle: ARGB team color,body-verified-v1200
field,com.corrodinggames.rts.gameFramework.f,aa,d,linePaints,LineGraphStyle: Paint[11] alpha-bucketed line paints,body-verified-v1200
field,com.corrodinggames.rts.gameFramework.f,aa,e,fillPaints,LineGraphStyle: Paint[11] fill paints (width 5),body-verified-v1200
field,com.corrodinggames.rts.gameFramework.f,ab,a,dataSeries,Data series array (ArrayList),verified-exists
method,com.corrodinggames.rts.gameFramework.f,ab,a(ArrayList),buildMergedSeries,StatsGraph: sweep-line merge series for relative view,body-verified-v1200
field,com.corrodinggames.rts.gameFramework.f,ab,b,graphType,Graph type enum (bj),verified-exists
field,com.corrodinggames.rts.gameFramework.f,ab,c,minValue,Minimum display value (float),verified-exists
field,com.corrodinggames.rts.gameFramework.f,ab,d,maxValue,Maximum display value (float),verified-exists
field,com.corrodinggames.rts.gameFramework.f,ab,e,sampleCount,Sample count (int),verified-exists
method,com.corrodinggames.rts.gameFramework.f,ad,a,getint,real-class-inferred: com.corrodinggames.rts.gameFramework.f.ad,real-class-v1200
method,com.corrodinggames.rts.gameFramework.f,ae,a,setValue,real-class-inferred: com.corrodinggames.rts.gameFramework.f.ae,real-class-v1200
field,com.corrodinggames.rts.gameFramework.f,ae,b,secondaryColor,Secondary theme color (static Paint),verified-exists
field,com.corrodinggames.rts.gameFramework.f,ae,c,accentColor,Accent/highlight color (static Paint),verified-exists
field,com.corrodinggames.rts.gameFramework.f,ae,d,paint1,real-class-inferred: com.corrodinggames.rts.gameFramework.f.ae,real-class-v1200
method,com.corrodinggames.rts.gameFramework.f,al,a,gety,real-class-inferred: com.corrodinggames.rts.gameFramework.f.al,real-class-v1200
method,com.corrodinggames.rts.gameFramework.f,am,A(com.corrodinggames.rts.game.units.am),find_A,"""[Phase3-method] returns java.lang.String""",suspicious-bc-missing
method,com.corrodinggames.rts.gameFramework.f,am,B(com.corrodinggames.rts.game.units.am),accept_B,"""[Phase3-method] returns void""",suspicious-bc-missing
method,com.corrodinggames.rts.gameFramework.f,am,J,get_J,"""[Phase3-method] returns boolean""",suspicious-bc-missing
method,com.corrodinggames.rts.gameFramework.f,am,N,get_N,"""[Phase3-method] returns java.util.ArrayList""",suspicious-bc-missing
method,com.corrodinggames.rts.gameFramework.f,am,O,do_O,"""[Phase3-method] returns void""",suspicious-bc-missing
method,com.corrodinggames.rts.gameFramework.f,am,P,get_P,"""[Phase3-method] returns boolean""",suspicious-bc-missing
method,com.corrodinggames.rts.gameFramework.f,am,Q,get_Q,"""[Phase3-method] returns boolean""",suspicious-bc-missing
method,com.corrodinggames.rts.gameFramework.f,am,V,get_V,"""[Phase3-method] returns int""",suspicious-bc-missing
method,com.corrodinggames.rts.gameFramework.f,am,a,do_a,"""[Phase3-method] returns void""",verified-exists
method,com.corrodinggames.rts.gameFramework.f,am,a(as),writeToPacket,"""SelectionGroup: network write: hold time""", lastAccess
method,com.corrodinggames.rts.gameFramework.f,am,a(k),readFromPacket,"""SelectionGroup: network read""",verified-exists
method,com.corrodinggames.rts.gameFramework.f,am,b,clearSelection,SelectionGroup: this.a.clear(),body-verified-v1200
field,com.corrodinggames.rts.gameFramework.f,am,bA,counter0,[Phase3-inferred] type=int,suspicious-bc-missing
field,com.corrodinggames.rts.gameFramework.f,am,bB,counter1,[Phase3-inferred] type=int,suspicious-bc-missing
field,com.corrodinggames.rts.gameFramework.f,am,bC,counter2,[Phase3-inferred] type=int,suspicious-bc-missing
field,com.corrodinggames.rts.gameFramework.f,am,bD,field_bD,"P3.1-inferred: type=boolean, was=flag3",p3-auto-inferred
field,com.corrodinggames.rts.gameFramework.f,am,bE,field_bE,"P3.1-inferred: type=com.corrodinggames.rts.gameFramework.utility.u, was=u4",p3-auto-inferred
field,com.corrodinggames.rts.gameFramework.f,am,bF,hashMap5,[Phase3-inferred] type=java.util.HashMap,suspicious-bc-missing
field,com.corrodinggames.rts.gameFramework.f,am,bG,hashMap6,[Phase3-inferred] type=java.util.HashMap,suspicious-bc-missing
field,com.corrodinggames.rts.gameFramework.f,am,bH,hashMap7,[Phase3-inferred] type=java.util.HashMap,suspicious-bc-missing
field,com.corrodinggames.rts.gameFramework.f,am,bI,paint8,[Phase3-inferred] type=android.graphics.Paint,suspicious-bc-missing
field,com.corrodinggames.rts.gameFramework.f,am,bJ,paint9,[Phase3-inferred] type=android.graphics.Paint,suspicious-bc-missing
field,com.corrodinggames.rts.gameFramework.f,am,bK,lightingColorFilter10,[Phase3-inferred] type=android.graphics.LightingColorFilter,suspicious-bc-missing
field,com.corrodinggames.rts.gameFramework.f,am,bL,field_bL,"P3.1-inferred: type=boolean, was=flag11",p3-auto-inferred
field,com.corrodinggames.rts.gameFramework.f,am,bM,field_bM,"P3.1-inferred: type=boolean, was=flag12",p3-auto-inferred
field,com.corrodinggames.rts.gameFramework.f,am,bN,field_bN,"P3.1-inferred: type=boolean, was=flag13",p3-auto-inferred
field,com.corrodinggames.rts.gameFramework.f,am,bO,field_bO,"P3.1-inferred: type=boolean, was=flag14",p3-auto-inferred
field,com.corrodinggames.rts.gameFramework.f,am,bP,field_bP,"P3.1-inferred: type=boolean, was=flag15",p3-auto-inferred
field,com.corrodinggames.rts.gameFramework.f,am,bQ,am16,[Phase3-inferred] type=com.corrodinggames.rts.game.units.am,suspicious-bc-missing
field,com.corrodinggames.rts.gameFramework.f,am,bR,am17,[Phase3-inferred] type=com.corrodinggames.rts.game.units.am,suspicious-bc-missing
field,com.corrodinggames.rts.gameFramework.f,am,bS,field_bS,"P3.1-inferred: type=float, was=value18",p3-auto-inferred
field,com.corrodinggames.rts.gameFramework.f,am,bT,field_bT,"P3.1-inferred: type=boolean, was=flag19",p3-auto-inferred
method,com.corrodinggames.rts.gameFramework.f,am,c,captureSelection,SelectionGroup: add all selected units not already in list,body-verified-v1200
method,com.corrodinggames.rts.gameFramework.f,am,d,pruneDeadUnits,SelectionGroup: remove units with bV (dead flag),body-verified-v1200
method,com.corrodinggames.rts.gameFramework.f,am,e,reacquireUnits,SelectionGroup: remap units by id via spatial grid lookup,body-verified-v1200
field,com.corrodinggames.rts.gameFramework.f,am,f,selectionBoxY2,Selection box end Y (float),verified-exists
field,com.corrodinggames.rts.gameFramework.f,am,g,isSelecting,Currently selecting flag (boolean),verified-exists
field,com.corrodinggames.rts.gameFramework.f,am,h,isAdditiveSelection,Shift-additive selection (boolean),verified-exists
field,com.corrodinggames.rts.gameFramework.f,am,i,selectionCallback,Selection change callback (private a),verified-exists
method,com.corrodinggames.rts.gameFramework.f,e,a,buildResultList,"""GameResult: static factory - read game state""",verified-exists
field,com.corrodinggames.rts.gameFramework.f,e,b,valueText,"""GameResult: display value (nullable""",verified-exists
field,com.corrodinggames.rts.gameFramework.f,e,c,value,GameResult: numeric value,body-verified-v1200
field,com.corrodinggames.rts.gameFramework.f,e,d,displayProgress,GameResult: lerps to 1.0 for fade-in animation,body-verified-v1200
method,com.corrodinggames.rts.gameFramework.f,f,a,buildButtons,RateGameDialog: create finish/keep-playing buttons,body-verified-v1200
method,com.corrodinggames.rts.gameFramework.f,f,a(float),updateDialog,"""RateGameDialog: per-frame update (timer""",verified-exists
method,com.corrodinggames.rts.gameFramework.f,f,b,isGameFinished,RateGameDialog: (l2.dq||l2.dt)&&!l2.dr,body-verified-v1200
method,com.corrodinggames.rts.gameFramework.f,f,b(float),drawDialog,RateGameDialog: Victory/Defeat text + confetti + stats + buttons,body-verified-v1200
method,com.corrodinggames.rts.gameFramework.f,f,c,rebuildStatsPanel,RateGameDialog: rebuild stats panel from current game state,body-verified-v1200
method,com.corrodinggames.rts.gameFramework.f,f,c(float),drawRateNowPopup,RateGameDialog: draw rating popup if showRateNow,body-verified-v1200
field,com.corrodinggames.rts.gameFramework.f,f,d,confettiTimer,RateGameDialog: confetti animation timer,body-verified-v1200
field,com.corrodinggames.rts.gameFramework.f,f,g,dialogBoxRect,RateGameDialog: dialog bounding box,body-verified-v1200
field,com.corrodinggames.rts.gameFramework.f,f,h,statsPanel,RateGameDialog: StatsPanel instance (rebuilt on game end),body-verified-v1200
field,com.corrodinggames.rts.gameFramework.f,f,i,buttons,RateGameDialog: ArrayList<DialogButton>,body-verified-v1200
field,com.corrodinggames.rts.gameFramework.f,f,j,buttonHeightPx,RateGameDialog: button height in pixels,body-verified-v1200
field,com.corrodinggames.rts.gameFramework.f,f,k,buttonWidthPx,RateGameDialog: button width in pixels,body-verified-v1200
field,com.corrodinggames.rts.gameFramework.f,f,l,buttonSpacingPx,RateGameDialog: button spacing in pixels,body-verified-v1200
field,com.corrodinggames.rts.gameFramework.f,f,p,textPrompt,RateGameDialog: prompt text (Rate this game?),body-verified-v1200
field,com.corrodinggames.rts.gameFramework.f,f,q,textYes,RateGameDialog: Yes button text,body-verified-v1200
field,com.corrodinggames.rts.gameFramework.f,f,r,textNo,RateGameDialog: No/Not Now button text,body-verified-v1200
field,com.corrodinggames.rts.gameFramework.f,f,s,showRateNow,RateGameDialog: trigger flag for rating popup,body-verified-v1200
field,com.corrodinggames.rts.gameFramework.f,o,a,float1,real-class-inferred: com.corrodinggames.rts.gameFramework.f.o,real-class-v1200
field,com.corrodinggames.rts.gameFramework.f,o,b,float2,real-class-inferred: com.corrodinggames.rts.gameFramework.f.o,real-class-v1200
field,com.corrodinggames.rts.gameFramework.f,o,c,minimapWidth,Minimap display width (float, default 120)
field,com.corrodinggames.rts.gameFramework.f,o,d,minimapHeight,Minimap display height (float, default 120)
field,com.corrodinggames.rts.gameFramework.f,o,e,isVisible,Minimap visible flag (boolean),verified-exists
field,com.corrodinggames.rts.gameFramework.f,o,f,isInteractive,Minimap interactive/clickable (boolean),verified-exists
field,com.corrodinggames.rts.gameFramework.f,o,g,tileRenderWidth,Tile render width (int),verified-exists
field,com.corrodinggames.rts.gameFramework.f,o,h,tileRenderHeight,Tile render height (int),verified-exists
field,com.corrodinggames.rts.gameFramework.f,o,i,offsetX,Minimap offset X (float),verified-exists
field,com.corrodinggames.rts.gameFramework.f,o,j,offsetY,Minimap offset Y (float),verified-exists
field,com.corrodinggames.rts.gameFramework.f,o,w,boundsRect,Minimap bounds rectangle (final Rect),verified-exists
method,com.corrodinggames.rts.gameFramework.f,x,a,reset,real-class-inferred: com.corrodinggames.rts.gameFramework.f.x,real-class-v1200
method,com.corrodinggames.rts.gameFramework.f,x,b,getar,real-class-inferred: com.corrodinggames.rts.gameFramework.f.x,real-class-v1200
method,com.corrodinggames.rts.gameFramework.f,y,a(Rect,float),drawGameResultRows | StatsPanel: draw end-game result rows with fade-in,verified-exists
method,com.corrodinggames.rts.gameFramework.f,y,a(bj,z,"""Rect)""",drawGraph
method,com.corrodinggames.rts.gameFramework.f,y,a(m.y,bj,z,verified-exists
method,com.corrodinggames.rts.gameFramework.f,y,A,get_A,"""[Phase3-method] returns float""",suspicious-bc-missing
method,com.corrodinggames.rts.gameFramework.f,y,B,get_B,"""[Phase3-method] returns float""",suspicious-bc-missing
method,com.corrodinggames.rts.gameFramework.f,y,C,get_C,"""[Phase3-method] returns float""",suspicious-bc-missing
method,com.corrodinggames.rts.gameFramework.f,y,D,get_D,"""[Phase3-method] returns float""",suspicious-bc-missing
method,com.corrodinggames.rts.gameFramework.f,y,E,get_E,"""[Phase3-method] returns boolean""",suspicious-bc-missing
method,com.corrodinggames.rts.gameFramework.f,y,F,get_F,"""[Phase3-method] returns boolean""",suspicious-bc-missing
method,com.corrodinggames.rts.gameFramework.f,y,G,get_G,"""[Phase3-method] returns float""",suspicious-bc-missing
method,com.corrodinggames.rts.gameFramework.f,y,H,get_H,"""[Phase3-method] returns float""",suspicious-bc-missing
method,com.corrodinggames.rts.gameFramework.f,y,I,get_I,"""[Phase3-method] returns boolean""",suspicious-bc-missing
method,com.corrodinggames.rts.gameFramework.f,y,J(int),get_J,"""[Phase3-method] returns float""",suspicious-bc-missing
method,com.corrodinggames.rts.gameFramework.f,y,K(int),find_K,"""[Phase3-method] returns android.graphics.PointF""",suspicious-bc-missing
field,com.corrodinggames.rts.gameFramework.f,y,L,field_L,"P3.1-inferred: type=boolean, was=flag5",p3-auto-inferred
field,com.corrodinggames.rts.gameFramework.f,y,M,field_M,"P3.1-inferred: type=com.corrodinggames.rts.gameFramework.m.e, was=e6",p3-auto-inferred
field,com.corrodinggames.rts.gameFramework.f,y,N,field_N,"P3.1-inferred: type=com.corrodinggames.rts.gameFramework.m.e, was=e7",p3-auto-inferred
field,com.corrodinggames.rts.gameFramework.f,y,O,com.corrodinggames.rts.game.units.auArray8,[Phase3-inferred] type=com.corrodinggames.rts.game.units.au[],suspicious-bc-missing
field,com.corrodinggames.rts.gameFramework.f,y,P,field_P,"P3.1-inferred: type=com.corrodinggames.rts.game.units.a, was=a9",p3-auto-inferred
field,com.corrodinggames.rts.gameFramework.f,y,R,am10,[Phase3-inferred] type=com.corrodinggames.rts.game.units.am,suspicious-bc-missing
field,com.corrodinggames.rts.gameFramework.f,y,S,field_S,"P3.1-inferred: type=float, was=value11",p3-auto-inferred
field,com.corrodinggames.rts.gameFramework.f,y,T,field_T,"P3.1-inferred: type=float, was=value12",p3-auto-inferred
field,com.corrodinggames.rts.gameFramework.f,y,U,field_U,"P3.1-inferred: type=float, was=value13",p3-auto-inferred
field,com.corrodinggames.rts.gameFramework.f,y,V,field_V,"P3.1-inferred: type=float, was=value14",p3-auto-inferred
field,com.corrodinggames.rts.gameFramework.f,y,W,field_W,"P3.1-inferred: type=float, was=value15",p3-auto-inferred
field,com.corrodinggames.rts.gameFramework.f,y,X,field_X,"P3.1-inferred: type=float, was=value16",p3-auto-inferred
field,com.corrodinggames.rts.gameFramework.f,y,Y,field_Y,"P3.1-inferred: type=float, was=value17",p3-auto-inferred
field,com.corrodinggames.rts.gameFramework.f,y,Z,am18,[Phase3-inferred] type=com.corrodinggames.rts.game.units.am,suspicious-bc-missing
method,com.corrodinggames.rts.gameFramework.f,y,a,createPanel,StatsPanel: static factory from live game state,body-verified-v1200
method,com.corrodinggames.rts.gameFramework.f,y,b,initPanel,"""StatsPanel: reset display mode""",verified-exists
method,com.corrodinggames.rts.gameFramework.f,y,c,loadButtonTextures,StatsPanel: fill statsButtonIcons[] from R$drawable,body-verified-v1200
field,com.corrodinggames.rts.gameFramework.f,y,d,valuePaint,StatsPanel: Paint(Align.RIGHT) for stat values,body-verified-v1200
field,com.corrodinggames.rts.gameFramework.f,y,e,dataSamples,Data samples list (private ArrayList),verified-exists
field,com.corrodinggames.rts.gameFramework.f,y,f,displayMode,Display mode enum (private ac),verified-exists
field,com.corrodinggames.rts.gameFramework.f,y,g,timeRange,Time range enum (private z),verified-exists
field,com.corrodinggames.rts.gameFramework.f,y,h,seriesDataA,Series data list A (private ArrayList),verified-exists
field,com.corrodinggames.rts.gameFramework.f,y,i,seriesArrayA,Series display array A (private ab[]),verified-exists
field,com.corrodinggames.rts.gameFramework.f,y,j,seriesDataB,Series data list B (private ArrayList),verified-exists
field,com.corrodinggames.rts.gameFramework.f,y,k,seriesArrayB,Series display array B (private ab[]),verified-exists
field,com.corrodinggames.rts.gameFramework.f,y,l,seriesDataC,Series data list C (private ArrayList),verified-exists
field,com.corrodinggames.rts.gameFramework.f,y,m,seriesArrayC,Series display array C (private ab[]),verified-exists
field,com.corrodinggames.rts.gameFramework.f,y,n,lastUpdateTime,Last update timestamp (private long),verified-exists
field,com.corrodinggames.rts.gameFramework.f,y,o,textureRef,Texture reference (private m.e),verified-exists
field,com.corrodinggames.rts.gameFramework.f,y,p,textureArray,Texture array (private m.e[]),verified-exists
field,com.corrodinggames.rts.gameFramework.f,y,q,boundsRect,Bounds rectangle (private Rect),verified-exists
field,com.corrodinggames.rts.gameFramework.f,y,r,clipRect,Clip rectangle (private Rect),verified-exists
field,com.corrodinggames.rts.gameFramework.f,y,s,visibleSamplesA,Visible samples A (private ArrayList),verified-exists
field,com.corrodinggames.rts.gameFramework.f,y,t,visibleSamplesB,Visible samples B (private ArrayList),verified-exists
field,com.corrodinggames.rts.gameFramework.f,y,u,selectedIndex,Selected data index (private int, -1)
field,com.corrodinggames.rts.gameFramework.f,y,v,hoveredIndex,Hovered data index (private int, -1)
field,com.corrodinggames.rts.gameFramework.f,y,w,maxDisplayIndex,Max display index (private int, -1)
method,com.corrodinggames.rts.gameFramework.f.a,h,a,reset,real-class-inferred: com.corrodinggames.rts.gameFramework.f.a.h,real-class-v1200
field,com.corrodinggames.rts.gameFramework.f.a,h,b,textColor,Text color ARGB (int),suspicious-bc-missing
field,com.corrodinggames.rts.gameFramework.f.a,h,c,textSize,Text font size (float),suspicious-bc-missing
field,com.corrodinggames.rts.gameFramework.f.a,h,d,textAlignment,Text alignment enum (int),suspicious-bc-missing
field,com.corrodinggames.rts.gameFramework.f.a,h,e,maxLines,Maximum text lines (int),suspicious-bc-missing
field,com.corrodinggames.rts.gameFramework.f.a,h,f,isBold,Bold flag (boolean),suspicious-bc-missing
field,com.corrodinggames.rts.gameFramework.f.a,h,g,isItalic,Italic flag (boolean),suspicious-bc-missing
field,com.corrodinggames.rts.gameFramework.f.a,h,h,textPadding,Padding value (int),suspicious-bc-missing
field,com.corrodinggames.rts.gameFramework.f.a,h,i,backgroundColor,Background color (int),suspicious-bc-missing
field,com.corrodinggames.rts.gameFramework.f.a,h,j,fieldTypeA,Static field type A (static final h),verified-exists
field,com.corrodinggames.rts.gameFramework.f.a,h,k,fieldTypeB,Static field type B (static final h),verified-exists
field,com.corrodinggames.rts.gameFramework.f.a,h,l,fieldTypeC,Static field type C (static final h),verified-exists
field,com.corrodinggames.rts.gameFramework.f.a,h,m,fieldTypeD,Static field type D (static final h),verified-exists
field,com.corrodinggames.rts.gameFramework.f.a,h,n,fieldTypeE,Static field type E (static final h),verified-exists
field,com.corrodinggames.rts.gameFramework.f.a,h,r,textRef,Text field reference (h),verified-exists
field,com.corrodinggames.rts.gameFramework.f.a,h,s,textHeight,Text height lines (int, default 3)
field,com.corrodinggames.rts.gameFramework.f.a,h,t,textWidth,Text width chars (int, default 3)
field,com.corrodinggames.rts.gameFramework.f.a,h,u,maxChars,Maximum character count (int),verified-exists
field,com.corrodinggames.rts.gameFramework.f.a,h,v,inputField,Input field reference (h),verified-exists
field,com.corrodinggames.rts.gameFramework.g,DataField,a,fieldName,Field name (private final String),verified-exists
field,com.corrodinggames.rts.gameFramework.g,DataField,b,fieldType,Field type enum (private final int),verified-exists
field,com.corrodinggames.rts.gameFramework.g,DataField,c,fieldListeners,Change listeners (private final ArrayList),verified-exists
field,com.corrodinggames.rts.gameFramework.g,DataFieldCollector,a,fieldName,Field name string,verified-exists
field,com.corrodinggames.rts.gameFramework.g,DataFieldCollector,b,fieldValue,Field value (Object),verified-exists
field,com.corrodinggames.rts.gameFramework.g,DataFieldCollector,c,fieldFlags,Field flags (int),verified-exists
field,com.corrodinggames.rts.gameFramework.utility,CustomArrayListIterator,a,listRef,List reference (CustomArrayList),verified-exists
field,com.corrodinggames.rts.gameFramework.utility,CustomArrayListIterator,b,currentIndex,Current position (int),verified-exists
field,com.corrodinggames.rts.gameFramework.utility,DequeList,a,headNode,Head node (Node),verified-exists
field,com.corrodinggames.rts.gameFramework.utility,DequeList,b,tailNode,Tail node (Node),verified-exists
field,com.corrodinggames.rts.gameFramework.utility,DequeList,c,elementCount,Element count (int),verified-exists
field,com.corrodinggames.rts.gameFramework.utility,DequeListIterator,a,listRef,List reference (DequeList),verified-exists
field,com.corrodinggames.rts.gameFramework.utility,DequeListIterator,b,currentNode,Current node (Node),verified-exists
field,com.corrodinggames.rts.gameFramework.utility,DequeListIterator,c,remainingCount,Remaining elements (int),verified-exists
field,com.corrodinggames.rts.gameFramework.utility,EmptyArrays,a,emptyBooleanArray,Empty boolean array (static final),verified-exists
field,com.corrodinggames.rts.gameFramework.utility,EmptyArrays,b,emptyByteArray,Empty byte array (static final),verified-exists
field,com.corrodinggames.rts.gameFramework.utility,EmptyArrays,c,emptyCharArray,Empty char array (static final),verified-exists
field,com.corrodinggames.rts.gameFramework.utility,EmptyArrays,d,emptyDoubleArray,Empty double array (static final),verified-exists
field,com.corrodinggames.rts.gameFramework.utility,EmptyArrays,e,emptyIntArray,Empty int array (static final),verified-exists
field,com.corrodinggames.rts.gameFramework.utility,EmptyArrays,f,emptyClassArray,Empty Class array (static final),verified-exists
field,com.corrodinggames.rts.gameFramework.utility,EmptyArrays,g,emptyObjectArray,Empty Object array (static final),verified-exists
field,com.corrodinggames.rts.gameFramework.utility,EmptyArrays,h,emptyStringArray,Empty String array (static final),verified-exists
field,com.corrodinggames.rts.gameFramework.utility,EmptyArrays,i,emptyThrowableArray,Empty Throwable array (static final),verified-exists
field,com.corrodinggames.rts.gameFramework.utility,EmptyArrays,j,emptyStackTraceArray,Empty StackTraceElement array (static final),verified-exists
field,com.corrodinggames.rts.gameFramework.utility,PaintStyleEntry,a,styleType,Paint Style enum (int),verified-exists
field,com.corrodinggames.rts.gameFramework.utility,PaintStyleEntry,b,paintColor,Paint color (int),unverifiable-rebuilt
field,com.corrodinggames.rts.gameFramework.utility,PaintStyleEntry,c,strokeWidth,Stroke width (float),verified-exists
field,com.corrodinggames.rts.gameFramework.utility,RingBuffer,a,bufferData,Buffer data array (Object[]),unverifiable-rebuilt
field,com.corrodinggames.rts.gameFramework.utility,RingBuffer,b,headIndex,Head/tail index (int),unverifiable-rebuilt
field,com.corrodinggames.rts.gameFramework.utility,RingBuffer,c,elementCount,Element count (int),unverifiable-rebuilt
field,com.corrodinggames.rts.gameFramework.utility,RingBufferIterator,a,bufferRef,Buffer reference (RingBuffer),verified-exists
field,com.corrodinggames.rts.gameFramework.utility,RingBufferIterator,b,currentIndex,Current position (int),verified-exists
field,com.corrodinggames.rts.gameFramework.utility,RingBufferIterator,c,remainingCount,Remaining elements (int),verified-exists
field,com.corrodinggames.rts.gameFramework.utility,TextDrawEntry,a,textString,Text string (String),verified-exists
field,com.corrodinggames.rts.gameFramework.utility,TextDrawEntry,b,positionX,X position (float),unverifiable-rebuilt
field,com.corrodinggames.rts.gameFramework.utility,TextDrawEntry,c,positionY,Y position (float),unverifiable-rebuilt
field,com.corrodinggames.rts.gameFramework.utility,TypedObjectListIterator,a,parentList,Parent typed list reference,verified-exists
field,com.corrodinggames.rts.gameFramework.utility,TypedObjectListIterator,b,currentIndex,Current index (int),verified-exists
field,com.corrodinggames.rts.gameFramework.utility,TypedObjectListIterator,c,listSize,List size (int),verified-exists
field,com.corrodinggames.rts.gameFramework.utility,ab,a,string1,real-class-inferred: com.corrodinggames.rts.gameFramework.utility.ab,real-class-v1200
field,com.corrodinggames.rts.gameFramework.utility,ab,b,boolean1,real-class-inferred: com.corrodinggames.rts.gameFramework.utility.ab,real-class-v1200
field,com.corrodinggames.rts.gameFramework.utility,ab,c,linkedHashSet,real-class-inferred: com.corrodinggames.rts.gameFramework.utility.ab,real-class-v1200
field,com.corrodinggames.rts.gameFramework.utility,ab,d,keyList,Key string list (ArrayList),verified-exists
field,com.corrodinggames.rts.gameFramework.utility,ab,e,valueList,Value string list (ArrayList),verified-exists
field,com.corrodinggames.rts.gameFramework.utility,ab,f,currentSectionName,Current section name (String),verified-exists
field,com.corrodinggames.rts.gameFramework.utility,ab,g,controlCharPattern,Control character regex (static Pattern),verified-exists
field,com.corrodinggames.rts.gameFramework.utility,ab,h,sectionPattern,Section header regex (static Pattern),verified-exists
field,com.corrodinggames.rts.gameFramework.utility,ab,i,keyValuePattern,Key=value regex (static Pattern),verified-exists
field,com.corrodinggames.rts.gameFramework.utility,ab,j,sectionMap,Parsed sections (private LinkedHashMap),verified-exists
field,com.corrodinggames.rts.gameFramework.utility,ab,k,isParsed,Parsing complete flag (private boolean),verified-exists
method,com.corrodinggames.rts.gameFramework.utility,ad,a,isEnabled,real-class-inferred: com.corrodinggames.rts.gameFramework.utility.ad,real-class-v1200
field,com.corrodinggames.rts.gameFramework.utility,ad,b,poolIndex,Current pool index (private int),verified-exists
field,com.corrodinggames.rts.gameFramework.utility,ad,c,isFixedSize,Fixed size flag (private final boolean),verified-exists
method,com.corrodinggames.rts.gameFramework.utility,ai,a,getstrictfp void,real-class-inferred: com.corrodinggames.rts.gameFramework.utility.ai,real-class-v1200
field,com.corrodinggames.rts.gameFramework.utility,ai,b,keyValueB,Key value B (float),verified-exists
field,com.corrodinggames.rts.gameFramework.utility,ai,c,keyValueC,Key value C (float),verified-exists
method,com.corrodinggames.rts.gameFramework.utility,d,a,getint,real-class-inferred: com.corrodinggames.rts.gameFramework.utility.d,real-class-v1200
field,com.corrodinggames.rts.gameFramework.utility,d,b,defaultTimeoutHandler,Default timeout handler (static f),verified-exists
field,com.corrodinggames.rts.gameFramework.utility,d,c,intervalChecker,Active interval checker (private e),verified-exists
field,com.corrodinggames.rts.gameFramework.utility,d,d,timeoutHandler,Active timeout handler (private f),verified-exists
field,com.corrodinggames.rts.gameFramework.utility,d,e,mainHandler,Main thread Handler (private final),verified-exists
field,com.corrodinggames.rts.gameFramework.utility,d,f,timeoutMilliseconds,Timeout in ms (private final int),verified-exists
field,com.corrodinggames.rts.gameFramework.utility,d,g,watchdogName,Watchdog name for logging (private String),verified-exists
field,com.corrodinggames.rts.gameFramework.utility,d,h,isStarted,Started flag (private boolean),verified-exists
field,com.corrodinggames.rts.gameFramework.utility,d,i,isStopped,Stopped flag (private boolean),verified-exists
field,com.corrodinggames.rts.gameFramework.utility,d,j,tickCounter,Heartbeat tick counter (private volatile int),verified-exists
field,com.corrodinggames.rts.gameFramework.utility,d,k,watchdogRunnable,Watchdog check Runnable (private final),verified-exists
method,com.corrodinggames.rts.gameFramework.utility,l,a,getString,real-class-inferred: com.corrodinggames.rts.gameFramework.utility.l,real-class-v1200
method,com.corrodinggames.rts.gameFramework.utility,l,b,getint,real-class-inferred: com.corrodinggames.rts.gameFramework.utility.l,real-class-v1200
method,com.corrodinggames.rts.gameFramework.utility,l,c,isEnabled,real-class-inferred: com.corrodinggames.rts.gameFramework.utility.l,real-class-v1200
method,com.corrodinggames.rts.gameFramework.utility,l,d,reset,real-class-inferred: com.corrodinggames.rts.gameFramework.utility.l,real-class-v1200
field,com.corrodinggames.rts.gameFramework.utility,l,e,lineNumber,Current line number (private int, -1)
field,com.corrodinggames.rts.gameFramework.utility,l,f,lastCharValue,Last character value (private int, -1)
method,f,a,<init>(com.corrodinggames.rts.gameFramework.l, com.corrodinggames.rts.gameFramework.f.g),handle,unverifiable-rebuilt
method,f,a,<clinit>(),run,"""(ActionPanel) 操作面板/单位命令 UI: 选中单位指令按钮""",unverifiable-rebuilt
field,f,a,A,rectF93,"""(ActionPanel) 操作面板/单位命令 UI: 选中单位指令按钮""",unverifiable-rebuilt
field,f,a,B,rect93,"""(ActionPanel) 操作面板/单位命令 UI: 选中单位指令按钮""",unverifiable-rebuilt
field,f,a,C,rectF93,"""(ActionPanel) 操作面板/单位命令 UI: 选中单位指令按钮""",unverifiable-rebuilt
field,f,a,D,isFlag93,"""(ActionPanel) 操作面板/单位命令 UI: 选中单位指令按钮""",unverifiable-rebuilt
field,f,a,E,value93,"""(ActionPanel) 操作面板/单位命令 UI: 选中单位指令按钮""",unverifiable-rebuilt
field,f,a,F,value93,"""(ActionPanel) 操作面板/单位命令 UI: 选中单位指令按钮""",unverifiable-rebuilt
field,f,a,G,value93,"""(ActionPanel) 操作面板/单位命令 UI: 选中单位指令按钮""",unverifiable-rebuilt
field,f,a,H,count93,"""(ActionPanel) 操作面板/单位命令 UI: 选中单位指令按钮""",unverifiable-rebuilt
field,f,a,I,isFlag93,"""(ActionPanel) 操作面板/单位命令 UI: 选中单位指令按钮""",unverifiable-rebuilt
field,f,a,J,value93,"""(ActionPanel) 操作面板/单位命令 UI: 选中单位指令按钮""",unverifiable-rebuilt
field,f,a,K,value93,"""(ActionPanel) 操作面板/单位命令 UI: 选中单位指令按钮""",unverifiable-rebuilt
field,f,a,L,value93,"""(ActionPanel) 操作面板/单位命令 UI: 选中单位指令按钮""",unverifiable-rebuilt
field,f,a,M,value93,"""(ActionPanel) 操作面板/单位命令 UI: 选中单位指令按钮""",unverifiable-rebuilt
field,f,a,N,value93,"""(ActionPanel) 操作面板/单位命令 UI: 选中单位指令按钮""",unverifiable-rebuilt
field,f,a,O,value93,"""(ActionPanel) 操作面板/单位命令 UI: 选中单位指令按钮""",unverifiable-rebuilt
field,f,a,P,count93,"""(ActionPanel) 操作面板/单位命令 UI: 选中单位指令按钮""",unverifiable-rebuilt
field,f,a,Q,value93,"""(ActionPanel) 操作面板/单位命令 UI: 选中单位指令按钮""",unverifiable-rebuilt
field,f,a,R,value93,"""(ActionPanel) 操作面板/单位命令 UI: 选中单位指令按钮""",unverifiable-rebuilt
field,f,a,S,texture93,"""(ActionPanel) 操作面板/单位命令 UI: 选中单位指令按钮""",unverifiable-rebuilt
field,f,a,T,texture93,"""(ActionPanel) 操作面板/单位命令 UI: 选中单位指令按钮""",unverifiable-rebuilt
field,f,a,U,texture93,"""(ActionPanel) 操作面板/单位命令 UI: 选中单位指令按钮""",unverifiable-rebuilt
field,f,a,V,texture93,"""(ActionPanel) 操作面板/单位命令 UI: 选中单位指令按钮""",unverifiable-rebuilt
field,f,a,W,texture93,"""(ActionPanel) 操作面板/单位命令 UI: 选中单位指令按钮""",unverifiable-rebuilt
field,f,a,X,texture93,"""(ActionPanel) 操作面板/单位命令 UI: 选中单位指令按钮""",unverifiable-rebuilt
field,f,a,Y,paint93,"""(ActionPanel) 操作面板/单位命令 UI: 选中单位指令按钮""",unverifiable-rebuilt
field,f,a,Z,obj93,"""(ActionPanel) 操作面板/单位命令 UI: 选中单位指令按钮""",unverifiable-rebuilt
field,f,a,a,obj93,"""(ActionPanel) 操作面板/单位命令 UI: 选中单位指令按钮""",unverifiable-rebuilt
method,f,a,a(),run,"""(ActionPanel) 操作面板/单位命令 UI: 选中单位指令按钮""",unverifiable-rebuilt
field,f,a,aA,obj93,"""(ActionPanel) 操作面板/单位命令 UI: 选中单位指令按钮""",unverifiable-rebuilt
field,f,a,aB,rect93,"""(ActionPanel) 操作面板/单位命令 UI: 选中单位指令按钮""",unverifiable-rebuilt
field,f,a,aC,value93,"""(ActionPanel) 操作面板/单位命令 UI: 选中单位指令按钮""",unverifiable-rebuilt
field,f,a,aD,obj93,"""(ActionPanel) 操作面板/单位命令 UI: 选中单位指令按钮""",unverifiable-rebuilt
field,f,a,aa,obj93,"""(ActionPanel) 操作面板/单位命令 UI: 选中单位指令按钮""",unverifiable-rebuilt
field,f,a,ab,obj93,"""(ActionPanel) 操作面板/单位命令 UI: 选中单位指令按钮""",unverifiable-rebuilt
field,f,a,ac,value93,"""(ActionPanel) 操作面板/单位命令 UI: 选中单位指令按钮""",unverifiable-rebuilt
field,f,a,ad,time93,"""(ActionPanel) 操作面板/单位命令 UI: 选中单位指令按钮""",unverifiable-rebuilt
field,f,a,ae,value93,"""(ActionPanel) 操作面板/单位命令 UI: 选中单位指令按钮""",unverifiable-rebuilt
field,f,a,af,value93,"""(ActionPanel) 操作面板/单位命令 UI: 选中单位指令按钮""",unverifiable-rebuilt
field,f,a,ag,name93,"""(ActionPanel) 操作面板/单位命令 UI: 选中单位指令按钮""",unverifiable-rebuilt
field,f,a,ah,name93,"""(ActionPanel) 操作面板/单位命令 UI: 选中单位指令按钮""",unverifiable-rebuilt
field,f,a,ai,name93,"""(ActionPanel) 操作面板/单位命令 UI: 选中单位指令按钮""",unverifiable-rebuilt
field,f,a,aj,name93,"""(ActionPanel) 操作面板/单位命令 UI: 选中单位指令按钮""",unverifiable-rebuilt
field,f,a,ak,name93,"""(ActionPanel) 操作面板/单位命令 UI: 选中单位指令按钮""",unverifiable-rebuilt
field,f,a,al,name93,"""(ActionPanel) 操作面板/单位命令 UI: 选中单位指令按钮""",unverifiable-rebuilt
field,f,a,am,name93,"""(ActionPanel) 操作面板/单位命令 UI: 选中单位指令按钮""",unverifiable-rebuilt
field,f,a,an,value93,"""(ActionPanel) 操作面板/单位命令 UI: 选中单位指令按钮""",unverifiable-rebuilt
field,f,a,ao,value93,"""(ActionPanel) 操作面板/单位命令 UI: 选中单位指令按钮""",unverifiable-rebuilt
field,f,a,ap,isFlag93,"""(ActionPanel) 操作面板/单位命令 UI: 选中单位指令按钮""",unverifiable-rebuilt
field,f,a,aq,obj93,"""(ActionPanel) 操作面板/单位命令 UI: 选中单位指令按钮""",unverifiable-rebuilt
field,f,a,ar,obj93,"""(ActionPanel) 操作面板/单位命令 UI: 选中单位指令按钮""",unverifiable-rebuilt
field,f,a,as,obj93,"""(ActionPanel) 操作面板/单位命令 UI: 选中单位指令按钮""",unverifiable-rebuilt
field,f,a,at,obj93,"""(ActionPanel) 操作面板/单位命令 UI: 选中单位指令按钮""",unverifiable-rebuilt
field,f,a,au,obj93,"""(ActionPanel) 操作面板/单位命令 UI: 选中单位指令按钮""",unverifiable-rebuilt
field,f,a,av,obj93,"""(ActionPanel) 操作面板/单位命令 UI: 选中单位指令按钮""",unverifiable-rebuilt
field,f,a,aw,obj93,"""(ActionPanel) 操作面板/单位命令 UI: 选中单位指令按钮""",unverifiable-rebuilt
field,f,a,ax,obj93,"""(ActionPanel) 操作面板/单位命令 UI: 选中单位指令按钮""",unverifiable-rebuilt
field,f,a,ay,rectF93,"""(ActionPanel) 操作面板/单位命令 UI: 选中单位指令按钮""",unverifiable-rebuilt
field,f,a,az,obj93,"""(ActionPanel) 操作面板/单位命令 UI: 选中单位指令按钮""",unverifiable-rebuilt
field,f,a,b,obj93,"""(ActionPanel) 操作面板/单位命令 UI: 选中单位指令按钮""",unverifiable-rebuilt
method,f,a,b(),run,"""(ActionPanel) 操作面板/单位命令 UI: 选中单位指令按钮""",unverifiable-rebuilt
field,f,a,c,isFlag93,"""(ActionPanel) 操作面板/单位命令 UI: 选中单位指令按钮""",unverifiable-rebuilt
method,f,a,c(float),update,"""(ActionPanel) 操作面板/单位命令 UI: 选中单位指令按钮""",unverifiable-rebuilt
field,f,a,d,isFlag93,"""(ActionPanel) 操作面板/单位命令 UI: 选中单位指令按钮""",unverifiable-rebuilt
method,f,a,d(),getValue,"""(ActionPanel) 操作面板/单位命令 UI: 选中单位指令按钮""",unverifiable-rebuilt
field,f,a,e,isFlag93,"""(ActionPanel) 操作面板/单位命令 UI: 选中单位指令按钮""",unverifiable-rebuilt
method,f,a,e(),getValue,"""(ActionPanel) 操作面板/单位命令 UI: 选中单位指令按钮""",unverifiable-rebuilt
field,f,a,f,value93,"""(ActionPanel) 操作面板/单位命令 UI: 选中单位指令按钮""",unverifiable-rebuilt
method,f,a,f(),getValue,"""(ActionPanel) 操作面板/单位命令 UI: 选中单位指令按钮""",unverifiable-rebuilt
field,f,a,g,paint93,"""(ActionPanel) 操作面板/单位命令 UI: 选中单位指令按钮""",unverifiable-rebuilt
method,f,a,g(),getValue,"""(ActionPanel) 操作面板/单位命令 UI: 选中单位指令按钮""",unverifiable-rebuilt
field,f,a,h,paint93,"""(ActionPanel) 操作面板/单位命令 UI: 选中单位指令按钮""",unverifiable-rebuilt
method,f,a,h(),getValue,"""(ActionPanel) 操作面板/单位命令 UI: 选中单位指令按钮""",unverifiable-rebuilt
field,f,a,i,paint93,"""(ActionPanel) 操作面板/单位命令 UI: 选中单位指令按钮""",unverifiable-rebuilt
method,f,a,i(),getValue,"""(ActionPanel) 操作面板/单位命令 UI: 选中单位指令按钮""",unverifiable-rebuilt
field,f,a,j,paint93,"""(ActionPanel) 操作面板/单位命令 UI: 选中单位指令按钮""",unverifiable-rebuilt
method,f,a,j(),run,"""(ActionPanel) 操作面板/单位命令 UI: 选中单位指令按钮""",unverifiable-rebuilt
field,f,a,k,paint93,"""(ActionPanel) 操作面板/单位命令 UI: 选中单位指令按钮""",unverifiable-rebuilt
method,f,a,k(),run,"""(ActionPanel) 操作面板/单位命令 UI: 选中单位指令按钮""",unverifiable-rebuilt
field,f,a,l,paint93,"""(ActionPanel) 操作面板/单位命令 UI: 选中单位指令按钮""",unverifiable-rebuilt
method,f,a,l(),run,"""(ActionPanel) 操作面板/单位命令 UI: 选中单位指令按钮""",unverifiable-rebuilt
field,f,a,m,paint93,"""(ActionPanel) 操作面板/单位命令 UI: 选中单位指令按钮""",unverifiable-rebuilt
method,f,a,m(),run,"""(ActionPanel) 操作面板/单位命令 UI: 选中单位指令按钮""",unverifiable-rebuilt
field,f,a,n,uniquePaint93,"""(ActionPanel) 操作面板/单位命令 UI: 选中单位指令按钮""",unverifiable-rebuilt
method,f,a,n(),run,"""(ActionPanel) 操作面板/单位命令 UI: 选中单位指令按钮""",unverifiable-rebuilt
field,f,a,o,uniquePaint93,"""(ActionPanel) 操作面板/单位命令 UI: 选中单位指令按钮""",unverifiable-rebuilt
method,f,a,o(),getValue,"""(ActionPanel) 操作面板/单位命令 UI: 选中单位指令按钮""",unverifiable-rebuilt
field,f,a,p,paint93,"""(ActionPanel) 操作面板/单位命令 UI: 选中单位指令按钮""",unverifiable-rebuilt
method,f,a,p(),getValue,"""(ActionPanel) 操作面板/单位命令 UI: 选中单位指令按钮""",unverifiable-rebuilt
field,f,a,q,paint93,"""(ActionPanel) 操作面板/单位命令 UI: 选中单位指令按钮""",unverifiable-rebuilt
method,f,a,q(),getValue,"""(ActionPanel) 操作面板/单位命令 UI: 选中单位指令按钮""",unverifiable-rebuilt
field,f,a,r,paint93,"""(ActionPanel) 操作面板/单位命令 UI: 选中单位指令按钮""",unverifiable-rebuilt
method,f,a,r(),getValue,"""(ActionPanel) 操作面板/单位命令 UI: 选中单位指令按钮""",unverifiable-rebuilt
field,f,a,s,rect93,"""(ActionPanel) 操作面板/单位命令 UI: 选中单位指令按钮""",unverifiable-rebuilt
field,f,a,t,rectF93,"""(ActionPanel) 操作面板/单位命令 UI: 选中单位指令按钮""",unverifiable-rebuilt
field,f,a,u,rect93,"""(ActionPanel) 操作面板/单位命令 UI: 选中单位指令按钮""",unverifiable-rebuilt
field,f,a,v,rect93,"""(ActionPanel) 操作面板/单位命令 UI: 选中单位指令按钮""",unverifiable-rebuilt
field,f,a,w,rect93,"""(ActionPanel) 操作面板/单位命令 UI: 选中单位指令按钮""",unverifiable-rebuilt
field,f,a,x,rectF93,"""(ActionPanel) 操作面板/单位命令 UI: 选中单位指令按钮""",unverifiable-rebuilt
field,f,a,y,rectF93,"""(ActionPanel) 操作面板/单位命令 UI: 选中单位指令按钮""",unverifiable-rebuilt
field,f,a,z,rect93,"""(ActionPanel) 操作面板/单位命令 UI: 选中单位指令按钮""",unverifiable-rebuilt
method,f,ab,<init>(com.corrodinggames.rts.gameFramework.bj, java.util.ArrayList),handle,unverifiable-rebuilt
field,f,ab,a,player,"""(LeaderboardTab) 排行榜标签页: 玩家 bj + 条目列表""",unverifiable-rebuilt
method,f,ab,a(java.util.ArrayList),handle,"""(LeaderboardTab) 排行榜标签页: 玩家 bj + 条目列表""",unverifiable-rebuilt
field,f,ab,b,sortColumn,"""(LeaderboardTab) 排行榜标签页: 玩家 bj + 条目列表""",unverifiable-rebuilt
method,f,ab,b(com.corrodinggames.rts.gameFramework.f.ab),getResult,"""(LeaderboardTab) 排行榜标签页: 玩家 bj + 条目列表""",unverifiable-rebuilt
field,f,ab,c,sortDir,"""(LeaderboardTab) 排行榜标签页: 玩家 bj + 条目列表""",unverifiable-rebuilt
method,f,ab,c(com.corrodinggames.rts.gameFramework.f.ab),getResult,"""(LeaderboardTab) 排行榜标签页: 玩家 bj + 条目列表""",unverifiable-rebuilt
field,f,ab,d,rowLimit,"""(LeaderboardTab) 排行榜标签页: 玩家 bj + 条目列表""",unverifiable-rebuilt
method,f,ab,d(com.corrodinggames.rts.gameFramework.f.ab),getResult,"""(LeaderboardTab) 排行榜标签页: 玩家 bj + 条目列表""",unverifiable-rebuilt
field,f,ab,e,entries,"""(LeaderboardTab) 排行榜标签页: 玩家 bj + 条目列表""",unverifiable-rebuilt
method,f,ab,e(com.corrodinggames.rts.gameFramework.f.ab),getResult,"""(LeaderboardTab) 排行榜标签页: 玩家 bj + 条目列表""",unverifiable-rebuilt
method,f,ad,a(int, int),setInts,unverifiable-rebuilt
method,f,ad,<init>(int),setInts,(LeaderboardRowBuffer) 排行榜行缓冲: int 数组 累加器 方法 <init>(int) -> setInts,render-chain
field,f,ad,a,size,(LeaderboardRowBuffer) 排行榜行缓冲: int 数组 累加器 字段 int: size,render-chain
field,f,ad,b,data,(LeaderboardRowBuffer) 排行榜行缓冲: int 数组 累加器 字段 [int: data,render-chain
field,f,ad,c,capacity,(LeaderboardRowBuffer) 排行榜行缓冲: int 数组 累加器 字段 int: capacity,render-chain
method,f,ae,<clinit>(),run,"""(TextRenderer) 文本渲染工具: 多 Paint 字体组合绘制 (""\n"" 换行处理) 方法 <clinit>() -> run""",render-chain
method,f,ae,<init>(),run,"""(TextRenderer) 文本渲染工具: 多 Paint 字体组合绘制 (""\n"" 换行处理) 方法 <init>() -> run""",render-chain
field,f,ae,a,uniquePaint1,"""(TextRenderer) 文本渲染工具: 多 Paint 字体组合绘制 (""\n"" 换行处理) 字段 com.corrodinggames.rts.gameFramework.m.ag: uniquePaint1""",render-chain
method,f,ae,a(android.graphics.Paint),handle,"""(TextRenderer) 文本渲染工具: 多 Paint 字体组合绘制 (""\n"" 换行处理) 方法 a(android.graphics.Paint) -> handle""",render-chain
field,f,ae,b,uniquePaint2,"""(TextRenderer) 文本渲染工具: 多 Paint 字体组合绘制 (""\n"" 换行处理) 字段 com.corrodinggames.rts.gameFramework.m.ag: uniquePaint2""",render-chain
method,f,ae,b(),run,"""(TextRenderer) 文本渲染工具: 多 Paint 字体组合绘制 (""\n"" 换行处理) 方法 b() -> run""",render-chain
field,f,ae,c,uniquePaint3,"""(TextRenderer) 文本渲染工具: 多 Paint 字体组合绘制 (""\n"" 换行处理) 字段 com.corrodinggames.rts.gameFramework.m.ag: uniquePaint3""",render-chain
method,f,ae,c(),getCount,"""(TextRenderer) 文本渲染工具: 多 Paint 字体组合绘制 (""\n"" 换行处理) 方法 c() -> getCount""",render-chain
field,f,ae,d,paint1,"""(TextRenderer) 文本渲染工具: 多 Paint 字体组合绘制 (""\n"" 换行处理) 字段 android.graphics.Paint: paint1""",render-chain
field,f,ae,e,paint2,"""(TextRenderer) 文本渲染工具: 多 Paint 字体组合绘制 (""\n"" 换行处理) 字段 android.graphics.Paint: paint2""",render-chain
field,f,ae,f,paint3,"""(TextRenderer) 文本渲染工具: 多 Paint 字体组合绘制 (""\n"" 换行处理) 字段 android.graphics.Paint: paint3""",render-chain
field,f,ae,g,paint4,"""(TextRenderer) 文本渲染工具: 多 Paint 字体组合绘制 (""\n"" 换行处理) 字段 android.graphics.Paint: paint4""",render-chain
field,f,ae,h,paint5,"""(TextRenderer) 文本渲染工具: 多 Paint 字体组合绘制 (""\n"" 换行处理) 字段 android.graphics.Paint: paint5""",render-chain
field,f,ae,i,obj8,"""(TextRenderer) 文本渲染工具: 多 Paint 字体组合绘制 (""\n"" 换行处理) 字段 com.corrodinggames.rts.gameFramework.utility.m: obj8""",render-chain
method,f,al,<clinit>(),run,(LinkedList) 双向链表节点 (a-f 自引用) 方法 <clinit>() -> run,render-chain
method,f,al,<init>(),run,(LinkedList) 双向链表节点 (a-f 自引用) 方法 <init>() -> run,render-chain
field,f,al,a,obj0,(LinkedList) 双向链表节点 (a-f 自引用) 字段 com.corrodinggames.rts.gameFramework.f.al: obj0,render-chain
method,f,al,a(com.corrodinggames.rts.game.units.y),getResult,(LinkedList) 双向链表节点 (a-f 自引用) 方法 a(com.corrodinggames.rts.game.units.y) -> getResult,render-chain
field,f,al,b,obj0,(LinkedList) 双向链表节点 (a-f 自引用) 字段 com.corrodinggames.rts.gameFramework.f.al: obj0,render-chain
field,f,al,c,obj0,(LinkedList) 双向链表节点 (a-f 自引用) 字段 com.corrodinggames.rts.gameFramework.f.al: obj0,render-chain
field,f,al,d,obj0,(LinkedList) 双向链表节点 (a-f 自引用) 字段 com.corrodinggames.rts.gameFramework.f.al: obj0,render-chain
field,f,al,e,obj0,(LinkedList) 双向链表节点 (a-f 自引用) 字段 com.corrodinggames.rts.gameFramework.f.al: obj0,render-chain
field,f,al,f,obj0,(LinkedList) 双向链表节点 (a-f 自引用) 字段 com.corrodinggames.rts.gameFramework.f.al: obj0,render-chain
method,f,am,<init>(com.corrodinggames.rts.gameFramework.f.a, boolean),handle,unverifiable-rebuilt
field,f,am,a,units,(SelectionGroup) 选中单位集合 (extends gameFramework.bq): 序列化/清理/广播 ping 字段 java.util.ArrayList: units,render-chain
method,f,am,a(),run,(SelectionGroup) 选中单位集合 (extends gameFramework.bq): 序列化/清理/广播 ping 方法 a() -> run,render-chain
field,f,am,b,groupRadius,(SelectionGroup) 选中单位集合 (extends gameFramework.bq): 序列化/清理/广播 ping 字段 float: groupRadius,render-chain
method,f,am,b(),run,(SelectionGroup) 选中单位集合 (extends gameFramework.bq): 序列化/清理/广播 ping 方法 b() -> run,render-chain
field,f,am,c,lastPingTime,(SelectionGroup) 选中单位集合 (extends gameFramework.bq): 序列化/清理/广播 ping 字段 long: lastPingTime,render-chain
method,f,am,c(),run,(SelectionGroup) 选中单位集合 (extends gameFramework.bq): 序列化/清理/广播 ping 方法 c() -> run,render-chain
field,f,am,d,groupX,(SelectionGroup) 选中单位集合 (extends gameFramework.bq): 序列化/清理/广播 ping 字段 float: groupX,render-chain
method,f,am,d(),run,(SelectionGroup) 选中单位集合 (extends gameFramework.bq): 序列化/清理/广播 ping 方法 d() -> run,render-chain
field,f,am,e,groupY,(SelectionGroup) 选中单位集合 (extends gameFramework.bq): 序列化/清理/广播 ping 字段 float: groupY,render-chain
method,f,am,e(),run,(SelectionGroup) 选中单位集合 (extends gameFramework.bq): 序列化/清理/广播 ping 方法 e() -> run,render-chain
field,f,am,f,groupZ,(SelectionGroup) 选中单位集合 (extends gameFramework.bq): 序列化/清理/广播 ping 字段 float: groupZ,render-chain
field,f,am,g,isShared,(SelectionGroup) 选中单位集合 (extends gameFramework.bq): 序列化/清理/广播 ping 字段 boolean: isShared,render-chain
field,f,am,h,isDirty,(SelectionGroup) 选中单位集合 (extends gameFramework.bq): 序列化/清理/广播 ping 字段 boolean: isDirty,render-chain
field,f,am,i,owner,(SelectionGroup) 选中单位集合 (extends gameFramework.bq): 序列化/清理/广播 ping 字段 com.corrodinggames.rts.gameFramework.f.a: owner,render-chain
method,f,e,<init>(java.lang.String, java.lang.String),handle,unverifiable-rebuilt
field,f,e,a,label,"""(StatsEntry) 战后统计条目: 键值对""",unverifiable-rebuilt
method,f,e,a(),getValue,"""(StatsEntry) 战后统计条目: 键值对""",unverifiable-rebuilt
field,f,e,b,value,"""(StatsEntry) 战后统计条目: 键值对""",unverifiable-rebuilt
field,f,e,c,sortValue,"""(StatsEntry) 战后统计条目: 键值对""",unverifiable-rebuilt
field,f,e,d,order,"""(StatsEntry) 战后统计条目: 键值对""",unverifiable-rebuilt
method,f,f,<clinit>(),run,"""(GameEndScreen) 游戏结束/评分 UI: ""gui.rategame / Victory! / Defeat"" 方法 <clinit>() -> run""",render-chain
method,f,f,<init>(),run,"""(GameEndScreen) 游戏结束/评分 UI: ""gui.rategame / Victory! / Defeat"" 方法 <init>() -> run""",render-chain
field,f,f,a,paint20,"""(GameEndScreen) 游戏结束/评分 UI: ""gui.rategame / Victory! / Defeat"" 字段 android.graphics.Paint: paint20""",render-chain
method,f,f,a(),run,"""(GameEndScreen) 游戏结束/评分 UI: ""gui.rategame / Victory! / Defeat"" 方法 a() -> run""",render-chain
field,f,f,b,isFlag20,"""(GameEndScreen) 游戏结束/评分 UI: ""gui.rategame / Victory! / Defeat"" 字段 boolean: isFlag20""",render-chain
method,f,f,b(),isReady,"""(GameEndScreen) 游戏结束/评分 UI: ""gui.rategame / Victory! / Defeat"" 方法 b() -> isReady""",render-chain
field,f,f,c,field_c,"P3.1-inferred: type=com.corrodinggames.rts.gameFramework.m.e, was=value20",p3-auto-inferred
method,f,f,c(float),update,"""(GameEndScreen) 游戏结束/评分 UI: ""gui.rategame / Victory! / Defeat"" 方法 c(float) -> update""",render-chain
field,f,f,d,field_d,"P3.1-inferred: type=com.corrodinggames.rts.gameFramework.m.e, was=value20",p3-auto-inferred
field,f,f,e,rect20,"""(GameEndScreen) 游戏结束/评分 UI: ""gui.rategame / Victory! / Defeat"" 字段 android.graphics.Rect: rect20""",render-chain
field,f,f,f,rect20,"""(GameEndScreen) 游戏结束/评分 UI: ""gui.rategame / Victory! / Defeat"" 字段 android.graphics.Rect: rect20""",render-chain
field,f,f,g,rect20,"""(GameEndScreen) 游戏结束/评分 UI: ""gui.rategame / Victory! / Defeat"" 字段 android.graphics.Rect: rect20""",render-chain
field,f,f,h,obj20,"""(GameEndScreen) 游戏结束/评分 UI: ""gui.rategame / Victory! / Defeat"" 字段 com.corrodinggames.rts.gameFramework.f.y: obj20""",render-chain
field,f,f,i,obj20,"""(GameEndScreen) 游戏结束/评分 UI: ""gui.rategame / Victory! / Defeat"" 字段 java.util.ArrayList: obj20""",render-chain
field,f,f,j,count20,"""(GameEndScreen) 游戏结束/评分 UI: ""gui.rategame / Victory! / Defeat"" 字段 int: count20""",render-chain
field,f,f,k,count20,"""(GameEndScreen) 游戏结束/评分 UI: ""gui.rategame / Victory! / Defeat"" 字段 int: count20""",render-chain
field,f,f,l,count20,"""(GameEndScreen) 游戏结束/评分 UI: ""gui.rategame / Victory! / Defeat"" 字段 int: count20""",render-chain
field,f,f,m,rect20,"""(GameEndScreen) 游戏结束/评分 UI: ""gui.rategame / Victory! / Defeat"" 字段 android.graphics.Rect: rect20""",render-chain
field,f,f,n,isFlag20,"""(GameEndScreen) 游戏结束/评分 UI: ""gui.rategame / Victory! / Defeat"" 字段 boolean: isFlag20""",render-chain
field,f,f,o,isFlag20,"""(GameEndScreen) 游戏结束/评分 UI: ""gui.rategame / Victory! / Defeat"" 字段 boolean: isFlag20""",render-chain
field,f,f,p,name20,"""(GameEndScreen) 游戏结束/评分 UI: ""gui.rategame / Victory! / Defeat"" 字段 java.lang.String: name20""",render-chain
field,f,f,q,name20,"""(GameEndScreen) 游戏结束/评分 UI: ""gui.rategame / Victory! / Defeat"" 字段 java.lang.String: name20""",render-chain
field,f,f,r,name20,"""(GameEndScreen) 游戏结束/评分 UI: ""gui.rategame / Victory! / Defeat"" 字段 java.lang.String: name20""",render-chain
field,f,f,s,isFlag20,"""(GameEndScreen) 游戏结束/评分 UI: ""gui.rategame / Victory! / Defeat"" 字段 boolean: isFlag20""",render-chain
field,f,f,t,field_t,"P3.1-inferred: type=float, was=value20",p3-auto-inferred
method,f,m,<init>(com.corrodinggames.rts.gameFramework.l, com.corrodinggames.rts.gameFramework.f.g),handle,unverifiable-rebuilt
method,f,m,<clinit>(),run,"""(Clock) 游戏时钟: ""HH:mm:ss"" 格式化显示 方法 <clinit>() -> run""",render-chain
field,f,m,a,hourOffset,"""(Clock) 游戏时钟: ""HH:mm:ss"" 格式化显示 字段 int: hourOffset""",render-chain
method,f,m,a(),run,"""(Clock) 游戏时钟: ""HH:mm:ss"" 格式化显示 方法 a() -> run""",render-chain
field,f,m,b,obj4,"""(Clock) 游戏时钟: ""HH:mm:ss"" 格式化显示 字段 com.corrodinggames.rts.gameFramework.f.g: obj4""",render-chain
method,f,m,b(),run,"""(Clock) 游戏时钟: ""HH:mm:ss"" 格式化显示 方法 b() -> run""",render-chain
field,f,m,c,obj4,"""(Clock) 游戏时钟: ""HH:mm:ss"" 格式化显示 字段 com.corrodinggames.rts.gameFramework.l: obj4""",render-chain
method,f,m,c(),run,"""(Clock) 游戏时钟: ""HH:mm:ss"" 格式化显示 方法 c() -> run""",render-chain
field,f,m,d,paint4,"""(Clock) 游戏时钟: ""HH:mm:ss"" 格式化显示 字段 android.graphics.Paint: paint4""",render-chain
field,f,m,e,isFlag4,"""(Clock) 游戏时钟: ""HH:mm:ss"" 格式化显示 字段 boolean: isFlag4""",render-chain
field,f,m,f,obj4,"""(Clock) 游戏时钟: ""HH:mm:ss"" 格式化显示 字段 java.util.ArrayList: obj4""",render-chain
method,f,o,a(int, int, float,unverifiable-rebuilt
method,f,o,<clinit>(),run,"""(Minimap) 小地图: ""Creating minimap image buffers / --setting up minimap--"" 方法 <clinit>() -> run""",render-chain
method,f,o,<init>(),run,"""(Minimap) 小地图: ""Creating minimap image buffers / --setting up minimap--"" 方法 <init>() -> run""",render-chain
field,f,o,A,paint30,"""(Minimap) 小地图: ""Creating minimap image buffers / --setting up minimap--"" 字段 android.graphics.Paint: paint30""",render-chain
field,f,o,B,paint30,"""(Minimap) 小地图: ""Creating minimap image buffers / --setting up minimap--"" 字段 android.graphics.Paint: paint30""",render-chain
field,f,o,C,paint30,"""(Minimap) 小地图: ""Creating minimap image buffers / --setting up minimap--"" 字段 android.graphics.Paint: paint30""",render-chain
field,f,o,D,paint30,"""(Minimap) 小地图: ""Creating minimap image buffers / --setting up minimap--"" 字段 android.graphics.Paint: paint30""",render-chain
field,f,o,E,rect30,"""(Minimap) 小地图: ""Creating minimap image buffers / --setting up minimap--"" 字段 android.graphics.Rect: rect30""",render-chain
field,f,o,F,texture30,"""(Minimap) 小地图: ""Creating minimap image buffers / --setting up minimap--"" 字段 com.corrodinggames.rts.gameFramework.m.e: texture30""",render-chain
field,f,o,G,obj30,"""(Minimap) 小地图: ""Creating minimap image buffers / --setting up minimap--"" 字段 com.corrodinggames.rts.gameFramework.m.y: obj30""",render-chain
field,f,o,H,texture30,"""(Minimap) 小地图: ""Creating minimap image buffers / --setting up minimap--"" 字段 com.corrodinggames.rts.gameFramework.m.e: texture30""",render-chain
field,f,o,I,obj30,"""(Minimap) 小地图: ""Creating minimap image buffers / --setting up minimap--"" 字段 com.corrodinggames.rts.gameFramework.m.y: obj30""",render-chain
field,f,o,J,texture30,"""(Minimap) 小地图: ""Creating minimap image buffers / --setting up minimap--"" 字段 com.corrodinggames.rts.gameFramework.m.e: texture30""",render-chain
field,f,o,K,obj30,"""(Minimap) 小地图: ""Creating minimap image buffers / --setting up minimap--"" 字段 com.corrodinggames.rts.gameFramework.m.y: obj30""",render-chain
field,f,o,L,value30,"""(Minimap) 小地图: ""Creating minimap image buffers / --setting up minimap--"" 字段 float: value30""",render-chain
field,f,o,M,value30,"""(Minimap) 小地图: ""Creating minimap image buffers / --setting up minimap--"" 字段 float: value30""",render-chain
field,f,o,N,value30,"""(Minimap) 小地图: ""Creating minimap image buffers / --setting up minimap--"" 字段 float: value30""",render-chain
field,f,o,O,isFlag30,"""(Minimap) 小地图: ""Creating minimap image buffers / --setting up minimap--"" 字段 boolean: isFlag30""",render-chain
field,f,o,P,isFlag30,"""(Minimap) 小地图: ""Creating minimap image buffers / --setting up minimap--"" 字段 boolean: isFlag30""",render-chain
field,f,o,Q,value30,"""(Minimap) 小地图: ""Creating minimap image buffers / --setting up minimap--"" 字段 float: value30""",render-chain
field,f,o,R,count30,"""(Minimap) 小地图: ""Creating minimap image buffers / --setting up minimap--"" 字段 int: count30""",render-chain
field,f,o,S,count30,"""(Minimap) 小地图: ""Creating minimap image buffers / --setting up minimap--"" 字段 int: count30""",render-chain
field,f,o,T,texture30,"""(Minimap) 小地图: ""Creating minimap image buffers / --setting up minimap--"" 字段 com.corrodinggames.rts.gameFramework.m.e: texture30""",render-chain
field,f,o,U,texture30,"""(Minimap) 小地图: ""Creating minimap image buffers / --setting up minimap--"" 字段 com.corrodinggames.rts.gameFramework.m.e: texture30""",render-chain
field,f,o,V,rect30,"""(Minimap) 小地图: ""Creating minimap image buffers / --setting up minimap--"" 字段 android.graphics.Rect: rect30""",render-chain
field,f,o,W,objArray30,"""(Minimap) 小地图: ""Creating minimap image buffers / --setting up minimap--"" 字段 [com.corrodinggames.rts.gameFramework.m.ag: objArray30""",render-chain
field,f,o,X,uniquePaint30,"""(Minimap) 小地图: ""Creating minimap image buffers / --setting up minimap--"" 字段 com.corrodinggames.rts.gameFramework.m.ag: uniquePaint30""",render-chain
field,f,o,Y,value30,"""(Minimap) 小地图: ""Creating minimap image buffers / --setting up minimap--"" 字段 float: value30""",render-chain
field,f,o,Z,obj30,"""(Minimap) 小地图: ""Creating minimap image buffers / --setting up minimap--"" 字段 java.util.ArrayList: obj30""",render-chain
field,f,o,a,worldScale,"""(Minimap) 小地图: ""Creating minimap image buffers / --setting up minimap--"" 字段 float: worldScale""",render-chain
field,f,o,aa,obj30,"""(Minimap) 小地图: ""Creating minimap image buffers / --setting up minimap--"" 字段 java.util.ArrayList: obj30""",render-chain
field,f,o,ab,rect30,"""(Minimap) 小地图: ""Creating minimap image buffers / --setting up minimap--"" 字段 android.graphics.Rect: rect30""",render-chain
field,f,o,ac,obj30,"""(Minimap) 小地图: ""Creating minimap image buffers / --setting up minimap--"" 字段 java.util.ArrayList: obj30""",render-chain
field,f,o,ad,obj30,"""(Minimap) 小地图: ""Creating minimap image buffers / --setting up minimap--"" 字段 android.graphics.Point: obj30""",render-chain
field,f,o,ae,obj30,"""(Minimap) 小地图: ""Creating minimap image buffers / --setting up minimap--"" 字段 com.corrodinggames.rts.gameFramework.m.m: obj30""",render-chain
field,f,o,af,obj30,"""(Minimap) 小地图: ""Creating minimap image buffers / --setting up minimap--"" 字段 java.util.ArrayList: obj30""",render-chain
field,f,o,ag,obj30,"""(Minimap) 小地图: ""Creating minimap image buffers / --setting up minimap--"" 字段 java.util.ArrayList: obj30""",render-chain
field,f,o,b,worldOffsetX,"""(Minimap) 小地图: ""Creating minimap image buffers / --setting up minimap--"" 字段 float: worldOffsetX""",render-chain
method,f,o,b(),getCount,"""(Minimap) 小地图: ""Creating minimap image buffers / --setting up minimap--"" 方法 b() -> getCount""",render-chain
field,f,o,c,mapX,"""(Minimap) 小地图: ""Creating minimap image buffers / --setting up minimap--"" 字段 float: mapX""",render-chain
method,f,o,c(),run,"""(Minimap) 小地图: ""Creating minimap image buffers / --setting up minimap--"" 方法 c() -> run""",render-chain
field,f,o,d,mapY,"""(Minimap) 小地图: ""Creating minimap image buffers / --setting up minimap--"" 字段 float: mapY""",render-chain
method,f,o,d(),getValue,"""(Minimap) 小地图: ""Creating minimap image buffers / --setting up minimap--"" 方法 d() -> getValue""",render-chain
field,f,o,e,isFogEnabled,"""(Minimap) 小地图: ""Creating minimap image buffers / --setting up minimap--"" 字段 boolean: isFogEnabled""",render-chain
method,f,o,e(),run,"""(Minimap) 小地图: ""Creating minimap image buffers / --setting up minimap--"" 方法 e() -> run""",render-chain
field,f,o,f,isUnitEnabled,"""(Minimap) 小地图: ""Creating minimap image buffers / --setting up minimap--"" 字段 boolean: isUnitEnabled""",render-chain
method,f,o,f(),run,"""(Minimap) 小地图: ""Creating minimap image buffers / --setting up minimap--"" 方法 f() -> run""",render-chain
field,f,o,g,count30,"""(Minimap) 小地图: ""Creating minimap image buffers / --setting up minimap--"" 字段 int: count30""",render-chain
method,f,o,g(),run,"""(Minimap) 小地图: ""Creating minimap image buffers / --setting up minimap--"" 方法 g() -> run""",render-chain
field,f,o,h,count30,"""(Minimap) 小地图: ""Creating minimap image buffers / --setting up minimap--"" 字段 int: count30""",render-chain
method,f,o,h(),run,"""(Minimap) 小地图: ""Creating minimap image buffers / --setting up minimap--"" 方法 h() -> run""",render-chain
field,f,o,i,value30,"""(Minimap) 小地图: ""Creating minimap image buffers / --setting up minimap--"" 字段 float: value30""",render-chain
field,f,o,j,value30,"""(Minimap) 小地图: ""Creating minimap image buffers / --setting up minimap--"" 字段 float: value30""",render-chain
field,f,o,k,count30,"""(Minimap) 小地图: ""Creating minimap image buffers / --setting up minimap--"" 字段 int: count30""",render-chain
field,f,o,l,count30,"""(Minimap) 小地图: ""Creating minimap image buffers / --setting up minimap--"" 字段 int: count30""",render-chain
field,f,o,m,isFlag30,"""(Minimap) 小地图: ""Creating minimap image buffers / --setting up minimap--"" 字段 boolean: isFlag30""",render-chain
field,f,o,n,paint30,"""(Minimap) 小地图: ""Creating minimap image buffers / --setting up minimap--"" 字段 android.graphics.Paint: paint30""",render-chain
field,f,o,o,paint30,"""(Minimap) 小地图: ""Creating minimap image buffers / --setting up minimap--"" 字段 android.graphics.Paint: paint30""",render-chain
field,f,o,p,paint30,"""(Minimap) 小地图: ""Creating minimap image buffers / --setting up minimap--"" 字段 android.graphics.Paint: paint30""",render-chain
field,f,o,q,value30,"""(Minimap) 小地图: ""Creating minimap image buffers / --setting up minimap--"" 字段 float: value30""",render-chain
field,f,o,r,value30,"""(Minimap) 小地图: ""Creating minimap image buffers / --setting up minimap--"" 字段 float: value30""",render-chain
field,f,o,s,paint30,"""(Minimap) 小地图: ""Creating minimap image buffers / --setting up minimap--"" 字段 android.graphics.Paint: paint30""",render-chain
field,f,o,t,paint30,"""(Minimap) 小地图: ""Creating minimap image buffers / --setting up minimap--"" 字段 android.graphics.Paint: paint30""",render-chain
field,f,o,u,paint30,"""(Minimap) 小地图: ""Creating minimap image buffers / --setting up minimap--"" 字段 android.graphics.Paint: paint30""",render-chain
field,f,o,v,paint30,"""(Minimap) 小地图: ""Creating minimap image buffers / --setting up minimap--"" 字段 android.graphics.Paint: paint30""",render-chain
field,f,o,w,rect30,"""(Minimap) 小地图: ""Creating minimap image buffers / --setting up minimap--"" 字段 android.graphics.Rect: rect30""",render-chain
field,f,o,x,paint30,"""(Minimap) 小地图: ""Creating minimap image buffers / --setting up minimap--"" 字段 android.graphics.Paint: paint30""",render-chain
field,f,o,y,paint30,"""(Minimap) 小地图: ""Creating minimap image buffers / --setting up minimap--"" 字段 android.graphics.Paint: paint30""",render-chain
field,f,o,z,paint30,"""(Minimap) 小地图: ""Creating minimap image buffers / --setting up minimap--"" 字段 android.graphics.Paint: paint30""",render-chain
method,f,v,addIntentOptions(int, int, int | android.content.ComponentName,unverifiable-rebuilt
method,f,v,isShortcutKey(int, android.view.KeyEvent),getResult,unverifiable-rebuilt
method,f,v,performIdentifierAction(int, int),getInts,unverifiable-rebuilt
method,f,v,performShortcut(int, android.view.KeyEvent,""" int)""",getResult
method,f,v,setGroupCheckable(int, boolean,""" boolean)""",handle
method,f,v,setGroupEnabled(int, boolean),handle,unverifiable-rebuilt
method,f,v,setGroupVisible(int, boolean),handle,unverifiable-rebuilt
method,f,v,<init>(),run,(ChatLog) 聊天日志: ArrayList 消息列表 方法 <init>() -> run,render-chain
field,f,v,a,obj0,(ChatLog) 聊天日志: ArrayList 消息列表 字段 java.util.ArrayList: obj0,render-chain
method,f,v,add(java.lang.CharSequence),getResult,(ChatLog) 聊天日志: ArrayList 消息列表 方法 add(java.lang.CharSequence) -> getResult,render-chain
method,f,v,addSubMenu(java.lang.CharSequence),getResult,(ChatLog) 聊天日志: ArrayList 消息列表 方法 addSubMenu(java.lang.CharSequence) -> getResult,render-chain
method,f,v,clear(),run,(ChatLog) 聊天日志: ArrayList 消息列表 方法 clear() -> run,render-chain
method,f,v,close(),run,(ChatLog) 聊天日志: ArrayList 消息列表 方法 close() -> run,render-chain
method,f,v,findItem(int),getInts,(ChatLog) 聊天日志: ArrayList 消息列表 方法 findItem(int) -> getInts,render-chain
method,f,v,getItem(int),getInts,(ChatLog) 聊天日志: ArrayList 消息列表 方法 getItem(int) -> getInts,render-chain
method,f,v,hasVisibleItems(),isReady,(ChatLog) 聊天日志: ArrayList 消息列表 方法 hasVisibleItems() -> isReady,render-chain
method,f,v,removeGroup(int),setInts,(ChatLog) 聊天日志: ArrayList 消息列表 方法 removeGroup(int) -> setInts,render-chain
method,f,v,removeItem(int),setInts,(ChatLog) 聊天日志: ArrayList 消息列表 方法 removeItem(int) -> setInts,render-chain
method,f,v,setQwertyMode(boolean),setEnabled,(ChatLog) 聊天日志: ArrayList 消息列表 方法 setQwertyMode(boolean) -> setEnabled,render-chain
method,f,v,size(),getCount,(ChatLog) 聊天日志: ArrayList 消息列表 方法 size() -> getCount,render-chain
method,f,w,setShortcut(char, char),getResult,unverifiable-rebuilt
method,f,w,<init>(),run,"""(UiWidget) UI 控件基类: 布局/输入/绘制 (默认 ""not Implemented"" 空实现) 方法 <init>() -> run""",render-chain
field,f,w,a,obj3,"""(UiWidget) UI 控件基类: 布局/输入/绘制 (默认 ""not Implemented"" 空实现) 字段 java.lang.CharSequence: obj3""",render-chain
method,f,w,a(int),getInts,"""(UiWidget) UI 控件基类: 布局/输入/绘制 (默认 ""not Implemented"" 空实现) 方法 a(int) -> getInts""",render-chain
field,f,w,b,obj3,"""(UiWidget) UI 控件基类: 布局/输入/绘制 (默认 ""not Implemented"" 空实现) 字段 android.graphics.drawable.Drawable: obj3""",render-chain
field,f,w,c,count3,"""(UiWidget) UI 控件基类: 布局/输入/绘制 (默认 ""not Implemented"" 空实现) 字段 int: count3""",render-chain
method,f,w,collapseActionView(),isReady,"""(UiWidget) UI 控件基类: 布局/输入/绘制 (默认 ""not Implemented"" 空实现) 方法 collapseActionView() -> isReady""",render-chain
method,f,w,expandActionView(),isReady,"""(UiWidget) UI 控件基类: 布局/输入/绘制 (默认 ""not Implemented"" 空实现) 方法 expandActionView() -> isReady""",render-chain
method,f,w,getActionProvider(),getValue,"""(UiWidget) UI 控件基类: 布局/输入/绘制 (默认 ""not Implemented"" 空实现) 方法 getActionProvider() -> getValue""",render-chain
method,f,w,getActionView(),getValue,"""(UiWidget) UI 控件基类: 布局/输入/绘制 (默认 ""not Implemented"" 空实现) 方法 getActionView() -> getValue""",render-chain
method,f,w,getAlphabeticShortcut(),getValue,"""(UiWidget) UI 控件基类: 布局/输入/绘制 (默认 ""not Implemented"" 空实现) 方法 getAlphabeticShortcut() -> getValue""",render-chain
method,f,w,getGroupId(),getCount,"""(UiWidget) UI 控件基类: 布局/输入/绘制 (默认 ""not Implemented"" 空实现) 方法 getGroupId() -> getCount""",render-chain
method,f,w,getIcon(),getValue,"""(UiWidget) UI 控件基类: 布局/输入/绘制 (默认 ""not Implemented"" 空实现) 方法 getIcon() -> getValue""",render-chain
method,f,w,getIntent(),getValue,"""(UiWidget) UI 控件基类: 布局/输入/绘制 (默认 ""not Implemented"" 空实现) 方法 getIntent() -> getValue""",render-chain
method,f,w,getItemId(),getCount,"""(UiWidget) UI 控件基类: 布局/输入/绘制 (默认 ""not Implemented"" 空实现) 方法 getItemId() -> getCount""",render-chain
method,f,w,getMenuInfo(),getValue,"""(UiWidget) UI 控件基类: 布局/输入/绘制 (默认 ""not Implemented"" 空实现) 方法 getMenuInfo() -> getValue""",render-chain
method,f,w,getNumericShortcut(),getValue,"""(UiWidget) UI 控件基类: 布局/输入/绘制 (默认 ""not Implemented"" 空实现) 方法 getNumericShortcut() -> getValue""",render-chain
method,f,w,getOrder(),getCount,"""(UiWidget) UI 控件基类: 布局/输入/绘制 (默认 ""not Implemented"" 空实现) 方法 getOrder() -> getCount""",render-chain
method,f,w,getSubMenu(),getValue,"""(UiWidget) UI 控件基类: 布局/输入/绘制 (默认 ""not Implemented"" 空实现) 方法 getSubMenu() -> getValue""",render-chain
method,f,w,getTitle(),getValue,"""(UiWidget) UI 控件基类: 布局/输入/绘制 (默认 ""not Implemented"" 空实现) 方法 getTitle() -> getValue""",render-chain
method,f,w,getTitleCondensed(),getValue,"""(UiWidget) UI 控件基类: 布局/输入/绘制 (默认 ""not Implemented"" 空实现) 方法 getTitleCondensed() -> getValue""",render-chain
method,f,w,hasSubMenu(),isReady,"""(UiWidget) UI 控件基类: 布局/输入/绘制 (默认 ""not Implemented"" 空实现) 方法 hasSubMenu() -> isReady""",render-chain
method,f,w,isActionViewExpanded(),isReady,"""(UiWidget) UI 控件基类: 布局/输入/绘制 (默认 ""not Implemented"" 空实现) 方法 isActionViewExpanded() -> isReady""",render-chain
method,f,w,isCheckable(),isReady,"""(UiWidget) UI 控件基类: 布局/输入/绘制 (默认 ""not Implemented"" 空实现) 方法 isCheckable() -> isReady""",render-chain
method,f,w,isChecked(),isReady,"""(UiWidget) UI 控件基类: 布局/输入/绘制 (默认 ""not Implemented"" 空实现) 方法 isChecked() -> isReady""",render-chain
method,f,w,isEnabled(),isReady,"""(UiWidget) UI 控件基类: 布局/输入/绘制 (默认 ""not Implemented"" 空实现) 方法 isEnabled() -> isReady""",render-chain
method,f,w,isVisible(),isReady,"""(UiWidget) UI 控件基类: 布局/输入/绘制 (默认 ""not Implemented"" 空实现) 方法 isVisible() -> isReady""",render-chain
method,f,w,setActionProvider(android.view.ActionProvider),getResult,"""(UiWidget) UI 控件基类: 布局/输入/绘制 (默认 ""not Implemented"" 空实现) 方法 setActionProvider(android.view.ActionProvider) -> getResult""",render-chain
method,f,w,setActionView(android.view.View),getResult,"""(UiWidget) UI 控件基类: 布局/输入/绘制 (默认 ""not Implemented"" 空实现) 方法 setActionView(android.view.View) -> getResult""",render-chain
method,f,w,setAlphabeticShortcut(char),getResult,"""(UiWidget) UI 控件基类: 布局/输入/绘制 (默认 ""not Implemented"" 空实现) 方法 setAlphabeticShortcut(char) -> getResult""",render-chain
method,f,w,setCheckable(boolean),isValid,"""(UiWidget) UI 控件基类: 布局/输入/绘制 (默认 ""not Implemented"" 空实现) 方法 setCheckable(boolean) -> isValid""",render-chain
method,f,w,setChecked(boolean),isValid,"""(UiWidget) UI 控件基类: 布局/输入/绘制 (默认 ""not Implemented"" 空实现) 方法 setChecked(boolean) -> isValid""",render-chain
method,f,w,setEnabled(boolean),isValid,"""(UiWidget) UI 控件基类: 布局/输入/绘制 (默认 ""not Implemented"" 空实现) 方法 setEnabled(boolean) -> isValid""",render-chain
method,f,w,setIcon(android.graphics.drawable.Drawable),getResult,"""(UiWidget) UI 控件基类: 布局/输入/绘制 (默认 ""not Implemented"" 空实现) 方法 setIcon(android.graphics.drawable.Drawable) -> getResult""",render-chain
method,f,w,setIntent(android.content.Intent),getResult,"""(UiWidget) UI 控件基类: 布局/输入/绘制 (默认 ""not Implemented"" 空实现) 方法 setIntent(android.content.Intent) -> getResult""",render-chain
method,f,w,setNumericShortcut(char),getResult,"""(UiWidget) UI 控件基类: 布局/输入/绘制 (默认 ""not Implemented"" 空实现) 方法 setNumericShortcut(char) -> getResult""",render-chain
method,f,w,setOnActionExpandListener(android.view.MenuItem$OnActionExpandListener),getResult,"""(UiWidget) UI 控件基类: 布局/输入/绘制 (默认 ""not Implemented"" 空实现) 方法 setOnActionExpandListener(android.view.MenuItem$OnActionExpandListener) -> getResult""",render-chain
method,f,w,setOnMenuItemClickListener(android.view.MenuItem$OnMenuItemClickListener),getResult,"""(UiWidget) UI 控件基类: 布局/输入/绘制 (默认 ""not Implemented"" 空实现) 方法 setOnMenuItemClickListener(android.view.MenuItem$OnMenuItemClickListener) -> getResult""",render-chain
method,f,w,setShowAsAction(int),setInts,"""(UiWidget) UI 控件基类: 布局/输入/绘制 (默认 ""not Implemented"" 空实现) 方法 setShowAsAction(int) -> setInts""",render-chain
method,f,w,setShowAsActionFlags(int),getInts,"""(UiWidget) UI 控件基类: 布局/输入/绘制 (默认 ""not Implemented"" 空实现) 方法 setShowAsActionFlags(int) -> getInts""",render-chain
method,f,w,setTitle(java.lang.CharSequence),getResult,"""(UiWidget) UI 控件基类: 布局/输入/绘制 (默认 ""not Implemented"" 空实现) 方法 setTitle(java.lang.CharSequence) -> getResult""",render-chain
method,f,w,setTitleCondensed(java.lang.CharSequence),getResult,"""(UiWidget) UI 控件基类: 布局/输入/绘制 (默认 ""not Implemented"" 空实现) 方法 setTitleCondensed(java.lang.CharSequence) -> getResult""",render-chain
method,f,w,setVisible(boolean),isValid,"""(UiWidget) UI 控件基类: 布局/输入/绘制 (默认 ""not Implemented"" 空实现) 方法 setVisible(boolean) -> isValid""",render-chain
method,f,x,<init>(),run,"""(EventQueue) UI 事件队列: 占位单位更新通知""",unverifiable-rebuilt
field,f,x,a,obj0,"""(EventQueue) UI 事件队列: 占位单位更新通知""",unverifiable-rebuilt
method,f,x,a(float),update,"""(EventQueue) UI 事件队列: 占位单位更新通知""",unverifiable-rebuilt
method,f,x,b(),getValue,"""(EventQueue) UI 事件队列: 占位单位更新通知""",unverifiable-rebuilt
method,f,x,df(),getValue,"""(EventQueue) UI 事件队列: 占位单位更新通知""",unverifiable-rebuilt
method,f,x,r(),getValue,"""(EventQueue) UI 事件队列: 占位单位更新通知""",unverifiable-rebuilt
method,f,x,t(),isReady,"""(EventQueue) UI 事件队列: 占位单位更新通知""",unverifiable-rebuilt
method,f,x,u(),isReady,"""(EventQueue) UI 事件队列: 占位单位更新通知""",unverifiable-rebuilt
method,f,y,<init>(java.util.ArrayList, java.util.ArrayList),handle,unverifiable-rebuilt
field,f,y,a,obj19,"""(Leaderboard) 排行榜 UI: 队伍标签 + 条目列表""",unverifiable-rebuilt
method,f,y,a(),getValue,"""(Leaderboard) 排行榜 UI: 队伍标签 + 条目列表""",unverifiable-rebuilt
field,f,y,b,rect19,"""(Leaderboard) 排行榜 UI: 队伍标签 + 条目列表""",unverifiable-rebuilt
method,f,y,b(),run,"""(Leaderboard) 排行榜 UI: 队伍标签 + 条目列表""",unverifiable-rebuilt
field,f,y,c,paint19,"""(Leaderboard) 排行榜 UI: 队伍标签 + 条目列表""",unverifiable-rebuilt
method,f,y,c(),run,"""(Leaderboard) 排行榜 UI: 队伍标签 + 条目列表""",unverifiable-rebuilt
field,f,y,d,paint19,"""(Leaderboard) 排行榜 UI: 队伍标签 + 条目列表""",unverifiable-rebuilt
field,f,y,e,tabs,"""(Leaderboard) 排行榜 UI: 队伍标签 + 条目列表""",unverifiable-rebuilt
field,f,y,f,type,"""(Leaderboard) 排行榜 UI: 队伍标签 + 条目列表""",unverifiable-rebuilt
field,f,y,g,sortMode,"""(Leaderboard) 排行榜 UI: 队伍标签 + 条目列表""",unverifiable-rebuilt
field,f,y,h,rows,"""(Leaderboard) 排行榜 UI: 队伍标签 + 条目列表""",unverifiable-rebuilt
field,f,y,i,tabDefs,"""(Leaderboard) 排行榜 UI: 队伍标签 + 条目列表""",unverifiable-rebuilt
field,f,y,j,sortedRows,"""(Leaderboard) 排行榜 UI: 队伍标签 + 条目列表""",unverifiable-rebuilt
field,f,y,k,tabDefs2,"""(Leaderboard) 排行榜 UI: 队伍标签 + 条目列表""",unverifiable-rebuilt
field,f,y,l,filteredRows,"""(Leaderboard) 排行榜 UI: 队伍标签 + 条目列表""",unverifiable-rebuilt
field,f,y,m,tabDefs3,"""(Leaderboard) 排行榜 UI: 队伍标签 + 条目列表""",unverifiable-rebuilt
field,f,y,n,time19,"""(Leaderboard) 排行榜 UI: 队伍标签 + 条目列表""",unverifiable-rebuilt
field,f,y,o,texture19,"""(Leaderboard) 排行榜 UI: 队伍标签 + 条目列表""",unverifiable-rebuilt
field,f,y,p,objArray19,"""(Leaderboard) 排行榜 UI: 队伍标签 + 条目列表""",unverifiable-rebuilt
field,f,y,q,rect19,"""(Leaderboard) 排行榜 UI: 队伍标签 + 条目列表""",unverifiable-rebuilt
field,f,y,r,rect19,"""(Leaderboard) 排行榜 UI: 队伍标签 + 条目列表""",unverifiable-rebuilt
field,f,y,s,obj19,"""(Leaderboard) 排行榜 UI: 队伍标签 + 条目列表""",unverifiable-rebuilt
field,f,y,t,obj19,"""(Leaderboard) 排行榜 UI: 队伍标签 + 条目列表""",unverifiable-rebuilt
field,f,y,u,count19,"""(Leaderboard) 排行榜 UI: 队伍标签 + 条目列表""",unverifiable-rebuilt
field,f,y,v,count19,"""(Leaderboard) 排行榜 UI: 队伍标签 + 条目列表""",unverifiable-rebuilt
field,f,y,w,count19,"""(Leaderboard) 排行榜 UI: 队伍标签 + 条目列表""",unverifiable-rebuilt
field,com.corrodinggames.rts.gameFramework.h.a,d,languageOverride,main-deobf-anchored: Main.class 用法/字节码锚定 (2026-08-16): -lang 分支; c() 读取 if(d!=null) return d,main-deobf-anchored: Main.class 用法/字节码锚定 (2026-08-16),main-deobf-anchored
field,com.corrodinggames.rts.gameFramework.o.a,a,instance,main-deobf-anchored: Main.class 用法/字节码锚定 (2026-08-16): 静态单例,main-deobf-anchored: Main.class 用法/字节码锚定 (2026-08-16),main-deobf-anchored
method,com.corrodinggames.rts.gameFramework.o.a,a(),getInstance,main-deobf-anchored: Main.class 用法/字节码锚定 (2026-08-16): 静态单例获取,main-deobf-anchored: Main.class 用法/字节码锚定 (2026-08-16),main-deobf-anchored
method,com.corrodinggames.rts.gameFramework.o.a,b(),init,"main-deobf-anchored: Main.class 用法/字节码锚定 (2026-08-16): 基类体日志 ""SteamEngine - blank init""",main-deobf-anchored: Main.class 用法/字节码锚定 (2026-08-16),main-deobf-anchored
method,com.corrodinggames.rts.gameFramework,c,c(),update,"v19.100 辐射批1: GameEngine.update每帧调用 cf.c() (命令更新, CommandController)",verified
method,com.corrodinggames.rts.gameFramework,ba,a(float),updateGameFrame,"v19.100 辐射批1: GameEngine.update每帧调用 cb.a(f2) (回放帧推进, 命令按帧注入)",verified
method,com.corrodinggames.rts.gameFramework,bg,b,update,v19.100 辐射批1: GameEngine.update每帧调用 bY.b (StatsHandler更新),verified
method,com.corrodinggames.rts.gameFramework,aa,a(float),update,v19.100 辐射批1: GameEngine.update每帧调用 bV.a (GroupController更新),verified
method,com.corrodinggames.rts.gameFramework,c,a(),clearQueues,v19.100: 清空b/c/d三队列,verified
method,com.corrodinggames.rts.gameFramework,c,b(),newCommand,"v19.100: new e(this) + ""Tracing source""调试; Debug.moveAllUnitsOnTeam用cf.b()",verified
method,com.corrodinggames.rts.gameFramework,c,a(com.corrodinggames.rts.game.n),newCommandForTeam,v19.100: 委托b(n),verified
method,com.corrodinggames.rts.gameFramework,c,b(com.corrodinggames.rts.game.n),submitCommand,"v19.100: team==null检查 + ""Command failed prepareAndCheckOnServer()"" + 本地/网络队列分流",verified
method,com.corrodinggames.rts.gameFramework,c,d(),processLocalCommands,v19.100: 非网络(bX.B=false)时每帧处理,verified
field,com.corrodinggames.rts.gameFramework,c,b,localCommandQueue,v19.100: submitCommand非网络分支add,verified
field,com.corrodinggames.rts.gameFramework,c,d,networkCommandQueue,v19.100: submitCommand网络分支add,verified
method,com.corrodinggames.rts.gameFramework,y,"b(java.lang.String, boolean)",saveGame,"v19.100: Root.saveGame→ca.b(string,false) 保存游戏存档",verified
method,com.corrodinggames.rts.gameFramework,y,"c(java.lang.String, boolean)",loadGame,"v19.100: Root.loadGame→ca.c(string,false) 加载存档",verified
method,com.corrodinggames.rts.gameFramework,y,"a(com.corrodinggames.rts.gameFramework.j.k, boolean, boolean, boolean)",loadFromStream,"v19.100: ""--- Save file load complete ---"" (884行) + GameObject.fastGameObjectList; 回放/存档共用加载主方法 (ba.a调用ca.a)",verified
method,com.corrodinggames.rts.gameFramework,y,a(com.corrodinggames.rts.gameFramework.j.as),saveToStream,v19.100: ba.d录制时ca.a(this.J)写初始gamesave,verified
method,com.corrodinggames.rts.gameFramework,y,a(boolean),postLoad,v19.100: 928行 存档加载后处理,verified
method,com.corrodinggames.rts.gameFramework,bg,a(com.corrodinggames.rts.gameFramework.j.as),writeStats,"v19.100: as2.e(""stats"") 子块写 (网络统计)",verified
method,com.corrodinggames.rts.gameFramework,bg,"a(com.corrodinggames.rts.gameFramework.j.k, boolean)",readStats,"v19.100: k2.b(""stats"") 子块读",verified
method,com.corrodinggames.rts.gameFramework,bg,b(),update,v19.100 辐射批1: GameEngine.update每帧调用 bY.b,verified
method,com.corrodinggames.rts.gameFramework,bg,"a(com.corrodinggames.rts.game.units.am, com.corrodinggames.rts.game.units.am, float)",recordKill,v19.100: 116行 单位击杀统计 (伤害记录),verified
field,com.corrodinggames.rts.gameFramework,ba,a,replayDirectory,"初始值 'replays/'; a(String,boolean) 用 e.a.a(name,this.a,bl) 拼接路径",verified
field,com.corrodinggames.rts.gameFramework,ba,b,logUpcomingCommands,静态; a(float) 中 if(b) 打印 'replay: upcoming in' 即将执行命令日志,verified
field,com.corrodinggames.rts.gameFramework,ba,c,logCommandDetails,静态; h() 中 if(c) 打印 'updateGameFrame: Command:/Waypoint:/Build Type:' 等命令详情,verified
field,com.corrodinggames.rts.gameFramework,ba,d,logCommandCredits,静态; a(float) 中 if(d) 打印 Precommand/Postcommand 队伍资源(cu/count/max)日志,verified
field,com.corrodinggames.rts.gameFramework,ba,e,unusedDebugFlag,静态 true; 02+03 全库未发现使用点(可能被外部反射引用),verified-exists
field,com.corrodinggames.rts.gameFramework,ba,i,unusedReservedCounter,"int; 仅 e() 重置为 0, 无其他读写",verified-exists
field,com.corrodinggames.rts.gameFramework,ba,j,commandsSinceChecksum,"a(e,int) 中 ++this.j; >5 时插入 checksum 快照记录并清零",verified
field,com.corrodinggames.rts.gameFramework,ba,k,desyncWarningShown,h() cs 块 'Error: This replay might be out of sync' 提示只显示一次,verified
field,com.corrodinggames.rts.gameFramework,ba,l,checksumMismatchCount,h() 中 ++this.l; 'checksum: checksums don't match!!' 与 extraChecksum 失败计数(es 块 <150 限流),verified
field,com.corrodinggames.rts.gameFramework,ba,m,extraChecksumLogged,h() es 块 'extraChecksum: ... (ok)' 日志仅首个 es 打印; es 块尾置 true,verified
field,com.corrodinggames.rts.gameFramework,ba,s,ended,'end' 块置 true; a(float) 开头 if(s) return 停止推进; e() 置 false,verified
field,com.corrodinggames.rts.gameFramework,ba,t,replayFileName,startReplayingFile/startSaving 中 this.t=string(文件名); e() 置 null,verified
field,com.corrodinggames.rts.gameFramework,ba,u,isPlaying,"回放播放中标志; a(String,File) 置 true, e() 置 false",verified
field,com.corrodinggames.rts.gameFramework,ba,w,lastReadRecord,h() 解析 'rc'/'wait'/'chat' 块后 this.w=bd2; a(float) 按帧号消费,verified
field,com.corrodinggames.rts.gameFramework,ba,x,lastReportedRecord,a(float) 中 this.x=this.w 用于 'replay: upcoming' 日志去重,verified
field,com.corrodinggames.rts.gameFramework,ba,y,commandCount,h() 'rc' 块 ++this.y; 日志 'id:'+y 命令序号,verified
field,com.corrodinggames.rts.gameFramework,ba,z,commandsIssued,a(float) 下发命令后 ++this.z; 'number of replay commands issued:',verified
field,com.corrodinggames.rts.gameFramework,ba,A,recordedCommandCount,"bb.java 写线程 bd2.e!=null 时 ++; endReplayMetaData '{frames..,commandCount:'+A",verified
field,com.corrodinggames.rts.gameFramework,ba,B,recordedResyncCount,bb.java bd2.f!=null 时 ++; endReplayMetaData '...resyncCount:'+B,verified
field,com.corrodinggames.rts.gameFramework,ba,C,replayInputStream,startReplayingFile: this.C=e.a.a(file) 文件输入流,verified
field,com.corrodinggames.rts.gameFramework,ba,D,replayBufferedInputStream,new BufferedInputStream(C),verified
field,com.corrodinggames.rts.gameFramework,ba,E,replayDataInputStream,new DataInputStream(D),verified
field,com.corrodinggames.rts.gameFramework,ba,F,replayStream,new k(E) 自定义输入流; h() 用 F.x() 读块名,verified
field,com.corrodinggames.rts.gameFramework,ba,G,replayOutputStream,"startSaving: this.G=e.a.a(file,false)",verified
field,com.corrodinggames.rts.gameFramework,ba,H,replayBufferedOutputStream,new BufferedOutputStream(G),verified
field,com.corrodinggames.rts.gameFramework,ba,I,replayDataOutputStream,new DataOutputStream(H),verified
field,com.corrodinggames.rts.gameFramework,ba,J,replayWriteStream,new as(I) 写入流; 写线程经 J 写 'rc'/'cs'/'wait'/'es'/'resync'/'chat'/'end' 块,verified
field,com.corrodinggames.rts.gameFramework,ba,K,writerThread,"new bb(this) 记录队列消费者; a(e,int) 等经 bb.a(bd) 入队",verified
field,com.corrodinggames.rts.gameFramework,ba,L,replayWriterThread,new Thread(K) 并 start; e() 中 join,verified
field,com.corrodinggames.rts.gameFramework,ba,M,syncLock,e() 中 synchronized(this.M) 状态互斥,verified
method,com.corrodinggames.rts.gameFramework,ba,a(String),logDebug,l.e('Replay: '+msg) 调试日志入口,verified
method,com.corrodinggames.rts.gameFramework,ba,b(String),logError,l.b('Replay: '+msg) 错误日志入口,verified
method,com.corrodinggames.rts.gameFramework,ba,"a(String,Exception)",logErrorWithException,"l.a('Replay: '+msg, ex) 异常日志入口",verified
method,com.corrodinggames.rts.gameFramework,ba,"a(String,boolean)",getReplayFile,"e.a.a(name,this.a,bl) 在 replays/ 目录取文件",verified
method,com.corrodinggames.rts.gameFramework,ba,a(Context),initContext,空实现; Android 上下文初始化钩子,verified-exists
method,com.corrodinggames.rts.gameFramework,ba,a(),togglePlayPause,l.bt 0<->1 切换(暂停/恢复 1 倍速),verified
method,com.corrodinggames.rts.gameFramework,ba,b(),cycleGameSpeed,l.bt 1->2->4->8->16->32->64->1 循环,verified
method,com.corrodinggames.rts.gameFramework,ba,"a(int,String,String,int)",recordChatMessage,"构造聊天 bd 记录; 'Failed to record chat message, replay might have already stopped'",verified
method,com.corrodinggames.rts.gameFramework,ba,"a(byte[],int,int,int,float,float)",recordResync,"'Failed to save resync, replay might have already stopped'",verified
method,com.corrodinggames.rts.gameFramework,ba,c(),writeChecksumSnapshotIfTracing,if(f) d(); f=静态 traceChecksumsWriting 标志,verified
method,com.corrodinggames.rts.gameFramework,ba,"a(e,int)",recordCommand,"'Failed to record command, replay might have already stopped'; 每 5 条附 checksum 快照",verified
method,com.corrodinggames.rts.gameFramework,ba,d(),writeChecksumSnapshot,"g.b() 计算校验和 + a(g,true) 写快照记录",verified
method,com.corrodinggames.rts.gameFramework,ba,a(ak),writeUnitSnapshot,"委托 a(ak,false)",verified
method,com.corrodinggames.rts.gameFramework,ba,"a(ak,boolean)",writeUnitSnapshot,序列化 ak.b 单位状态列表到 bd.d (bl=强制标志),verified
method,com.corrodinggames.rts.gameFramework,ba,e(),stop,同步停止: 写线程 a()+join、关闭 G/H/I 输出流、重置全部状态字段(任务参考 ba.e()=stop),verified
method,com.corrodinggames.rts.gameFramework,ba,c(String),tryStartReplayingFile,"a(name,getReplayFile(name,false)) 尝试加载并启动回放",verified
method,com.corrodinggames.rts.gameFramework,ba,"a(String,File)",startReplayingFile,'startReplayingFile: A replay is already playing/saving'; 校验 'rustedWarfareReplay' 头; 'Loading save from version:' 读初始存档(任务参考确认),verified
method,com.corrodinggames.rts.gameFramework,ba,a(boolean),maybeStartRecording,saveMultiplayerReplays 检查; 文件名 '<name> [v<x>] (d MMM yyyy HH.mm.ss).replay'(任务参考确认),verified
method,com.corrodinggames.rts.gameFramework,ba,d(String),startSaving,"'Recording replay to:' 'startSaving: ...'; 写 'rustedWarfareReplay' 头+初始存档, 启动写线程(任务参考确认)",verified
method,com.corrodinggames.rts.gameFramework,ba,e(String),deleteReplay,'ReplayEngine deleteGame:' 'Cannot get replay with path:'; 删除回放及 .map 文件,verified
method,com.corrodinggames.rts.gameFramework,ba,a(ba),syntheticAccessIsActive,合成访问器读 P; bb.java 中 ba.a(this.k) 使用,verified
method,com.corrodinggames.rts.gameFramework,ba,"a(ba,boolean)",syntheticSetIsActive,"合成访问器写 P; bb.java 中 ba.a(this.k,false) 使用",verified
field,com.corrodinggames.rts.gameFramework,e,b,traceSource,"v19.101: b()里 e2.b=l.a(Exception) ""Tracing source"" 调试",verified
method,com.corrodinggames.rts.gameFramework,aa,b(),createGroup,v19.101: ab2.e=a++ 创建递增id分组,verified
method,com.corrodinggames.rts.gameFramework,aa,"a(com.corrodinggames.rts.gameFramework.utility.m, com.corrodinggames.rts.game.units.y, com.corrodinggames.rts.gameFramework.utility.m, float, int)",groupUnits,v19.101: while(!m3.isEmpty())按位置编组算法,verified
field,com.corrodinggames.rts.gameFramework,aa,a,groupCounter,v19.101: 分组id计数器 (a++/重置1),verified
method,com.corrodinggames.rts.gameFramework,g,a(),detectPlatform,v19.101: os.name检测返回h枚举 (静态单例),verified
method,com.corrodinggames.rts.gameFramework,l,B,getInstance,静态单例访问器; 三个每帧方法(e/f/c/b)开头均 invokestatic l.B() 取 GameEngine 单例,verified
field,com.corrodinggames.rts.gameFramework.f,o,O,needsRedraw,f(float) 415-420: 迷雾格子变化后 l.bW(Minimap).O 置 true 触发小地图重绘,verified
method,com.corrodinggames.rts.gameFramework.utility,s,a,toArray,s.a()->w[]; f(float) 167: TypedObjectList 转数组遍历,verified
method,com.corrodinggames.rts.gameFramework.utility,s,size,size,标准 List 大小; f(float) 175: 遍历上界,verified
method,com.corrodinggames.rts.gameFramework,ba,j,isReplayActive,方法 j()Z (与 int 字段 j 同名不同成员); c(float) 64-71: !isSyncing && replayEngine.j() 时触发 doQuickResync,verified-exists
field,com.corrodinggames.rts.gameFramework,e,c,frame,int; a(au)V 179-183: e.c = 下一阻塞帧号(游戏帧); 命令执行帧,verified
method,com.corrodinggames.rts.gameFramework,e,a,readFrom,a(PacketReader)V; a(au)V 188-191: 从包读取命令数据,verified
method,com.corrodinggames.rts.gameFramework,e,c,getPlayer,"c()->PlayerState; a(au)V 397-400: 取命令归属玩家, ""Invalid command from"" 判空",verified
field,com.corrodinggames.rts.gameFramework,y,a,plainTextDebugSave,"静态明文存档调试开关。T0: librocket/scripts/Debug.java:466 Debug.plainTextDebugSave(boolean) 命令直接赋值 com.corrodinggames.rts.gameFramework.y.a = bl2; 保存路径 y.b(String,boolean) 91-112行: !a 时写 DataOutputStream+as(二进制), a 时写 PrintStream+aw(明文) 且日志 'DEBUG plain text save created'",verified
field,com.corrodinggames.rts.gameFramework,y,b,profileLoadTotal,"加载总耗时分析开关(final, 构造恒false)。T0: loadFromStream a(k2,bl2,bl3,bl4) 371-372行 'if (this.b) br2.a(bs.y)' 与 890-892行 'if (!this.b) return true; br2.b(bs.y); br2.a(true,true)' — br2=l.B().cd=br(ProfilingEngine, i.java:203), bs.y 枚举名 'load_total' (bs.java:38); 为回放/存档加载计总时长",verified
field,com.corrodinggames.rts.gameFramework,y,c,autosaveBaselineGameTime,"自动保存基准游戏时间。T0: autosaveTick b() 956-958行 当 d==-9999 时 c=l2.by 初始化; postLoad a(boolean) 931-933行 !bl 时 c=-9999 重置。仅赋值、从未被读取(与 d 配对), 语义推断 — 保守命名",verified-exists
field,com.corrodinggames.rts.gameFramework,y,d,lastAutosaveGameTime,上次自动保存游戏时间戳。T0: autosaveTick b() 960-965行 'if (this.d + 300000 < l2.by) { this.d = l2.by; ... this.c(); }' — 以 300000ms(5分钟)游戏时间间隔触发自动保存; l2.by=当前游戏时间,verified
method,com.corrodinggames.rts.gameFramework,y,"a(java.lang.String, boolean)",getSaveFile,"获取存档文件(在 saves/ 目录下)。T0: 57-59行 'return y.a(string, ""saves/"", bl)' 委托 static a(String,String,boolean); saveGame b(String,boolean) 82-87行用其取 .rwsave/.tmp 文件; loadGame c(String,boolean) 319行同用",verified
method,com.corrodinggames.rts.gameFramework,y,"a(java.lang.String, java.lang.String, boolean)",getStorageFile,"静态: 获取存储目录下文件, 委托 FileUtils。T0: 61-63行 'return com.corrodinggames.rts.gameFramework.e.a.a(string, string2, bl)' (e.a=存储文件工具类); saveGame 中 89行 e.a.a(file,false) 开输出流同工具类",verified
method,com.corrodinggames.rts.gameFramework,y,a(java.lang.String),remapDemoMissionMap,"演示版任务地图名重映射。T0: 300-311行 将 'maps/normal/l010;mission_1__-__Dividing_River.tmx' / l030;mission_3 重写为 '[demo]' 前缀版本, 其余原样返回; loadFromStream 474行 'l2.dl = this.a(string4)' 加载时调用",verified
method,com.corrodinggames.rts.gameFramework,y,"a(java.lang.String, com.corrodinggames.rts.gameFramework.j.as)",openSaveFileToStream,"打开存档文件作为保存输出流。T0: 352-358行 取文件, null 抛 IOException 'Failed to get game save: '+string, 存在则 as2.a(file) 交给二进制写入器 as",verified
method,com.corrodinggames.rts.gameFramework,y,b(java.lang.String),deleteSave,"删除存档。T0: 910-926行 日志 'Deleting: '+, 路径校验(含 \ 或 / 拒绝), 删除 .rwsave 及 .map 文件, 失败时弹错误提示",verified
method,com.corrodinggames.rts.gameFramework,y,a(),shouldAutosave,自动保存条件判断。T0: 936-948行 检查 l2.bQ.autosaving 标志、l.ax()(是否地图加载中)、l2.bG(游戏进行中)/bH(暂停)/cb.j()(回放)、l2.M() — 全部满足才允许自动保存,verified
method,com.corrodinggames.rts.gameFramework,y,b(),autosaveTick,"自动保存主循环 tick。T0: 950-967行 先 a() 判条件, d+300000 < l2.by 时更新 d 并调 c() 执行保存, 日志 'Autosaved (...)' 含耗时",verified
method,com.corrodinggames.rts.gameFramework,y,c(),performAutosave,"执行自动保存。T0: 969-971行 'this.b(""autosave"", true)' — 以 autosave 文件名调用 saveGame(bl=true 自动保存模式, 不弹错窗, 覆盖旧档)",verified
field,com.corrodinggames.rts.gameFramework,a,a,collisionGroupGround,"碰撞组1(默认地面单位组)。T0: am.bR() (am.java:625) 非空中非潜水时 n2=1 且 am.bU 默认值 1 (am.java:86) — 所有常规地面单位走此组; 矩阵(构造器 41-47行): 自碰撞+组3,4,10,11,13,21(与空中/建筑组全互碰)。'ground' 为语义推断 — 保守命名",verified-exists
field,com.corrodinggames.rts.gameFramework,a,b,collisionGroupSubmerged,"碰撞组2(潜水单位组)。T0: am.bR() (am.java:628-629) 'else if (this.Q()) n2 = 2' — Q()=isSubmergedUnit(units/b/c.java:74 'eq<-1.0f' 沉入水下判定, agentF 已验证); 矩阵(构造器): 组2无任何碰撞条目 — 潜水单位不参与单位碰撞",verified
field,com.corrodinggames.rts.gameFramework,a,c,collisionGroupAir,"碰撞组3(空中单位组)。T0: am.bR() (am.java:626-627) 'if (this.i()) n2 = 3' — i()=isAirUnit(units/b/d.java:141 'eq>=4.0f' 升空判定, agentF 已验证); 矩阵(构造器 69-73行): 自碰撞+组4,10,13",verified
field,com.corrodinggames.rts.gameFramework,a,d,collisionGroup4,"碰撞组4。T0: 构造器 29行 this.d=this.a((byte)4); 矩阵(74-78行): 自碰撞+组3,10,13。无单位类型对应证据 — 保守命名",verified-exists
field,com.corrodinggames.rts.gameFramework,a,e,collisionGroup10,"碰撞组10。T0: 构造器 30行 this.e=this.a((byte)10); 矩阵(58-63行): 自碰撞+组3,4,13,40 — 高互连组。无单位类型对应证据 — 保守命名",verified-exists
field,com.corrodinggames.rts.gameFramework,a,f,collisionGroup11,"碰撞组11。T0: 构造器 31行 this.f=this.a((byte)11); 矩阵(64-68行): 自碰撞+组3,10,13,40。无单位类型对应证据 — 保守命名",verified-exists
field,com.corrodinggames.rts.gameFramework,a,g,collisionGroup13,"碰撞组13。T0: 构造器 32行 this.g=this.a((byte)13); 矩阵(79-83行): 自碰撞+组3,4,10,13。无单位类型对应证据 — 保守命名",verified-exists
field,com.corrodinggames.rts.gameFramework,a,h,collisionGroup21,"碰撞组21。T0: 构造器 33行 this.h=this.a((byte)21); 矩阵(84-88行): 自碰撞+组3,4,10,13。无单位类型对应证据 — 保守命名",verified-exists
field,com.corrodinggames.rts.gameFramework,a,i,collisionGroup35,"碰撞组35。T0: 构造器 34行 this.i=this.a((byte)35); 矩阵(89-91行): 仅组10,13, 不自碰撞 — 特化组。无单位类型对应证据 — 保守命名",verified-exists
field,com.corrodinggames.rts.gameFramework,a,j,collisionGroup40,"碰撞组40。T0: 构造器 35行 this.j=this.a((byte)40); 矩阵(63行仅被组10引用): 组40自身无条目, 组10/11/13 碰撞表含组40, 不自碰撞。无单位类型对应证据 — 保守命名",verified-exists
field,com.corrodinggames.rts.gameFramework,a,k,collisionGroup45,"碰撞组45。T0: 构造器 36行 this.k=this.a((byte)45); 矩阵(48-49行): 仅组52, 不自碰撞 — 成对特化组。无单位类型对应证据 — 保守命名",verified-exists
field,com.corrodinggames.rts.gameFramework,a,l,collisionGroup52,"碰撞组52。T0: 构造器 37行 this.l=this.a((byte)52); 矩阵: 无自身条目, 仅被组45碰撞表引用(49行)。无单位类型对应证据 — 保守命名",verified-exists
field,com.corrodinggames.rts.gameFramework,a,m,collisionGroup60,"碰撞组60。T0: 构造器 38行 this.m=this.a((byte)60); 矩阵(50-57行): 自碰撞+组3,4,10,11,13,21 — 与组1同构。无单位类型对应证据 — 保守命名",verified-exists
field,com.corrodinggames.rts.gameFramework,a,n,groups,"全部碰撞组注册表。T0: a(byte) 94-103行 'for (b b2 : this.n) ... this.n.add(b3)' — 按组号查找/新增, 存 CollisionGroup 列表",verified
method,com.corrodinggames.rts.gameFramework,a,<init>(),CollisionEngine(),"构造器: 构建碰撞矩阵。T0: 25-92行 创建 13 个组 (组号 1,2,3,4,10,11,13,21,35,40,45,52,60) 并注册互相碰撞关系; 官方日志名 'CollisionEngine' (game/i.java:378-379, GameEngine.bP 字段)",verified
field,com.corrodinggames.rts.gameFramework,b,a,groupId,碰撞组编号。T0: a(byte) (a.java:100-101) 'b3.a = by' — 存入查询用的组号; 构造器 b2.a((byte)3) 等以组号注册,verified
field,com.corrodinggames.rts.gameFramework,b,b,collidesWithGroups,"碰撞组表(按组号索引)。T0: a(b) 14行 'this.b.put(b2.a, b2)' — 以组号为 key 存 CollisionGroup, 即碰撞矩阵的一行",verified
method,com.corrodinggames.rts.gameFramework,b,a(com.corrodinggames.rts.gameFramework.b),addCollisionGroup,注册碰撞组关系。T0: CollisionEngine 构造器 41-91行 大量调用 'b2.a(this.a((byte)3))' — 声明本组可与哪些组碰撞,verified
field,com.corrodinggames.rts.gameFramework.f,a,aA,controlGroups,10个小队同步组。T0: a/a.java j()2108/k()2114 遍历 aA; g.java 引用,verified
field,com.corrodinggames.rts.gameFramework.f,a,aD,menu,安卓菜单。T0: o()buildMenu 构建; f/f.java:233 按钮绘制传 g2.aD,verified
field,com.corrodinggames.rts.gameFramework.f,a,aq,actionList,动作按钮列表。T0: a(am,verified
field,com.corrodinggames.rts.gameFramework.f,a,am,centerMessage,中心消息文本。T0: a(String,verified
field,com.corrodinggames.rts.gameFramework.f,a,an,centerMsgTimer,中心消息计时。T0: k()2114 置 0,verified
field,com.corrodinggames.rts.gameFramework.f,a,S,texZoom,缩放按钮纹理。T0: a.java 纹理 S-X 组(zoom_button等),verified-exists
field,com.corrodinggames.rts.gameFramework.f,a,T,texLock,锁定按钮纹理。T0: S-X 纹理组,verified-exists
field,com.corrodinggames.rts.gameFramework.f,a,U,texPause,暂停按钮纹理。T0: S-X 纹理组,verified-exists
field,com.corrodinggames.rts.gameFramework.f,a,V,texReplayPause,回放暂停纹理。T0: S-X 纹理组,verified-exists
field,com.corrodinggames.rts.gameFramework.f,a,W,texFast,快进按钮纹理。T0: S-X 纹理组,verified-exists
field,com.corrodinggames.rts.gameFramework.f,a,X,texLeaderboard,排行榜按钮纹理。T0: S-X 纹理组,verified-exists
field,com.corrodinggames.rts.gameFramework.f,a,ag,strUnselectAll,取消全选文本。T0: 字符串 gui.unselectall,verified-exists
field,com.corrodinggames.rts.gameFramework.f,a,ah,strAlly,友军文本。T0: gui.common.allyUnit,verified-exists
field,com.corrodinggames.rts.gameFramework.f,a,ai,strEnemy,敌军文本。T0: gui.common.enemyUnit,verified-exists
field,com.corrodinggames.rts.gameFramework.f,a,aj,strNeutral,中立文本。T0: gui.common.neutralUnit,verified-exists
field,com.corrodinggames.rts.gameFramework.f,a,ak,strOwnedBy,归属文本。T0: gui.infoText.ownedBy,verified-exists
field,com.corrodinggames.rts.gameFramework.f,a,al,strUnitCap,单位上限文本。T0: gui.infoText.unitCapReached,verified-exists
method,com.corrodinggames.rts.gameFramework.f,a,a(float),update,操作面板更新。T0: a/a.java:206 摄像头缩放按键/滚轮/手势,verified
method,com.corrodinggames.rts.gameFramework.f,a,b(float),update2,操作面板更新2。T0: a/a.java:403,verified-exists
method,com.corrodinggames.rts.gameFramework.f,a,d(float),draw,操作面板绘制(返回悬停按钮)。T0: a/a.java:1012 int 返回,verified
method,com.corrodinggames.rts.gameFramework.f,a,a(float,int),drawActionBar,verified
method,com.corrodinggames.rts.gameFramework.f,a,c(float),drawCenterMessage,中心消息绘制。T0: a/a.java:601,verified
method,com.corrodinggames.rts.gameFramework.f,a,e(float),drawControlGroups,小队控制组绘制。T0: a/a.java:2311 10组方框,verified
method,com.corrodinggames.rts.gameFramework.f,a,f(),getPrimaryTarget,获取主目标单位(选中中cG优先)。T0: a/a.java:807 遍历 bZ,verified
method,com.corrodinggames.rts.gameFramework.f,a,e(),getFirstSelected,获取首个选中单位。T0: a/a.java:800 bZ.a(0),verified
method,com.corrodinggames.rts.gameFramework.f,a,a(String,int),showCenterMessage,verified
method,com.corrodinggames.rts.gameFramework.f,a,a(s),isChatAction,是否为聊天动作(静态)。T0: a/a.java:608,verified
method,com.corrodinggames.rts.gameFramework.f,a,a(s,int,ArrayList),verified
method,com.corrodinggames.rts.gameFramework.f,a,a(am,ArrayList),createActionList,verified
method,com.corrodinggames.rts.gameFramework.f,a,j(),markGroupsDirty,标记小队组脏。T0: a/a.java:2108 am2.h=true,verified
method,com.corrodinggames.rts.gameFramework.f,a,k(),clearAll,清除全部小队组+消息。T0: a/a.java:2114 am2.b()+am=null,verified
method,com.corrodinggames.rts.gameFramework.f,a,l(),menuOption20,菜单选项20。T0: 委托 a(20),verified
method,com.corrodinggames.rts.gameFramework.f,a,m(),menuOption21,菜单选项21。T0: 委托 a(21),verified
method,com.corrodinggames.rts.gameFramework.f,a,n(),menuOption16,菜单选项16。T0: 委托 a(16),verified
method,com.corrodinggames.rts.gameFramework.f,a,o(),buildMenu,构建安卓菜单。T0: aD 菜单构建,verified
method,com.corrodinggames.rts.gameFramework.f,a,a(int),selectMenuOption,"选择菜单选项。T0: a/a.java:2281 appFramework.g.c(n2) 日志 ""selectMenuOption: gameView==null""",verified
method,com.corrodinggames.rts.gameFramework.f,a,g(),getSelectedUnits,获取选中单位列表。T0: a/a.java:852 从 bZ 收集 y,verified
method,com.corrodinggames.rts.gameFramework.f,a,a(int,int,int,verified
method,com.corrodinggames.rts.gameFramework.f,o,a(float),update,小地图更新。T0: o.java,verified
method,com.corrodinggames.rts.gameFramework.f,o,b(float),draw,小地图绘制。T0: o.java,verified
method,com.corrodinggames.rts.gameFramework.f,o,c(float),drawMarkers,标记绘制。T0: o.java p2.e 类型分支,verified-exists
method,com.corrodinggames.rts.gameFramework.f,y,a(),createSingleton,获取单例。T0: f/f.java:289 y.a(),verified
method,com.corrodinggames.rts.gameFramework.f,m,a(String,String),addMessage,verified
method,com.corrodinggames.rts.gameFramework.f,m,a(float,int),draw,verified
field,com.corrodinggames.rts.gameFramework.f,m,a,maxMessages,最大消息数95。T0: m.java 静态 m.a=95,verified
method,com.corrodinggames.rts.gameFramework.f,ap,a(am),logUnitAction,记录单位行动。T0: ap.java:42,verified
method,com.corrodinggames.rts.gameFramework.f,ap,b(am),logBuildComplete,记录建造完成。T0: ap.java:48,verified
method,com.corrodinggames.rts.gameFramework.f,ap,c(am),logUpgradeComplete,记录升级完成。T0: ap.java:54,verified
method,com.corrodinggames.rts.gameFramework.f,ap,a(String),logMessage,记录普通日志。T0: ap.java:60,verified
method,com.corrodinggames.rts.gameFramework.f,ap,a(String,int),logImportant,verified
method,com.corrodinggames.rts.gameFramework.f,ap,a(float),draw,战争日志绘制。T0: ap.java:89 受 showWarLogOnScreen 控制,verified
method,com.corrodinggames.rts.gameFramework.f,ap,d(),jumpToLatest,跳转最新条目。T0: ap.java:118 h=true+b(au2.e,verified
method,com.corrodinggames.rts.gameFramework.f,ap,c(),pruneExpired,清理过期条目(20秒)。T0: ap.java:109 20000ms 超时移除,verified
method,com.corrodinggames.rts.gameFramework,n,,reportProblem,v19.111 保序对齐+arity指纹: javap方法表↔03声明 (位置16),order-align-v19.111
method,com.corrodinggames.rts.gameFramework,p,,logAndNetworkSend,v19.111 保序对齐+arity指纹: javap方法表↔03声明 (位置17),order-align-v19.111
method,com.corrodinggames.rts.gameFramework,m,,findNextMapLevel,v19.111 保序对齐+arity指纹: javap方法表↔03声明 (位置19),order-align-v19.111
method,com.corrodinggames.rts.gameFramework,u,,getVersion,v19.111 保序对齐+arity指纹: javap方法表↔03声明 (位置22),order-align-v19.111
method,com.corrodinggames.rts.gameFramework,v,,getBuildNumber,v19.111 保序对齐+arity指纹: javap方法表↔03声明 (位置24),order-align-v19.111
method,com.corrodinggames.rts.gameFramework,ah,,getModifierMask,v19.111 保序对齐+arity指纹: javap方法表↔03声明 (位置95),order-align-v19.111
method,com.corrodinggames.rts.gameFramework,ai,,getAndroidApiLevel,v19.111 保序对齐+arity指纹: javap方法表↔03声明 (位置99),order-align-v19.111
method,com.corrodinggames.rts.gameFramework,ak,,getDisplayMapName,v19.111 保序对齐+arity指纹: javap方法表↔03声明 (位置105),order-align-v19.111
method,com.corrodinggames.rts.gameFramework,al,,getSanitizedMapName,v19.111 保序对齐+arity指纹: javap方法表↔03声明 (位置106),order-align-v19.111
method,com.corrodinggames.rts.gameFramework,am,,getMapType,v19.111 保序对齐+arity指纹: javap方法表↔03声明 (位置107),order-align-v19.111
method,com.corrodinggames.rts.gameFramework,ap,,initIntegrityAndCrashHandler,v19.111 保序对齐+arity指纹: javap方法表↔03声明 (位置113),order-align-v19.111
method,com.corrodinggames.rts.gameFramework,au,,isDesktopPlatform,v19.111 保序对齐+arity指纹: javap方法表↔03声明 (位置120),order-align-v19.111
method,com.corrodinggames.rts.gameFramework,az,,isNetworkedOrReplay,v19.111 保序对齐+arity指纹: javap方法表↔03声明 (位置126),order-align-v19.111
method,com.corrodinggames.rts.gameFramework,aB,,isTeamShadersSupported,v19.111 保序对齐+arity指纹: javap方法表↔03声明 (位置128),order-align-v19.111
method,com.corrodinggames.rts.gameFramework.f,c,,drawRateNowPopup,v19.111 保序对齐+arity指纹: javap方法表↔03声明 (位置2),order-align-v19.111
method,com.corrodinggames.rts.gameFramework.f,d,,clearSelection,v19.111 保序对齐+arity指纹: javap方法表↔03声明 (位置7),order-align-v19.111
method,com.corrodinggames.rts.gameFramework.f,n,,issueStopCommand,v19.111 保序对齐+arity指纹: javap方法表↔03声明 (位置35),order-align-v19.111
method,com.corrodinggames.rts.gameFramework.f,q,,createCommandAll,v19.111 保序对齐+arity指纹: javap方法表↔03声明 (位置40),order-align-v19.111
method,com.corrodinggames.rts.gameFramework.f,v,,canAllBuild,v19.111 保序对齐+arity指纹: javap方法表↔03声明 (位置57),order-align-v19.111
method,com.corrodinggames.rts.gameFramework.utility,c,,addAll,v19.111 保序对齐+arity指纹: javap方法表↔03声明 (位置3),order-align-v19.111
method,com.corrodinggames.rts.gameFramework.utility,a,,write,v19.111 保序对齐+arity指纹: javap方法表↔03声明 (位置5),order-align-v19.111
field,com.corrodinggames.rts.gameFramework,af,a,textureId,field-order-zip-v19.114: 02b a=-1 public int ↔ 03 textureId=-1,field-order-zip-v19.114
field,com.corrodinggames.rts.gameFramework,af,b,referenceCount,field-order-zip-v19.114: 02b b=0 public int ↔ 03 referenceCount=0,field-order-zip-v19.114
field,com.corrodinggames.rts.gameFramework,af,c,isLoaded,field-order-zip-v19.114: 02b c protected boolean ↔ 03 isLoaded,field-order-zip-v19.114
field,com.corrodinggames.rts.gameFramework,af,d,isDirty,field-order-zip-v19.114: 02b d public boolean ↔ 03 isDirty,field-order-zip-v19.114
field,com.corrodinggames.rts.gameFramework.f,p,a,minimapWidth,"field-order-zip-v19.114: 02b int a=- <-> 03 int minimapWidth=- (位置0, MinimapConfig)",field-order-zip-v19.114
field,com.corrodinggames.rts.gameFramework.f,p,b,minimapHeight,"field-order-zip-v19.114: 02b int b=- <-> 03 int minimapHeight=- (位置1, MinimapConfig)",field-order-zip-v19.114
field,com.corrodinggames.rts.gameFramework.f,t,c,tileY,"field-order-zip-v19.114: 02b int c=- <-> 03 int tileY=- (位置2, MinimapTile)",field-order-zip-v19.114
field,com.corrodinggames.rts.gameFramework.f,e,b,resultValue,"field-order-zip-v19.114: 02b String b=- <-> 03 String resultValue=- (位置1, GameResult)",field-order-zip-v19.114
field,com.corrodinggames.rts.gameFramework.f,e,a,resultLabel,"field-order-zip-v19.114: 02b String a=- <-> 03 String resultLabel=- (位置0, GameResult)",field-order-zip-v19.114
field,com.corrodinggames.rts.gameFramework,bf,e,isAttacking,"field-order-zip-v19.114: 02b boolean e=- <-> 03 boolean isAttacking=- (位置4, UnitGroup)",field-order-zip-v19.114
field,com.corrodinggames.rts.gameFramework,bf,a,groupId,"field-order-zip-v19.114: 02b int a=- <-> 03 int groupId=- (位置0, UnitGroup)",field-order-zip-v19.114
field,com.corrodinggames.rts.gameFramework,bf,b,groupName,"field-order-zip-v19.114: 02b String b=- <-> 03 String groupName=- (位置1, UnitGroup)",field-order-zip-v19.114
field,com.corrodinggames.rts.gameFramework,bf,c,unitCount,"field-order-zip-v19.114: 02b int c=- <-> 03 int unitCount=- (位置2, UnitGroup)",field-order-zip-v19.114
field,com.corrodinggames.rts.gameFramework,bf,d,isActive,"field-order-zip-v19.114: 02b boolean d=- <-> 03 boolean isActive=- (位置3, UnitGroup)",field-order-zip-v19.114
field,com.corrodinggames.rts.gameFramework,bf,f,isDefending,"field-order-zip-v19.114: 02b boolean f=- <-> 03 boolean isDefending=- (位置5, UnitGroup)",field-order-zip-v19.114
field,com.corrodinggames.rts.gameFramework,bf,g,creationTime,"field-order-zip-v19.114: 02b long g=- <-> 03 long creationTime=- (位置6, UnitGroup)",field-order-zip-v19.114
field,com.corrodinggames.rts.gameFramework,bf,h,targetZoneId,"field-order-zip-v19.114: 02b int h=- <-> 03 int targetZoneId=- (位置7, UnitGroup)",field-order-zip-v19.114
field,com.corrodinggames.rts.gameFramework,af,d,isDirty,"field-order-zip-v19.114: 02b boolean d=- <-> 03 boolean isDirty=- (位置3, TextureCache)",field-order-zip-v19.114
field,com.corrodinggames.rts.gameFramework.b,ai,a,filterMode,"field-order-zip-v19.114: 02b boolean a=- <-> 03 boolean filterMode=- (位置0, TextureConfig)",field-order-zip-v19.114
field,com.corrodinggames.rts.gameFramework.b,ai,b,wrapMode,"field-order-zip-v19.114: 02b Bitmap$Config b=- <-> 03 Bitmap$Config wrapMode=- (位置1, TextureConfig)",field-order-zip-v19.114
field,com.corrodinggames.rts.gameFramework.b,ai,c,generateMipmaps,"field-order-zip-v19.114: 02b int c=- <-> 03 int generateMipmaps=- (位置2, TextureConfig)",field-order-zip-v19.114
field,com.corrodinggames.rts.gameFramework.f,ad,b,dataArray,"field-order-zip-v19.114: 02b int[] b=- <-> 03 int[] dataArray=- (位置1, IntArray)",field-order-zip-v19.114
field,com.corrodinggames.rts.gameFramework.f,ad,a,arraySize,"field-order-zip-v19.114: 02b int a=- <-> 03 int arraySize=- (位置0, IntArray)",field-order-zip-v19.114
field,com.corrodinggames.rts.gameFramework.utility,z,a,styleType,"field-order-zip-v19.114: 02b int a=- <-> 03 int styleType=- (位置0, PaintStyleEntry)",field-order-zip-v19.114
field,com.corrodinggames.rts.gameFramework.utility,z,b,paintColor,"field-order-zip-v19.114: 02b Paint$Style b=- <-> 03 Paint$Style paintColor=- (位置1, PaintStyleEntry)",field-order-zip-v19.114
field,com.corrodinggames.rts.gameFramework.utility,aa,b,positionX,"field-order-zip-v19.114: 02b RectF b=- <-> 03 RectF positionX=- (位置1, TextDrawEntry)",field-order-zip-v19.114
field,com.corrodinggames.rts.gameFramework.utility,aa,c,positionY,"field-order-zip-v19.114: 02b boolean c=- <-> 03 boolean positionY=- (位置2, TextDrawEntry)",field-order-zip-v19.114
field,com.corrodinggames.rts.gameFramework.utility,aa,a,textString,"field-order-zip-v19.114: 02b Paint a=- <-> 03 Paint textString=- (位置0, TextDrawEntry)",field-order-zip-v19.114
field,com.corrodinggames.rts.gameFramework,ag,a,textureId,"field-order-zip-v19.114: 02b int a=-1 <-> 03 int textureId=-1 (位置0, KeyTrigger)",field-order-zip-v19.114
field,com.corrodinggames.rts.gameFramework,ag,b,referenceCount,"field-order-zip-v19.114: 02b int b=0 <-> 03 int referenceCount=0 (位置1, KeyTrigger)",field-order-zip-v19.114
field,com.corrodinggames.rts.gameFramework,ag,d,isDirty,"field-order-zip-v19.114: 02b boolean d=- <-> 03 boolean isDirty=- (位置3, KeyTrigger)",field-order-zip-v19.114
field,com.corrodinggames.rts.gameFramework,ah,a,textureId,"field-order-zip-v19.114: 02b int a=-1 <-> 03 int textureId=-1 (位置0, AxisTrigger)",field-order-zip-v19.114
field,com.corrodinggames.rts.gameFramework,ae,a,bindingName,"field-order-zip-v19.114: 02b String a=- <-> 03 String bindingName=- (位置0, ShaderProgram)",field-order-zip-v19.114
field,com.corrodinggames.rts.gameFramework,ae,b,isActive,"field-order-zip-v19.114: 02b boolean b=false <-> 03 boolean isActive=false (位置1, ShaderProgram)",field-order-zip-v19.114
